{
	"textures": {
		"0": "_custom/hats/propeller",
		"particle": "_custom/hats/propeller"
	},
	"elements": [
		{
			"from": [5, 1.25, 0],
			"to": [11, 2, 5],
			"faces": {
				"north": {"uv": [0, 0, 8, 8], "texture": "#0"},
				"east": {"uv": [0, 0, 8, 8], "texture": "#0"},
				"south": {"uv": [0, 0, 8, 8], "texture": "#0"},
				"west": {"uv": [0, 0, 8, 8], "texture": "#0"},
				"up": {"uv": [0, 0, 8, 8], "texture": "#0"},
				"down": {"uv": [0, 0, 8, 8], "texture": "#0"}
			}
		},
		{
			"from": [10.58224, 0.13753, 0.00053],
			"to": [13.58224, 0.88753, 8.00053],
			"rotation": {"angle": -22.5, "axis": "z", "origin": [13.58224, 0.38753, 2.50053]},
			"faces": {
				"north": {"uv": [0, 0, 8, 8], "texture": "#0"},
				"east": {"uv": [0, 0, 8, 8], "texture": "#0"},
				"south": {"uv": [0, 0, 8, 8], "texture": "#0"},
				"west": {"uv": [0, 0, 8, 8], "texture": "#0"},
				"up": {"uv": [0, 0, 8, 8], "texture": "#0"},
				"down": {"uv": [0, 0, 8, 8], "texture": "#0"}
			}
		},
		{
			"from": [13.58224, 0.13753, 1.00053],
			"to": [14.58224, 0.88753, 8.00053],
			"rotation": {"angle": -22.5, "axis": "z", "origin": [13.58224, 0.38753, 2.50053]},
			"faces": {
				"north": {"uv": [0, 0, 8, 8], "texture": "#0"},
				"east": {"uv": [0, 0, 8, 8], "texture": "#0"},
				"south": {"uv": [0, 0, 8, 8], "texture": "#0"},
				"west": {"uv": [0, 0, 8, 8], "texture": "#0"},
				"up": {"uv": [0, 0, 8, 8], "texture": "#0"},
				"down": {"uv": [0, 0, 8, 8], "texture": "#0"}
			}
		},
		{
			"from": [1.41776, 0.13753, 1.00053],
			"to": [2.41776, 0.88753, 7.00053],
			"rotation": {"angle": 22.5, "axis": "z", "origin": [2.41776, 0.38753, 2.50053]},
			"faces": {
				"north": {"uv": [8, 0, 0, 8], "texture": "#0"},
				"east": {"uv": [8, 0, 0, 8], "texture": "#0"},
				"south": {"uv": [8, 0, 0, 8], "texture": "#0"},
				"west": {"uv": [8, 0, 0, 8], "texture": "#0"},
				"up": {"uv": [8, 0, 0, 8], "texture": "#0"},
				"down": {"uv": [8, 0, 0, 8], "texture": "#0"}
			}
		},
		{
			"from": [2.41776, 0.13753, 0.00053],
			"to": [5.41776, 0.88753, 7.00053],
			"rotation": {"angle": 22.5, "axis": "z", "origin": [2.41776, 0.38753, 2.50053]},
			"faces": {
				"north": {"uv": [8, 0, 0, 8], "texture": "#0"},
				"east": {"uv": [8, 0, 0, 8], "texture": "#0"},
				"south": {"uv": [8, 0, 0, 8], "texture": "#0"},
				"west": {"uv": [8, 0, 0, 8], "texture": "#0"},
				"up": {"uv": [8, 0, 0, 8], "texture": "#0"},
				"down": {"uv": [8, 0, 0, 8], "texture": "#0"}
			}
		},
		{
			"from": [8, 2, 4],
			"to": [11, 4, 5],
			"faces": {
				"north": {"uv": [8, 8, 16, 16], "texture": "#0"},
				"east": {"uv": [8, 8, 16, 16], "texture": "#0"},
				"south": {"uv": [8, 8, 16, 16], "texture": "#0"},
				"west": {"uv": [8, 8, 16, 16], "texture": "#0"},
				"up": {"uv": [8, 8, 16, 16], "texture": "#0"},
				"down": {"uv": [8, 8, 16, 16], "texture": "#0"}
			}
		},
		{
			"from": [12, 1, 5],
			"to": [13, 1, 6],
			"faces": {
				"north": {"uv": [8, 8, 16, 16], "texture": "#0"},
				"east": {"uv": [8, 8, 16, 16], "texture": "#0"},
				"south": {"uv": [8, 8, 16, 16], "texture": "#0"},
				"west": {"uv": [8, 8, 16, 16], "texture": "#0"},
				"up": {"uv": [8, 8, 16, 16], "texture": "#0"},
				"down": {"uv": [8, 8, 16, 16], "texture": "#0"}
			}
		},
		{
			"from": [13, 0.5, 6],
			"to": [14, 3.5, 7],
			"faces": {
				"north": {"uv": [8, 8, 16, 16], "texture": "#0"},
				"east": {"uv": [8, 8, 16, 16], "texture": "#0"},
				"south": {"uv": [8, 8, 16, 16], "texture": "#0"},
				"west": {"uv": [8, 8, 16, 16], "texture": "#0"},
				"up": {"uv": [8, 8, 16, 16], "texture": "#0"},
				"down": {"uv": [8, 8, 16, 16], "texture": "#0"}
			}
		},
		{
			"from": [11, 1.5, 5],
			"to": [13, 3.75, 6],
			"faces": {
				"north": {"uv": [8, 8, 16, 16], "texture": "#0"},
				"east": {"uv": [8, 8, 16, 16], "texture": "#0"},
				"south": {"uv": [8, 8, 16, 16], "texture": "#0"},
				"west": {"uv": [8, 8, 16, 16], "texture": "#0"},
				"up": {"uv": [8, 8, 16, 16], "texture": "#0"},
				"down": {"uv": [8, 8, 16, 16], "texture": "#0"}
			}
		},
		{
			"from": [14, -0.25, 7],
			"to": [15, 3.25, 8],
			"faces": {
				"north": {"uv": [8, 8, 16, 16], "texture": "#0"},
				"east": {"uv": [8, 8, 16, 16], "texture": "#0"},
				"south": {"uv": [8, 8, 16, 16], "texture": "#0"},
				"west": {"uv": [8, 8, 16, 16], "texture": "#0"},
				"up": {"uv": [8, 8, 16, 16], "texture": "#0"},
				"down": {"uv": [8, 8, 16, 16], "texture": "#0"}
			}
		},
		{
			"from": [14.5, -0.25, 14],
			"to": [15.5, 3.25, 16],
			"faces": {
				"north": {"uv": [8, 0, 16, 4], "texture": "#0"},
				"east": {"uv": [8, 0, 16, 4], "texture": "#0"},
				"south": {"uv": [8, 0, 16, 4], "texture": "#0"},
				"west": {"uv": [8, 0, 16, 4], "texture": "#0"},
				"up": {"uv": [8, 0, 16, 4], "texture": "#0"},
				"down": {"uv": [8, 0, 16, 4], "texture": "#0"}
			}
		},
		{
			"from": [15, -0.25, 10],
			"to": [16, 3.25, 14],
			"faces": {
				"north": {"uv": [8, 0, 16, 4], "texture": "#0"},
				"east": {"uv": [8, 0, 16, 4], "texture": "#0"},
				"south": {"uv": [8, 0, 16, 4], "texture": "#0"},
				"west": {"uv": [8, 0, 16, 4], "texture": "#0"},
				"up": {"uv": [8, 0, 16, 4], "texture": "#0"},
				"down": {"uv": [8, 0, 16, 4], "texture": "#0"}
			}
		},
		{
			"from": [14.5, -0.25, 8],
			"to": [15.5, 3.25, 10],
			"faces": {
				"north": {"uv": [8, 0, 16, 4], "texture": "#0"},
				"east": {"uv": [8, 0, 16, 4], "texture": "#0"},
				"south": {"uv": [8, 0, 16, 4], "texture": "#0"},
				"west": {"uv": [8, 0, 16, 4], "texture": "#0"},
				"up": {"uv": [8, 0, 16, 4], "texture": "#0"},
				"down": {"uv": [8, 0, 16, 4], "texture": "#0"}
			}
		},
		{
			"from": [12.5, -0.25, 17],
			"to": [13.5, 3.25, 18],
			"faces": {
				"north": {"uv": [0, 8, 8, 16], "texture": "#0"},
				"east": {"uv": [0, 8, 8, 16], "texture": "#0"},
				"south": {"uv": [0, 8, 8, 16], "texture": "#0"},
				"west": {"uv": [0, 8, 8, 16], "texture": "#0"},
				"up": {"uv": [0, 8, 8, 16], "texture": "#0"},
				"down": {"uv": [0, 8, 8, 16], "texture": "#0"}
			}
		},
		{
			"from": [13.5, -0.25, 16],
			"to": [14.5, 3.25, 17],
			"faces": {
				"north": {"uv": [8, 0, 16, 4], "texture": "#0"},
				"east": {"uv": [8, 0, 16, 4], "texture": "#0"},
				"south": {"uv": [8, 0, 16, 4], "texture": "#0"},
				"west": {"uv": [8, 0, 16, 4], "texture": "#0"},
				"up": {"uv": [8, 0, 16, 4], "texture": "#0"},
				"down": {"uv": [8, 0, 16, 4], "texture": "#0"}
			}
		},
		{
			"from": [10.5, -0.25, 17.5],
			"to": [12.5, 3.25, 18.5],
			"faces": {
				"north": {"uv": [0, 8, 8, 16], "texture": "#0"},
				"east": {"uv": [0, 8, 8, 16], "texture": "#0"},
				"south": {"uv": [0, 8, 8, 16], "texture": "#0"},
				"west": {"uv": [0, 8, 8, 16], "texture": "#0"},
				"up": {"uv": [0, 8, 8, 16], "texture": "#0"},
				"down": {"uv": [0, 8, 8, 16], "texture": "#0"}
			}
		},
		{
			"from": [5.5, -0.25, 18.5],
			"to": [10.5, 3.25, 19.5],
			"faces": {
				"north": {"uv": [0, 8, 8, 16], "texture": "#0"},
				"east": {"uv": [0, 8, 8, 16], "texture": "#0"},
				"south": {"uv": [0, 8, 8, 16], "texture": "#0"},
				"west": {"uv": [0, 8, 8, 16], "texture": "#0"},
				"up": {"uv": [0, 8, 8, 16], "texture": "#0"},
				"down": {"uv": [0, 8, 8, 16], "texture": "#0"}
			}
		},
		{
			"from": [3.5, -0.25, 17.5],
			"to": [5.5, 3.25, 18.5],
			"faces": {
				"north": {"uv": [8, 8, 0, 16], "texture": "#0"},
				"east": {"uv": [8, 8, 0, 16], "texture": "#0"},
				"south": {"uv": [8, 8, 0, 16], "texture": "#0"},
				"west": {"uv": [8, 8, 0, 16], "texture": "#0"},
				"up": {"uv": [8, 8, 0, 16], "texture": "#0"},
				"down": {"uv": [8, 8, 0, 16], "texture": "#0"}
			}
		},
		{
			"from": [2.5, -0.25, 17],
			"to": [3.5, 3.25, 18],
			"faces": {
				"north": {"uv": [8, 8, 0, 16], "texture": "#0"},
				"east": {"uv": [8, 8, 0, 16], "texture": "#0"},
				"south": {"uv": [8, 8, 0, 16], "texture": "#0"},
				"west": {"uv": [8, 8, 0, 16], "texture": "#0"},
				"up": {"uv": [8, 8, 0, 16], "texture": "#0"},
				"down": {"uv": [8, 8, 0, 16], "texture": "#0"}
			}
		},
		{
			"from": [1.5, -0.25, 16],
			"to": [2.5, 3.25, 17],
			"faces": {
				"north": {"uv": [8, 0, 0, 8], "texture": "#0"},
				"east": {"uv": [8, 0, 0, 8], "texture": "#0"},
				"south": {"uv": [8, 0, 0, 8], "texture": "#0"},
				"west": {"uv": [8, 0, 0, 8], "texture": "#0"},
				"up": {"uv": [8, 0, 0, 8], "texture": "#0"},
				"down": {"uv": [8, 0, 0, 8], "texture": "#0"}
			}
		},
		{
			"from": [0.5, -0.25, 14],
			"to": [1.5, 3.25, 16],
			"faces": {
				"north": {"uv": [8, 0, 0, 8], "texture": "#0"},
				"east": {"uv": [8, 0, 0, 8], "texture": "#0"},
				"south": {"uv": [8, 0, 0, 8], "texture": "#0"},
				"west": {"uv": [8, 0, 0, 8], "texture": "#0"},
				"up": {"uv": [8, 0, 0, 8], "texture": "#0"},
				"down": {"uv": [8, 0, 0, 8], "texture": "#0"}
			}
		},
		{
			"from": [0, -0.25, 10],
			"to": [1, 3.25, 14],
			"faces": {
				"north": {"uv": [8, 0, 0, 8], "texture": "#0"},
				"east": {"uv": [8, 0, 0, 8], "texture": "#0"},
				"south": {"uv": [8, 0, 0, 8], "texture": "#0"},
				"west": {"uv": [8, 0, 0, 8], "texture": "#0"},
				"up": {"uv": [8, 0, 0, 8], "texture": "#0"},
				"down": {"uv": [8, 0, 0, 8], "texture": "#0"}
			}
		},
		{
			"from": [0.5, -0.25, 8],
			"to": [1.5, 3.25, 10],
			"faces": {
				"north": {"uv": [8, 0, 0, 8], "texture": "#0"},
				"east": {"uv": [8, 0, 0, 8], "texture": "#0"},
				"south": {"uv": [8, 0, 0, 8], "texture": "#0"},
				"west": {"uv": [8, 0, 0, 8], "texture": "#0"},
				"up": {"uv": [8, 0, 0, 8], "texture": "#0"},
				"down": {"uv": [8, 0, 0, 8], "texture": "#0"}
			}
		},
		{
			"from": [1, -0.25, 7],
			"to": [2, 3.25, 8],
			"faces": {
				"north": {"uv": [16, 4, 8, 8], "texture": "#0"},
				"east": {"uv": [16, 4, 8, 8], "texture": "#0"},
				"south": {"uv": [16, 4, 8, 8], "texture": "#0"},
				"west": {"uv": [16, 4, 8, 8], "texture": "#0"},
				"up": {"uv": [16, 4, 8, 8], "texture": "#0"},
				"down": {"uv": [16, 4, 8, 8], "texture": "#0"}
			}
		},
		{
			"from": [2, 0.5, 6],
			"to": [3, 3.5, 7],
			"faces": {
				"north": {"uv": [16, 4, 8, 8], "texture": "#0"},
				"east": {"uv": [16, 4, 8, 8], "texture": "#0"},
				"south": {"uv": [16, 4, 8, 8], "texture": "#0"},
				"west": {"uv": [16, 4, 8, 8], "texture": "#0"},
				"up": {"uv": [16, 4, 8, 8], "texture": "#0"},
				"down": {"uv": [16, 4, 8, 8], "texture": "#0"}
			}
		},
		{
			"from": [3, 1.5, 5],
			"to": [5, 3.75, 6],
			"faces": {
				"north": {"uv": [16, 4, 8, 8], "texture": "#0"},
				"east": {"uv": [16, 4, 8, 8], "texture": "#0"},
				"south": {"uv": [16, 4, 8, 8], "texture": "#0"},
				"west": {"uv": [16, 4, 8, 8], "texture": "#0"},
				"up": {"uv": [16, 4, 8, 8], "texture": "#0"},
				"down": {"uv": [16, 4, 8, 8], "texture": "#0"}
			}
		},
		{
			"from": [5, 2, 4],
			"to": [8, 4, 5],
			"faces": {
				"north": {"uv": [16, 4, 8, 8], "texture": "#0"},
				"east": {"uv": [16, 4, 8, 8], "texture": "#0"},
				"south": {"uv": [16, 4, 8, 8], "texture": "#0"},
				"west": {"uv": [16, 4, 8, 8], "texture": "#0"},
				"up": {"uv": [16, 4, 8, 8], "texture": "#0"},
				"down": {"uv": [16, 4, 8, 8], "texture": "#0"}
			}
		},
		{
			"from": [10, 3.75, 5],
			"to": [11, 4.75, 6],
			"faces": {
				"north": {"uv": [8, 8, 16, 16], "texture": "#0"},
				"east": {"uv": [8, 8, 16, 16], "texture": "#0"},
				"south": {"uv": [8, 8, 16, 16], "texture": "#0"},
				"west": {"uv": [8, 8, 16, 16], "texture": "#0"},
				"up": {"uv": [8, 8, 16, 16], "texture": "#0"},
				"down": {"uv": [8, 8, 16, 16], "texture": "#0"}
			}
		},
		{
			"from": [6, 4, 4],
			"to": [8, 5, 5],
			"faces": {
				"north": {"uv": [8, 4, 16, 8], "texture": "#0"},
				"east": {"uv": [8, 4, 16, 8], "texture": "#0"},
				"south": {"uv": [8, 4, 16, 8], "texture": "#0"},
				"west": {"uv": [8, 4, 16, 8], "texture": "#0"},
				"up": {"uv": [8, 4, 16, 8], "texture": "#0"},
				"down": {"uv": [8, 4, 16, 8], "texture": "#0"}
			}
		},
		{
			"from": [8, 4, 4],
			"to": [10, 5, 5],
			"faces": {
				"north": {"uv": [8, 8, 16, 16], "texture": "#0"},
				"east": {"uv": [8, 8, 16, 16], "texture": "#0"},
				"south": {"uv": [8, 8, 16, 16], "texture": "#0"},
				"west": {"uv": [8, 8, 16, 16], "texture": "#0"},
				"up": {"uv": [8, 8, 16, 16], "texture": "#0"},
				"down": {"uv": [8, 8, 16, 16], "texture": "#0"}
			}
		},
		{
			"from": [11, 3.5, 6],
			"to": [13, 4.5, 7],
			"faces": {
				"north": {"uv": [8, 8, 16, 16], "texture": "#0"},
				"east": {"uv": [8, 8, 16, 16], "texture": "#0"},
				"south": {"uv": [8, 8, 16, 16], "texture": "#0"},
				"west": {"uv": [8, 8, 16, 16], "texture": "#0"},
				"up": {"uv": [8, 8, 16, 16], "texture": "#0"},
				"down": {"uv": [8, 8, 16, 16], "texture": "#0"}
			}
		},
		{
			"from": [13, 3.25, 7],
			"to": [14, 4.25, 8],
			"faces": {
				"north": {"uv": [8, 8, 16, 16], "texture": "#0"},
				"east": {"uv": [8, 8, 16, 16], "texture": "#0"},
				"south": {"uv": [8, 8, 16, 16], "texture": "#0"},
				"west": {"uv": [8, 8, 16, 16], "texture": "#0"},
				"up": {"uv": [8, 8, 16, 16], "texture": "#0"},
				"down": {"uv": [8, 8, 16, 16], "texture": "#0"}
			}
		},
		{
			"from": [13.5, 3.25, 8],
			"to": [14.5, 4.25, 16],
			"faces": {
				"north": {"uv": [8, 0, 16, 4], "texture": "#0"},
				"east": {"uv": [8, 0, 16, 4], "texture": "#0"},
				"south": {"uv": [8, 0, 16, 4], "texture": "#0"},
				"west": {"uv": [8, 0, 16, 4], "texture": "#0"},
				"up": {"uv": [8, 0, 16, 4], "texture": "#0"},
				"down": {"uv": [8, 0, 16, 4], "texture": "#0"}
			}
		},
		{
			"from": [14.5, 3.25, 9],
			"to": [15, 4.25, 15],
			"faces": {
				"north": {"uv": [8, 0, 16, 4], "texture": "#0"},
				"east": {"uv": [8, 0, 16, 4], "texture": "#0"},
				"south": {"uv": [8, 0, 16, 4], "texture": "#0"},
				"west": {"uv": [8, 0, 16, 4], "texture": "#0"},
				"up": {"uv": [8, 0, 16, 4], "texture": "#0"},
				"down": {"uv": [8, 0, 16, 4], "texture": "#0"}
			}
		},
		{
			"from": [10.5, 4.25, 15],
			"to": [12.5, 5.25, 17],
			"faces": {
				"north": {"uv": [0, 8, 8, 16], "texture": "#0"},
				"east": {"uv": [0, 8, 8, 16], "texture": "#0"},
				"south": {"uv": [0, 8, 8, 16], "texture": "#0"},
				"west": {"uv": [0, 8, 8, 16], "texture": "#0"},
				"up": {"uv": [0, 8, 8, 16], "texture": "#0"},
				"down": {"uv": [0, 8, 8, 16], "texture": "#0"}
			}
		},
		{
			"from": [10.5, 3.25, 16.5],
			"to": [12.5, 4.25, 17.5],
			"faces": {
				"north": {"uv": [0, 8, 8, 16], "texture": "#0"},
				"east": {"uv": [0, 8, 8, 16], "texture": "#0"},
				"south": {"uv": [0, 8, 8, 16], "texture": "#0"},
				"west": {"uv": [0, 8, 8, 16], "texture": "#0"},
				"up": {"uv": [0, 8, 8, 16], "texture": "#0"},
				"down": {"uv": [0, 8, 8, 16], "texture": "#0"}
			}
		},
		{
			"from": [5.5, 3.25, 17.5],
			"to": [10.5, 4.25, 18.5],
			"faces": {
				"north": {"uv": [0, 8, 8, 16], "texture": "#0"},
				"east": {"uv": [0, 8, 8, 16], "texture": "#0"},
				"south": {"uv": [0, 8, 8, 16], "texture": "#0"},
				"west": {"uv": [0, 8, 8, 16], "texture": "#0"},
				"up": {"uv": [0, 8, 8, 16], "texture": "#0"},
				"down": {"uv": [0, 8, 8, 16], "texture": "#0"}
			}
		},
		{
			"from": [8, 4.75, 5],
			"to": [10, 5.5, 6],
			"faces": {
				"north": {"uv": [8, 8, 16, 16], "texture": "#0"},
				"east": {"uv": [8, 8, 16, 16], "texture": "#0"},
				"south": {"uv": [8, 8, 16, 16], "texture": "#0"},
				"west": {"uv": [8, 8, 16, 16], "texture": "#0"},
				"up": {"uv": [8, 8, 16, 16], "texture": "#0"},
				"down": {"uv": [8, 8, 16, 16], "texture": "#0"}
			}
		},
		{
			"from": [10, 4.5, 6],
			"to": [11, 5.25, 7],
			"faces": {
				"north": {"uv": [8, 8, 16, 16], "texture": "#0"},
				"east": {"uv": [8, 8, 16, 16], "texture": "#0"},
				"south": {"uv": [8, 8, 16, 16], "texture": "#0"},
				"west": {"uv": [8, 8, 16, 16], "texture": "#0"},
				"up": {"uv": [8, 8, 16, 16], "texture": "#0"},
				"down": {"uv": [8, 8, 16, 16], "texture": "#0"}
			}
		},
		{
			"from": [11, 4.25, 7],
			"to": [13, 5, 8],
			"faces": {
				"north": {"uv": [8, 8, 16, 16], "texture": "#0"},
				"east": {"uv": [8, 8, 16, 16], "texture": "#0"},
				"south": {"uv": [8, 8, 16, 16], "texture": "#0"},
				"west": {"uv": [8, 8, 16, 16], "texture": "#0"},
				"up": {"uv": [8, 8, 16, 16], "texture": "#0"},
				"down": {"uv": [8, 8, 16, 16], "texture": "#0"}
			}
		},
		{
			"from": [12.5, 4.25, 8],
			"to": [13.5, 5, 9],
			"faces": {
				"north": {"uv": [8, 8, 16, 16], "texture": "#0"},
				"east": {"uv": [8, 8, 16, 16], "texture": "#0"},
				"south": {"uv": [8, 8, 16, 16], "texture": "#0"},
				"west": {"uv": [8, 8, 16, 16], "texture": "#0"},
				"up": {"uv": [8, 8, 16, 16], "texture": "#0"},
				"down": {"uv": [8, 8, 16, 16], "texture": "#0"}
			}
		},
		{
			"from": [12.5, 4.25, 9],
			"to": [14, 5, 15],
			"faces": {
				"north": {"uv": [8, 0, 16, 4], "texture": "#0"},
				"east": {"uv": [8, 0, 16, 4], "texture": "#0"},
				"south": {"uv": [8, 0, 16, 4], "texture": "#0"},
				"west": {"uv": [8, 0, 16, 4], "texture": "#0"},
				"up": {"uv": [8, 0, 16, 4], "texture": "#0"},
				"down": {"uv": [8, 0, 16, 4], "texture": "#0"}
			}
		},
		{
			"from": [11.5, 5, 9],
			"to": [13, 5.75, 15],
			"faces": {
				"north": {"uv": [8, 0, 16, 4], "texture": "#0"},
				"east": {"uv": [8, 0, 16, 4], "texture": "#0"},
				"south": {"uv": [8, 0, 16, 4], "texture": "#0"},
				"west": {"uv": [8, 0, 16, 4], "texture": "#0"},
				"up": {"uv": [8, 0, 16, 4], "texture": "#0"},
				"down": {"uv": [8, 0, 16, 4], "texture": "#0"}
			}
		},
		{
			"from": [10, 5, 7],
			"to": [11, 5.75, 9],
			"faces": {
				"north": {"uv": [8, 8, 16, 16], "texture": "#0"},
				"east": {"uv": [8, 8, 16, 16], "texture": "#0"},
				"south": {"uv": [8, 8, 16, 16], "texture": "#0"},
				"west": {"uv": [8, 8, 16, 16], "texture": "#0"},
				"up": {"uv": [8, 8, 16, 16], "texture": "#0"},
				"down": {"uv": [8, 8, 16, 16], "texture": "#0"}
			}
		},
		{
			"from": [11, 5, 8],
			"to": [12.5, 5.75, 9],
			"faces": {
				"north": {"uv": [8, 8, 16, 16], "texture": "#0"},
				"east": {"uv": [8, 8, 16, 16], "texture": "#0"},
				"south": {"uv": [8, 8, 16, 16], "texture": "#0"},
				"west": {"uv": [8, 8, 16, 16], "texture": "#0"},
				"up": {"uv": [8, 8, 16, 16], "texture": "#0"},
				"down": {"uv": [8, 8, 16, 16], "texture": "#0"}
			}
		},
		{
			"from": [8, 5, 6],
			"to": [10, 6, 8],
			"faces": {
				"north": {"uv": [8, 8, 16, 16], "texture": "#0"},
				"east": {"uv": [8, 8, 16, 16], "texture": "#0"},
				"south": {"uv": [8, 8, 16, 16], "texture": "#0"},
				"west": {"uv": [8, 8, 16, 16], "texture": "#0"},
				"up": {"uv": [8, 8, 16, 16], "texture": "#0"},
				"down": {"uv": [8, 8, 16, 16], "texture": "#0"}
			}
		},
		{
			"from": [10, 5.5, 8.5],
			"to": [11.5, 6, 10],
			"faces": {
				"north": {"uv": [8, 8, 16, 16], "texture": "#0"},
				"east": {"uv": [8, 8, 16, 16], "texture": "#0"},
				"south": {"uv": [8, 8, 16, 16], "texture": "#0"},
				"west": {"uv": [8, 8, 16, 16], "texture": "#0"},
				"up": {"uv": [8, 8, 16, 16], "texture": "#0"},
				"down": {"uv": [8, 8, 16, 16], "texture": "#0"}
			}
		},
		{
			"from": [10, 5.5, 10],
			"to": [11.5, 6.25, 14],
			"faces": {
				"north": {"uv": [8, 0, 16, 4], "texture": "#0"},
				"east": {"uv": [8, 0, 16, 4], "texture": "#0"},
				"south": {"uv": [8, 0, 16, 4], "texture": "#0"},
				"west": {"uv": [8, 0, 16, 4], "texture": "#0"},
				"up": {"uv": [8, 0, 16, 4], "texture": "#0"},
				"down": {"uv": [8, 0, 16, 4], "texture": "#0"}
			}
		},
		{
			"from": [8.5, 5.75, 10.5],
			"to": [10, 6.5, 13.5],
			"faces": {
				"north": {"uv": [8, 0, 16, 4], "texture": "#0"},
				"east": {"uv": [8, 0, 16, 4], "texture": "#0"},
				"south": {"uv": [8, 0, 16, 4], "texture": "#0"},
				"west": {"uv": [8, 0, 16, 4], "texture": "#0"},
				"up": {"uv": [8, 0, 16, 4], "texture": "#0"},
				"down": {"uv": [8, 0, 16, 4], "texture": "#0"}
			}
		},
		{
			"from": [12.5, 3.25, 15],
			"to": [13.5, 4.25, 17],
			"faces": {
				"north": {"uv": [0, 8, 8, 16], "texture": "#0"},
				"east": {"uv": [0, 8, 8, 16], "texture": "#0"},
				"south": {"uv": [0, 8, 8, 16], "texture": "#0"},
				"west": {"uv": [0, 8, 8, 16], "texture": "#0"},
				"up": {"uv": [0, 8, 8, 16], "texture": "#0"},
				"down": {"uv": [0, 8, 8, 16], "texture": "#0"}
			}
		},
		{
			"from": [5.5, 4.25, 15.5],
			"to": [10.5, 5.25, 17.5],
			"faces": {
				"north": {"uv": [0, 8, 8, 16], "texture": "#0"},
				"east": {"uv": [0, 8, 8, 16], "texture": "#0"},
				"south": {"uv": [0, 8, 8, 16], "texture": "#0"},
				"west": {"uv": [0, 8, 8, 16], "texture": "#0"},
				"up": {"uv": [0, 8, 8, 16], "texture": "#0"},
				"down": {"uv": [0, 8, 8, 16], "texture": "#0"}
			}
		},
		{
			"from": [8, 5.25, 14],
			"to": [11.5, 6, 16],
			"faces": {
				"north": {"uv": [0, 8, 8, 16], "texture": "#0"},
				"east": {"uv": [0, 8, 8, 16], "texture": "#0"},
				"south": {"uv": [0, 8, 8, 16], "texture": "#0"},
				"west": {"uv": [0, 8, 8, 16], "texture": "#0"},
				"up": {"uv": [0, 8, 8, 16], "texture": "#0"},
				"down": {"uv": [0, 8, 8, 16], "texture": "#0"}
			}
		},
		{
			"from": [8, 6, 13.5],
			"to": [10, 6.25, 15],
			"faces": {
				"north": {"uv": [0, 8, 8, 16], "texture": "#0"},
				"east": {"uv": [0, 8, 8, 16], "texture": "#0"},
				"south": {"uv": [0, 8, 8, 16], "texture": "#0"},
				"west": {"uv": [0, 8, 8, 16], "texture": "#0"},
				"up": {"uv": [0, 8, 8, 16], "texture": "#0"},
				"down": {"uv": [0, 8, 8, 16], "texture": "#0"}
			}
		},
		{
			"from": [8, 5.25, 16],
			"to": [11.5, 5.75, 16.5],
			"faces": {
				"north": {"uv": [0, 8, 8, 16], "texture": "#0"},
				"east": {"uv": [0, 8, 8, 16], "texture": "#0"},
				"south": {"uv": [0, 8, 8, 16], "texture": "#0"},
				"west": {"uv": [0, 8, 8, 16], "texture": "#0"},
				"up": {"uv": [0, 8, 8, 16], "texture": "#0"},
				"down": {"uv": [0, 8, 8, 16], "texture": "#0"}
			}
		},
		{
			"from": [6, 4.75, 5],
			"to": [8, 5.5, 6],
			"faces": {
				"north": {"uv": [16, 4, 8, 8], "texture": "#0"},
				"east": {"uv": [16, 4, 8, 8], "texture": "#0"},
				"south": {"uv": [16, 4, 8, 8], "texture": "#0"},
				"west": {"uv": [16, 4, 8, 8], "texture": "#0"},
				"up": {"uv": [16, 4, 8, 8], "texture": "#0"},
				"down": {"uv": [16, 4, 8, 8], "texture": "#0"}
			}
		},
		{
			"from": [5, 3.75, 5],
			"to": [6, 4.75, 6],
			"faces": {
				"north": {"uv": [16, 4, 8, 8], "texture": "#0"},
				"east": {"uv": [16, 4, 8, 8], "texture": "#0"},
				"south": {"uv": [16, 4, 8, 8], "texture": "#0"},
				"west": {"uv": [16, 4, 8, 8], "texture": "#0"},
				"up": {"uv": [16, 4, 8, 8], "texture": "#0"},
				"down": {"uv": [16, 4, 8, 8], "texture": "#0"}
			}
		},
		{
			"from": [3, 3.5, 6],
			"to": [5, 4.5, 7],
			"faces": {
				"north": {"uv": [16, 4, 8, 8], "texture": "#0"},
				"east": {"uv": [16, 4, 8, 8], "texture": "#0"},
				"south": {"uv": [16, 4, 8, 8], "texture": "#0"},
				"west": {"uv": [16, 4, 8, 8], "texture": "#0"},
				"up": {"uv": [16, 4, 8, 8], "texture": "#0"},
				"down": {"uv": [16, 4, 8, 8], "texture": "#0"}
			}
		},
		{
			"from": [2, 3.25, 7],
			"to": [3, 4.25, 8],
			"faces": {
				"north": {"uv": [16, 4, 8, 8], "texture": "#0"},
				"east": {"uv": [16, 4, 8, 8], "texture": "#0"},
				"south": {"uv": [16, 4, 8, 8], "texture": "#0"},
				"west": {"uv": [16, 4, 8, 8], "texture": "#0"},
				"up": {"uv": [16, 4, 8, 8], "texture": "#0"},
				"down": {"uv": [16, 4, 8, 8], "texture": "#0"}
			}
		},
		{
			"from": [1, 3.25, 9],
			"to": [1.5, 4.25, 15],
			"faces": {
				"north": {"uv": [8, 0, 0, 4], "texture": "#0"},
				"east": {"uv": [8, 0, 0, 4], "texture": "#0"},
				"south": {"uv": [8, 0, 0, 4], "texture": "#0"},
				"west": {"uv": [8, 0, 0, 4], "texture": "#0"},
				"up": {"uv": [8, 0, 0, 4], "texture": "#0"},
				"down": {"uv": [8, 0, 0, 4], "texture": "#0"}
			}
		},
		{
			"from": [2, 4.25, 9],
			"to": [3.5, 5, 15],
			"faces": {
				"north": {"uv": [8, 0, 0, 4], "texture": "#0"},
				"east": {"uv": [8, 0, 0, 4], "texture": "#0"},
				"south": {"uv": [8, 0, 0, 4], "texture": "#0"},
				"west": {"uv": [8, 0, 0, 4], "texture": "#0"},
				"up": {"uv": [8, 0, 0, 4], "texture": "#0"},
				"down": {"uv": [8, 0, 0, 4], "texture": "#0"}
			}
		},
		{
			"from": [3.5, 3.25, 16.5],
			"to": [5.5, 4.25, 17.5],
			"faces": {
				"north": {"uv": [8, 8, 0, 16], "texture": "#0"},
				"east": {"uv": [8, 8, 0, 16], "texture": "#0"},
				"south": {"uv": [8, 8, 0, 16], "texture": "#0"},
				"west": {"uv": [8, 8, 0, 16], "texture": "#0"},
				"up": {"uv": [8, 8, 0, 16], "texture": "#0"},
				"down": {"uv": [8, 8, 0, 16], "texture": "#0"}
			}
		},
		{
			"from": [4.5, 5.25, 16],
			"to": [8, 5.75, 16.5],
			"faces": {
				"north": {"uv": [8, 8, 0, 16], "texture": "#0"},
				"east": {"uv": [8, 8, 0, 16], "texture": "#0"},
				"south": {"uv": [8, 8, 0, 16], "texture": "#0"},
				"west": {"uv": [8, 8, 0, 16], "texture": "#0"},
				"up": {"uv": [8, 8, 0, 16], "texture": "#0"},
				"down": {"uv": [8, 8, 0, 16], "texture": "#0"}
			}
		},
		{
			"from": [3.5, 4.25, 15],
			"to": [5.5, 5.25, 17],
			"faces": {
				"north": {"uv": [8, 8, 0, 16], "texture": "#0"},
				"east": {"uv": [8, 8, 0, 16], "texture": "#0"},
				"south": {"uv": [8, 8, 0, 16], "texture": "#0"},
				"west": {"uv": [8, 8, 0, 16], "texture": "#0"},
				"up": {"uv": [8, 8, 0, 16], "texture": "#0"},
				"down": {"uv": [8, 8, 0, 16], "texture": "#0"}
			}
		},
		{
			"from": [2.5, 3.25, 15],
			"to": [3.5, 4.25, 17],
			"faces": {
				"north": {"uv": [8, 8, 0, 16], "texture": "#0"},
				"east": {"uv": [8, 8, 0, 16], "texture": "#0"},
				"south": {"uv": [8, 8, 0, 16], "texture": "#0"},
				"west": {"uv": [8, 8, 0, 16], "texture": "#0"},
				"up": {"uv": [8, 8, 0, 16], "texture": "#0"},
				"down": {"uv": [8, 8, 0, 16], "texture": "#0"}
			}
		},
		{
			"from": [4.5, 5.25, 14],
			"to": [8, 6, 16],
			"faces": {
				"north": {"uv": [8, 8, 0, 16], "texture": "#0"},
				"east": {"uv": [8, 8, 0, 16], "texture": "#0"},
				"south": {"uv": [8, 8, 0, 16], "texture": "#0"},
				"west": {"uv": [8, 8, 0, 16], "texture": "#0"},
				"up": {"uv": [8, 8, 0, 16], "texture": "#0"},
				"down": {"uv": [8, 8, 0, 16], "texture": "#0"}
			}
		},
		{
			"from": [6, 6, 13.5],
			"to": [8, 6.25, 15],
			"faces": {
				"north": {"uv": [8, 8, 0, 16], "texture": "#0"},
				"east": {"uv": [8, 8, 0, 16], "texture": "#0"},
				"south": {"uv": [8, 8, 0, 16], "texture": "#0"},
				"west": {"uv": [8, 8, 0, 16], "texture": "#0"},
				"up": {"uv": [8, 8, 0, 16], "texture": "#0"},
				"down": {"uv": [8, 8, 0, 16], "texture": "#0"}
			}
		},
		{
			"from": [4.5, 5.5, 10],
			"to": [6, 6.25, 14],
			"faces": {
				"north": {"uv": [8, 0, 0, 4], "texture": "#0"},
				"east": {"uv": [8, 0, 0, 4], "texture": "#0"},
				"south": {"uv": [8, 0, 0, 4], "texture": "#0"},
				"west": {"uv": [8, 0, 0, 4], "texture": "#0"},
				"up": {"uv": [8, 0, 0, 4], "texture": "#0"},
				"down": {"uv": [8, 0, 0, 4], "texture": "#0"}
			}
		},
		{
			"from": [6, 5.75, 10.5],
			"to": [7.5, 6.5, 13.5],
			"faces": {
				"north": {"uv": [8, 0, 0, 4], "texture": "#0"},
				"east": {"uv": [8, 0, 0, 4], "texture": "#0"},
				"south": {"uv": [8, 0, 0, 4], "texture": "#0"},
				"west": {"uv": [8, 0, 0, 4], "texture": "#0"},
				"up": {"uv": [8, 0, 0, 4], "texture": "#0"},
				"down": {"uv": [8, 0, 0, 4], "texture": "#0"}
			}
		},
		{
			"from": [3, 5, 9],
			"to": [4.5, 5.75, 15],
			"faces": {
				"north": {"uv": [8, 0, 0, 4], "texture": "#0"},
				"east": {"uv": [8, 0, 0, 4], "texture": "#0"},
				"south": {"uv": [8, 0, 0, 4], "texture": "#0"},
				"west": {"uv": [8, 0, 0, 4], "texture": "#0"},
				"up": {"uv": [8, 0, 0, 4], "texture": "#0"},
				"down": {"uv": [8, 0, 0, 4], "texture": "#0"}
			}
		},
		{
			"from": [2.5, 4.25, 8],
			"to": [3.5, 5, 9],
			"faces": {
				"north": {"uv": [16, 4, 8, 8], "texture": "#0"},
				"east": {"uv": [16, 4, 8, 8], "texture": "#0"},
				"south": {"uv": [16, 4, 8, 8], "texture": "#0"},
				"west": {"uv": [16, 4, 8, 8], "texture": "#0"},
				"up": {"uv": [16, 4, 8, 8], "texture": "#0"},
				"down": {"uv": [16, 4, 8, 8], "texture": "#0"}
			}
		},
		{
			"from": [3, 4.25, 7],
			"to": [5, 5, 8],
			"faces": {
				"north": {"uv": [16, 4, 8, 8], "texture": "#0"},
				"east": {"uv": [16, 4, 8, 8], "texture": "#0"},
				"south": {"uv": [16, 4, 8, 8], "texture": "#0"},
				"west": {"uv": [16, 4, 8, 8], "texture": "#0"},
				"up": {"uv": [16, 4, 8, 8], "texture": "#0"},
				"down": {"uv": [16, 4, 8, 8], "texture": "#0"}
			}
		},
		{
			"from": [1.5, 3.25, 8],
			"to": [2.5, 4.25, 16],
			"faces": {
				"north": {"uv": [8, 0, 0, 4], "texture": "#0"},
				"east": {"uv": [8, 0, 0, 4], "texture": "#0"},
				"south": {"uv": [8, 0, 0, 4], "texture": "#0"},
				"west": {"uv": [8, 0, 0, 4], "texture": "#0"},
				"up": {"uv": [8, 0, 0, 4], "texture": "#0"},
				"down": {"uv": [8, 0, 0, 4], "texture": "#0"}
			}
		},
		{
			"from": [5, 5, 7],
			"to": [6, 5.75, 9],
			"faces": {
				"north": {"uv": [16, 4, 8, 8], "texture": "#0"},
				"east": {"uv": [16, 4, 8, 8], "texture": "#0"},
				"south": {"uv": [16, 4, 8, 8], "texture": "#0"},
				"west": {"uv": [16, 4, 8, 8], "texture": "#0"},
				"up": {"uv": [16, 4, 8, 8], "texture": "#0"},
				"down": {"uv": [16, 4, 8, 8], "texture": "#0"}
			}
		},
		{
			"from": [3.5, 5, 8],
			"to": [5, 5.75, 9],
			"faces": {
				"north": {"uv": [16, 4, 8, 8], "texture": "#0"},
				"east": {"uv": [16, 4, 8, 8], "texture": "#0"},
				"south": {"uv": [16, 4, 8, 8], "texture": "#0"},
				"west": {"uv": [16, 4, 8, 8], "texture": "#0"},
				"up": {"uv": [16, 4, 8, 8], "texture": "#0"},
				"down": {"uv": [16, 4, 8, 8], "texture": "#0"}
			}
		},
		{
			"from": [4.5, 5.5, 8.5],
			"to": [6, 6, 10],
			"faces": {
				"north": {"uv": [16, 4, 8, 8], "texture": "#0"},
				"east": {"uv": [16, 4, 8, 8], "texture": "#0"},
				"south": {"uv": [16, 4, 8, 8], "texture": "#0"},
				"west": {"uv": [16, 4, 8, 8], "texture": "#0"},
				"up": {"uv": [16, 4, 8, 8], "texture": "#0"},
				"down": {"uv": [16, 4, 8, 8], "texture": "#0"}
			}
		},
		{
			"from": [6, 5.5, 7.5],
			"to": [8, 6.25, 10.5],
			"faces": {
				"north": {"uv": [16, 4, 8, 8], "texture": "#0"},
				"east": {"uv": [16, 4, 8, 8], "texture": "#0"},
				"south": {"uv": [16, 4, 8, 8], "texture": "#0"},
				"west": {"uv": [16, 4, 8, 8], "texture": "#0"},
				"up": {"uv": [16, 4, 8, 8], "texture": "#0"},
				"down": {"uv": [16, 4, 8, 8], "texture": "#0"}
			}
		},
		{
			"from": [6, 5, 6],
			"to": [8, 6, 8],
			"faces": {
				"north": {"uv": [16, 4, 8, 8], "texture": "#0"},
				"east": {"uv": [16, 4, 8, 8], "texture": "#0"},
				"south": {"uv": [16, 4, 8, 8], "texture": "#0"},
				"west": {"uv": [16, 4, 8, 8], "texture": "#0"},
				"up": {"uv": [16, 4, 8, 8], "texture": "#0"},
				"down": {"uv": [16, 4, 8, 8], "texture": "#0"}
			}
		},
		{
			"from": [5, 4.5, 6],
			"to": [6, 5.25, 7],
			"faces": {
				"north": {"uv": [16, 4, 8, 8], "texture": "#0"},
				"east": {"uv": [16, 4, 8, 8], "texture": "#0"},
				"south": {"uv": [16, 4, 8, 8], "texture": "#0"},
				"west": {"uv": [16, 4, 8, 8], "texture": "#0"},
				"up": {"uv": [16, 4, 8, 8], "texture": "#0"},
				"down": {"uv": [16, 4, 8, 8], "texture": "#0"}
			}
		},
		{
			"from": [8, 5.75, 10.5],
			"to": [8.5, 6.5, 11.75],
			"faces": {
				"north": {"uv": [16, 8, 8, 12], "texture": "#0"},
				"east": {"uv": [16, 8, 8, 12], "texture": "#0"},
				"south": {"uv": [16, 8, 8, 12], "texture": "#0"},
				"west": {"uv": [16, 8, 8, 12], "texture": "#0"},
				"up": {"uv": [16, 8, 8, 12], "texture": "#0"},
				"down": {"uv": [16, 8, 8, 12], "texture": "#0"}
			}
		},
		{
			"from": [7.5, 5.75, 10.5],
			"to": [8, 6.5, 11.75],
			"faces": {
				"north": {"uv": [16, 4, 8, 8], "texture": "#0"},
				"east": {"uv": [16, 4, 8, 8], "texture": "#0"},
				"south": {"uv": [16, 4, 8, 8], "texture": "#0"},
				"west": {"uv": [16, 4, 8, 8], "texture": "#0"},
				"up": {"uv": [16, 4, 8, 8], "texture": "#0"},
				"down": {"uv": [16, 4, 8, 8], "texture": "#0"}
			}
		},
		{
			"from": [7.5, 5.75, 12.25],
			"to": [8.5, 6.5, 13.5],
			"faces": {
				"north": {"uv": [8, 8, 0, 12], "texture": "#0"},
				"east": {"uv": [8, 8, 0, 12], "texture": "#0"},
				"south": {"uv": [8, 8, 0, 12], "texture": "#0"},
				"west": {"uv": [8, 8, 0, 12], "texture": "#0"},
				"up": {"uv": [8, 8, 0, 12], "texture": "#0"},
				"down": {"uv": [8, 8, 0, 12], "texture": "#0"}
			}
		},
		{
			"from": [8, 5.75, 11.75],
			"to": [8.5, 6.5, 12.25],
			"faces": {
				"north": {"uv": [16, 0, 8, 4], "texture": "#0"},
				"east": {"uv": [16, 0, 8, 4], "texture": "#0"},
				"south": {"uv": [16, 0, 8, 4], "texture": "#0"},
				"west": {"uv": [16, 0, 8, 4], "texture": "#0"},
				"up": {"uv": [16, 0, 8, 4], "texture": "#0"},
				"down": {"uv": [16, 0, 8, 4], "texture": "#0"}
			}
		},
		{
			"from": [7.5, 6.5, 11.5],
			"to": [8.5, 7.25, 12.5],
			"faces": {
				"north": {"uv": [16, 8, 8, 12], "texture": "#0"},
				"east": {"uv": [16, 8, 8, 12], "texture": "#0"},
				"south": {"uv": [16, 8, 8, 12], "texture": "#0"},
				"west": {"uv": [16, 8, 8, 12], "texture": "#0"},
				"up": {"uv": [16, 8, 8, 12], "texture": "#0"},
				"down": {"uv": [16, 8, 8, 12], "texture": "#0"}
			}
		},
		{
			"from": [7.5, 5.75, 11.75],
			"to": [8, 6.5, 12.25],
			"faces": {
				"north": {"uv": [8, 0, 0, 4], "texture": "#0"},
				"east": {"uv": [8, 0, 0, 4], "texture": "#0"},
				"south": {"uv": [8, 0, 0, 4], "texture": "#0"},
				"west": {"uv": [8, 0, 0, 4], "texture": "#0"},
				"up": {"uv": [8, 0, 0, 4], "texture": "#0"},
				"down": {"uv": [8, 0, 0, 4], "texture": "#0"}
			}
		},
		{
			"from": [7.6, 7.25, 11.6],
			"to": [8.4, 8, 12.4],
			"faces": {
				"north": {"uv": [16, 4, 8, 8], "texture": "#0"},
				"east": {"uv": [16, 4, 8, 8], "texture": "#0"},
				"south": {"uv": [16, 4, 8, 8], "texture": "#0"},
				"west": {"uv": [16, 4, 8, 8], "texture": "#0"},
				"up": {"uv": [16, 4, 8, 8], "texture": "#0"},
				"down": {"uv": [16, 4, 8, 8], "texture": "#0"}
			}
		},
		{
			"from": [7.7, 8, 11.7],
			"to": [8.3, 9.25, 12.3],
			"faces": {
				"north": {"uv": [16, 0, 8, 4], "texture": "#0"},
				"east": {"uv": [16, 0, 8, 4], "texture": "#0"},
				"south": {"uv": [16, 0, 8, 4], "texture": "#0"},
				"west": {"uv": [16, 0, 8, 4], "texture": "#0"},
				"up": {"uv": [16, 0, 8, 4], "texture": "#0"},
				"down": {"uv": [16, 0, 8, 4], "texture": "#0"}
			}
		},
		{
			"from": [2.1, 9, 11.7],
			"to": [7.7, 9.25, 12.3],
			"faces": {
				"north": {"uv": [8, 8, 0, 12], "texture": "#0"},
				"east": {"uv": [8, 8, 0, 12], "texture": "#0"},
				"south": {"uv": [8, 8, 0, 12], "texture": "#0"},
				"west": {"uv": [8, 8, 0, 12], "texture": "#0"},
				"up": {"uv": [8, 8, 0, 12], "texture": "#0", "rotation": 180},
				"down": {"uv": [8, 8, 0, 12], "texture": "#0", "rotation": 180}
			}
		},
		{
			"from": [6.45, 8.9, 12.3],
			"to": [7.7, 9.15, 12.6],
			"faces": {
				"north": {"uv": [8, 8, 0, 12], "texture": "#0"},
				"east": {"uv": [8, 8, 0, 12], "texture": "#0"},
				"south": {"uv": [8, 8, 0, 12], "texture": "#0"},
				"west": {"uv": [8, 8, 0, 12], "texture": "#0"},
				"up": {"uv": [8, 8, 0, 12], "texture": "#0", "rotation": 180},
				"down": {"uv": [8, 8, 0, 12], "texture": "#0", "rotation": 180}
			}
		},
		{
			"from": [4.1, 8.9, 12.3],
			"to": [6.45, 9.15, 12.9],
			"faces": {
				"north": {"uv": [8, 8, 0, 12], "texture": "#0"},
				"east": {"uv": [8, 8, 0, 12], "texture": "#0"},
				"south": {"uv": [8, 8, 0, 12], "texture": "#0"},
				"west": {"uv": [8, 8, 0, 12], "texture": "#0"},
				"up": {"uv": [8, 8, 0, 12], "texture": "#0", "rotation": 180},
				"down": {"uv": [8, 8, 0, 12], "texture": "#0", "rotation": 180}
			}
		},
		{
			"from": [6.45, 9.1, 11.4],
			"to": [7.7, 9.35, 11.7],
			"faces": {
				"north": {"uv": [8, 8, 0, 12], "texture": "#0"},
				"east": {"uv": [8, 8, 0, 12], "texture": "#0"},
				"south": {"uv": [8, 8, 0, 12], "texture": "#0"},
				"west": {"uv": [8, 8, 0, 12], "texture": "#0"},
				"up": {"uv": [8, 8, 0, 12], "texture": "#0", "rotation": 180},
				"down": {"uv": [8, 8, 0, 12], "texture": "#0", "rotation": 180}
			}
		},
		{
			"from": [4.1, 9.1, 11.1],
			"to": [6.45, 9.35, 11.7],
			"faces": {
				"north": {"uv": [8, 8, 0, 12], "texture": "#0"},
				"east": {"uv": [8, 8, 0, 12], "texture": "#0"},
				"south": {"uv": [8, 8, 0, 12], "texture": "#0"},
				"west": {"uv": [8, 8, 0, 12], "texture": "#0"},
				"up": {"uv": [8, 8, 0, 12], "texture": "#0", "rotation": 180},
				"down": {"uv": [8, 8, 0, 12], "texture": "#0", "rotation": 180}
			}
		},
		{
			"from": [2.6, 9.1, 11.4],
			"to": [4.1, 9.35, 11.7],
			"faces": {
				"north": {"uv": [8, 8, 0, 12], "texture": "#0"},
				"east": {"uv": [8, 8, 0, 12], "texture": "#0"},
				"south": {"uv": [8, 8, 0, 12], "texture": "#0"},
				"west": {"uv": [8, 8, 0, 12], "texture": "#0"},
				"up": {"uv": [8, 8, 0, 12], "texture": "#0", "rotation": 180},
				"down": {"uv": [8, 8, 0, 12], "texture": "#0", "rotation": 180}
			}
		},
		{
			"from": [2.6, 8.9, 12.3],
			"to": [4.1, 9.15, 12.6],
			"faces": {
				"north": {"uv": [8, 8, 0, 12], "texture": "#0"},
				"east": {"uv": [8, 8, 0, 12], "texture": "#0"},
				"south": {"uv": [8, 8, 0, 12], "texture": "#0"},
				"west": {"uv": [8, 8, 0, 12], "texture": "#0"},
				"up": {"uv": [8, 8, 0, 12], "texture": "#0", "rotation": 180},
				"down": {"uv": [8, 8, 0, 12], "texture": "#0", "rotation": 180}
			}
		},
		{
			"from": [8, 5.5, 7.5],
			"to": [10, 6.25, 10.5],
			"faces": {
				"north": {"uv": [8, 8, 16, 16], "texture": "#0"},
				"east": {"uv": [8, 8, 16, 16], "texture": "#0"},
				"south": {"uv": [8, 8, 16, 16], "texture": "#0"},
				"west": {"uv": [8, 8, 16, 16], "texture": "#0"},
				"up": {"uv": [8, 8, 16, 16], "texture": "#0"},
				"down": {"uv": [8, 8, 16, 16], "texture": "#0"}
			}
		},
		{
			"from": [9.55, 8.9, 11.1],
			"to": [11.9, 9.15, 11.7],
			"faces": {
				"north": {"uv": [8, 8, 0, 12], "texture": "#0"},
				"east": {"uv": [8, 8, 0, 12], "texture": "#0"},
				"south": {"uv": [8, 8, 0, 12], "texture": "#0"},
				"west": {"uv": [8, 8, 0, 12], "texture": "#0"},
				"up": {"uv": [8, 8, 0, 12], "texture": "#0"},
				"down": {"uv": [8, 8, 0, 12], "texture": "#0"}
			}
		},
		{
			"from": [8.3, 8.9, 11.4],
			"to": [9.55, 9.15, 11.7],
			"faces": {
				"north": {"uv": [8, 8, 0, 12], "texture": "#0"},
				"east": {"uv": [8, 8, 0, 12], "texture": "#0"},
				"south": {"uv": [8, 8, 0, 12], "texture": "#0"},
				"west": {"uv": [8, 8, 0, 12], "texture": "#0"},
				"up": {"uv": [8, 8, 0, 12], "texture": "#0"},
				"down": {"uv": [8, 8, 0, 12], "texture": "#0"}
			}
		},
		{
			"from": [8.3, 9.1, 12.3],
			"to": [9.55, 9.35, 12.6],
			"faces": {
				"north": {"uv": [8, 8, 0, 12], "texture": "#0"},
				"east": {"uv": [8, 8, 0, 12], "texture": "#0"},
				"south": {"uv": [8, 8, 0, 12], "texture": "#0"},
				"west": {"uv": [8, 8, 0, 12], "texture": "#0"},
				"up": {"uv": [8, 8, 0, 12], "texture": "#0"},
				"down": {"uv": [8, 8, 0, 12], "texture": "#0"}
			}
		},
		{
			"from": [11.9, 8.9, 11.4],
			"to": [13.4, 9.15, 11.7],
			"faces": {
				"north": {"uv": [8, 8, 0, 12], "texture": "#0"},
				"east": {"uv": [8, 8, 0, 12], "texture": "#0"},
				"south": {"uv": [8, 8, 0, 12], "texture": "#0"},
				"west": {"uv": [8, 8, 0, 12], "texture": "#0"},
				"up": {"uv": [8, 8, 0, 12], "texture": "#0"},
				"down": {"uv": [8, 8, 0, 12], "texture": "#0"}
			}
		},
		{
			"from": [11.9, 9.1, 12.3],
			"to": [13.4, 9.35, 12.6],
			"faces": {
				"north": {"uv": [8, 8, 0, 12], "texture": "#0"},
				"east": {"uv": [8, 8, 0, 12], "texture": "#0"},
				"south": {"uv": [8, 8, 0, 12], "texture": "#0"},
				"west": {"uv": [8, 8, 0, 12], "texture": "#0"},
				"up": {"uv": [8, 8, 0, 12], "texture": "#0"},
				"down": {"uv": [8, 8, 0, 12], "texture": "#0"}
			}
		},
		{
			"from": [9.55, 9.1, 12.3],
			"to": [11.9, 9.35, 12.9],
			"faces": {
				"north": {"uv": [8, 8, 0, 12], "texture": "#0"},
				"east": {"uv": [8, 8, 0, 12], "texture": "#0"},
				"south": {"uv": [8, 8, 0, 12], "texture": "#0"},
				"west": {"uv": [8, 8, 0, 12], "texture": "#0"},
				"up": {"uv": [8, 8, 0, 12], "texture": "#0"},
				"down": {"uv": [8, 8, 0, 12], "texture": "#0"}
			}
		},
		{
			"from": [8.3, 9, 11.7],
			"to": [13.9, 9.25, 12.3],
			"faces": {
				"north": {"uv": [8, 8, 0, 12], "texture": "#0"},
				"east": {"uv": [8, 8, 0, 12], "texture": "#0"},
				"south": {"uv": [8, 8, 0, 12], "texture": "#0"},
				"west": {"uv": [8, 8, 0, 12], "texture": "#0"},
				"up": {"uv": [8, 8, 0, 12], "texture": "#0"},
				"down": {"uv": [8, 8, 0, 12], "texture": "#0"}
			}
		}
	],
	"display": {
		"head": {
			"scale": [1.3, 1.4, 1.3],
			"translation": [0, 14.5, -5]
		}
	},
	"groups": [0, 1, 2, 3, 4, 5, 6, 7, 8, 9, 10, 11, 12, 13, 14, 15, 16, 17, 18, 19, 20, 21, 22, 23, 24, 25, 26, 27, 28, 29, 30, 31, 32, 33, 34, 35, 36, 37, 38, 39, 40, 41, 42, 43, 44, 45, 46, 47, 48, 49, 50, 51, 52, 53, 54, 55, 56, 57, 58, 59, 60, 61, 62, 63, 64, 65, 66, 67, 68, 69, 70, 71, 72, 73, 74, 75, 76, 77, 78, 79, 80, 81, 82, 83, 84, 85,
		{
			"name": "spin1",
			"isOpen": true,
			"shade": true,
			"display": {
				"visibility": true,
				"autouv": false
			},
			"children": [86, 87, 88, 89, 90, 91, 92, 93, 94, 95, 96, 97, 98, 99, 100]
		}
	]
}