{
	"textures": {
		"0": "_custom/steel",
		"1": "_custom/drill1",
		"2": "block/purpur_pillar",
		"3": "_custom/hats/tv_face",
		"4": "_custom/iron_plate_red",
		"particle": "_custom/steel"
	},
	"elements": [
		{
			"from": [2, 0, 0],
			"to": [15, 1, 3],
			"faces": {
				"north": {"uv": [1, 2, 2, 3], "texture": "#0"},
				"east": {"uv": [1, 2, 2, 3], "texture": "#0"},
				"south": {"uv": [1, 2, 2, 3], "texture": "#0"},
				"west": {"uv": [1, 2, 2, 3], "texture": "#0"},
				"up": {"uv": [1, 2, 2, 3], "texture": "#0"},
				"down": {"uv": [1, 2, 2, 3], "texture": "#0"}
			}
		},
		{
			"from": [14, 1, 0],
			"to": [16, 2, 3],
			"faces": {
				"north": {"uv": [1, 2, 2, 3], "texture": "#0"},
				"east": {"uv": [1, 2, 2, 3], "texture": "#0"},
				"south": {"uv": [1, 2, 2, 3], "texture": "#0"},
				"west": {"uv": [1, 2, 2, 3], "texture": "#0"},
				"up": {"uv": [1, 2, 2, 3], "texture": "#0"},
				"down": {"uv": [1, 2, 2, 3], "texture": "#0"}
			}
		},
		{
			"from": [15, 2, 0],
			"to": [16, 11, 3],
			"faces": {
				"north": {"uv": [1, 2, 2, 3], "texture": "#0"},
				"east": {"uv": [1, 2, 2, 3], "texture": "#0"},
				"south": {"uv": [1, 2, 2, 3], "texture": "#0"},
				"west": {"uv": [1, 2, 2, 3], "texture": "#0"},
				"up": {"uv": [1, 2, 2, 3], "texture": "#0"},
				"down": {"uv": [1, 2, 2, 3], "texture": "#0"}
			}
		},
		{
			"from": [14, 10, 0],
			"to": [15, 12, 3],
			"faces": {
				"north": {"uv": [1, 2, 2, 3], "texture": "#0"},
				"east": {"uv": [1, 2, 2, 3], "texture": "#0"},
				"south": {"uv": [1, 2, 2, 3], "texture": "#0"},
				"west": {"uv": [1, 2, 2, 3], "texture": "#0"},
				"up": {"uv": [1, 2, 2, 3], "texture": "#0"},
				"down": {"uv": [1, 2, 2, 3], "texture": "#0"}
			}
		},
		{
			"from": [0, 10, 0],
			"to": [2, 11, 3],
			"faces": {
				"north": {"uv": [1, 2, 2, 3], "texture": "#0", "rotation": 180},
				"east": {"uv": [1, 2, 2, 3], "texture": "#0", "rotation": 180},
				"south": {"uv": [1, 2, 2, 3], "texture": "#0", "rotation": 180},
				"west": {"uv": [1, 2, 2, 3], "texture": "#0", "rotation": 180},
				"up": {"uv": [1, 2, 2, 3], "texture": "#0", "rotation": 180},
				"down": {"uv": [1, 2, 2, 3], "texture": "#0", "rotation": 180}
			}
		},
		{
			"from": [0, 1, 0],
			"to": [1, 10, 3],
			"faces": {
				"north": {"uv": [1, 2, 2, 3], "texture": "#0", "rotation": 180},
				"east": {"uv": [1, 2, 2, 3], "texture": "#0", "rotation": 180},
				"south": {"uv": [1, 2, 2, 3], "texture": "#0", "rotation": 180},
				"west": {"uv": [1, 2, 2, 3], "texture": "#0", "rotation": 180},
				"up": {"uv": [1, 2, 2, 3], "texture": "#0", "rotation": 180},
				"down": {"uv": [1, 2, 2, 3], "texture": "#0", "rotation": 180}
			}
		},
		{
			"from": [1, 0, 0],
			"to": [2, 2, 3],
			"faces": {
				"north": {"uv": [1, 2, 2, 3], "texture": "#0", "rotation": 180},
				"east": {"uv": [1, 2, 2, 3], "texture": "#0", "rotation": 180},
				"south": {"uv": [1, 2, 2, 3], "texture": "#0", "rotation": 180},
				"west": {"uv": [1, 2, 2, 3], "texture": "#0", "rotation": 180},
				"up": {"uv": [1, 2, 2, 3], "texture": "#0", "rotation": 180},
				"down": {"uv": [1, 2, 2, 3], "texture": "#0", "rotation": 180}
			}
		},
		{
			"from": [1, 11, 0],
			"to": [14, 12, 3],
			"faces": {
				"north": {"uv": [1, 2, 2, 3], "texture": "#0", "rotation": 180},
				"east": {"uv": [1, 2, 2, 3], "texture": "#0", "rotation": 180},
				"south": {"uv": [1, 2, 2, 3], "texture": "#0", "rotation": 180},
				"west": {"uv": [1, 2, 2, 3], "texture": "#0", "rotation": 180},
				"up": {"uv": [1, 2, 2, 3], "texture": "#0", "rotation": 180},
				"down": {"uv": [1, 2, 2, 3], "texture": "#0", "rotation": 180}
			}
		},
		{
			"from": [1, 1, 1],
			"to": [15, 11, 3],
			"faces": {
				"north": {"uv": [1, 7, 1.5, 7.5], "texture": "#1"},
				"east": {"uv": [1, 7, 1.5, 7.5], "texture": "#1"},
				"south": {"uv": [1, 7, 1.5, 7.5], "texture": "#1"},
				"west": {"uv": [1, 7, 1.5, 7.5], "texture": "#1"},
				"up": {"uv": [1, 7, 1.5, 7.5], "texture": "#1"},
				"down": {"uv": [1, 7, 1.5, 7.5], "texture": "#1"}
			}
		},
		{
			"from": [0.5, 1, 6],
			"to": [15.5, 11, 13.25],
			"faces": {
				"north": {"uv": [1, 2, 2, 3], "texture": "#0"},
				"east": {"uv": [1, 2, 2, 3], "texture": "#0"},
				"south": {"uv": [1, 2, 2, 3], "texture": "#0"},
				"west": {"uv": [1, 2, 2, 3], "texture": "#0"},
				"up": {"uv": [1, 2, 2, 3], "texture": "#0"},
				"down": {"uv": [1, 2, 2, 3], "texture": "#0"}
			}
		},
		{
			"from": [1, 0.25, 3],
			"to": [15, 11.5, 12.25],
			"faces": {
				"north": {"uv": [1, 2, 2, 3], "texture": "#0"},
				"east": {"uv": [1, 2, 2, 3], "texture": "#0"},
				"south": {"uv": [1, 2, 2, 3], "texture": "#0"},
				"west": {"uv": [1, 2, 2, 3], "texture": "#0"},
				"up": {"uv": [1, 2, 2, 3], "texture": "#0"},
				"down": {"uv": [1, 2, 2, 3], "texture": "#0"}
			}
		},
		{
			"from": [1.25, 1.25, 13.25],
			"to": [14.75, 10.75, 13.75],
			"faces": {
				"north": {"uv": [1, 2, 2, 3], "texture": "#0"},
				"east": {"uv": [1, 2, 2, 3], "texture": "#0"},
				"south": {"uv": [1, 2, 2, 3], "texture": "#0"},
				"west": {"uv": [1, 2, 2, 3], "texture": "#0"},
				"up": {"uv": [1, 2, 2, 3], "texture": "#0"},
				"down": {"uv": [1, 2, 2, 3], "texture": "#0"}
			}
		},
		{
			"from": [8.25, 11, 10.25],
			"to": [9, 18, 11],
			"rotation": {"angle": -45, "axis": "z", "origin": [8.5, 11.5, 10.5]},
			"faces": {
				"north": {"uv": [7, 8, 8, 16], "texture": "#2"},
				"east": {"uv": [7, 8, 8, 16], "texture": "#2"},
				"south": {"uv": [7, 8, 8, 16], "texture": "#2"},
				"west": {"uv": [7, 8, 8, 16], "texture": "#2"},
				"up": {"uv": [7, 15, 8, 16], "texture": "#2"},
				"down": {"uv": [7, 15, 8, 16], "texture": "#2"}
			}
		},
		{
			"from": [7.25, 11, 10.25],
			"to": [8, 18, 11],
			"rotation": {"angle": 22.5, "axis": "z", "origin": [7.5, 11.5, 10.5]},
			"faces": {
				"north": {"uv": [7, 6, 8, 16], "texture": "#2"},
				"east": {"uv": [7, 6, 8, 16], "texture": "#2"},
				"south": {"uv": [7, 6, 8, 16], "texture": "#2"},
				"west": {"uv": [7, 6, 8, 16], "texture": "#2"},
				"up": {"uv": [7, 15, 8, 16], "texture": "#2"},
				"down": {"uv": [7, 15, 8, 16], "texture": "#2"}
			}
		},
		{
			"from": [6.25, 11, 9.25],
			"to": [10, 12, 12],
			"rotation": {"angle": 0, "axis": "z", "origin": [7.5, 11.5, 10.5]},
			"faces": {
				"north": {"uv": [7, 0, 8, 1], "texture": "#0"},
				"east": {"uv": [7, 0, 8, 1], "texture": "#0"},
				"south": {"uv": [7, 0, 8, 1], "texture": "#0"},
				"west": {"uv": [7, 0, 8, 1], "texture": "#0"},
				"up": {"uv": [7, 0, 8, 1], "texture": "#0"},
				"down": {"uv": [7, 0, 8, 1], "texture": "#0"}
			}
		},
		{
			"from": [4, 2, 0.95],
			"to": [12, 10, 1],
			"faces": {
				"north": {"uv": [1.5, 1, 14.5, 13.5], "texture": "#3"},
				"east": {"uv": [0, 0, 1, 1], "texture": "#3"},
				"south": {"uv": [0, 0, 1, 1], "texture": "#3"},
				"west": {"uv": [0, 0, 1, 1], "texture": "#3"},
				"up": {"uv": [0, 0, 1, 1], "texture": "#3"},
				"down": {"uv": [0, 0, 1, 1], "texture": "#3"}
			}
		},
		{
			"from": [2.25, 0.25, -0.25],
			"to": [2.75, 0.75, 0],
			"faces": {
				"north": {"uv": [0, 2, 1, 3], "texture": "#2", "rotation": 180},
				"east": {"uv": [1, 2, 2, 3], "texture": "#0", "rotation": 180},
				"south": {"uv": [1, 2, 2, 3], "texture": "#0", "rotation": 180},
				"west": {"uv": [1, 2, 2, 3], "texture": "#0", "rotation": 180},
				"up": {"uv": [1, 2, 2, 3], "texture": "#0", "rotation": 180},
				"down": {"uv": [1, 2, 2, 3], "texture": "#0", "rotation": 180}
			}
		},
		{
			"from": [3.25, 0.25, -0.25],
			"to": [3.75, 0.75, 0],
			"faces": {
				"north": {"uv": [0, 2, 1, 3], "texture": "#2", "rotation": 180},
				"east": {"uv": [1, 2, 2, 3], "texture": "#0", "rotation": 180},
				"south": {"uv": [1, 2, 2, 3], "texture": "#0", "rotation": 180},
				"west": {"uv": [1, 2, 2, 3], "texture": "#0", "rotation": 180},
				"up": {"uv": [1, 2, 2, 3], "texture": "#0", "rotation": 180},
				"down": {"uv": [1, 2, 2, 3], "texture": "#0", "rotation": 180}
			}
		},
		{
			"from": [11.75, 1.75, 13.75],
			"to": [14.25, 4.25, 14],
			"faces": {
				"north": {"uv": [0, 11, 1, 12], "texture": "#0"},
				"east": {"uv": [0, 11, 1, 12], "texture": "#0"},
				"south": {"uv": [0, 11, 1, 12], "texture": "#0"},
				"west": {"uv": [0, 11, 1, 12], "texture": "#0"},
				"up": {"uv": [0, 11, 1, 12], "texture": "#0"},
				"down": {"uv": [0, 11, 1, 12], "texture": "#0"}
			}
		},
		{
			"from": [12.75, 2.7, 13.5],
			"to": [13.25, 3.2, 14.75],
			"rotation": {"angle": 45, "axis": "x", "origin": [13, 2.95, 14.125]},
			"faces": {
				"north": {"uv": [0, 11, 1, 12], "texture": "#0"},
				"east": {"uv": [0, 11, 1, 12], "texture": "#0"},
				"south": {"uv": [0, 11, 1, 12], "texture": "#0"},
				"west": {"uv": [0, 11, 1, 12], "texture": "#0"},
				"up": {"uv": [0, 11, 1, 12], "texture": "#0"},
				"down": {"uv": [0, 11, 1, 12], "texture": "#0"}
			}
		},
		{
			"from": [12.75273, 1.88565, 14.50028],
			"to": [13.25273, 2.63565, 15.00028],
			"rotation": {"angle": -22.5, "axis": "x", "origin": [13.00273, 2.01065, 14.75028]},
			"faces": {
				"north": {"uv": [0, 11, 1, 12], "texture": "#0", "rotation": 180},
				"east": {"uv": [0, 11, 1, 12], "texture": "#0", "rotation": 270},
				"south": {"uv": [0, 11, 1, 12], "texture": "#0"},
				"west": {"uv": [0, 11, 1, 12], "texture": "#0", "rotation": 90},
				"up": {"uv": [0, 11, 1, 12], "texture": "#0", "rotation": 180},
				"down": {"uv": [0, 11, 1, 12], "texture": "#0"}
			}
		},
		{
			"from": [12.75042, -3.75922, 14.53146],
			"to": [13.25042, 1.99078, 15.03146],
			"rotation": {"angle": 0, "axis": "x", "origin": [13.00042, 1.36578, 14.78146]},
			"faces": {
				"north": {"uv": [0, 11, 1, 12], "texture": "#0", "rotation": 180},
				"east": {"uv": [0, 11, 1, 12], "texture": "#0", "rotation": 270},
				"south": {"uv": [0, 11, 1, 12], "texture": "#0"},
				"west": {"uv": [0, 11, 1, 12], "texture": "#0", "rotation": 90},
				"up": {"uv": [0, 11, 1, 12], "texture": "#0", "rotation": 180},
				"down": {"uv": [0, 11, 1, 12], "texture": "#0"}
			}
		},
		{
			"from": [12.75042, -4.00922, 14.53146],
			"to": [12.85042, -3.75922, 14.63146],
			"rotation": {"angle": 0, "axis": "x", "origin": [13.00042, -4.38422, 14.78146]},
			"faces": {
				"north": {"uv": [0, 11, 1, 12], "texture": "#0", "rotation": 180},
				"east": {"uv": [0, 11, 1, 12], "texture": "#0", "rotation": 270},
				"south": {"uv": [0, 11, 1, 12], "texture": "#0"},
				"west": {"uv": [0, 11, 1, 12], "texture": "#0", "rotation": 90},
				"up": {"uv": [0, 11, 1, 12], "texture": "#0", "rotation": 180},
				"down": {"uv": [0, 11, 1, 12], "texture": "#0"}
			}
		},
		{
			"from": [12.75042, -3.90922, 14.73146],
			"to": [12.85042, -3.75922, 14.83146],
			"rotation": {"angle": 0, "axis": "x", "origin": [13.00042, -4.38422, 14.98146]},
			"faces": {
				"north": {"uv": [0, 11, 1, 12], "texture": "#0", "rotation": 180},
				"east": {"uv": [0, 11, 1, 12], "texture": "#0", "rotation": 270},
				"south": {"uv": [0, 11, 1, 12], "texture": "#0"},
				"west": {"uv": [0, 11, 1, 12], "texture": "#0", "rotation": 90},
				"up": {"uv": [0, 11, 1, 12], "texture": "#0", "rotation": 180},
				"down": {"uv": [0, 11, 1, 12], "texture": "#0"}
			}
		},
		{
			"from": [12.75042, -3.80922, 14.83146],
			"to": [12.85042, -3.75922, 14.93146],
			"rotation": {"angle": 0, "axis": "x", "origin": [13.00042, -4.38422, 15.18146]},
			"faces": {
				"north": {"uv": [0, 11, 1, 12], "texture": "#0", "rotation": 180},
				"east": {"uv": [0, 11, 1, 12], "texture": "#0", "rotation": 270},
				"south": {"uv": [0, 11, 1, 12], "texture": "#0"},
				"west": {"uv": [0, 11, 1, 12], "texture": "#0", "rotation": 90},
				"up": {"uv": [0, 11, 1, 12], "texture": "#0", "rotation": 180},
				"down": {"uv": [0, 11, 1, 12], "texture": "#0"}
			}
		},
		{
			"from": [13.15042, -3.90922, 14.83146],
			"to": [13.25042, -3.75922, 14.93146],
			"rotation": {"angle": 0, "axis": "x", "origin": [13.40042, -4.38422, 15.18146]},
			"faces": {
				"north": {"uv": [0, 11, 1, 12], "texture": "#0", "rotation": 180},
				"east": {"uv": [0, 11, 1, 12], "texture": "#0", "rotation": 270},
				"south": {"uv": [0, 11, 1, 12], "texture": "#0"},
				"west": {"uv": [0, 11, 1, 12], "texture": "#0", "rotation": 90},
				"up": {"uv": [0, 11, 1, 12], "texture": "#0", "rotation": 180},
				"down": {"uv": [0, 11, 1, 12], "texture": "#0"}
			}
		},
		{
			"from": [12.95042, -3.80922, 14.93146],
			"to": [13.05042, -3.75922, 15.03146],
			"rotation": {"angle": 0, "axis": "x", "origin": [13.20042, -4.38422, 15.28146]},
			"faces": {
				"north": {"uv": [0, 11, 1, 12], "texture": "#0", "rotation": 180},
				"east": {"uv": [0, 11, 1, 12], "texture": "#0", "rotation": 270},
				"south": {"uv": [0, 11, 1, 12], "texture": "#0"},
				"west": {"uv": [0, 11, 1, 12], "texture": "#0", "rotation": 90},
				"up": {"uv": [0, 11, 1, 12], "texture": "#0", "rotation": 180},
				"down": {"uv": [0, 11, 1, 12], "texture": "#0"}
			}
		},
		{
			"from": [12.85042, -4.10922, 14.93146],
			"to": [12.95042, -3.75922, 15.03146],
			"rotation": {"angle": 0, "axis": "x", "origin": [13.10042, -4.38422, 15.28146]},
			"faces": {
				"north": {"uv": [0, 11, 1, 12], "texture": "#0", "rotation": 180},
				"east": {"uv": [0, 11, 1, 12], "texture": "#0", "rotation": 270},
				"south": {"uv": [0, 11, 1, 12], "texture": "#0"},
				"west": {"uv": [0, 11, 1, 12], "texture": "#0", "rotation": 90},
				"up": {"uv": [0, 11, 1, 12], "texture": "#0", "rotation": 180},
				"down": {"uv": [0, 11, 1, 12], "texture": "#0"}
			}
		},
		{
			"from": [13.05042, -4.00922, 14.93146],
			"to": [13.15042, -3.75922, 15.03146],
			"rotation": {"angle": 0, "axis": "x", "origin": [13.30042, -4.38422, 15.28146]},
			"faces": {
				"north": {"uv": [0, 11, 1, 12], "texture": "#0", "rotation": 180},
				"east": {"uv": [0, 11, 1, 12], "texture": "#0", "rotation": 270},
				"south": {"uv": [0, 11, 1, 12], "texture": "#0"},
				"west": {"uv": [0, 11, 1, 12], "texture": "#0", "rotation": 90},
				"up": {"uv": [0, 11, 1, 12], "texture": "#0", "rotation": 180},
				"down": {"uv": [0, 11, 1, 12], "texture": "#0"}
			}
		},
		{
			"from": [13.15042, -3.80922, 14.93146],
			"to": [13.25042, -3.75922, 15.03146],
			"rotation": {"angle": 0, "axis": "x", "origin": [13.40042, -4.38422, 15.28146]},
			"faces": {
				"north": {"uv": [0, 11, 1, 12], "texture": "#0", "rotation": 180},
				"east": {"uv": [0, 11, 1, 12], "texture": "#0", "rotation": 270},
				"south": {"uv": [0, 11, 1, 12], "texture": "#0"},
				"west": {"uv": [0, 11, 1, 12], "texture": "#0", "rotation": 90},
				"up": {"uv": [0, 11, 1, 12], "texture": "#0", "rotation": 180},
				"down": {"uv": [0, 11, 1, 12], "texture": "#0"}
			}
		},
		{
			"from": [13.15042, -3.80922, 14.63146],
			"to": [13.25042, -3.75922, 14.73146],
			"rotation": {"angle": 0, "axis": "x", "origin": [13.40042, -4.38422, 14.98146]},
			"faces": {
				"north": {"uv": [0, 11, 1, 12], "texture": "#0", "rotation": 180},
				"east": {"uv": [0, 11, 1, 12], "texture": "#0", "rotation": 270},
				"south": {"uv": [0, 11, 1, 12], "texture": "#0"},
				"west": {"uv": [0, 11, 1, 12], "texture": "#0", "rotation": 90},
				"up": {"uv": [0, 11, 1, 12], "texture": "#0", "rotation": 180},
				"down": {"uv": [0, 11, 1, 12], "texture": "#0"}
			}
		},
		{
			"from": [13.15042, -4.00922, 14.53146],
			"to": [13.25042, -3.75922, 14.63146],
			"rotation": {"angle": 0, "axis": "x", "origin": [13.40042, -4.38422, 14.88146]},
			"faces": {
				"north": {"uv": [0, 11, 1, 12], "texture": "#0", "rotation": 180},
				"east": {"uv": [0, 11, 1, 12], "texture": "#0", "rotation": 270},
				"south": {"uv": [0, 11, 1, 12], "texture": "#0"},
				"west": {"uv": [0, 11, 1, 12], "texture": "#0", "rotation": 90},
				"up": {"uv": [0, 11, 1, 12], "texture": "#0", "rotation": 180},
				"down": {"uv": [0, 11, 1, 12], "texture": "#0"}
			}
		},
		{
			"from": [13.05042, -3.90922, 14.53146],
			"to": [13.15042, -3.75922, 14.63146],
			"rotation": {"angle": 0, "axis": "x", "origin": [13.30042, -4.38422, 14.88146]},
			"faces": {
				"north": {"uv": [0, 11, 1, 12], "texture": "#0", "rotation": 180},
				"east": {"uv": [0, 11, 1, 12], "texture": "#0", "rotation": 270},
				"south": {"uv": [0, 11, 1, 12], "texture": "#0"},
				"west": {"uv": [0, 11, 1, 12], "texture": "#0", "rotation": 90},
				"up": {"uv": [0, 11, 1, 12], "texture": "#0", "rotation": 180},
				"down": {"uv": [0, 11, 1, 12], "texture": "#0"}
			}
		},
		{
			"from": [12.85042, -3.80922, 14.53146],
			"to": [12.95042, -3.75922, 14.63146],
			"rotation": {"angle": 0, "axis": "x", "origin": [13.10042, -4.38422, 14.88146]},
			"faces": {
				"north": {"uv": [0, 11, 1, 12], "texture": "#0", "rotation": 180},
				"east": {"uv": [0, 11, 1, 12], "texture": "#0", "rotation": 270},
				"south": {"uv": [0, 11, 1, 12], "texture": "#0"},
				"west": {"uv": [0, 11, 1, 12], "texture": "#0", "rotation": 90},
				"up": {"uv": [0, 11, 1, 12], "texture": "#0", "rotation": 180},
				"down": {"uv": [0, 11, 1, 12], "texture": "#0"}
			}
		},
		{
			"from": [12.95042, -4.50922, 14.73146],
			"to": [13.15042, -3.75922, 14.93146],
			"rotation": {"angle": 0, "axis": "x", "origin": [13.20042, -4.38422, 15.08146]},
			"faces": {
				"north": {"uv": [0, 11.66605, 0.33303, 11.99908], "texture": "#4", "rotation": 180},
				"east": {"uv": [0, 11.66605, 0.33303, 11.99908], "texture": "#4", "rotation": 270},
				"south": {"uv": [0, 11.66605, 0.33303, 11.99908], "texture": "#4"},
				"west": {"uv": [0, 11.66605, 0.33303, 11.99908], "texture": "#4", "rotation": 90},
				"up": {"uv": [0, 11.66605, 0.33303, 11.99908], "texture": "#4", "rotation": 180},
				"down": {"uv": [0, 11.66605, 0.33303, 11.99908], "texture": "#4"}
			}
		},
		{
			"from": [12.85042, -4.20922, 14.63146],
			"to": [12.95042, -3.75922, 14.73146],
			"rotation": {"angle": 0, "axis": "x", "origin": [13.10042, -4.38422, 15.08146]},
			"faces": {
				"north": {"uv": [0, 11.66605, 0.33303, 11.99908], "texture": "#4", "rotation": 180},
				"east": {"uv": [0, 11.66605, 0.33303, 11.99908], "texture": "#4", "rotation": 270},
				"south": {"uv": [0, 11.66605, 0.33303, 11.99908], "texture": "#4"},
				"west": {"uv": [0, 11.66605, 0.33303, 11.99908], "texture": "#4", "rotation": 90},
				"up": {"uv": [0, 11.66605, 0.33303, 11.99908], "texture": "#4", "rotation": 180},
				"down": {"uv": [0, 11.66605, 0.33303, 11.99908], "texture": "#4"}
			}
		},
		{
			"from": [0.5, 9, 3],
			"to": [15.5, 11, 6],
			"faces": {
				"north": {"uv": [1, 2, 2, 3], "texture": "#0"},
				"east": {"uv": [1, 2, 2, 3], "texture": "#0"},
				"south": {"uv": [1, 2, 2, 3], "texture": "#0"},
				"west": {"uv": [1, 2, 2, 3], "texture": "#0"},
				"up": {"uv": [1, 2, 2, 3], "texture": "#0"},
				"down": {"uv": [1, 2, 2, 3], "texture": "#0"}
			}
		},
		{
			"from": [0.5, 1, 3],
			"to": [15.5, 4.25, 6],
			"faces": {
				"north": {"uv": [1, 2, 2, 3], "texture": "#0"},
				"east": {"uv": [1, 2, 2, 3], "texture": "#0"},
				"south": {"uv": [1, 2, 2, 3], "texture": "#0"},
				"west": {"uv": [1, 2, 2, 3], "texture": "#0"},
				"up": {"uv": [1, 2, 2, 3], "texture": "#0"},
				"down": {"uv": [1, 2, 2, 3], "texture": "#0"}
			}
		},
		{
			"from": [0.95, 4, 3],
			"to": [15.25, 9, 6],
			"faces": {
				"north": {"uv": [1.5, 5, 2, 5.5], "texture": "#1"},
				"east": {"uv": [1.5, 5, 2, 5.5], "texture": "#1"},
				"south": {"uv": [1.5, 5, 2, 5.5], "texture": "#1"},
				"west": {"uv": [1.5, 5, 2, 5.5], "texture": "#1"},
				"up": {"uv": [1.5, 5, 2, 5.5], "texture": "#1"},
				"down": {"uv": [1.5, 5, 2, 5.5], "texture": "#1"}
			}
		},
		{
			"from": [0.5, 8.5, 3],
			"to": [15.5, 8.75, 6],
			"faces": {
				"north": {"uv": [1, 2, 2, 3], "texture": "#0"},
				"east": {"uv": [1, 2, 2, 3], "texture": "#0"},
				"south": {"uv": [1, 2, 2, 3], "texture": "#0"},
				"west": {"uv": [1, 2, 2, 3], "texture": "#0"},
				"up": {"uv": [1, 2, 2, 3], "texture": "#0"},
				"down": {"uv": [1, 2, 2, 3], "texture": "#0"}
			}
		},
		{
			"from": [0.5, 8, 3],
			"to": [15.5, 8.25, 6],
			"faces": {
				"north": {"uv": [1, 2, 2, 3], "texture": "#0"},
				"east": {"uv": [1, 2, 2, 3], "texture": "#0"},
				"south": {"uv": [1, 2, 2, 3], "texture": "#0"},
				"west": {"uv": [1, 2, 2, 3], "texture": "#0"},
				"up": {"uv": [1, 2, 2, 3], "texture": "#0"},
				"down": {"uv": [1, 2, 2, 3], "texture": "#0"}
			}
		},
		{
			"from": [0.5, 7.5, 3],
			"to": [15.5, 7.75, 6],
			"faces": {
				"north": {"uv": [1, 2, 2, 3], "texture": "#0"},
				"east": {"uv": [1, 2, 2, 3], "texture": "#0"},
				"south": {"uv": [1, 2, 2, 3], "texture": "#0"},
				"west": {"uv": [1, 2, 2, 3], "texture": "#0"},
				"up": {"uv": [1, 2, 2, 3], "texture": "#0"},
				"down": {"uv": [1, 2, 2, 3], "texture": "#0"}
			}
		},
		{
			"from": [0.5, 7, 3],
			"to": [15.5, 7.25, 6],
			"faces": {
				"north": {"uv": [1, 2, 2, 3], "texture": "#0"},
				"east": {"uv": [1, 2, 2, 3], "texture": "#0"},
				"south": {"uv": [1, 2, 2, 3], "texture": "#0"},
				"west": {"uv": [1, 2, 2, 3], "texture": "#0"},
				"up": {"uv": [1, 2, 2, 3], "texture": "#0"},
				"down": {"uv": [1, 2, 2, 3], "texture": "#0"}
			}
		},
		{
			"from": [0.5, 6.5, 3],
			"to": [15.5, 6.75, 6],
			"faces": {
				"north": {"uv": [1, 2, 2, 3], "texture": "#0"},
				"east": {"uv": [1, 2, 2, 3], "texture": "#0"},
				"south": {"uv": [1, 2, 2, 3], "texture": "#0"},
				"west": {"uv": [1, 2, 2, 3], "texture": "#0"},
				"up": {"uv": [1, 2, 2, 3], "texture": "#0"},
				"down": {"uv": [1, 2, 2, 3], "texture": "#0"}
			}
		},
		{
			"from": [0.5, 6, 3],
			"to": [15.5, 6.25, 6],
			"faces": {
				"north": {"uv": [1, 2, 2, 3], "texture": "#0"},
				"east": {"uv": [1, 2, 2, 3], "texture": "#0"},
				"south": {"uv": [1, 2, 2, 3], "texture": "#0"},
				"west": {"uv": [1, 2, 2, 3], "texture": "#0"},
				"up": {"uv": [1, 2, 2, 3], "texture": "#0"},
				"down": {"uv": [1, 2, 2, 3], "texture": "#0"}
			}
		},
		{
			"from": [0.5, 5.5, 3],
			"to": [15.5, 5.75, 6],
			"faces": {
				"north": {"uv": [1, 2, 2, 3], "texture": "#0"},
				"east": {"uv": [1, 2, 2, 3], "texture": "#0"},
				"south": {"uv": [1, 2, 2, 3], "texture": "#0"},
				"west": {"uv": [1, 2, 2, 3], "texture": "#0"},
				"up": {"uv": [1, 2, 2, 3], "texture": "#0"},
				"down": {"uv": [1, 2, 2, 3], "texture": "#0"}
			}
		},
		{
			"from": [0.5, 5, 3],
			"to": [15.5, 5.25, 6],
			"faces": {
				"north": {"uv": [1, 2, 2, 3], "texture": "#0"},
				"east": {"uv": [1, 2, 2, 3], "texture": "#0"},
				"south": {"uv": [1, 2, 2, 3], "texture": "#0"},
				"west": {"uv": [1, 2, 2, 3], "texture": "#0"},
				"up": {"uv": [1, 2, 2, 3], "texture": "#0"},
				"down": {"uv": [1, 2, 2, 3], "texture": "#0"}
			}
		},
		{
			"from": [0.5, 4.5, 3],
			"to": [15.5, 4.75, 6],
			"faces": {
				"north": {"uv": [1, 2, 2, 3], "texture": "#0"},
				"east": {"uv": [1, 2, 2, 3], "texture": "#0"},
				"south": {"uv": [1, 2, 2, 3], "texture": "#0"},
				"west": {"uv": [1, 2, 2, 3], "texture": "#0"},
				"up": {"uv": [1, 2, 2, 3], "texture": "#0"},
				"down": {"uv": [1, 2, 2, 3], "texture": "#0"}
			}
		}
	],
	"display": {
		"thirdperson_righthand": {
			"scale": [0.5, 0.5, 0.5],
			"translation": [0, 0, 0],
			"rotation": [51, 0, 0]
		},
		"head": {
			"scale": [1.4, 1.4, 1.4],
			"translation": [0, 4, 2.5]
		},
		"thirdperson_lefthand": {
			"scale": [0.5, 0.5, 0.5],
			"rotation": [51, 0, 0]
		},
		"firstperson_righthand": {
			"scale": [0.5, 0.5, 0.5],
			"rotation": [51, 0, 0]
		},
		"firstperson_lefthand": {
			"scale": [0.5, 0.5, 0.5],
			"rotation": [51, 0, 0]
		},
		"ground": {
			"translation": [0, 4.5, 0]
		},
		"gui": {
			"scale": [0.8, 0.8, 0.8],
			"rotation": [25, -152, 0],
			"translation": [0, 0.5, 0]
		}
	}
}