{
	"parent": "block/block",
	"textures": {
		"1": "_custom/chains"
	},
	"elements": [
		{
			"from": [6.5, 2, 7.5],
			"to": [7.25, 7, 8.5],
			"faces": {
				"north": {"uv": [1, 13, 2, 6], "texture": "#1"},
				"east": {"uv": [1, 13, 2, 6], "texture": "#1"},
				"south": {"uv": [1, 13, 2, 6], "texture": "#1"},
				"west": {"uv": [1, 13, 2, 6], "texture": "#1"},
				"up": {"uv": [1, 13, 2, 12], "texture": "#1"},
				"down": {"uv": [1, 7, 2, 6], "texture": "#1"}
			}
		},
		{
			"from": [7.25, 1.75, 7.5],
			"to": [8.75, 2.5, 8.5],
			"faces": {
				"north": {"uv": [11, 13, 12, 11], "texture": "#1", "rotation": 270},
				"east": {"uv": [11, 13, 12, 12], "texture": "#1", "rotation": 270},
				"south": {"uv": [11, 13, 12, 11], "texture": "#1", "rotation": 90},
				"west": {"uv": [11, 12, 12, 11], "texture": "#1", "rotation": 270},
				"up": {"uv": [11, 13, 12, 11], "texture": "#1", "rotation": 90},
				"down": {"uv": [11, 13, 12, 11], "texture": "#1", "rotation": 90}
			}
		},
		{
			"from": [8.75, 2, 7.5],
			"to": [9.5, 7, 8.5],
			"faces": {
				"north": {"uv": [13, 9, 14, 2], "texture": "#1", "rotation": 180},
				"east": {"uv": [13, 9, 14, 2], "texture": "#1", "rotation": 180},
				"south": {"uv": [13, 9, 14, 2], "texture": "#1", "rotation": 180},
				"west": {"uv": [13, 9, 14, 2], "texture": "#1", "rotation": 180},
				"up": {"uv": [13, 9, 14, 8], "texture": "#1", "rotation": 180},
				"down": {"uv": [13, 9, 14, 8], "texture": "#1", "rotation": 180}
			}
		},
		{
			"from": [7.25, 6.5, 7.5],
			"to": [8.75, 7.25, 8.5],
			"faces": {
				"north": {"uv": [13, 7, 14, 5], "texture": "#1", "rotation": 90},
				"east": {"uv": [13, 6, 14, 5], "texture": "#1", "rotation": 270},
				"south": {"uv": [13, 7, 14, 5], "texture": "#1", "rotation": 270},
				"west": {"uv": [13, 7, 14, 6], "texture": "#1", "rotation": 270},
				"up": {"uv": [13, 7, 14, 5], "texture": "#1", "rotation": 270},
				"down": {"uv": [13, 7, 14, 5], "texture": "#1", "rotation": 270}
			}
		},
		{
			"from": [7.5, 0, 6.5],
			"to": [8.5, 3, 7.25],
			"faces": {
				"north": {"uv": [11, 7, 12, 3], "texture": "#1"},
				"east": {"uv": [11, 7, 12, 3], "texture": "#1"},
				"south": {"uv": [11, 7, 12, 3], "texture": "#1"},
				"west": {"uv": [11, 7, 12, 3], "texture": "#1"},
				"up": {"uv": [11, 3, 12, 2], "texture": "#1", "rotation": 270},
				"down": {"uv": [11, 9, 12, 8], "texture": "#1", "rotation": 90}
			}
		},
		{
			"from": [7.5, 10.5, 7.25],
			"to": [8.5, 11.25, 8.75],
			"faces": {
				"north": {"uv": [11, 11, 12, 10], "texture": "#1"},
				"east": {"uv": [11, 11, 12, 9], "texture": "#1", "rotation": 90},
				"south": {"uv": [11, 10, 12, 9], "texture": "#1"},
				"west": {"uv": [11, 11, 12, 9], "texture": "#1", "rotation": 90},
				"up": {"uv": [11, 11, 12, 9], "texture": "#1"},
				"down": {"uv": [11, 11, 12, 9], "texture": "#1", "rotation": 180}
			}
		},
		{
			"from": [7.5, 6, 6.5],
			"to": [8.5, 11, 7.25],
			"faces": {
				"north": {"uv": [4, 9, 5, 2], "texture": "#1"},
				"east": {"uv": [4, 9, 5, 2], "texture": "#1"},
				"south": {"uv": [4, 9, 5, 2], "texture": "#1"},
				"west": {"uv": [4, 9, 5, 2], "texture": "#1"},
				"up": {"uv": [4, 3, 5, 2], "texture": "#1", "rotation": 90},
				"down": {"uv": [4, 9, 5, 8], "texture": "#1", "rotation": 270}
			}
		},
		{
			"from": [6.5, 10, 7.5],
			"to": [7.25, 15, 8.5],
			"faces": {
				"north": {"uv": [15, 8, 16, 1], "texture": "#1"},
				"east": {"uv": [15, 8, 16, 1], "texture": "#1"},
				"south": {"uv": [15, 8, 16, 1], "texture": "#1"},
				"west": {"uv": [15, 8, 16, 1], "texture": "#1"},
				"up": {"uv": [15, 2, 16, 1], "texture": "#1", "rotation": 180},
				"down": {"uv": [15, 2, 16, 1], "texture": "#1", "rotation": 180}
			}
		},
		{
			"from": [8.75, 10, 7.5],
			"to": [9.5, 15, 8.5],
			"faces": {
				"north": {"uv": [13, 7, 14, 0], "texture": "#1"},
				"east": {"uv": [13, 7, 14, 0], "texture": "#1"},
				"south": {"uv": [13, 7, 14, 0], "texture": "#1"},
				"west": {"uv": [13, 7, 14, 0], "texture": "#1"},
				"up": {"uv": [13, 1, 14, 0], "texture": "#1", "rotation": 180},
				"down": {"uv": [13, 1, 14, 0], "texture": "#1", "rotation": 180}
			}
		},
		{
			"from": [7.5, 14, 6.5],
			"to": [8.5, 16, 7.25],
			"faces": {
				"north": {"uv": [11, 4, 12, 1], "texture": "#1"},
				"east": {"uv": [11, 4, 12, 1], "texture": "#1"},
				"south": {"uv": [11, 4, 12, 1], "texture": "#1"},
				"west": {"uv": [11, 4, 12, 1], "texture": "#1"},
				"up": {"uv": [11, 4, 12, 3], "texture": "#1", "rotation": 270},
				"down": {"uv": [11, 2, 12, 1], "texture": "#1", "rotation": 90}
			}
		},
		{
			"from": [7.25, 9.75, 7.5],
			"to": [8.75, 10.5, 8.5],
			"faces": {
				"north": {"uv": [13, 7, 14, 5], "texture": "#1", "rotation": 90},
				"east": {"uv": [13, 6, 14, 5], "texture": "#1", "rotation": 270},
				"south": {"uv": [13, 7, 14, 5], "texture": "#1", "rotation": 270},
				"west": {"uv": [13, 7, 14, 6], "texture": "#1", "rotation": 270},
				"up": {"uv": [13, 7, 14, 5], "texture": "#1", "rotation": 270},
				"down": {"uv": [13, 7, 14, 5], "texture": "#1", "rotation": 270}
			}
		},
		{
			"from": [7.25, 14.5, 7.5],
			"to": [8.75, 15.25, 8.5],
			"faces": {
				"north": {"uv": [13, 7, 14, 5], "texture": "#1", "rotation": 90},
				"east": {"uv": [13, 6, 14, 5], "texture": "#1", "rotation": 270},
				"south": {"uv": [13, 7, 14, 5], "texture": "#1", "rotation": 270},
				"west": {"uv": [13, 7, 14, 6], "texture": "#1", "rotation": 270},
				"up": {"uv": [13, 7, 14, 5], "texture": "#1", "rotation": 270},
				"down": {"uv": [13, 7, 14, 5], "texture": "#1", "rotation": 270}
			}
		},
		{
			"from": [7.5, 6, 8.75],
			"to": [8.5, 11, 9.5],
			"faces": {
				"north": {"uv": [1, 9, 2, 2], "texture": "#1"},
				"east": {"uv": [1, 9, 2, 2], "texture": "#1"},
				"south": {"uv": [1, 9, 2, 2], "texture": "#1"},
				"west": {"uv": [1, 9, 2, 2], "texture": "#1"},
				"up": {"uv": [1, 3, 2, 2], "texture": "#1", "rotation": 90},
				"down": {"uv": [1, 9, 2, 8], "texture": "#1", "rotation": 270}
			}
		},
		{
			"from": [7.5, 5.75, 7.25],
			"to": [8.5, 6.5, 8.75],
			"faces": {
				"north": {"uv": [11, 11, 12, 10], "texture": "#1"},
				"east": {"uv": [11, 11, 12, 9], "texture": "#1", "rotation": 90},
				"south": {"uv": [11, 10, 12, 9], "texture": "#1"},
				"west": {"uv": [11, 11, 12, 9], "texture": "#1", "rotation": 90},
				"up": {"uv": [11, 11, 12, 9], "texture": "#1"},
				"down": {"uv": [11, 11, 12, 9], "texture": "#1", "rotation": 180}
			}
		},
		{
			"from": [7.5, 0, 8.75],
			"to": [8.5, 3, 9.5],
			"faces": {
				"north": {"uv": [11, 7, 12, 3], "texture": "#1"},
				"east": {"uv": [11, 7, 12, 3], "texture": "#1"},
				"south": {"uv": [11, 7, 12, 3], "texture": "#1"},
				"west": {"uv": [11, 7, 12, 3], "texture": "#1"},
				"up": {"uv": [11, 3, 12, 2], "texture": "#1", "rotation": 270},
				"down": {"uv": [11, 9, 12, 8], "texture": "#1", "rotation": 90}
			}
		},
		{
			"from": [7.5, 2.5, 7.25],
			"to": [8.5, 3.25, 8.75],
			"faces": {
				"north": {"uv": [11, 11, 12, 10], "texture": "#1"},
				"east": {"uv": [11, 11, 12, 9], "texture": "#1", "rotation": 90},
				"south": {"uv": [11, 10, 12, 9], "texture": "#1"},
				"west": {"uv": [11, 11, 12, 9], "texture": "#1", "rotation": 90},
				"up": {"uv": [11, 11, 12, 9], "texture": "#1"},
				"down": {"uv": [11, 11, 12, 9], "texture": "#1", "rotation": 180}
			}
		},
		{
			"from": [7.5, 13.75, 7.25],
			"to": [8.5, 14.5, 8.75],
			"faces": {
				"north": {"uv": [11, 11, 12, 10], "texture": "#1"},
				"east": {"uv": [11, 11, 12, 9], "texture": "#1", "rotation": 90},
				"south": {"uv": [11, 10, 12, 9], "texture": "#1"},
				"west": {"uv": [11, 11, 12, 9], "texture": "#1", "rotation": 90},
				"up": {"uv": [11, 11, 12, 9], "texture": "#1"},
				"down": {"uv": [11, 11, 12, 9], "texture": "#1", "rotation": 180}
			}
		},
		{
			"from": [7.5, 14, 8.75],
			"to": [8.5, 16, 9.5],
			"faces": {
				"north": {"uv": [11, 4, 12, 1], "texture": "#1"},
				"east": {"uv": [11, 4, 12, 1], "texture": "#1"},
				"south": {"uv": [11, 4, 12, 1], "texture": "#1"},
				"west": {"uv": [11, 4, 12, 1], "texture": "#1"},
				"up": {"uv": [11, 4, 12, 3], "texture": "#1", "rotation": 270},
				"down": {"uv": [11, 2, 12, 1], "texture": "#1", "rotation": 90}
			}
		},
		{
			"from": [6.5, -14, 7.5],
			"to": [7.25, -9, 8.5],
			"faces": {
				"north": {"uv": [1, 13, 2, 6], "texture": "#1"},
				"east": {"uv": [1, 13, 2, 6], "texture": "#1"},
				"south": {"uv": [1, 13, 2, 6], "texture": "#1"},
				"west": {"uv": [1, 13, 2, 6], "texture": "#1"},
				"up": {"uv": [1, 13, 2, 12], "texture": "#1"},
				"down": {"uv": [1, 7, 2, 6], "texture": "#1"}
			}
		},
		{
			"from": [7.25, -14.25, 7.5],
			"to": [8.75, -13.5, 8.5],
			"faces": {
				"north": {"uv": [11, 13, 12, 11], "texture": "#1", "rotation": 270},
				"east": {"uv": [11, 13, 12, 12], "texture": "#1", "rotation": 270},
				"south": {"uv": [11, 13, 12, 11], "texture": "#1", "rotation": 90},
				"west": {"uv": [11, 12, 12, 11], "texture": "#1", "rotation": 270},
				"up": {"uv": [11, 13, 12, 11], "texture": "#1", "rotation": 90},
				"down": {"uv": [11, 13, 12, 11], "texture": "#1", "rotation": 90}
			}
		},
		{
			"from": [8.75, -14, 7.5],
			"to": [9.5, -9, 8.5],
			"faces": {
				"north": {"uv": [13, 9, 14, 2], "texture": "#1", "rotation": 180},
				"east": {"uv": [13, 9, 14, 2], "texture": "#1", "rotation": 180},
				"south": {"uv": [13, 9, 14, 2], "texture": "#1", "rotation": 180},
				"west": {"uv": [13, 9, 14, 2], "texture": "#1", "rotation": 180},
				"up": {"uv": [13, 9, 14, 8], "texture": "#1", "rotation": 180},
				"down": {"uv": [13, 9, 14, 8], "texture": "#1", "rotation": 180}
			}
		},
		{
			"from": [7.25, -9.5, 7.5],
			"to": [8.75, -8.75, 8.5],
			"faces": {
				"north": {"uv": [13, 7, 14, 5], "texture": "#1", "rotation": 90},
				"east": {"uv": [13, 6, 14, 5], "texture": "#1", "rotation": 270},
				"south": {"uv": [13, 7, 14, 5], "texture": "#1", "rotation": 270},
				"west": {"uv": [13, 7, 14, 6], "texture": "#1", "rotation": 270},
				"up": {"uv": [13, 7, 14, 5], "texture": "#1", "rotation": 270},
				"down": {"uv": [13, 7, 14, 5], "texture": "#1", "rotation": 270}
			}
		},
		{
			"from": [7.5, -16, 6.5],
			"to": [8.5, -13, 7.25],
			"faces": {
				"north": {"uv": [11, 7, 12, 3], "texture": "#1"},
				"east": {"uv": [11, 7, 12, 3], "texture": "#1"},
				"south": {"uv": [11, 7, 12, 3], "texture": "#1"},
				"west": {"uv": [11, 7, 12, 3], "texture": "#1"},
				"up": {"uv": [11, 3, 12, 2], "texture": "#1", "rotation": 270},
				"down": {"uv": [11, 9, 12, 8], "texture": "#1", "rotation": 90}
			}
		},
		{
			"from": [7.5, -5.5, 7.25],
			"to": [8.5, -4.75, 8.75],
			"faces": {
				"north": {"uv": [11, 11, 12, 10], "texture": "#1"},
				"east": {"uv": [11, 11, 12, 9], "texture": "#1", "rotation": 90},
				"south": {"uv": [11, 10, 12, 9], "texture": "#1"},
				"west": {"uv": [11, 11, 12, 9], "texture": "#1", "rotation": 90},
				"up": {"uv": [11, 11, 12, 9], "texture": "#1"},
				"down": {"uv": [11, 11, 12, 9], "texture": "#1", "rotation": 180}
			}
		},
		{
			"from": [7.5, -10, 6.5],
			"to": [8.5, -5, 7.25],
			"faces": {
				"north": {"uv": [4, 9, 5, 2], "texture": "#1"},
				"east": {"uv": [4, 9, 5, 2], "texture": "#1"},
				"south": {"uv": [4, 9, 5, 2], "texture": "#1"},
				"west": {"uv": [4, 9, 5, 2], "texture": "#1"},
				"up": {"uv": [4, 3, 5, 2], "texture": "#1", "rotation": 90},
				"down": {"uv": [4, 9, 5, 8], "texture": "#1", "rotation": 270}
			}
		},
		{
			"from": [6.5, -6, 7.5],
			"to": [7.25, -1, 8.5],
			"faces": {
				"north": {"uv": [15, 8, 16, 1], "texture": "#1"},
				"east": {"uv": [15, 8, 16, 1], "texture": "#1"},
				"south": {"uv": [15, 8, 16, 1], "texture": "#1"},
				"west": {"uv": [15, 8, 16, 1], "texture": "#1"},
				"up": {"uv": [15, 2, 16, 1], "texture": "#1", "rotation": 180},
				"down": {"uv": [15, 2, 16, 1], "texture": "#1", "rotation": 180}
			}
		},
		{
			"from": [8.75, -6, 7.5],
			"to": [9.5, -1, 8.5],
			"faces": {
				"north": {"uv": [13, 7, 14, 0], "texture": "#1"},
				"east": {"uv": [13, 7, 14, 0], "texture": "#1"},
				"south": {"uv": [13, 7, 14, 0], "texture": "#1"},
				"west": {"uv": [13, 7, 14, 0], "texture": "#1"},
				"up": {"uv": [13, 1, 14, 0], "texture": "#1", "rotation": 180},
				"down": {"uv": [13, 1, 14, 0], "texture": "#1", "rotation": 180}
			}
		},
		{
			"from": [7.5, -2, 6.5],
			"to": [8.5, 0, 7.25],
			"faces": {
				"north": {"uv": [11, 4, 12, 1], "texture": "#1"},
				"east": {"uv": [11, 4, 12, 1], "texture": "#1"},
				"south": {"uv": [11, 4, 12, 1], "texture": "#1"},
				"west": {"uv": [11, 4, 12, 1], "texture": "#1"},
				"up": {"uv": [11, 4, 12, 3], "texture": "#1", "rotation": 270},
				"down": {"uv": [11, 2, 12, 1], "texture": "#1", "rotation": 90}
			}
		},
		{
			"from": [7.25, -6.25, 7.5],
			"to": [8.75, -5.5, 8.5],
			"faces": {
				"north": {"uv": [13, 7, 14, 5], "texture": "#1", "rotation": 90},
				"east": {"uv": [13, 6, 14, 5], "texture": "#1", "rotation": 270},
				"south": {"uv": [13, 7, 14, 5], "texture": "#1", "rotation": 270},
				"west": {"uv": [13, 7, 14, 6], "texture": "#1", "rotation": 270},
				"up": {"uv": [13, 7, 14, 5], "texture": "#1", "rotation": 270},
				"down": {"uv": [13, 7, 14, 5], "texture": "#1", "rotation": 270}
			}
		},
		{
			"from": [7.25, -1.5, 7.5],
			"to": [8.75, -0.75, 8.5],
			"faces": {
				"north": {"uv": [13, 7, 14, 5], "texture": "#1", "rotation": 90},
				"east": {"uv": [13, 6, 14, 5], "texture": "#1", "rotation": 270},
				"south": {"uv": [13, 7, 14, 5], "texture": "#1", "rotation": 270},
				"west": {"uv": [13, 7, 14, 6], "texture": "#1", "rotation": 270},
				"up": {"uv": [13, 7, 14, 5], "texture": "#1", "rotation": 270},
				"down": {"uv": [13, 7, 14, 5], "texture": "#1", "rotation": 270}
			}
		},
		{
			"from": [7.5, -10, 8.75],
			"to": [8.5, -5, 9.5],
			"faces": {
				"north": {"uv": [1, 9, 2, 2], "texture": "#1"},
				"east": {"uv": [1, 9, 2, 2], "texture": "#1"},
				"south": {"uv": [1, 9, 2, 2], "texture": "#1"},
				"west": {"uv": [1, 9, 2, 2], "texture": "#1"},
				"up": {"uv": [1, 3, 2, 2], "texture": "#1", "rotation": 90},
				"down": {"uv": [1, 9, 2, 8], "texture": "#1", "rotation": 270}
			}
		},
		{
			"from": [7.5, -10.25, 7.25],
			"to": [8.5, -9.5, 8.75],
			"faces": {
				"north": {"uv": [11, 11, 12, 10], "texture": "#1"},
				"east": {"uv": [11, 11, 12, 9], "texture": "#1", "rotation": 90},
				"south": {"uv": [11, 10, 12, 9], "texture": "#1"},
				"west": {"uv": [11, 11, 12, 9], "texture": "#1", "rotation": 90},
				"up": {"uv": [11, 11, 12, 9], "texture": "#1"},
				"down": {"uv": [11, 11, 12, 9], "texture": "#1", "rotation": 180}
			}
		},
		{
			"from": [7.5, -16, 8.75],
			"to": [8.5, -13, 9.5],
			"faces": {
				"north": {"uv": [11, 7, 12, 3], "texture": "#1"},
				"east": {"uv": [11, 7, 12, 3], "texture": "#1"},
				"south": {"uv": [11, 7, 12, 3], "texture": "#1"},
				"west": {"uv": [11, 7, 12, 3], "texture": "#1"},
				"up": {"uv": [11, 3, 12, 2], "texture": "#1", "rotation": 270},
				"down": {"uv": [11, 9, 12, 8], "texture": "#1", "rotation": 90}
			}
		},
		{
			"from": [7.5, -13.5, 7.25],
			"to": [8.5, -12.75, 8.75],
			"faces": {
				"north": {"uv": [11, 11, 12, 10], "texture": "#1"},
				"east": {"uv": [11, 11, 12, 9], "texture": "#1", "rotation": 90},
				"south": {"uv": [11, 10, 12, 9], "texture": "#1"},
				"west": {"uv": [11, 11, 12, 9], "texture": "#1", "rotation": 90},
				"up": {"uv": [11, 11, 12, 9], "texture": "#1"},
				"down": {"uv": [11, 11, 12, 9], "texture": "#1", "rotation": 180}
			}
		},
		{
			"from": [7.5, -2.25, 7.25],
			"to": [8.5, -1.5, 8.75],
			"faces": {
				"north": {"uv": [11, 11, 12, 10], "texture": "#1"},
				"east": {"uv": [11, 11, 12, 9], "texture": "#1", "rotation": 90},
				"south": {"uv": [11, 10, 12, 9], "texture": "#1"},
				"west": {"uv": [11, 11, 12, 9], "texture": "#1", "rotation": 90},
				"up": {"uv": [11, 11, 12, 9], "texture": "#1"},
				"down": {"uv": [11, 11, 12, 9], "texture": "#1", "rotation": 180}
			}
		},
		{
			"from": [7.5, -2, 8.75],
			"to": [8.5, 0, 9.5],
			"faces": {
				"north": {"uv": [11, 4, 12, 1], "texture": "#1"},
				"east": {"uv": [11, 4, 12, 1], "texture": "#1"},
				"south": {"uv": [11, 4, 12, 1], "texture": "#1"},
				"west": {"uv": [11, 4, 12, 1], "texture": "#1"},
				"up": {"uv": [11, 4, 12, 3], "texture": "#1", "rotation": 270},
				"down": {"uv": [11, 2, 12, 1], "texture": "#1", "rotation": 90}
			}
		}
	]
}