{
	"parent": "block/block",
	"textures": {
		"0": "block/purpur_block",
		"3": "_custom/fade",
		"1_0": "block/purpur_block",
		"particle": "block/purpur_block"
	},
	"elements": [
		{
			"from": [0, 1, 4],
			"to": [16, 3, 12],
			"faces": {
				"north": {"uv": [6, 0, 7, 16], "texture": "#0", "rotation": 90},
				"east": {"uv": [3, 14, 11, 16], "texture": "#0"},
				"south": {"uv": [0, 0, 16, 1], "texture": "#0"},
				"west": {"uv": [4, 14, 12, 16], "texture": "#0"},
				"up": {"uv": [4, 0, 12, 16], "texture": "#3", "rotation": 90},
				"down": {"uv": [2, 0, 10, 16], "texture": "#0", "rotation": 270}
			}
		},
		{
			"from": [0, 2, 2],
			"to": [16, 4, 4],
			"faces": {
				"north": {"uv": [9, 0, 11, 16], "texture": "#0", "rotation": 90},
				"east": {"uv": [14, 14, 16, 16], "texture": "#0"},
				"south": {"uv": [5, 0, 7, 16], "texture": "#3", "rotation": 90},
				"west": {"uv": [0, 14, 2, 16], "texture": "#0"},
				"up": {"uv": [9, 0, 11, 16], "texture": "#3", "rotation": 90},
				"down": {"uv": [9, 0, 11, 16], "texture": "#0", "rotation": 270}
			}
		},
		{
			"from": [0, 4, 13],
			"to": [16, 12, 15],
			"faces": {
				"north": {"uv": [2, 0, 10, 16], "texture": "#3", "rotation": 270},
				"east": {"uv": [3, 14, 11, 16], "texture": "#0", "rotation": 90},
				"south": {"uv": [2, 0, 10, 16], "texture": "#0", "rotation": 270},
				"west": {"uv": [4, 14, 12, 16], "texture": "#0", "rotation": 270},
				"up": {"uv": [0, 0, 16, 1], "texture": "#0"},
				"down": {"uv": [6, 0, 7, 16], "texture": "#0", "rotation": 270}
			}
		},
		{
			"from": [0, 2, 12],
			"to": [16, 4, 14],
			"faces": {
				"north": {"uv": [11, 0, 13, 16], "texture": "#3", "rotation": 270},
				"east": {"uv": [14, 14, 16, 16], "texture": "#0", "rotation": 90},
				"south": {"uv": [9, 0, 11, 16], "texture": "#0", "rotation": 270},
				"west": {"uv": [0, 14, 2, 16], "texture": "#0", "rotation": 270},
				"up": {"uv": [3, 0, 5, 16], "texture": "#3", "rotation": 90},
				"down": {"uv": [9, 0, 11, 16], "texture": "#0", "rotation": 270}
			}
		},
		{
			"from": [0, 13, 4],
			"to": [16, 15, 12],
			"faces": {
				"north": {"uv": [0, 0, 16, 1], "texture": "#0", "rotation": 180},
				"east": {"uv": [3, 14, 11, 16], "texture": "#0", "rotation": 180},
				"south": {"uv": [6, 0, 7, 16], "texture": "#0", "rotation": 270},
				"west": {"uv": [4, 14, 12, 16], "texture": "#0", "rotation": 180},
				"up": {"uv": [2, 0, 10, 16], "texture": "#0", "rotation": 270},
				"down": {"uv": [4, 0, 12, 16], "texture": "#3", "rotation": 90}
			}
		},
		{
			"from": [0, 12, 12],
			"to": [16, 14, 14],
			"faces": {
				"north": {"uv": [9, 0, 11, 16], "texture": "#3", "rotation": 270},
				"east": {"uv": [14, 14, 16, 16], "texture": "#0", "rotation": 180},
				"south": {"uv": [9, 0, 11, 16], "texture": "#0", "rotation": 270},
				"west": {"uv": [0, 14, 2, 16], "texture": "#0", "rotation": 180},
				"up": {"uv": [9, 0, 11, 16], "texture": "#0", "rotation": 270},
				"down": {"uv": [9, 0, 11, 16], "texture": "#3", "rotation": 90}
			}
		},
		{
			"from": [0, 4, 1],
			"to": [16, 12, 3],
			"faces": {
				"north": {"uv": [2, 0, 10, 16], "texture": "#0", "rotation": 90},
				"east": {"uv": [3, 14, 11, 16], "texture": "#0", "rotation": 270},
				"south": {"uv": [4, 0, 12, 16], "texture": "#3", "rotation": 90},
				"west": {"uv": [4, 14, 12, 16], "texture": "#0", "rotation": 90},
				"up": {"uv": [6, 0, 7, 16], "texture": "#0", "rotation": 270},
				"down": {"uv": [0, 0, 16, 1], "texture": "#0"}
			}
		},
		{
			"from": [0, 12, 2],
			"to": [16, 14, 4],
			"faces": {
				"north": {"uv": [9, 0, 11, 16], "texture": "#0", "rotation": 90},
				"east": {"uv": [14, 0, 16, 2], "texture": "#0"},
				"south": {"uv": [9, 0, 11, 16], "texture": "#3", "rotation": 90},
				"west": {"uv": [0, 14, 2, 16], "texture": "#0", "rotation": 90},
				"up": {"uv": [9, 0, 11, 16], "texture": "#0", "rotation": 270},
				"down": {"uv": [9, 0, 11, 16], "texture": "#3", "rotation": 90}
			}
		},
		{
			"from": [15.66667, 3, 3],
			"to": [15.96667, 13, 13],
			"faces": {
				"north": {"uv": [4, 0, 5, 1], "texture": "#3"},
				"east": {"uv": [4, 0, 5, 1], "texture": "#3"},
				"south": {"uv": [4, 0, 5, 1], "texture": "#3"},
				"west": {"uv": [4, 0, 5, 1], "texture": "#3"},
				"up": {"uv": [4, 0, 5, 1], "texture": "#3", "rotation": 90},
				"down": {"uv": [4, 0, 5, 1], "texture": "#3", "rotation": 270}
			}
		},
		{
			"from": [0.52, 1.28, 1.28],
			"to": [2.5, 2.96, 2.96],
			"faces": {
				"north": {"uv": [7, 5, 9, 7], "texture": "#1_0"},
				"east": {"uv": [4, 5, 6, 7], "texture": "#1_0"},
				"south": {"uv": [0, 0, 1, 2], "texture": "#1_0"},
				"west": {"uv": [0, 0, 2, 2], "texture": "#1_0"},
				"up": {"uv": [0, 0, 4, 1], "texture": "#1_0", "rotation": 90},
				"down": {"uv": [7, 7, 9, 9], "texture": "#1_0", "rotation": 180}
			}
		},
		{
			"from": [0.52, 2.96, 0.44],
			"to": [2.5, 4.64, 2.96],
			"faces": {
				"north": {"uv": [5, 6, 6, 8], "texture": "#1_0"},
				"east": {"uv": [4, 5, 7, 7], "texture": "#1_0"},
				"south": {"uv": [0, 0, 1, 2], "texture": "#1_0"},
				"west": {"uv": [11, 7, 14, 9], "texture": "#1_0"},
				"up": {"uv": [0, 0, 4, 1], "texture": "#1_0", "rotation": 90},
				"down": {"uv": [4, 5, 8, 7], "texture": "#1_0", "rotation": 270}
			}
		},
		{
			"from": [0.52, 4.64, 0.44],
			"to": [2.5, 11.36, 2.12],
			"faces": {
				"north": {"uv": [5, 5, 7, 13], "texture": "#1_0"},
				"east": {"uv": [6, 6, 8, 14], "texture": "#1_0"},
				"south": {"uv": [0, 0, 1, 2], "texture": "#1_0"},
				"west": {"uv": [5, 3, 7, 11], "texture": "#1_0"},
				"up": {"uv": [0, 0, 2, 1], "texture": "#1_0", "rotation": 90},
				"down": {"uv": [0, 0, 4, 1], "texture": "#1_0", "rotation": 270}
			}
		},
		{
			"from": [0.52, 11.36, 0.44],
			"to": [2.5, 13.04, 2.96],
			"faces": {
				"north": {"uv": [5, 5, 7, 7], "texture": "#1_0"},
				"east": {"uv": [3, 2, 6, 4], "texture": "#1_0"},
				"south": {"uv": [0, 0, 1, 2], "texture": "#1_0"},
				"west": {"uv": [7, 3, 10, 5], "texture": "#1_0"},
				"up": {"uv": [5, 5, 8, 7], "texture": "#1_0", "rotation": 90},
				"down": {"uv": [0, 0, 4, 1], "texture": "#1_0", "rotation": 270}
			}
		},
		{
			"from": [0.52, 0.44, 2.96],
			"to": [2.5, 2.96, 4.64],
			"faces": {
				"north": {"uv": [5, 5, 8, 7], "texture": "#1_0", "rotation": 270},
				"east": {"uv": [3, 2, 6, 4], "texture": "#1_0", "rotation": 90},
				"south": {"uv": [0, 0, 4, 1], "texture": "#1_0", "rotation": 270},
				"west": {"uv": [7, 3, 10, 5], "texture": "#1_0", "rotation": 270},
				"up": {"uv": [0, 0, 1, 2], "texture": "#1_0"},
				"down": {"uv": [5, 5, 6, 7], "texture": "#1_0", "rotation": 180}
			}
		},
		{
			"from": [0.52, 1.28, 13.04],
			"to": [2.5, 2.96, 14.72],
			"faces": {
				"north": {"uv": [0, 0, 4, 1], "texture": "#1_0", "rotation": 270},
				"east": {"uv": [4, 5, 6, 7], "texture": "#1_0", "rotation": 90},
				"south": {"uv": [9, 7, 11, 9], "texture": "#1_0", "rotation": 270},
				"west": {"uv": [12, 9, 14, 11], "texture": "#1_0", "rotation": 270},
				"up": {"uv": [0, 0, 1, 2], "texture": "#1_0"},
				"down": {"uv": [8, 5, 10, 7], "texture": "#1_0", "rotation": 180}
			}
		},
		{
			"from": [0.52, 0.44, 11.36],
			"to": [2.5, 2.96, 13.04],
			"faces": {
				"north": {"uv": [0, 0, 4, 1], "texture": "#1_0", "rotation": 270},
				"east": {"uv": [4, 5, 7, 7], "texture": "#1_0", "rotation": 90},
				"south": {"uv": [0, 0, 4, 2], "texture": "#1_0", "rotation": 270},
				"west": {"uv": [11, 7, 14, 9], "texture": "#1_0", "rotation": 270},
				"up": {"uv": [0, 0, 1, 2], "texture": "#1_0"},
				"down": {"uv": [0, 0, 2, 2], "texture": "#1_0", "rotation": 180}
			}
		},
		{
			"from": [0.52, 0.44, 4.64],
			"to": [2.5, 2.12, 11.36],
			"faces": {
				"north": {"uv": [0, 0, 2, 1], "texture": "#1_0", "rotation": 270},
				"east": {"uv": [6, 6, 8, 14], "texture": "#1_0", "rotation": 90},
				"south": {"uv": [0, 0, 4, 1], "texture": "#1_0", "rotation": 270},
				"west": {"uv": [5, 3, 7, 11], "texture": "#1_0", "rotation": 270},
				"up": {"uv": [0, 0, 1, 2], "texture": "#1_0"},
				"down": {"uv": [5, 5, 7, 13], "texture": "#1_0", "rotation": 180}
			}
		},
		{
			"from": [0.52, 2.96, 13.04],
			"to": [2.5, 4.64, 15.56],
			"faces": {
				"north": {"uv": [0, 0, 1, 2], "texture": "#1_0", "rotation": 180},
				"east": {"uv": [3, 2, 6, 4], "texture": "#1_0", "rotation": 180},
				"south": {"uv": [5, 5, 7, 7], "texture": "#1_0", "rotation": 180},
				"west": {"uv": [7, 3, 10, 5], "texture": "#1_0", "rotation": 180},
				"up": {"uv": [0, 0, 4, 1], "texture": "#1_0", "rotation": 270},
				"down": {"uv": [5, 5, 8, 7], "texture": "#1_0", "rotation": 90}
			}
		},
		{
			"from": [0.52, 13.04, 13.04],
			"to": [2.5, 14.72, 14.72],
			"faces": {
				"north": {"uv": [0, 0, 1, 2], "texture": "#1_0", "rotation": 180},
				"east": {"uv": [4, 5, 6, 7], "texture": "#1_0", "rotation": 180},
				"south": {"uv": [5, 6, 7, 8], "texture": "#1_0", "rotation": 180},
				"west": {"uv": [0, 0, 2, 2], "texture": "#1_0", "rotation": 180},
				"up": {"uv": [10, 8, 12, 10], "texture": "#1_0", "rotation": 180},
				"down": {"uv": [0, 0, 4, 1], "texture": "#1_0", "rotation": 90}
			}
		},
		{
			"from": [0.52, 11.36, 13.04],
			"to": [2.5, 13.04, 15.56],
			"faces": {
				"north": {"uv": [0, 0, 1, 2], "texture": "#1_0", "rotation": 180},
				"east": {"uv": [4, 5, 7, 7], "texture": "#1_0", "rotation": 180},
				"south": {"uv": [6, 6, 8, 8], "texture": "#1_0", "rotation": 180},
				"west": {"uv": [11, 7, 14, 9], "texture": "#1_0", "rotation": 180},
				"up": {"uv": [5, 6, 9, 8], "texture": "#1_0", "rotation": 270},
				"down": {"uv": [0, 0, 4, 1], "texture": "#1_0", "rotation": 90}
			}
		},
		{
			"from": [0.52, 4.64, 13.88],
			"to": [2.5, 11.36, 15.56],
			"faces": {
				"north": {"uv": [0, 0, 1, 2], "texture": "#1_0", "rotation": 180},
				"east": {"uv": [6, 6, 8, 14], "texture": "#1_0", "rotation": 180},
				"south": {"uv": [6, 3, 8, 11], "texture": "#1_0", "rotation": 180},
				"west": {"uv": [5, 3, 7, 11], "texture": "#1_0", "rotation": 180},
				"up": {"uv": [0, 0, 4, 1], "texture": "#1_0", "rotation": 270},
				"down": {"uv": [0, 0, 2, 1], "texture": "#1_0", "rotation": 90}
			}
		},
		{
			"from": [0.52, 13.04, 11.36],
			"to": [2.5, 15.56, 13.04],
			"faces": {
				"north": {"uv": [0, 0, 4, 1], "texture": "#1_0", "rotation": 90},
				"east": {"uv": [3, 2, 6, 4], "texture": "#1_0", "rotation": 270},
				"south": {"uv": [5, 5, 7, 8], "texture": "#1_0"},
				"west": {"uv": [7, 3, 10, 5], "texture": "#1_0", "rotation": 90},
				"up": {"uv": [5, 5, 7, 7], "texture": "#1_0", "rotation": 180},
				"down": {"uv": [0, 0, 1, 2], "texture": "#1_0"}
			}
		},
		{
			"from": [0.52, 13.04, 1.28],
			"to": [2.5, 14.72, 2.96],
			"faces": {
				"north": {"uv": [6, 5, 8, 7], "texture": "#1_0"},
				"east": {"uv": [4, 5, 6, 7], "texture": "#1_0", "rotation": 270},
				"south": {"uv": [0, 0, 4, 1], "texture": "#1_0", "rotation": 90},
				"west": {"uv": [0, 0, 2, 2], "texture": "#1_0", "rotation": 90},
				"up": {"uv": [0, 0, 2, 2], "texture": "#1_0", "rotation": 180},
				"down": {"uv": [0, 0, 1, 2], "texture": "#1_0"}
			}
		},
		{
			"from": [0.52, 13.04, 2.96],
			"to": [2.5, 15.56, 4.64],
			"faces": {
				"north": {"uv": [7, 5, 9, 8], "texture": "#1_0"},
				"east": {"uv": [4, 5, 7, 7], "texture": "#1_0", "rotation": 270},
				"south": {"uv": [0, 0, 4, 1], "texture": "#1_0", "rotation": 90},
				"west": {"uv": [11, 7, 14, 9], "texture": "#1_0", "rotation": 90},
				"up": {"uv": [0, 0, 1, 2], "texture": "#1_0", "rotation": 180},
				"down": {"uv": [0, 0, 1, 2], "texture": "#1_0"}
			}
		},
		{
			"from": [0.52, 13.88, 4.64],
			"to": [2.5, 15.56, 11.36],
			"faces": {
				"north": {"uv": [0, 0, 4, 1], "texture": "#1_0", "rotation": 90},
				"east": {"uv": [6, 6, 8, 14], "texture": "#1_0", "rotation": 270},
				"south": {"uv": [0, 0, 2, 1], "texture": "#1_0", "rotation": 90},
				"west": {"uv": [5, 3, 7, 11], "texture": "#1_0", "rotation": 90},
				"up": {"uv": [5, 5, 7, 13], "texture": "#1_0", "rotation": 180},
				"down": {"uv": [0, 0, 1, 2], "texture": "#1_0"}
			}
		},
		{
			"from": [3.52, 1.28, 1.28],
			"to": [5.5, 2.96, 2.96],
			"faces": {
				"north": {"uv": [7, 5, 9, 7], "texture": "#1_0"},
				"east": {"uv": [4, 5, 6, 7], "texture": "#1_0"},
				"south": {"uv": [0, 0, 1, 2], "texture": "#1_0"},
				"west": {"uv": [0, 0, 2, 2], "texture": "#1_0"},
				"up": {"uv": [0, 0, 4, 1], "texture": "#1_0", "rotation": 90},
				"down": {"uv": [7, 7, 9, 9], "texture": "#1_0", "rotation": 180}
			}
		},
		{
			"from": [3.52, 2.96, 0.44],
			"to": [5.5, 4.64, 2.96],
			"faces": {
				"north": {"uv": [5, 6, 6, 8], "texture": "#1_0"},
				"east": {"uv": [4, 5, 7, 7], "texture": "#1_0"},
				"south": {"uv": [0, 0, 1, 2], "texture": "#1_0"},
				"west": {"uv": [11, 7, 14, 9], "texture": "#1_0"},
				"up": {"uv": [0, 0, 4, 1], "texture": "#1_0", "rotation": 90},
				"down": {"uv": [4, 5, 8, 7], "texture": "#1_0", "rotation": 270}
			}
		},
		{
			"from": [3.52, 4.64, 0.44],
			"to": [5.5, 11.36, 2.12],
			"faces": {
				"north": {"uv": [5, 5, 7, 13], "texture": "#1_0"},
				"east": {"uv": [6, 6, 8, 14], "texture": "#1_0"},
				"south": {"uv": [0, 0, 1, 2], "texture": "#1_0"},
				"west": {"uv": [5, 3, 7, 11], "texture": "#1_0"},
				"up": {"uv": [0, 0, 2, 1], "texture": "#1_0", "rotation": 90},
				"down": {"uv": [0, 0, 4, 1], "texture": "#1_0", "rotation": 270}
			}
		},
		{
			"from": [3.52, 11.36, 0.44],
			"to": [5.5, 13.04, 2.96],
			"faces": {
				"north": {"uv": [5, 5, 7, 7], "texture": "#1_0"},
				"east": {"uv": [3, 2, 6, 4], "texture": "#1_0"},
				"south": {"uv": [0, 0, 1, 2], "texture": "#1_0"},
				"west": {"uv": [7, 3, 10, 5], "texture": "#1_0"},
				"up": {"uv": [5, 5, 8, 7], "texture": "#1_0", "rotation": 90},
				"down": {"uv": [0, 0, 4, 1], "texture": "#1_0", "rotation": 270}
			}
		},
		{
			"from": [3.52, 0.44, 2.96],
			"to": [5.5, 2.96, 4.64],
			"faces": {
				"north": {"uv": [5, 5, 8, 7], "texture": "#1_0", "rotation": 270},
				"east": {"uv": [3, 2, 6, 4], "texture": "#1_0", "rotation": 90},
				"south": {"uv": [0, 0, 4, 1], "texture": "#1_0", "rotation": 270},
				"west": {"uv": [7, 3, 10, 5], "texture": "#1_0", "rotation": 270},
				"up": {"uv": [0, 0, 1, 2], "texture": "#1_0"},
				"down": {"uv": [5, 5, 6, 7], "texture": "#1_0", "rotation": 180}
			}
		},
		{
			"from": [3.52, 1.28, 13.04],
			"to": [5.5, 2.96, 14.72],
			"faces": {
				"north": {"uv": [0, 0, 4, 1], "texture": "#1_0", "rotation": 270},
				"east": {"uv": [4, 5, 6, 7], "texture": "#1_0", "rotation": 90},
				"south": {"uv": [9, 7, 11, 9], "texture": "#1_0", "rotation": 270},
				"west": {"uv": [12, 9, 14, 11], "texture": "#1_0", "rotation": 270},
				"up": {"uv": [0, 0, 1, 2], "texture": "#1_0"},
				"down": {"uv": [8, 5, 10, 7], "texture": "#1_0", "rotation": 180}
			}
		},
		{
			"from": [3.52, 0.44, 11.36],
			"to": [5.5, 2.96, 13.04],
			"faces": {
				"north": {"uv": [0, 0, 4, 1], "texture": "#1_0", "rotation": 270},
				"east": {"uv": [4, 5, 7, 7], "texture": "#1_0", "rotation": 90},
				"south": {"uv": [0, 0, 4, 2], "texture": "#1_0", "rotation": 270},
				"west": {"uv": [11, 7, 14, 9], "texture": "#1_0", "rotation": 270},
				"up": {"uv": [0, 0, 1, 2], "texture": "#1_0"},
				"down": {"uv": [0, 0, 2, 2], "texture": "#1_0", "rotation": 180}
			}
		},
		{
			"from": [3.52, 0.44, 4.64],
			"to": [5.5, 2.12, 11.36],
			"faces": {
				"north": {"uv": [0, 0, 2, 1], "texture": "#1_0", "rotation": 270},
				"east": {"uv": [6, 6, 8, 14], "texture": "#1_0", "rotation": 90},
				"south": {"uv": [0, 0, 4, 1], "texture": "#1_0", "rotation": 270},
				"west": {"uv": [5, 3, 7, 11], "texture": "#1_0", "rotation": 270},
				"up": {"uv": [0, 0, 1, 2], "texture": "#1_0"},
				"down": {"uv": [5, 5, 7, 13], "texture": "#1_0", "rotation": 180}
			}
		},
		{
			"from": [3.52, 2.96, 13.04],
			"to": [5.5, 4.64, 15.56],
			"faces": {
				"north": {"uv": [0, 0, 1, 2], "texture": "#1_0", "rotation": 180},
				"east": {"uv": [3, 2, 6, 4], "texture": "#1_0", "rotation": 180},
				"south": {"uv": [5, 5, 7, 7], "texture": "#1_0", "rotation": 180},
				"west": {"uv": [7, 3, 10, 5], "texture": "#1_0", "rotation": 180},
				"up": {"uv": [0, 0, 4, 1], "texture": "#1_0", "rotation": 270},
				"down": {"uv": [5, 5, 8, 7], "texture": "#1_0", "rotation": 90}
			}
		},
		{
			"from": [3.52, 13.04, 13.04],
			"to": [5.5, 14.72, 14.72],
			"faces": {
				"north": {"uv": [0, 0, 1, 2], "texture": "#1_0", "rotation": 180},
				"east": {"uv": [4, 5, 6, 7], "texture": "#1_0", "rotation": 180},
				"south": {"uv": [5, 6, 7, 8], "texture": "#1_0", "rotation": 180},
				"west": {"uv": [0, 0, 2, 2], "texture": "#1_0", "rotation": 180},
				"up": {"uv": [10, 8, 12, 10], "texture": "#1_0", "rotation": 180},
				"down": {"uv": [0, 0, 4, 1], "texture": "#1_0", "rotation": 90}
			}
		},
		{
			"from": [3.52, 11.36, 13.04],
			"to": [5.5, 13.04, 15.56],
			"faces": {
				"north": {"uv": [0, 0, 1, 2], "texture": "#1_0", "rotation": 180},
				"east": {"uv": [4, 5, 7, 7], "texture": "#1_0", "rotation": 180},
				"south": {"uv": [6, 6, 8, 8], "texture": "#1_0", "rotation": 180},
				"west": {"uv": [11, 7, 14, 9], "texture": "#1_0", "rotation": 180},
				"up": {"uv": [5, 6, 9, 8], "texture": "#1_0", "rotation": 270},
				"down": {"uv": [0, 0, 4, 1], "texture": "#1_0", "rotation": 90}
			}
		},
		{
			"from": [3.52, 4.64, 13.88],
			"to": [5.5, 11.36, 15.56],
			"faces": {
				"north": {"uv": [0, 0, 1, 2], "texture": "#1_0", "rotation": 180},
				"east": {"uv": [6, 6, 8, 14], "texture": "#1_0", "rotation": 180},
				"south": {"uv": [6, 3, 8, 11], "texture": "#1_0", "rotation": 180},
				"west": {"uv": [5, 3, 7, 11], "texture": "#1_0", "rotation": 180},
				"up": {"uv": [0, 0, 4, 1], "texture": "#1_0", "rotation": 270},
				"down": {"uv": [0, 0, 2, 1], "texture": "#1_0", "rotation": 90}
			}
		},
		{
			"from": [3.52, 13.04, 11.36],
			"to": [5.5, 15.56, 13.04],
			"faces": {
				"north": {"uv": [0, 0, 4, 1], "texture": "#1_0", "rotation": 90},
				"east": {"uv": [3, 2, 6, 4], "texture": "#1_0", "rotation": 270},
				"south": {"uv": [5, 5, 7, 8], "texture": "#1_0"},
				"west": {"uv": [7, 3, 10, 5], "texture": "#1_0", "rotation": 90},
				"up": {"uv": [5, 5, 7, 7], "texture": "#1_0", "rotation": 180},
				"down": {"uv": [0, 0, 1, 2], "texture": "#1_0"}
			}
		},
		{
			"from": [3.52, 13.04, 1.28],
			"to": [5.5, 14.72, 2.96],
			"faces": {
				"north": {"uv": [6, 5, 8, 7], "texture": "#1_0"},
				"east": {"uv": [4, 5, 6, 7], "texture": "#1_0", "rotation": 270},
				"south": {"uv": [0, 0, 4, 1], "texture": "#1_0", "rotation": 90},
				"west": {"uv": [0, 0, 2, 2], "texture": "#1_0", "rotation": 90},
				"up": {"uv": [0, 0, 2, 2], "texture": "#1_0", "rotation": 180},
				"down": {"uv": [0, 0, 1, 2], "texture": "#1_0"}
			}
		},
		{
			"from": [3.52, 13.04, 2.96],
			"to": [5.5, 15.56, 4.64],
			"faces": {
				"north": {"uv": [7, 5, 9, 8], "texture": "#1_0"},
				"east": {"uv": [4, 5, 7, 7], "texture": "#1_0", "rotation": 270},
				"south": {"uv": [0, 0, 4, 1], "texture": "#1_0", "rotation": 90},
				"west": {"uv": [11, 7, 14, 9], "texture": "#1_0", "rotation": 90},
				"up": {"uv": [0, 0, 1, 2], "texture": "#1_0", "rotation": 180},
				"down": {"uv": [0, 0, 1, 2], "texture": "#1_0"}
			}
		},
		{
			"from": [3.52, 13.88, 4.64],
			"to": [5.5, 15.56, 11.36],
			"faces": {
				"north": {"uv": [0, 0, 4, 1], "texture": "#1_0", "rotation": 90},
				"east": {"uv": [6, 6, 8, 14], "texture": "#1_0", "rotation": 270},
				"south": {"uv": [0, 0, 2, 1], "texture": "#1_0", "rotation": 90},
				"west": {"uv": [5, 3, 7, 11], "texture": "#1_0", "rotation": 90},
				"up": {"uv": [5, 5, 7, 13], "texture": "#1_0", "rotation": 180},
				"down": {"uv": [0, 0, 1, 2], "texture": "#1_0"}
			}
		}
	],
	"groups": [0, 1, 2, 3, 4, 5, 6, 7, 8,
		{
			"name": "jungle_stairs",
			"isOpen": true,
			"shade": true,
			"display": {
				"visibility": true,
				"autouv": false
			},
			"children": [9, 10, 11, 12, 13, 14, 15, 16, 17, 18, 19, 20, 21, 22, 23, 24, 25, 26, 27, 28, 29, 30, 31, 32, 33, 34, 35, 36, 37, 38, 39, 40]
		}
	]
}