{
	"parent": "block/block",
	"textures": {
		"0": "_custom/shirt",
		"1": "_custom/steel",
		"particle": "_custom/shirt"
	},
	"elements": [
		{
			"from": [9.99272, 0, 2.34056],
			"to": [14.99272, 1.01, 3.34056],
			"rotation": {"angle": -45, "axis": "y", "origin": [14.99272, 0.5, 2.84056]},
			"faces": {
				"north": {"uv": [5, 4.5, 9.5, 5.5], "texture": "#0"},
				"east": {"uv": [0, 0, 4.5, 1], "texture": "#0"},
				"south": {"uv": [1.5, 1.5, 6, 2.5], "texture": "#0"},
				"west": {"uv": [0, 0, 4.5, 1], "texture": "#0"},
				"up": {"uv": [3.5, 1.5, 8, 2.5], "texture": "#0"},
				"down": {"uv": [3.5, 11.5, 8, 12.5], "texture": "#0"}
			}
		},
		{
			"from": [2, 0, -3],
			"to": [12, 1, -2],
			"rotation": {"angle": -22.5, "axis": "y", "origin": [7, 0.5, -2.5]},
			"faces": {
				"north": {"uv": [3, 5.5, 13, 6.5], "texture": "#0"},
				"east": {"uv": [0, 0, 10, 1], "texture": "#0"},
				"south": {"uv": [2, 10, 12, 11], "texture": "#0"},
				"west": {"uv": [0, 0, 10, 1], "texture": "#0"},
				"up": {"uv": [0, 0, 10, 1], "texture": "#0"},
				"down": {"uv": [0, 0, 10, 1], "texture": "#0"}
			}
		},
		{
			"from": [16.29775, 0, 2.29775],
			"to": [17.29775, 1, 7.29775],
			"rotation": {"angle": 22.5, "axis": "y", "origin": [16.79775, 0.5, 7.29775]},
			"faces": {
				"north": {"uv": [0, 0, 4.5, 1], "texture": "#0"},
				"east": {"uv": [11, 11, 15.5, 12], "texture": "#0"},
				"south": {"uv": [0, 0, 4.5, 1], "texture": "#0"},
				"west": {"uv": [1, 15, 5.5, 16], "texture": "#0", "rotation": 180},
				"up": {"uv": [9.5, 10, 14, 11], "texture": "#0", "rotation": 90},
				"down": {"uv": [7.5, 14, 12, 15], "texture": "#0", "rotation": 270}
			}
		},
		{
			"from": [16.25969, 0, 7.10641],
			"to": [17.25969, 1.01, 14.10641],
			"rotation": {"angle": 0, "axis": "y", "origin": [16.75969, 0.5, 12.10641]},
			"faces": {
				"north": {"uv": [3, 8.5, 9.5, 9.5], "texture": "#0", "rotation": 90},
				"east": {"uv": [5, 9.5, 11.5, 10.5], "texture": "#0"},
				"south": {"uv": [3, 8.5, 9.5, 9.5], "texture": "#0", "rotation": 90},
				"west": {"uv": [9.5, 12, 16, 13], "texture": "#0"},
				"up": {"uv": [9.5, 13, 16, 14], "texture": "#0", "rotation": 90},
				"down": {"uv": [3, 8.5, 9.5, 9.5], "texture": "#0", "rotation": 90}
			}
		},
		{
			"from": [15.91507, 0, 13.83895],
			"to": [16.91507, 1, 17.83895],
			"rotation": {"angle": -22.5, "axis": "y", "origin": [16.41507, 0.5, 14.83895]},
			"faces": {
				"north": {"uv": [8, 10, 12.5, 11], "texture": "#0", "rotation": 90},
				"east": {"uv": [7, 10, 11.5, 11], "texture": "#0"},
				"south": {"uv": [8, 10, 12.5, 11], "texture": "#0", "rotation": 90},
				"west": {"uv": [9.5, 2, 14, 3], "texture": "#0"},
				"up": {"uv": [7.5, 10.5, 12, 11.5], "texture": "#0", "rotation": 90},
				"down": {"uv": [1, 9.5, 5.5, 10.5], "texture": "#0", "rotation": 90}
			}
		},
		{
			"from": [14.1683, 0, 17.15548],
			"to": [15.1683, 1, 20.15548],
			"rotation": {"angle": -45, "axis": "y", "origin": [14.6683, 0.5, 18.15548]},
			"faces": {
				"north": {"uv": [8, 10, 12.5, 11], "texture": "#0", "rotation": 90},
				"east": {"uv": [9, 10.5, 11.5, 11.5], "texture": "#0"},
				"south": {"uv": [8, 10, 12.5, 11], "texture": "#0", "rotation": 90},
				"west": {"uv": [9.5, 10, 12, 11], "texture": "#0"},
				"up": {"uv": [9.5, 10, 12, 11], "texture": "#0", "rotation": 90},
				"down": {"uv": [8, 10, 12.5, 11], "texture": "#0", "rotation": 90}
			}
		},
		{
			"from": [9.7969, 0, 20.87472],
			"to": [13.7969, 1, 21.87472],
			"rotation": {"angle": 22.5, "axis": "y", "origin": [8.7969, 0.5, 21.37472]},
			"faces": {
				"north": {"uv": [7.5, 11.5, 11.5, 12.5], "texture": "#0"},
				"east": {"uv": [0, 0, 4, 1], "texture": "#0"},
				"south": {"uv": [3.5, 5.5, 7.5, 6.5], "texture": "#0"},
				"west": {"uv": [0, 0, 4, 1], "texture": "#0"},
				"up": {"uv": [9.5, 4, 13.5, 5], "texture": "#0"},
				"down": {"uv": [7.5, 11, 11.5, 12], "texture": "#0"}
			}
		},
		{
			"from": [7.91212, 0, 20.45398],
			"to": [9.91212, 1, 21.45398],
			"rotation": {"angle": 0, "axis": "y", "origin": [4.91212, 0.5, 20.95398]},
			"faces": {
				"north": {"uv": [11.5, 6, 14, 7], "texture": "#0"},
				"east": {"uv": [0, 0, 4, 1], "texture": "#0"},
				"south": {"uv": [5, 11.5, 7.5, 12.5], "texture": "#0"},
				"west": {"uv": [0, 0, 4, 1], "texture": "#0"},
				"up": {"uv": [1, 1, 3.5, 2], "texture": "#0"},
				"down": {"uv": [9, 6, 11.5, 7], "texture": "#0"}
			}
		},
		{
			"from": [5.48406, 0, 18.57862],
			"to": [8.48406, 1, 19.57862],
			"rotation": {"angle": -22.5, "axis": "y", "origin": [3.48406, 0.5, 19.07862]},
			"faces": {
				"north": {"uv": [9.5, 10, 13.5, 11], "texture": "#0"},
				"east": {"uv": [0, 0, 4, 1], "texture": "#0"},
				"south": {"uv": [3.5, 2, 7.5, 3], "texture": "#0"},
				"west": {"uv": [0, 0, 4, 1], "texture": "#0"},
				"up": {"uv": [7.5, 9, 11.5, 10], "texture": "#0"},
				"down": {"uv": [5.5, 9.5, 9.5, 10.5], "texture": "#0"}
			}
		},
		{
			"from": [3.9585, 0, 15.91684],
			"to": [6.9585, 1, 16.91684],
			"rotation": {"angle": -45, "axis": "y", "origin": [1.9585, 0.5, 16.41684]},
			"faces": {
				"north": {"uv": [7, 10.5, 11, 11.5], "texture": "#0"},
				"east": {"uv": [0, 0, 4, 1], "texture": "#0"},
				"south": {"uv": [0, 0, 4, 1], "texture": "#0"},
				"west": {"uv": [0, 0, 4, 1], "texture": "#0"},
				"up": {"uv": [0, 0, 4, 1], "texture": "#0"},
				"down": {"uv": [0, 0, 4, 1], "texture": "#0"}
			}
		},
		{
			"from": [2.21573, 0, 14.52819],
			"to": [3.21573, 1, 16.52819],
			"rotation": {"angle": -22.5, "axis": "y", "origin": [2.71573, 0.5, 16.52819]},
			"faces": {
				"north": {"uv": [0, 0, 4.5, 1], "texture": "#0"},
				"east": {"uv": [12, 15, 14, 16], "texture": "#0"},
				"south": {"uv": [0, 0, 4.5, 1], "texture": "#0"},
				"west": {"uv": [4, 5.5, 6, 6.5], "texture": "#0", "rotation": 180},
				"up": {"uv": [9, 6.5, 11, 7.5], "texture": "#0", "rotation": 90},
				"down": {"uv": [9, 9.5, 11, 10.5], "texture": "#0", "rotation": 270}
			}
		},
		{
			"from": [2.9811, 0, 15.99327],
			"to": [3.9811, 1.01, 17.99327],
			"rotation": {"angle": 22.5, "axis": "y", "origin": [3.4811, 0.5, 17.99327]},
			"faces": {
				"north": {"uv": [5, 4, 6.5, 5.5], "texture": "#0", "rotation": 90},
				"east": {"uv": [4.5, 4, 6.5, 5.5], "texture": "#0", "rotation": 180},
				"south": {"uv": [5, 4, 6.5, 5.5], "texture": "#0", "rotation": 90},
				"west": {"uv": [4.5, 4, 6.5, 5.5], "texture": "#0"},
				"up": {"uv": [4.5, 4, 6.5, 5.5], "texture": "#0", "rotation": 90},
				"down": {"uv": [4.5, 4, 6.5, 5.5], "texture": "#0", "rotation": 270}
			}
		},
		{
			"from": [2.87271, 0, 12.84265],
			"to": [3.87271, 1, 14.84265],
			"rotation": {"angle": -45, "axis": "y", "origin": [3.37271, 0.5, 14.84265]},
			"faces": {
				"north": {"uv": [0, 0, 4.5, 1], "texture": "#0"},
				"east": {"uv": [1.5, 0.5, 4, 2], "texture": "#0"},
				"south": {"uv": [0, 0, 4.5, 1], "texture": "#0"},
				"west": {"uv": [3.5, 2.5, 6, 3.5], "texture": "#0", "rotation": 180},
				"up": {"uv": [5, 7, 7.5, 8], "texture": "#0", "rotation": 90},
				"down": {"uv": [3, 3.5, 5.5, 4.5], "texture": "#0", "rotation": 270}
			}
		},
		{
			"from": [4.43337, 0, 13.07488],
			"to": [6.43337, 1.01, 14.07488],
			"rotation": {"angle": 0, "axis": "y", "origin": [2.43337, 0.5, 13.57488]},
			"faces": {
				"north": {"uv": [1.5, 2, 4, 3], "texture": "#0"},
				"east": {"uv": [0, 0, 4, 1], "texture": "#0"},
				"south": {"uv": [7, 9.5, 9.5, 10.5], "texture": "#0"},
				"west": {"uv": [0, 0, 4, 1], "texture": "#0"},
				"up": {"uv": [5, 12, 7.5, 13], "texture": "#0"},
				"down": {"uv": [11, 8.5, 13.5, 9.5], "texture": "#0"}
			}
		},
		{
			"from": [4.61535, 0, 16.46397],
			"to": [6.61535, 1, 17.46397],
			"rotation": {"angle": -45, "axis": "y", "origin": [9.61535, 0.5, 16.96397]},
			"faces": {
				"north": {"uv": [9, 7.5, 12, 8.5], "texture": "#0"},
				"east": {"uv": [0, 0, 4.5, 1], "texture": "#0"},
				"south": {"uv": [11, 11, 14, 12], "texture": "#0"},
				"west": {"uv": [0, 0, 4.5, 1], "texture": "#0"},
				"up": {"uv": [9, 7, 12, 8], "texture": "#0"},
				"down": {"uv": [5, 4, 8, 5], "texture": "#0"}
			}
		},
		{
			"from": [7.65101, 0, 14.52819],
			"to": [8.65101, 1, 16.52819],
			"rotation": {"angle": 22.5, "axis": "y", "origin": [8.15101, 0.5, 16.52819]},
			"faces": {
				"north": {"uv": [0, 0, 4.5, 1], "texture": "#0"},
				"east": {"uv": [3, 4, 5.5, 5], "texture": "#0"},
				"south": {"uv": [0, 0, 4.5, 1], "texture": "#0"},
				"west": {"uv": [13, 13.5, 15.5, 14.5], "texture": "#0", "rotation": 180},
				"up": {"uv": [1.5, 0.5, 4, 1.5], "texture": "#0", "rotation": 90},
				"down": {"uv": [5.5, 10.5, 8, 11.5], "texture": "#0", "rotation": 270}
			}
		},
		{
			"from": [7.61295, 0.24462, 16.06939],
			"to": [8.61295, 1.24462, 19.06939],
			"rotation": {"angle": -22.5, "axis": "x", "origin": [8.11295, 0.84462, 17.06939]},
			"faces": {
				"north": {"uv": [9, 10, 10, 11], "texture": "#0", "rotation": 90},
				"east": {"uv": [8, 11, 12, 12], "texture": "#0"},
				"south": {"uv": [8, 10, 9, 11], "texture": "#0", "rotation": 90},
				"west": {"uv": [11, 13.5, 15, 14.5], "texture": "#0"},
				"up": {"uv": [9, 8.5, 13, 9.5], "texture": "#0", "rotation": 90},
				"down": {"uv": [8, 10, 12.5, 11], "texture": "#0", "rotation": 90}
			}
		},
		{
			"from": [7.05229, 0.89805, 18.46204],
			"to": [8.05229, 1.90805, 21.46204],
			"rotation": {"angle": -45, "axis": "y", "origin": [7.55229, 1.64805, 19.46204]},
			"faces": {
				"north": {"uv": [12, 10, 13, 11], "texture": "#0", "rotation": 90},
				"east": {"uv": [7, 9.5, 11, 10.5], "texture": "#0"},
				"south": {"uv": [8, 10, 12.5, 11], "texture": "#0", "rotation": 90},
				"west": {"uv": [10, 2.5, 14, 3.5], "texture": "#0"},
				"up": {"uv": [8, 10, 12, 11], "texture": "#0", "rotation": 90},
				"down": {"uv": [11, 13, 15, 14], "texture": "#0", "rotation": 90}
			}
		},
		{
			"from": [5.68089, 0.89805, 22.18129],
			"to": [6.68089, 1.89805, 23.18129],
			"rotation": {"angle": 22.5, "axis": "y", "origin": [1.68089, 1.39805, 22.68129]},
			"faces": {
				"north": {"uv": [3.5, 3.5, 5, 4.5], "texture": "#0"},
				"east": {"uv": [0, 0, 4, 1], "texture": "#0"},
				"south": {"uv": [6.5, 5.5, 8, 6.5], "texture": "#0"},
				"west": {"uv": [0, 0, 1, 1], "texture": "#0"},
				"up": {"uv": [10, 10.5, 11.5, 11.5], "texture": "#0"},
				"down": {"uv": [4, 5.5, 5.5, 6.5], "texture": "#0"}
			}
		},
		{
			"from": [3.8897, -0.97731, 20.61249],
			"to": [6.1397, 0.02269, 21.61249],
			"rotation": {"angle": 22.5, "axis": "z", "origin": [1.1397, -0.47731, 21.11249]},
			"faces": {
				"north": {"uv": [0, 1.5, 3.5, 2.5], "texture": "#0"},
				"east": {"uv": [0, 0, 1, 1], "texture": "#0"},
				"south": {"uv": [1.5, 0, 5, 1], "texture": "#0"},
				"west": {"uv": [0, 0, 4, 1], "texture": "#0"},
				"up": {"uv": [0, 0, 3.5, 1], "texture": "#0", "rotation": 180},
				"down": {"uv": [9.5, 12.5, 13, 13.5], "texture": "#0"}
			}
		},
		{
			"name": "hexadecagon",
			"from": [3.00272, 0, 20.5],
			"to": [3.99728, 1.01, 21.5],
			"rotation": {"angle": 0, "axis": "y", "origin": [3.5, 2, 23]},
			"faces": {
				"north": {"uv": [1, 0, 1.99427, 1], "texture": "#0"},
				"east": {"uv": [1, 0, 1.99427, 1], "texture": "#0"},
				"south": {"uv": [1, 0, 1.99427, 1], "texture": "#0"},
				"west": {"uv": [1, 0, 1.99427, 1], "texture": "#0"},
				"up": {"uv": [1, 0, 1.99427, 1], "texture": "#0"},
				"down": {"uv": [1, 0, 1.99427, 1], "texture": "#0"}
			}
		},
		{
			"name": "hexadecagon",
			"from": [3.00272, 0, 20.5],
			"to": [3.99728, 1, 21.5],
			"rotation": {"angle": 22.5, "axis": "y", "origin": [3.5, 2, 23]},
			"faces": {
				"north": {"uv": [0, 0, 0.99456, 1], "texture": "#0"},
				"east": {"uv": [0, 0, 0.99456, 1], "texture": "#0"},
				"south": {"uv": [0, 0, 0.99456, 1], "texture": "#0"},
				"west": {"uv": [0, 0, 0.99456, 1], "texture": "#0"},
				"up": {"uv": [0, 0, 0.99456, 1], "texture": "#0"},
				"down": {"uv": [0, 0, 0.99456, 1], "texture": "#0"}
			}
		},
		{
			"name": "hexadecagon",
			"from": [3.00272, 0, 20.5],
			"to": [3.99728, 1.01, 21.5],
			"rotation": {"angle": 45, "axis": "y", "origin": [3.5, 2, 23]},
			"faces": {
				"north": {"uv": [1, 0, 1.99427, 1], "texture": "#0"},
				"east": {"uv": [1, 0, 1.99427, 1], "texture": "#0"},
				"south": {"uv": [1, 0, 1.99427, 1], "texture": "#0"},
				"west": {"uv": [1, 0, 1.99427, 1], "texture": "#0"},
				"up": {"uv": [1, 0, 1.99427, 1], "texture": "#0"},
				"down": {"uv": [1, 0, 1.99427, 1], "texture": "#0"}
			}
		},
		{
			"name": "hexadecagon",
			"from": [3.00272, 0, 24.5],
			"to": [3.99728, 1.01, 25.5],
			"rotation": {"angle": -45, "axis": "y", "origin": [3.5, 2, 23]},
			"faces": {
				"north": {"uv": [11, 7.5, 11.99427, 8.5], "texture": "#0"},
				"east": {"uv": [11, 7.5, 11.99427, 8.5], "texture": "#0"},
				"south": {"uv": [11, 7.5, 11.99427, 8.5], "texture": "#0"},
				"west": {"uv": [11, 7.5, 11.99427, 8.5], "texture": "#0"},
				"up": {"uv": [11, 7.5, 11.99427, 8.5], "texture": "#0"},
				"down": {"uv": [11, 7.5, 11.99427, 8.5], "texture": "#0"}
			}
		},
		{
			"name": "hexadecagon",
			"from": [3.00272, 0, 24.5],
			"to": [3.99728, 1, 25.5],
			"rotation": {"angle": -22.5, "axis": "y", "origin": [3.5, 2, 23]},
			"faces": {
				"north": {"uv": [0, 0, 0.99456, 1], "texture": "#0"},
				"east": {"uv": [0, 0, 0.99456, 1], "texture": "#0"},
				"south": {"uv": [0, 0, 0.99456, 1], "texture": "#0"},
				"west": {"uv": [0, 0, 0.99456, 1], "texture": "#0"},
				"up": {"uv": [0, 0, 0.99456, 1], "texture": "#0"},
				"down": {"uv": [0, 0, 0.99456, 1], "texture": "#0"}
			}
		},
		{
			"name": "hexadecagon",
			"from": [3.00272, 0, 24.5],
			"to": [3.99728, 1.01, 25.5],
			"rotation": {"angle": 0, "axis": "y", "origin": [3.5, 2, 23]},
			"faces": {
				"north": {"uv": [1, 0, 1.99427, 1], "texture": "#0"},
				"east": {"uv": [1, 0, 1.99427, 1], "texture": "#0"},
				"south": {"uv": [1, 0, 1.99427, 1], "texture": "#0"},
				"west": {"uv": [1, 0, 1.99427, 1], "texture": "#0"},
				"up": {"uv": [1, 0, 1.99427, 1], "texture": "#0"},
				"down": {"uv": [1, 0, 1.99427, 1], "texture": "#0"}
			}
		},
		{
			"name": "hexadecagon",
			"from": [3.00272, 0, 24.5],
			"to": [3.99728, 1, 25.5],
			"rotation": {"angle": 22.5, "axis": "y", "origin": [3.5, 2, 23]},
			"faces": {
				"north": {"uv": [0, 0, 0.99456, 1], "texture": "#0"},
				"east": {"uv": [0, 0, 0.99456, 1], "texture": "#0"},
				"south": {"uv": [0, 0, 0.99456, 1], "texture": "#0"},
				"west": {"uv": [0, 0, 0.99456, 1], "texture": "#0"},
				"up": {"uv": [0, 0, 0.99456, 1], "texture": "#0"},
				"down": {"uv": [0, 0, 0.99456, 1], "texture": "#0"}
			}
		},
		{
			"name": "hexadecagon",
			"from": [1, 0, 22.50272],
			"to": [2, 1, 23.49728],
			"rotation": {"angle": -22.5, "axis": "y", "origin": [3.5, 2, 23]},
			"faces": {
				"north": {"uv": [0, 0, 1, 0.99456], "texture": "#0"},
				"east": {"uv": [0, 0, 1, 0.99456], "texture": "#0"},
				"south": {"uv": [0, 0, 1, 0.99456], "texture": "#0"},
				"west": {"uv": [0, 0, 1, 0.99456], "texture": "#0"},
				"up": {"uv": [0, 0, 1, 0.99456], "texture": "#0"},
				"down": {"uv": [0, 0, 1, 0.99456], "texture": "#0"}
			}
		},
		{
			"name": "hexadecagon",
			"from": [1, 0, 22.50272],
			"to": [2, 1.01, 23.49728],
			"rotation": {"angle": 0, "axis": "y", "origin": [3.5, 2, 23]},
			"faces": {
				"north": {"uv": [1, 5, 2, 5.99427], "texture": "#0"},
				"east": {"uv": [1, 5, 2, 5.99427], "texture": "#0"},
				"south": {"uv": [1, 5, 2, 5.99427], "texture": "#0"},
				"west": {"uv": [1, 5, 2, 5.99427], "texture": "#0"},
				"up": {"uv": [1, 5, 2, 5.99427], "texture": "#0"},
				"down": {"uv": [1, 5, 2, 5.99427], "texture": "#0"}
			}
		},
		{
			"name": "hexadecagon",
			"from": [1, 0, 22.50272],
			"to": [2, 1, 23.49728],
			"rotation": {"angle": 22.5, "axis": "y", "origin": [3.5, 2, 23]},
			"faces": {
				"north": {"uv": [0, 0, 1, 0.99456], "texture": "#0"},
				"east": {"uv": [0, 0, 1, 0.99456], "texture": "#0"},
				"south": {"uv": [0, 0, 1, 0.99456], "texture": "#0"},
				"west": {"uv": [0, 0, 1, 0.99456], "texture": "#0"},
				"up": {"uv": [0, 0, 1, 0.99456], "texture": "#0"},
				"down": {"uv": [0, 0, 1, 0.99456], "texture": "#0"}
			}
		},
		{
			"from": [4.53345, 0, 24.19552],
			"to": [9.53345, 1.01, 25.19552],
			"rotation": {"angle": 0, "axis": "y", "origin": [1.53345, 0.5, 24.69552]},
			"faces": {
				"north": {"uv": [9, 7.5, 14, 8.5], "texture": "#0"},
				"east": {"uv": [0, 0, 4, 1], "texture": "#0"},
				"south": {"uv": [1, 4, 6, 5], "texture": "#0"},
				"west": {"uv": [0, 0, 4, 1], "texture": "#0"},
				"up": {"uv": [3, 4.5, 8, 5.5], "texture": "#0"},
				"down": {"uv": [7, 6.5, 12, 7.5], "texture": "#0"}
			}
		},
		{
			"from": [9.41823, 0, 24.61626],
			"to": [11.41823, 1.005, 25.61626],
			"rotation": {"angle": 22.5, "axis": "y", "origin": [8.41823, 0.5, 25.11626]},
			"faces": {
				"north": {"uv": [13.5, 12, 15.5, 13], "texture": "#0", "rotation": 180},
				"east": {"uv": [0, 0, 4, 1], "texture": "#0"},
				"south": {"uv": [5.5, 6.5, 7.5, 7.5], "texture": "#0"},
				"west": {"uv": [0, 0, 4, 1], "texture": "#0"},
				"up": {"uv": [1.5, 1.5, 3.5, 2.5], "texture": "#0"},
				"down": {"uv": [7.5, 9, 9.5, 10], "texture": "#0"}
			}
		},
		{
			"from": [11.56732, 0, 23.46717],
			"to": [12.56732, 1, 24.46717],
			"rotation": {"angle": -22.5, "axis": "y", "origin": [12.06732, 0.5, 21.46717]},
			"faces": {
				"north": {"uv": [9, 10, 10, 11], "texture": "#0", "rotation": 90},
				"east": {"uv": [9, 10, 10, 11], "texture": "#0"},
				"south": {"uv": [9, 10, 10, 11], "texture": "#0", "rotation": 90},
				"west": {"uv": [9, 10, 10, 11], "texture": "#0"},
				"up": {"uv": [9, 10, 10, 11], "texture": "#0", "rotation": 90},
				"down": {"uv": [9, 10, 10, 11], "texture": "#0", "rotation": 90}
			}
		},
		{
			"from": [10.76389, 0.7197, 21.13812],
			"to": [11.76389, 1.7197, 23.88812],
			"rotation": {"angle": 22.5, "axis": "x", "origin": [11.26389, 1.3197, 21.88812]},
			"faces": {
				"north": {"uv": [8, 10, 9, 11], "texture": "#0", "rotation": 90},
				"east": {"uv": [9.5, 10, 13, 11], "texture": "#0"},
				"south": {"uv": [11, 10, 12, 11], "texture": "#0", "rotation": 90},
				"west": {"uv": [10, 6.5, 13.5, 7.5], "texture": "#0"},
				"up": {"uv": [8, 10, 11.5, 11], "texture": "#0", "rotation": 90},
				"down": {"uv": [7.5, 5.5, 11, 6.5], "texture": "#0", "rotation": 90}
			}
		},
		{
			"from": [10.72583, 0.97626, 19.53963],
			"to": [11.72583, 1.97626, 21.53963],
			"rotation": {"angle": -22.5, "axis": "y", "origin": [11.22583, 1.47626, 21.53963]},
			"faces": {
				"north": {"uv": [0, 0, 1, 1], "texture": "#0"},
				"east": {"uv": [6, 13, 9, 14], "texture": "#0"},
				"south": {"uv": [0, 0, 1, 1], "texture": "#0"},
				"west": {"uv": [0, 0, 3, 1], "texture": "#0", "rotation": 180},
				"up": {"uv": [4, 3, 7, 4], "texture": "#0", "rotation": 90},
				"down": {"uv": [2, 14, 5, 15], "texture": "#0", "rotation": 270}
			}
		},
		{
			"from": [11.45314, 0.24134, 17.18852],
			"to": [12.45314, 1.24134, 20.18852],
			"rotation": {"angle": -22.5, "axis": "x", "origin": [11.95314, 0.84134, 18.18852]},
			"faces": {
				"north": {"uv": [8, 10, 9, 11], "texture": "#0", "rotation": 90},
				"east": {"uv": [5, 9, 9, 10], "texture": "#0"},
				"south": {"uv": [7, 10, 8, 11], "texture": "#0", "rotation": 90},
				"west": {"uv": [8, 10, 12, 11], "texture": "#0"},
				"up": {"uv": [8, 10, 12, 11], "texture": "#0", "rotation": 90},
				"down": {"uv": [7, 9, 11, 10], "texture": "#0", "rotation": 90}
			}
		},
		{
			"from": [12.56313, -0.09567, 11.91396],
			"to": [13.56313, 0.90433, 17.91396],
			"rotation": {"angle": -22.5, "axis": "y", "origin": [13.06313, 0.40433, 14.91396]},
			"faces": {
				"north": {"uv": [8, 10, 12.5, 11], "texture": "#0", "rotation": 90},
				"east": {"uv": [8.5, 5, 14, 6], "texture": "#0"},
				"south": {"uv": [8, 10, 9, 11], "texture": "#0", "rotation": 90},
				"west": {"uv": [7, 10, 12.5, 11], "texture": "#0"},
				"up": {"uv": [3, 5.5, 8.5, 6.5], "texture": "#0", "rotation": 90},
				"down": {"uv": [6.5, 8, 12, 9], "texture": "#0", "rotation": 90}
			}
		},
		{
			"from": [11.5, -0.25, 11],
			"to": [13, 1.25, 12],
			"rotation": {"angle": -22.5, "axis": "y", "origin": [12.25, 0.5, 17]},
			"faces": {
				"north": {"uv": [1, 0, 0, 1.5], "texture": "#1"},
				"east": {"uv": [1, 0, 0, 1.5], "texture": "#1"},
				"south": {"uv": [1, 0, 0, 1.5], "texture": "#1"},
				"west": {"uv": [1, 0, 0, 1.5], "texture": "#1"},
				"up": {"uv": [1, 0, 0, 1.5], "texture": "#1", "rotation": 90},
				"down": {"uv": [1, 0, 0, 1.5], "texture": "#1", "rotation": 270}
			}
		},
		{
			"from": [12, 0.25, 10],
			"to": [12.75, 0.75, 11],
			"rotation": {"angle": -22.5, "axis": "y", "origin": [12.25, 0.5, 17]},
			"faces": {
				"north": {"uv": [1, 3, 0, 4.5], "texture": "#1"},
				"east": {"uv": [1, 3, 0, 4.5], "texture": "#1"},
				"south": {"uv": [1, 3, 0, 4.5], "texture": "#1"},
				"west": {"uv": [1, 3, 0, 4.5], "texture": "#1"},
				"up": {"uv": [1, 3, 0, 4.5], "texture": "#1", "rotation": 90},
				"down": {"uv": [1, 3, 0, 4.5], "texture": "#1", "rotation": 270}
			}
		},
		{
			"from": [11.75, 0.25, 9],
			"to": [12.5, 0.75, 10],
			"rotation": {"angle": -22.5, "axis": "y", "origin": [12.25, 0.5, 17]},
			"faces": {
				"north": {"uv": [1, 3, 0, 3.5], "texture": "#1"},
				"east": {"uv": [1, 3, 0, 3.5], "texture": "#1"},
				"south": {"uv": [1, 3, 0, 3.5], "texture": "#1"},
				"west": {"uv": [1, 3, 0, 3.5], "texture": "#1"},
				"up": {"uv": [1, 3, 0, 3.5], "texture": "#1", "rotation": 90},
				"down": {"uv": [1, 3, 0, 3.5], "texture": "#1", "rotation": 270}
			}
		},
		{
			"from": [11.25, 0.25, 9],
			"to": [11.75, 0.75, 9.5],
			"rotation": {"angle": -22.5, "axis": "y", "origin": [12.25, 0.5, 17]},
			"faces": {
				"north": {"uv": [1, 2, 0, 3.5], "texture": "#1"},
				"east": {"uv": [1, 2, 0, 3.5], "texture": "#1"},
				"south": {"uv": [1, 2, 0, 3.5], "texture": "#1"},
				"west": {"uv": [1, 2, 0, 3.5], "texture": "#1"},
				"up": {"uv": [1, 2, 0, 3.5], "texture": "#1", "rotation": 90},
				"down": {"uv": [1, 2, 0, 3.5], "texture": "#1", "rotation": 270}
			}
		},
		{
			"from": [10.75, 0.25, 9.25],
			"to": [11.25, 0.75, 10.25],
			"rotation": {"angle": -22.5, "axis": "y", "origin": [12.25, 0.5, 17]},
			"faces": {
				"north": {"uv": [1, 0, 0, 0.5], "texture": "#1"},
				"east": {"uv": [1, 0, 0, 0.5], "texture": "#1"},
				"south": {"uv": [1, 0, 0, 0.5], "texture": "#1"},
				"west": {"uv": [1, 0, 0, 0.5], "texture": "#1"},
				"up": {"uv": [1, 0, 0, 0.5], "texture": "#1", "rotation": 90},
				"down": {"uv": [1, 0, 0, 0.5], "texture": "#1", "rotation": 270}
			}
		},
		{
			"from": [1, -0.25, -3.25],
			"to": [2, 1.25, -1.75],
			"rotation": {"angle": -22.5, "axis": "y", "origin": [7, 0.5, -2.5]},
			"faces": {
				"north": {"uv": [0, 0, 1, 1.5], "texture": "#1"},
				"east": {"uv": [0, 0, 1, 1.5], "texture": "#1"},
				"south": {"uv": [0, 0, 1, 1.5], "texture": "#1"},
				"west": {"uv": [0, 0, 1, 1.5], "texture": "#1"},
				"up": {"uv": [0, 0, 1, 1.5], "texture": "#1"},
				"down": {"uv": [0, 0, 1, 1.5], "texture": "#1"}
			}
		},
		{
			"from": [-0.75, 0.25, -4],
			"to": [0.25, 0.75, -3.5],
			"rotation": {"angle": -22.5, "axis": "y", "origin": [7, 0.5, -2.5]},
			"faces": {
				"north": {"uv": [0, 0, 1, 0.5], "texture": "#1"},
				"east": {"uv": [0, 0, 1, 0.5], "texture": "#1"},
				"south": {"uv": [0, 0, 1, 0.5], "texture": "#1"},
				"west": {"uv": [0, 0, 1, 0.5], "texture": "#1"},
				"up": {"uv": [0, 0, 1, 0.5], "texture": "#1"},
				"down": {"uv": [0, 0, 1, 0.5], "texture": "#1"}
			}
		},
		{
			"from": [-1, 0.25, -3.5],
			"to": [-0.5, 0.75, -3],
			"rotation": {"angle": -22.5, "axis": "y", "origin": [7, 0.5, -2.5]},
			"faces": {
				"north": {"uv": [0, 2, 1, 3.5], "texture": "#1"},
				"east": {"uv": [0, 2, 1, 3.5], "texture": "#1"},
				"south": {"uv": [0, 2, 1, 3.5], "texture": "#1"},
				"west": {"uv": [0, 2, 1, 3.5], "texture": "#1"},
				"up": {"uv": [0, 2, 1, 3.5], "texture": "#1"},
				"down": {"uv": [0, 2, 1, 3.5], "texture": "#1"}
			}
		},
		{
			"from": [-1, 0.25, -3],
			"to": [0, 0.75, -2.25],
			"rotation": {"angle": -22.5, "axis": "y", "origin": [7, 0.5, -2.5]},
			"faces": {
				"north": {"uv": [0, 3, 1, 3.5], "texture": "#1"},
				"east": {"uv": [0, 3, 1, 3.5], "texture": "#1"},
				"south": {"uv": [0, 3, 1, 3.5], "texture": "#1"},
				"west": {"uv": [0, 3, 1, 3.5], "texture": "#1"},
				"up": {"uv": [0, 3, 1, 3.5], "texture": "#1"},
				"down": {"uv": [0, 3, 1, 3.5], "texture": "#1"}
			}
		},
		{
			"from": [0, 0.25, -2.75],
			"to": [1, 0.75, -2],
			"rotation": {"angle": -22.5, "axis": "y", "origin": [7, 0.5, -2.5]},
			"faces": {
				"north": {"uv": [0, 3, 1, 4.5], "texture": "#1"},
				"east": {"uv": [0, 3, 1, 4.5], "texture": "#1"},
				"south": {"uv": [0, 3, 1, 4.5], "texture": "#1"},
				"west": {"uv": [0, 3, 1, 4.5], "texture": "#1"},
				"up": {"uv": [0, 3, 1, 4.5], "texture": "#1"},
				"down": {"uv": [0, 3, 1, 4.5], "texture": "#1"}
			}
		}
	],
	"groups": [0, 1, 2, 3, 4, 5, 6, 7, 8, 9, 10, 11, 12, 13, 14, 15, 16, 17, 18, 19,
		{
			"name": "hexadecagon",
			"isOpen": true,
			"shade": true,
			"display": {
				"visibility": true,
				"autouv": true
			},
			"children": [20, 21, 22, 23, 24, 25, 26, 27, 28, 29]
		}, 30, 31, 32, 33, 34, 35, 36, 37, 38, 39, 40, 41, 42, 43, 44, 45, 46]
}