{
	"parent": "block/block",
	"textures": {
		"0": "block/yellow_terracotta",
		"1": "block/purpur_block",
		"2": "_custom/online",
		"3": "_custom/steel",
		"4": "_custom/electricity",
		"particle": "block/yellow_terracotta"
	},
	"elements": [
		{
			"from": [2, 3, 0],
			"to": [14, 4, 16],
			"faces": {
				"north": {"uv": [2, 2, 14, 3], "texture": "#0"},
				"east": {"uv": [13, 0, 14, 16], "texture": "#0", "rotation": 270},
				"south": {"uv": [2, 13, 14, 14], "texture": "#0", "rotation": 180},
				"west": {"uv": [2, 0, 3, 16], "texture": "#0", "rotation": 90},
				"up": {"uv": [2, 0, 14, 16], "texture": "#0", "rotation": 180},
				"down": {"uv": [0, 0, 10, 12], "texture": "#3"}
			}
		},
		{
			"from": [3, 4, 4],
			"to": [4, 5, 5],
			"faces": {
				"north": {"uv": [0, 0, 1, 1], "texture": "#3"},
				"east": {"uv": [0, 0, 1, 1], "texture": "#3", "rotation": 270},
				"south": {"uv": [0, 0, 1, 1], "texture": "#3", "rotation": 180},
				"west": {"uv": [0, 0, 1, 1], "texture": "#3", "rotation": 90},
				"up": {"uv": [0, 0, 1, 1], "texture": "#3", "rotation": 180},
				"down": {"uv": [0, 0, 1, 1], "texture": "#3"}
			}
		},
		{
			"from": [3, 5, 4],
			"to": [4, 6, 11],
			"faces": {
				"north": {"uv": [0, 0, 1, 1], "texture": "#3"},
				"east": {"uv": [0, 0, 1, 7], "texture": "#3", "rotation": 270},
				"south": {"uv": [0, 0, 1, 1], "texture": "#3", "rotation": 180},
				"west": {"uv": [0, 0, 1, 7], "texture": "#3", "rotation": 90},
				"up": {"uv": [0, 0, 1, 7], "texture": "#3", "rotation": 180},
				"down": {"uv": [0, 0, 1, 7], "texture": "#3"}
			}
		},
		{
			"from": [3, 4, 10],
			"to": [4, 5, 11],
			"faces": {
				"north": {"uv": [0, 0, 1, 1], "texture": "#3"},
				"east": {"uv": [0, 0, 1, 1], "texture": "#3", "rotation": 270},
				"south": {"uv": [0, 0, 1, 1], "texture": "#3", "rotation": 180},
				"west": {"uv": [0, 0, 1, 1], "texture": "#3", "rotation": 90},
				"up": {"uv": [0, 0, 1, 1], "texture": "#3", "rotation": 180},
				"down": {"uv": [0, 0, 1, 1], "texture": "#3"}
			}
		},
		{
			"from": [7.75, 4, 3.75],
			"to": [12.25, 4.001, 8.25],
			"faces": {
				"north": {"uv": [2.5, 2.5, 3, 3], "texture": "#4"},
				"east": {"uv": [2.5, 2.5, 3, 3], "texture": "#4", "rotation": 270},
				"south": {"uv": [2.5, 2.5, 3, 3], "texture": "#4", "rotation": 180},
				"west": {"uv": [2.5, 2.5, 3, 3], "texture": "#4", "rotation": 90},
				"up": {"uv": [2, 2, 14, 14], "texture": "#4", "rotation": 180},
				"down": {"uv": [2.5, 2.5, 3, 3], "texture": "#4"}
			}
		},
		{
			"from": [2, 0, 0],
			"to": [14, 2.75, 16],
			"faces": {
				"north": {"uv": [2, 2, 14, 5.25], "texture": "#0"},
				"east": {"uv": [2, 0, 4.5, 16], "texture": "#0", "rotation": 270},
				"south": {"uv": [2, 10.75, 14, 14], "texture": "#0", "rotation": 180},
				"west": {"uv": [11.5, 0, 14, 16], "texture": "#0", "rotation": 90},
				"up": {"uv": [2, 2, 14, 14], "texture": "#3", "rotation": 180},
				"down": {"uv": [0, 0, 10, 12], "texture": "#1"}
			}
		},
		{
			"from": [3, 2.75, 2],
			"to": [14.25, 3, 14],
			"faces": {
				"north": {"uv": [2, 13.5, 14, 14], "texture": "#4"},
				"east": {"uv": [2, 13.5, 14, 14], "texture": "#4"},
				"south": {"uv": [2, 13.5, 14, 14], "texture": "#4"},
				"west": {"uv": [2, 13.5, 14, 14], "texture": "#4"},
				"up": {"uv": [2, 2, 14, 14], "texture": "#4", "rotation": 270},
				"down": {"uv": [2, 2, 14, 14], "texture": "#4"}
			}
		},
		{
			"from": [14, 2.5, 12.5],
			"to": [14.5, 3.25, 13.5],
			"faces": {
				"north": {"uv": [3, 1, 4, 1.75], "texture": "#3"},
				"east": {"uv": [3, 1, 4, 1.75], "texture": "#3"},
				"south": {"uv": [3, 1, 4, 1.75], "texture": "#3"},
				"west": {"uv": [3, 1, 4, 1.75], "texture": "#3"},
				"up": {"uv": [3, 1, 4, 1.75], "texture": "#3"},
				"down": {"uv": [3, 1, 4, 1.75], "texture": "#3"}
			}
		},
		{
			"from": [14, 2.5, 2.5],
			"to": [14.5, 3.25, 3.5],
			"faces": {
				"north": {"uv": [3, 1, 4, 1.75], "texture": "#3"},
				"east": {"uv": [3, 1, 4, 1.75], "texture": "#3"},
				"south": {"uv": [3, 1, 4, 1.75], "texture": "#3"},
				"west": {"uv": [3, 1, 4, 1.75], "texture": "#3"},
				"up": {"uv": [3, 1, 4, 1.75], "texture": "#3"},
				"down": {"uv": [3, 1, 4, 1.75], "texture": "#3"}
			}
		},
		{
			"from": [14, 2.5, 7.5],
			"to": [14.5, 3.25, 8.5],
			"faces": {
				"north": {"uv": [3, 1, 4, 1.75], "texture": "#3"},
				"east": {"uv": [3, 1, 4, 1.75], "texture": "#3"},
				"south": {"uv": [3, 1, 4, 1.75], "texture": "#3"},
				"west": {"uv": [3, 1, 4, 1.75], "texture": "#3"},
				"up": {"uv": [3, 1, 4, 1.75], "texture": "#3"},
				"down": {"uv": [3, 1, 4, 1.75], "texture": "#3"}
			}
		},
		{
			"from": [5.5, 4, 9],
			"to": [12.25, 4.002, 12.25],
			"faces": {
				"north": {"uv": [2.5, 2.5, 3, 3], "texture": "#4"},
				"east": {"uv": [2.5, 2.5, 3, 3], "texture": "#4", "rotation": 270},
				"south": {"uv": [2.5, 2.5, 3, 3], "texture": "#4", "rotation": 180},
				"west": {"uv": [2.5, 2.5, 3, 3], "texture": "#4", "rotation": 90},
				"up": {"uv": [0, 0, 16, 10], "texture": "#2", "rotation": 180},
				"down": {"uv": [2.5, 2.5, 3, 3], "texture": "#4"}
			}
		},
		{
			"from": [5, 4, 8.5],
			"to": [12.75, 4.001, 12.75],
			"faces": {
				"north": {"uv": [2.5, 2.5, 3, 3], "texture": "#4"},
				"east": {"uv": [2.5, 2.5, 3, 3], "texture": "#4", "rotation": 270},
				"south": {"uv": [2.5, 2.5, 3, 3], "texture": "#4", "rotation": 180},
				"west": {"uv": [2.5, 2.5, 3, 3], "texture": "#4", "rotation": 90},
				"up": {"uv": [2, 2, 14, 8], "texture": "#3", "rotation": 180},
				"down": {"uv": [2.5, 2.5, 3, 3], "texture": "#4"}
			}
		}
	]
}