{
	"parent": "block/block",
	"textures": {
		"0": "block/purpur_block",
		"1": "block/stone_andesite_smooth",
		"2": "_custom/pressure",
		"3": "_custom/steel",
		"particle": "block/purpur_block"
	},
	"elements": [
		{
			"from": [0, 1, 4],
			"to": [16, 3, 12],
			"faces": {
				"north": {"uv": [6, 0, 7, 16], "texture": "#0", "rotation": 90},
				"east": {"uv": [3, 14, 11, 16], "texture": "#0"},
				"south": {"uv": [0, 0, 16, 1], "texture": "#0"},
				"west": {"uv": [4, 14, 12, 16], "texture": "#0"},
				"up": {"uv": [4, 0, 12, 16], "texture": "#0", "rotation": 90},
				"down": {"uv": [2, 0, 10, 16], "texture": "#0", "rotation": 270}
			}
		},
		{
			"from": [0, 2, 2],
			"to": [16, 4, 4],
			"faces": {
				"north": {"uv": [9, 0, 11, 16], "texture": "#0", "rotation": 90},
				"east": {"uv": [14, 14, 16, 16], "texture": "#0"},
				"south": {"uv": [9, 0, 11, 16], "texture": "#0", "rotation": 90},
				"west": {"uv": [0, 14, 2, 16], "texture": "#0"},
				"up": {"uv": [9, 0, 11, 16], "texture": "#0", "rotation": 90},
				"down": {"uv": [9, 0, 11, 16], "texture": "#0", "rotation": 270}
			}
		},
		{
			"from": [0, 4, 13],
			"to": [16, 12, 15],
			"faces": {
				"north": {"uv": [4, 0, 12, 16], "texture": "#0", "rotation": 270},
				"east": {"uv": [3, 14, 11, 16], "texture": "#0", "rotation": 90},
				"south": {"uv": [2, 0, 10, 16], "texture": "#0", "rotation": 270},
				"west": {"uv": [4, 14, 12, 16], "texture": "#0", "rotation": 270},
				"up": {"uv": [0, 0, 16, 1], "texture": "#0"},
				"down": {"uv": [6, 0, 7, 16], "texture": "#0", "rotation": 270}
			}
		},
		{
			"from": [0, 2, 12],
			"to": [16, 4, 14],
			"faces": {
				"north": {"uv": [9, 0, 11, 16], "texture": "#0", "rotation": 270},
				"east": {"uv": [14, 14, 16, 16], "texture": "#0", "rotation": 90},
				"south": {"uv": [9, 0, 11, 16], "texture": "#0", "rotation": 270},
				"west": {"uv": [0, 14, 2, 16], "texture": "#0", "rotation": 270},
				"up": {"uv": [9, 0, 11, 16], "texture": "#0", "rotation": 90},
				"down": {"uv": [9, 0, 11, 16], "texture": "#0", "rotation": 270}
			}
		},
		{
			"from": [0, 13, 4],
			"to": [16, 15, 12],
			"faces": {
				"north": {"uv": [0, 0, 16, 1], "texture": "#0", "rotation": 180},
				"east": {"uv": [3, 14, 11, 16], "texture": "#0", "rotation": 180},
				"south": {"uv": [6, 0, 7, 16], "texture": "#0", "rotation": 270},
				"west": {"uv": [4, 14, 12, 16], "texture": "#0", "rotation": 180},
				"up": {"uv": [2, 0, 10, 16], "texture": "#0", "rotation": 270},
				"down": {"uv": [4, 0, 12, 16], "texture": "#0", "rotation": 90}
			}
		},
		{
			"from": [0, 12, 12],
			"to": [16, 14, 14],
			"faces": {
				"north": {"uv": [9, 0, 11, 16], "texture": "#0", "rotation": 270},
				"east": {"uv": [14, 14, 16, 16], "texture": "#0", "rotation": 180},
				"south": {"uv": [9, 0, 11, 16], "texture": "#0", "rotation": 270},
				"west": {"uv": [0, 14, 2, 16], "texture": "#0", "rotation": 180},
				"up": {"uv": [9, 0, 11, 16], "texture": "#0", "rotation": 270},
				"down": {"uv": [9, 0, 11, 16], "texture": "#0", "rotation": 90}
			}
		},
		{
			"from": [0, 4, 1],
			"to": [16, 12, 3],
			"faces": {
				"north": {"uv": [2, 0, 10, 16], "texture": "#0", "rotation": 90},
				"east": {"uv": [3, 14, 11, 16], "texture": "#0", "rotation": 270},
				"south": {"uv": [4, 0, 12, 16], "texture": "#0", "rotation": 90},
				"west": {"uv": [4, 14, 12, 16], "texture": "#0", "rotation": 90},
				"up": {"uv": [6, 0, 7, 16], "texture": "#0", "rotation": 270},
				"down": {"uv": [0, 0, 16, 1], "texture": "#0"}
			}
		},
		{
			"from": [0, 12, 2],
			"to": [16, 14, 4],
			"faces": {
				"north": {"uv": [9, 0, 11, 16], "texture": "#0", "rotation": 90},
				"east": {"uv": [14, 0, 16, 2], "texture": "#0"},
				"south": {"uv": [9, 0, 11, 16], "texture": "#0", "rotation": 90},
				"west": {"uv": [0, 14, 2, 16], "texture": "#0", "rotation": 90},
				"up": {"uv": [9, 0, 11, 16], "texture": "#0", "rotation": 270},
				"down": {"uv": [9, 0, 11, 16], "texture": "#0", "rotation": 90}
			}
		},
		{
			"from": [15, 3, 14],
			"to": [16, 4, 16],
			"faces": {
				"north": {"uv": [0, 0, 1, 1], "texture": "#1", "rotation": 180},
				"east": {"uv": [8, 0, 10, 1], "texture": "#1", "rotation": 180},
				"south": {"uv": [0, 0, 1, 1], "texture": "#1", "rotation": 180},
				"west": {"uv": [2, 9, 4, 10], "texture": "#1", "rotation": 180},
				"up": {"uv": [12, 9, 13, 11], "texture": "#1", "rotation": 180},
				"down": {"uv": [13, 9, 14, 11], "texture": "#1", "rotation": 180}
			}
		},
		{
			"from": [15, 13, 14],
			"to": [16, 15, 15],
			"faces": {
				"north": {"uv": [2, 12, 3, 14], "texture": "#1", "rotation": 180},
				"east": {"uv": [4, 8, 5, 10], "texture": "#1", "rotation": 180},
				"south": {"uv": [8, 13, 9, 15], "texture": "#1"},
				"west": {"uv": [7, 9, 8, 11], "texture": "#1", "rotation": 180},
				"up": {"uv": [3, 8, 4, 9], "texture": "#1", "rotation": 270},
				"down": {"uv": [0, 0, 1, 1], "texture": "#1", "rotation": 90}
			}
		},
		{
			"from": [15, 4, 15],
			"to": [16, 12, 16],
			"faces": {
				"north": {"uv": [15, 4, 16, 12], "texture": "#1", "rotation": 180},
				"east": {"uv": [15, 8, 16, 16], "texture": "#1", "rotation": 180},
				"south": {"uv": [13, 5, 14, 13], "texture": "#1", "rotation": 180},
				"west": {"uv": [13, 7, 14, 15], "texture": "#1", "rotation": 180},
				"up": {"uv": [0, 0, 1, 1], "texture": "#1", "rotation": 270},
				"down": {"uv": [5, 11, 6, 12], "texture": "#1", "rotation": 90}
			}
		},
		{
			"from": [15, 12, 14],
			"to": [16, 13, 16],
			"faces": {
				"north": {"uv": [0, 0, 1, 1], "texture": "#1", "rotation": 180},
				"east": {"uv": [14, 5, 16, 6], "texture": "#1"},
				"south": {"uv": [15, 6, 16, 7], "texture": "#1", "rotation": 180},
				"west": {"uv": [2, 9, 4, 10], "texture": "#1", "rotation": 180},
				"up": {"uv": [12, 9, 13, 11], "texture": "#1", "rotation": 180},
				"down": {"uv": [13, 9, 14, 11], "texture": "#1", "rotation": 180}
			}
		},
		{
			"from": [15, 2, 14],
			"to": [16, 3, 15],
			"faces": {
				"north": {"uv": [7, 11, 8, 12], "texture": "#1", "rotation": 180},
				"east": {"uv": [7, 11, 8, 12], "texture": "#1", "rotation": 180},
				"south": {"uv": [7, 11, 8, 12], "texture": "#1", "rotation": 180},
				"west": {"uv": [7, 11, 8, 12], "texture": "#1", "rotation": 180},
				"up": {"uv": [7, 11, 8, 12], "texture": "#1", "rotation": 180},
				"down": {"uv": [7, 11, 8, 12], "texture": "#1", "rotation": 180}
			}
		},
		{
			"from": [15, 1, 2],
			"to": [16, 2, 3],
			"faces": {
				"north": {"uv": [7, 11, 8, 12], "texture": "#1"},
				"east": {"uv": [7, 11, 8, 12], "texture": "#1", "rotation": 90},
				"south": {"uv": [7, 11, 8, 12], "texture": "#1", "rotation": 180},
				"west": {"uv": [7, 11, 8, 12], "texture": "#1", "rotation": 270},
				"up": {"uv": [7, 11, 8, 12], "texture": "#1"},
				"down": {"uv": [7, 11, 8, 12], "texture": "#1", "rotation": 180}
			}
		},
		{
			"from": [15, 0, 3],
			"to": [16, 2, 4],
			"faces": {
				"north": {"uv": [13, 9, 14, 11], "texture": "#1"},
				"east": {"uv": [8, 0, 10, 1], "texture": "#1", "rotation": 90},
				"south": {"uv": [12, 9, 13, 11], "texture": "#1", "rotation": 180},
				"west": {"uv": [2, 9, 4, 10], "texture": "#1", "rotation": 270},
				"up": {"uv": [0, 0, 1, 1], "texture": "#1"},
				"down": {"uv": [0, 0, 1, 1], "texture": "#1", "rotation": 180}
			}
		},
		{
			"from": [15, 0, 4],
			"to": [16, 1, 12],
			"faces": {
				"north": {"uv": [5, 11, 6, 12], "texture": "#1", "rotation": 270},
				"east": {"uv": [15, 8, 16, 16], "texture": "#1", "rotation": 90},
				"south": {"uv": [0, 0, 1, 1], "texture": "#1", "rotation": 270},
				"west": {"uv": [13, 7, 14, 15], "texture": "#1", "rotation": 270},
				"up": {"uv": [15, 4, 16, 12], "texture": "#1"},
				"down": {"uv": [13, 5, 14, 13], "texture": "#1", "rotation": 180}
			}
		},
		{
			"from": [15, 0, 12],
			"to": [16, 2, 13],
			"faces": {
				"north": {"uv": [13, 9, 14, 11], "texture": "#1"},
				"east": {"uv": [14, 5, 16, 6], "texture": "#1", "rotation": 270},
				"south": {"uv": [12, 9, 13, 11], "texture": "#1", "rotation": 180},
				"west": {"uv": [2, 9, 4, 10], "texture": "#1", "rotation": 270},
				"up": {"uv": [0, 0, 1, 1], "texture": "#1"},
				"down": {"uv": [15, 6, 16, 7], "texture": "#1", "rotation": 180}
			}
		},
		{
			"from": [15, 1, 13],
			"to": [16, 2, 15],
			"faces": {
				"north": {"uv": [0, 0, 1, 1], "texture": "#1", "rotation": 270},
				"east": {"uv": [4, 8, 5, 10], "texture": "#1", "rotation": 90},
				"south": {"uv": [0, 0, 1, 1], "texture": "#1", "rotation": 270},
				"west": {"uv": [7, 9, 8, 11], "texture": "#1", "rotation": 270},
				"up": {"uv": [2, 12, 3, 14], "texture": "#1"},
				"down": {"uv": [8, 13, 9, 15], "texture": "#1", "rotation": 180}
			}
		},
		{
			"from": [15, 13, 1],
			"to": [16, 14, 2],
			"faces": {
				"north": {"uv": [7, 11, 8, 12], "texture": "#1"},
				"east": {"uv": [7, 11, 8, 12], "texture": "#1"},
				"south": {"uv": [7, 11, 8, 12], "texture": "#1"},
				"west": {"uv": [7, 11, 8, 12], "texture": "#1"},
				"up": {"uv": [7, 11, 8, 12], "texture": "#1", "rotation": 180},
				"down": {"uv": [7, 11, 8, 12], "texture": "#1", "rotation": 180}
			}
		},
		{
			"from": [15, 12, 0],
			"to": [16, 13, 2],
			"faces": {
				"north": {"uv": [0, 0, 1, 1], "texture": "#1"},
				"east": {"uv": [8, 0, 10, 1], "texture": "#1"},
				"south": {"uv": [0, 0, 1, 1], "texture": "#1"},
				"west": {"uv": [2, 9, 4, 10], "texture": "#1"},
				"up": {"uv": [13, 9, 14, 11], "texture": "#1", "rotation": 180},
				"down": {"uv": [12, 9, 13, 11], "texture": "#1", "rotation": 180}
			}
		},
		{
			"from": [15, 4, 0],
			"to": [16, 12, 1],
			"faces": {
				"north": {"uv": [13, 5, 14, 13], "texture": "#1"},
				"east": {"uv": [15, 8, 16, 16], "texture": "#1"},
				"south": {"uv": [15, 4, 16, 12], "texture": "#1"},
				"west": {"uv": [13, 7, 14, 15], "texture": "#1"},
				"up": {"uv": [5, 11, 6, 12], "texture": "#1", "rotation": 90},
				"down": {"uv": [0, 0, 1, 1], "texture": "#1", "rotation": 270}
			}
		},
		{
			"from": [15, 3, 0],
			"to": [16, 4, 2],
			"faces": {
				"north": {"uv": [15, 6, 16, 7], "texture": "#1"},
				"east": {"uv": [14, 5, 16, 6], "texture": "#1", "rotation": 180},
				"south": {"uv": [0, 0, 1, 1], "texture": "#1"},
				"west": {"uv": [2, 9, 4, 10], "texture": "#1"},
				"up": {"uv": [13, 9, 14, 11], "texture": "#1", "rotation": 180},
				"down": {"uv": [12, 9, 13, 11], "texture": "#1", "rotation": 180}
			}
		},
		{
			"from": [15, 1, 1],
			"to": [16, 3, 2],
			"faces": {
				"north": {"uv": [8, 13, 9, 15], "texture": "#1"},
				"east": {"uv": [4, 8, 5, 10], "texture": "#1"},
				"south": {"uv": [2, 12, 3, 14], "texture": "#1"},
				"west": {"uv": [7, 9, 8, 11], "texture": "#1"},
				"up": {"uv": [0, 0, 1, 1], "texture": "#1", "rotation": 90},
				"down": {"uv": [0, 0, 1, 1], "texture": "#1", "rotation": 270}
			}
		},
		{
			"from": [15, 14, 13],
			"to": [16, 15, 14],
			"faces": {
				"north": {"uv": [7, 11, 8, 12], "texture": "#1"},
				"east": {"uv": [7, 11, 8, 12], "texture": "#1", "rotation": 270},
				"south": {"uv": [7, 11, 8, 12], "texture": "#1", "rotation": 180},
				"west": {"uv": [7, 11, 8, 12], "texture": "#1", "rotation": 90},
				"up": {"uv": [7, 11, 8, 12], "texture": "#1", "rotation": 180},
				"down": {"uv": [7, 11, 8, 12], "texture": "#1"}
			}
		},
		{
			"from": [15, 14, 12],
			"to": [16, 16, 13],
			"faces": {
				"north": {"uv": [12, 9, 13, 11], "texture": "#1"},
				"east": {"uv": [8, 0, 10, 1], "texture": "#1", "rotation": 270},
				"south": {"uv": [13, 9, 14, 11], "texture": "#1", "rotation": 180},
				"west": {"uv": [2, 9, 4, 10], "texture": "#1", "rotation": 90},
				"up": {"uv": [0, 0, 1, 1], "texture": "#1", "rotation": 180},
				"down": {"uv": [0, 0, 1, 1], "texture": "#1"}
			}
		},
		{
			"from": [15, 15, 4],
			"to": [16, 16, 12],
			"faces": {
				"north": {"uv": [0, 0, 1, 1], "texture": "#1", "rotation": 90},
				"east": {"uv": [15, 8, 16, 16], "texture": "#1", "rotation": 270},
				"south": {"uv": [5, 11, 6, 12], "texture": "#1", "rotation": 90},
				"west": {"uv": [13, 7, 14, 15], "texture": "#1", "rotation": 90},
				"up": {"uv": [13, 5, 14, 13], "texture": "#1", "rotation": 180},
				"down": {"uv": [15, 4, 16, 12], "texture": "#1"}
			}
		},
		{
			"from": [15, 14, 3],
			"to": [16, 16, 4],
			"faces": {
				"north": {"uv": [12, 9, 13, 11], "texture": "#1"},
				"east": {"uv": [14, 5, 16, 6], "texture": "#1", "rotation": 90},
				"south": {"uv": [13, 9, 14, 11], "texture": "#1", "rotation": 180},
				"west": {"uv": [2, 9, 4, 10], "texture": "#1", "rotation": 90},
				"up": {"uv": [15, 6, 16, 7], "texture": "#1", "rotation": 180},
				"down": {"uv": [0, 0, 1, 1], "texture": "#1"}
			}
		},
		{
			"from": [15, 14, 1],
			"to": [16, 15, 3],
			"faces": {
				"north": {"uv": [0, 0, 1, 1], "texture": "#1", "rotation": 90},
				"east": {"uv": [4, 8, 5, 10], "texture": "#1", "rotation": 270},
				"south": {"uv": [0, 0, 1, 1], "texture": "#1", "rotation": 90},
				"west": {"uv": [7, 9, 8, 11], "texture": "#1", "rotation": 90},
				"up": {"uv": [8, 13, 9, 15], "texture": "#1", "rotation": 180},
				"down": {"uv": [2, 12, 3, 14], "texture": "#1"}
			}
		},
		{
			"from": [0, 4, 15],
			"to": [1, 12, 16],
			"faces": {
				"north": {"uv": [15, 4, 16, 12], "texture": "#1", "rotation": 180},
				"east": {"uv": [15, 8, 16, 16], "texture": "#1", "rotation": 180},
				"south": {"uv": [13, 5, 14, 13], "texture": "#1", "rotation": 180},
				"west": {"uv": [13, 7, 14, 15], "texture": "#1", "rotation": 180},
				"up": {"uv": [0, 0, 1, 1], "texture": "#1", "rotation": 270},
				"down": {"uv": [5, 11, 6, 12], "texture": "#1", "rotation": 90}
			}
		},
		{
			"from": [0, 3, 14],
			"to": [1, 4, 16],
			"faces": {
				"north": {"uv": [0, 0, 1, 1], "texture": "#1", "rotation": 180},
				"east": {"uv": [8, 0, 10, 1], "texture": "#1", "rotation": 180},
				"south": {"uv": [0, 0, 1, 1], "texture": "#1", "rotation": 180},
				"west": {"uv": [2, 9, 4, 10], "texture": "#1", "rotation": 180},
				"up": {"uv": [12, 9, 13, 11], "texture": "#1", "rotation": 180},
				"down": {"uv": [13, 9, 14, 11], "texture": "#1", "rotation": 180}
			}
		},
		{
			"from": [0, 1, 13],
			"to": [1, 2, 15],
			"faces": {
				"north": {"uv": [0, 0, 1, 1], "texture": "#1", "rotation": 270},
				"east": {"uv": [4, 8, 5, 10], "texture": "#1", "rotation": 90},
				"south": {"uv": [0, 0, 1, 1], "texture": "#1", "rotation": 270},
				"west": {"uv": [7, 9, 8, 11], "texture": "#1", "rotation": 270},
				"up": {"uv": [2, 12, 3, 14], "texture": "#1"},
				"down": {"uv": [8, 13, 9, 15], "texture": "#1", "rotation": 180}
			}
		},
		{
			"from": [0, 0, 12],
			"to": [1, 2, 13],
			"faces": {
				"north": {"uv": [13, 9, 14, 11], "texture": "#1"},
				"east": {"uv": [14, 5, 16, 6], "texture": "#1", "rotation": 270},
				"south": {"uv": [12, 9, 13, 11], "texture": "#1", "rotation": 180},
				"west": {"uv": [2, 9, 4, 10], "texture": "#1", "rotation": 270},
				"up": {"uv": [0, 0, 1, 1], "texture": "#1"},
				"down": {"uv": [15, 6, 16, 7], "texture": "#1", "rotation": 180}
			}
		},
		{
			"from": [0, 0, 4],
			"to": [1, 1, 12],
			"faces": {
				"north": {"uv": [5, 11, 6, 12], "texture": "#1", "rotation": 270},
				"east": {"uv": [15, 8, 16, 16], "texture": "#1", "rotation": 90},
				"south": {"uv": [0, 0, 1, 1], "texture": "#1", "rotation": 270},
				"west": {"uv": [13, 7, 14, 15], "texture": "#1", "rotation": 270},
				"up": {"uv": [15, 4, 16, 12], "texture": "#1"},
				"down": {"uv": [13, 5, 14, 13], "texture": "#1", "rotation": 180}
			}
		},
		{
			"from": [0, 0, 3],
			"to": [1, 2, 4],
			"faces": {
				"north": {"uv": [13, 9, 14, 11], "texture": "#1"},
				"east": {"uv": [8, 0, 10, 1], "texture": "#1", "rotation": 90},
				"south": {"uv": [12, 9, 13, 11], "texture": "#1", "rotation": 180},
				"west": {"uv": [2, 9, 4, 10], "texture": "#1", "rotation": 270},
				"up": {"uv": [0, 0, 1, 1], "texture": "#1"},
				"down": {"uv": [0, 0, 1, 1], "texture": "#1", "rotation": 180}
			}
		},
		{
			"from": [0, 1, 2],
			"to": [1, 2, 3],
			"faces": {
				"north": {"uv": [7, 11, 8, 12], "texture": "#1"},
				"east": {"uv": [7, 11, 8, 12], "texture": "#1", "rotation": 90},
				"south": {"uv": [7, 11, 8, 12], "texture": "#1", "rotation": 180},
				"west": {"uv": [7, 11, 8, 12], "texture": "#1", "rotation": 270},
				"up": {"uv": [7, 11, 8, 12], "texture": "#1"},
				"down": {"uv": [7, 11, 8, 12], "texture": "#1", "rotation": 180}
			}
		},
		{
			"from": [0, 1, 1],
			"to": [1, 3, 2],
			"faces": {
				"north": {"uv": [8, 13, 9, 15], "texture": "#1"},
				"east": {"uv": [4, 8, 5, 10], "texture": "#1"},
				"south": {"uv": [2, 12, 3, 14], "texture": "#1"},
				"west": {"uv": [7, 9, 8, 11], "texture": "#1"},
				"up": {"uv": [0, 0, 1, 1], "texture": "#1", "rotation": 90},
				"down": {"uv": [0, 0, 1, 1], "texture": "#1", "rotation": 270}
			}
		},
		{
			"from": [0, 3, 0],
			"to": [1, 4, 2],
			"faces": {
				"north": {"uv": [15, 6, 16, 7], "texture": "#1"},
				"east": {"uv": [14, 5, 16, 6], "texture": "#1", "rotation": 180},
				"south": {"uv": [0, 0, 1, 1], "texture": "#1"},
				"west": {"uv": [2, 9, 4, 10], "texture": "#1"},
				"up": {"uv": [13, 9, 14, 11], "texture": "#1", "rotation": 180},
				"down": {"uv": [12, 9, 13, 11], "texture": "#1", "rotation": 180}
			}
		},
		{
			"from": [0, 4, 0],
			"to": [1, 12, 1],
			"faces": {
				"north": {"uv": [13, 5, 14, 13], "texture": "#1"},
				"east": {"uv": [15, 8, 16, 16], "texture": "#1"},
				"south": {"uv": [15, 4, 16, 12], "texture": "#1"},
				"west": {"uv": [13, 7, 14, 15], "texture": "#1"},
				"up": {"uv": [5, 11, 6, 12], "texture": "#1", "rotation": 90},
				"down": {"uv": [0, 0, 1, 1], "texture": "#1", "rotation": 270}
			}
		},
		{
			"from": [0, 12, 0],
			"to": [1, 13, 2],
			"faces": {
				"north": {"uv": [0, 0, 1, 1], "texture": "#1"},
				"east": {"uv": [8, 0, 10, 1], "texture": "#1"},
				"south": {"uv": [0, 0, 1, 1], "texture": "#1"},
				"west": {"uv": [2, 9, 4, 10], "texture": "#1"},
				"up": {"uv": [13, 9, 14, 11], "texture": "#1", "rotation": 180},
				"down": {"uv": [12, 9, 13, 11], "texture": "#1", "rotation": 180}
			}
		},
		{
			"from": [0, 13, 1],
			"to": [1, 14, 2],
			"faces": {
				"north": {"uv": [7, 11, 8, 12], "texture": "#1"},
				"east": {"uv": [7, 11, 8, 12], "texture": "#1"},
				"south": {"uv": [7, 11, 8, 12], "texture": "#1"},
				"west": {"uv": [7, 11, 8, 12], "texture": "#1"},
				"up": {"uv": [7, 11, 8, 12], "texture": "#1", "rotation": 180},
				"down": {"uv": [7, 11, 8, 12], "texture": "#1", "rotation": 180}
			}
		},
		{
			"from": [0, 14, 1],
			"to": [1, 15, 3],
			"faces": {
				"north": {"uv": [0, 0, 1, 1], "texture": "#1", "rotation": 90},
				"east": {"uv": [4, 8, 5, 10], "texture": "#1", "rotation": 270},
				"south": {"uv": [0, 0, 1, 1], "texture": "#1", "rotation": 90},
				"west": {"uv": [7, 9, 8, 11], "texture": "#1", "rotation": 90},
				"up": {"uv": [8, 13, 9, 15], "texture": "#1", "rotation": 180},
				"down": {"uv": [2, 12, 3, 14], "texture": "#1"}
			}
		},
		{
			"from": [0, 14, 3],
			"to": [1, 16, 4],
			"faces": {
				"north": {"uv": [12, 9, 13, 11], "texture": "#1"},
				"east": {"uv": [14, 5, 16, 6], "texture": "#1", "rotation": 90},
				"south": {"uv": [13, 9, 14, 11], "texture": "#1", "rotation": 180},
				"west": {"uv": [2, 9, 4, 10], "texture": "#1", "rotation": 90},
				"up": {"uv": [15, 6, 16, 7], "texture": "#1", "rotation": 180},
				"down": {"uv": [0, 0, 1, 1], "texture": "#1"}
			}
		},
		{
			"from": [0, 15, 4],
			"to": [1, 16, 12],
			"faces": {
				"north": {"uv": [0, 0, 1, 1], "texture": "#1", "rotation": 90},
				"east": {"uv": [15, 8, 16, 16], "texture": "#1", "rotation": 270},
				"south": {"uv": [5, 11, 6, 12], "texture": "#1", "rotation": 90},
				"west": {"uv": [13, 7, 14, 15], "texture": "#1", "rotation": 90},
				"up": {"uv": [13, 5, 14, 13], "texture": "#1", "rotation": 180},
				"down": {"uv": [15, 4, 16, 12], "texture": "#1"}
			}
		},
		{
			"from": [0, 14, 12],
			"to": [1, 16, 13],
			"faces": {
				"north": {"uv": [12, 9, 13, 11], "texture": "#1"},
				"east": {"uv": [8, 0, 10, 1], "texture": "#1", "rotation": 270},
				"south": {"uv": [13, 9, 14, 11], "texture": "#1", "rotation": 180},
				"west": {"uv": [2, 9, 4, 10], "texture": "#1", "rotation": 90},
				"up": {"uv": [0, 0, 1, 1], "texture": "#1", "rotation": 180},
				"down": {"uv": [0, 0, 1, 1], "texture": "#1"}
			}
		},
		{
			"from": [0, 14, 13],
			"to": [1, 15, 14],
			"faces": {
				"north": {"uv": [7, 11, 8, 12], "texture": "#1"},
				"east": {"uv": [7, 11, 8, 12], "texture": "#1", "rotation": 270},
				"south": {"uv": [7, 11, 8, 12], "texture": "#1", "rotation": 180},
				"west": {"uv": [7, 11, 8, 12], "texture": "#1", "rotation": 90},
				"up": {"uv": [7, 11, 8, 12], "texture": "#1", "rotation": 180},
				"down": {"uv": [7, 11, 8, 12], "texture": "#1"}
			}
		},
		{
			"from": [0, 13, 14],
			"to": [1, 15, 15],
			"faces": {
				"north": {"uv": [2, 12, 3, 14], "texture": "#1", "rotation": 180},
				"east": {"uv": [4, 8, 5, 10], "texture": "#1", "rotation": 180},
				"south": {"uv": [8, 13, 9, 15], "texture": "#1"},
				"west": {"uv": [7, 9, 8, 11], "texture": "#1", "rotation": 180},
				"up": {"uv": [3, 8, 4, 9], "texture": "#1", "rotation": 270},
				"down": {"uv": [0, 0, 1, 1], "texture": "#1", "rotation": 90}
			}
		},
		{
			"from": [0, 12, 14],
			"to": [1, 13, 16],
			"faces": {
				"north": {"uv": [0, 0, 1, 1], "texture": "#1", "rotation": 180},
				"east": {"uv": [14, 5, 16, 6], "texture": "#1"},
				"south": {"uv": [15, 6, 16, 7], "texture": "#1", "rotation": 180},
				"west": {"uv": [2, 9, 4, 10], "texture": "#1", "rotation": 180},
				"up": {"uv": [12, 9, 13, 11], "texture": "#1", "rotation": 180},
				"down": {"uv": [13, 9, 14, 11], "texture": "#1", "rotation": 180}
			}
		},
		{
			"from": [0, 2, 14],
			"to": [1, 3, 15],
			"faces": {
				"north": {"uv": [7, 11, 8, 12], "texture": "#1", "rotation": 180},
				"east": {"uv": [7, 11, 8, 12], "texture": "#1", "rotation": 180},
				"south": {"uv": [7, 11, 8, 12], "texture": "#1", "rotation": 180},
				"west": {"uv": [7, 11, 8, 12], "texture": "#1", "rotation": 180},
				"up": {"uv": [7, 11, 8, 12], "texture": "#1", "rotation": 180},
				"down": {"uv": [7, 11, 8, 12], "texture": "#1", "rotation": 180}
			}
		},
		{
			"from": [9, 6, -2],
			"to": [10, 7, 1],
			"faces": {
				"north": {"uv": [15, 10, 16, 11], "texture": "#1"},
				"east": {"uv": [15, 10, 16, 13], "texture": "#1", "rotation": 90},
				"south": {"uv": [15, 10, 16, 11], "texture": "#1"},
				"west": {"uv": [15, 10, 16, 13], "texture": "#1", "rotation": 90},
				"up": {"uv": [15, 10, 16, 13], "texture": "#1"},
				"down": {"uv": [15, 10, 16, 13], "texture": "#1", "rotation": 180}
			}
		},
		{
			"name": "hexadecagon",
			"from": [8.80381, 9, -1.5],
			"to": [10.19619, 10, -0.5],
			"rotation": {"angle": -45, "axis": "z", "origin": [9.5, 6.5, -1]},
			"faces": {
				"north": {"uv": [5, 1, 6, 2], "texture": "#1", "rotation": 90},
				"east": {"uv": [5, 1, 6, 2], "texture": "#1", "rotation": 90},
				"south": {"uv": [5, 1, 6, 2], "texture": "#1", "rotation": 90},
				"west": {"uv": [5, 1, 6, 2], "texture": "#1", "rotation": 90},
				"up": {"uv": [5, 1, 6, 2], "texture": "#1", "rotation": 90},
				"down": {"uv": [5, 1, 6, 2], "texture": "#1", "rotation": 90}
			}
		},
		{
			"name": "hexadecagon",
			"from": [8.80381, 9, -1.5],
			"to": [10.19619, 10, -0.5],
			"rotation": {"angle": -22.5, "axis": "z", "origin": [9.5, 6.5, -1]},
			"faces": {
				"north": {"uv": [5, 1, 6, 2], "texture": "#1", "rotation": 90},
				"east": {"uv": [5, 1, 6, 2], "texture": "#1", "rotation": 90},
				"south": {"uv": [5, 1, 6, 2], "texture": "#1", "rotation": 90},
				"west": {"uv": [5, 1, 6, 2], "texture": "#1", "rotation": 90},
				"up": {"uv": [5, 1, 6, 2], "texture": "#1", "rotation": 90},
				"down": {"uv": [5, 1, 6, 2], "texture": "#1", "rotation": 90}
			}
		},
		{
			"name": "hexadecagon",
			"from": [8.80381, 9, -1.5],
			"to": [10.19619, 10, -0.5],
			"rotation": {"angle": 0, "axis": "z", "origin": [9.5, 6.5, -1]},
			"faces": {
				"north": {"uv": [5, 1, 6, 2], "texture": "#1", "rotation": 90},
				"east": {"uv": [5, 1, 6, 2], "texture": "#1", "rotation": 90},
				"south": {"uv": [5, 1, 6, 2], "texture": "#1", "rotation": 90},
				"west": {"uv": [5, 1, 6, 2], "texture": "#1", "rotation": 90},
				"up": {"uv": [5, 1, 6, 2], "texture": "#1", "rotation": 90},
				"down": {"uv": [5, 1, 6, 2], "texture": "#1", "rotation": 90}
			}
		},
		{
			"name": "hexadecagon",
			"from": [8.80381, 9, -1.5],
			"to": [10.19619, 10, -0.5],
			"rotation": {"angle": 22.5, "axis": "z", "origin": [9.5, 6.5, -1]},
			"faces": {
				"north": {"uv": [5, 1, 6, 2], "texture": "#1", "rotation": 90},
				"east": {"uv": [5, 1, 6, 2], "texture": "#1", "rotation": 90},
				"south": {"uv": [5, 1, 6, 2], "texture": "#1", "rotation": 90},
				"west": {"uv": [5, 1, 6, 2], "texture": "#1", "rotation": 90},
				"up": {"uv": [5, 1, 6, 2], "texture": "#1", "rotation": 90},
				"down": {"uv": [5, 1, 6, 2], "texture": "#1", "rotation": 90}
			}
		},
		{
			"name": "hexadecagon",
			"from": [8.80381, 9, -1.5],
			"to": [10.19619, 10, -0.5],
			"rotation": {"angle": 45, "axis": "z", "origin": [9.5, 6.5, -1]},
			"faces": {
				"north": {"uv": [5, 1, 6, 2], "texture": "#1", "rotation": 90},
				"east": {"uv": [5, 1, 6, 2], "texture": "#1", "rotation": 90},
				"south": {"uv": [5, 1, 6, 2], "texture": "#1", "rotation": 90},
				"west": {"uv": [5, 1, 6, 2], "texture": "#1", "rotation": 90},
				"up": {"uv": [5, 1, 6, 2], "texture": "#1", "rotation": 90},
				"down": {"uv": [5, 1, 6, 2], "texture": "#1", "rotation": 90}
			}
		},
		{
			"name": "hexadecagon",
			"from": [8.80381, 3, -1.5],
			"to": [10.19619, 4, -0.5],
			"rotation": {"angle": -45, "axis": "z", "origin": [9.5, 6.5, -1]},
			"faces": {
				"north": {"uv": [5, 1, 6, 2], "texture": "#1", "rotation": 90},
				"east": {"uv": [5, 1, 6, 2], "texture": "#1", "rotation": 90},
				"south": {"uv": [5, 1, 6, 2], "texture": "#1", "rotation": 90},
				"west": {"uv": [5, 1, 6, 2], "texture": "#1", "rotation": 90},
				"up": {"uv": [5, 1, 6, 2], "texture": "#1", "rotation": 90},
				"down": {"uv": [5, 1, 6, 2], "texture": "#1", "rotation": 90}
			}
		},
		{
			"name": "hexadecagon",
			"from": [8.80381, 3, -1.5],
			"to": [10.19619, 4, -0.5],
			"rotation": {"angle": -22.5, "axis": "z", "origin": [9.5, 6.5, -1]},
			"faces": {
				"north": {"uv": [5, 1, 6, 2], "texture": "#1", "rotation": 90},
				"east": {"uv": [5, 1, 6, 2], "texture": "#1", "rotation": 90},
				"south": {"uv": [5, 1, 6, 2], "texture": "#1", "rotation": 90},
				"west": {"uv": [5, 1, 6, 2], "texture": "#1", "rotation": 90},
				"up": {"uv": [5, 1, 6, 2], "texture": "#1", "rotation": 90},
				"down": {"uv": [5, 1, 6, 2], "texture": "#1", "rotation": 90}
			}
		},
		{
			"name": "hexadecagon",
			"from": [8.80381, 3, -1.5],
			"to": [10.19619, 4, -0.5],
			"rotation": {"angle": 0, "axis": "z", "origin": [9.5, 6.5, -1]},
			"faces": {
				"north": {"uv": [5, 1, 6, 2], "texture": "#1", "rotation": 90},
				"east": {"uv": [5, 1, 6, 2], "texture": "#1", "rotation": 90},
				"south": {"uv": [5, 1, 6, 2], "texture": "#1", "rotation": 90},
				"west": {"uv": [5, 1, 6, 2], "texture": "#1", "rotation": 90},
				"up": {"uv": [5, 1, 6, 2], "texture": "#1", "rotation": 90},
				"down": {"uv": [5, 1, 6, 2], "texture": "#1", "rotation": 90}
			}
		},
		{
			"name": "hexadecagon",
			"from": [8.80381, 3, -1.5],
			"to": [10.19619, 4, -0.5],
			"rotation": {"angle": 22.5, "axis": "z", "origin": [9.5, 6.5, -1]},
			"faces": {
				"north": {"uv": [5, 1, 6, 2], "texture": "#1", "rotation": 90},
				"east": {"uv": [5, 1, 6, 2], "texture": "#1", "rotation": 90},
				"south": {"uv": [5, 1, 6, 2], "texture": "#1", "rotation": 90},
				"west": {"uv": [5, 1, 6, 2], "texture": "#1", "rotation": 90},
				"up": {"uv": [5, 1, 6, 2], "texture": "#1", "rotation": 90},
				"down": {"uv": [5, 1, 6, 2], "texture": "#1", "rotation": 90}
			}
		},
		{
			"name": "hexadecagon",
			"from": [8.80381, 3, -1.5],
			"to": [10.19619, 4, -0.5],
			"rotation": {"angle": 45, "axis": "z", "origin": [9.5, 6.5, -1]},
			"faces": {
				"north": {"uv": [5, 1, 6, 2], "texture": "#1", "rotation": 90},
				"east": {"uv": [5, 1, 6, 2], "texture": "#1", "rotation": 90},
				"south": {"uv": [5, 1, 6, 2], "texture": "#1", "rotation": 90},
				"west": {"uv": [5, 1, 6, 2], "texture": "#1", "rotation": 90},
				"up": {"uv": [5, 1, 6, 2], "texture": "#1", "rotation": 90},
				"down": {"uv": [5, 1, 6, 2], "texture": "#1", "rotation": 90}
			}
		},
		{
			"name": "hexadecagon",
			"from": [6, 5.80381, -1.5],
			"to": [7, 7.19619, -0.5],
			"rotation": {"angle": -22.5, "axis": "z", "origin": [9.5, 6.5, -1]},
			"faces": {
				"north": {"uv": [5, 1, 6, 2], "texture": "#1", "rotation": 90},
				"east": {"uv": [5, 1, 6, 2], "texture": "#1", "rotation": 90},
				"south": {"uv": [5, 1, 6, 2], "texture": "#1", "rotation": 90},
				"west": {"uv": [5, 1, 6, 2], "texture": "#1", "rotation": 90},
				"up": {"uv": [5, 1, 6, 2], "texture": "#1", "rotation": 90},
				"down": {"uv": [5, 1, 6, 2], "texture": "#1", "rotation": 90}
			}
		},
		{
			"name": "hexadecagon",
			"from": [6, 5.80381, -1.5],
			"to": [7, 7.19619, -0.5],
			"rotation": {"angle": 0, "axis": "z", "origin": [9.5, 6.5, -1]},
			"faces": {
				"north": {"uv": [5, 1, 6, 2], "texture": "#1", "rotation": 90},
				"east": {"uv": [5, 1, 6, 2], "texture": "#1", "rotation": 90},
				"south": {"uv": [5, 1, 6, 2], "texture": "#1", "rotation": 90},
				"west": {"uv": [5, 1, 6, 2], "texture": "#1", "rotation": 90},
				"up": {"uv": [5, 1, 6, 2], "texture": "#1", "rotation": 90},
				"down": {"uv": [5, 1, 6, 2], "texture": "#1", "rotation": 90}
			}
		},
		{
			"name": "hexadecagon",
			"from": [6, 5.80381, -1.5],
			"to": [7, 7.19619, -0.5],
			"rotation": {"angle": 22.5, "axis": "z", "origin": [9.5, 6.5, -1]},
			"faces": {
				"north": {"uv": [5, 1, 6, 2], "texture": "#1", "rotation": 90},
				"east": {"uv": [5, 1, 6, 2], "texture": "#1", "rotation": 90},
				"south": {"uv": [5, 1, 6, 2], "texture": "#1", "rotation": 90},
				"west": {"uv": [5, 1, 6, 2], "texture": "#1", "rotation": 90},
				"up": {"uv": [5, 1, 6, 2], "texture": "#1", "rotation": 90},
				"down": {"uv": [5, 1, 6, 2], "texture": "#1", "rotation": 90}
			}
		},
		{
			"name": "hexadecagon",
			"from": [12, 5.80381, -1.5],
			"to": [13, 7.19619, -0.5],
			"rotation": {"angle": -22.5, "axis": "z", "origin": [9.5, 6.5, -1]},
			"faces": {
				"north": {"uv": [5, 1, 6, 2], "texture": "#1", "rotation": 90},
				"east": {"uv": [5, 1, 6, 2], "texture": "#1", "rotation": 90},
				"south": {"uv": [5, 1, 6, 2], "texture": "#1", "rotation": 90},
				"west": {"uv": [5, 1, 6, 2], "texture": "#1", "rotation": 90},
				"up": {"uv": [5, 1, 6, 2], "texture": "#1", "rotation": 90},
				"down": {"uv": [5, 1, 6, 2], "texture": "#1", "rotation": 90}
			}
		},
		{
			"name": "hexadecagon",
			"from": [12, 5.80381, -1.5],
			"to": [13, 7.19619, -0.5],
			"rotation": {"angle": 0, "axis": "z", "origin": [9.5, 6.5, -1]},
			"faces": {
				"north": {"uv": [5, 1, 6, 2], "texture": "#1", "rotation": 90},
				"east": {"uv": [5, 1, 6, 2], "texture": "#1", "rotation": 90},
				"south": {"uv": [5, 1, 6, 2], "texture": "#1", "rotation": 90},
				"west": {"uv": [5, 1, 6, 2], "texture": "#1", "rotation": 90},
				"up": {"uv": [5, 1, 6, 2], "texture": "#1", "rotation": 90},
				"down": {"uv": [5, 1, 6, 2], "texture": "#1", "rotation": 90}
			}
		},
		{
			"name": "hexadecagon",
			"from": [12, 5.80381, -1.5],
			"to": [13, 7.19619, -0.5],
			"rotation": {"angle": 22.5, "axis": "z", "origin": [9.5, 6.5, -1]},
			"faces": {
				"north": {"uv": [5, 1, 6, 2], "texture": "#1", "rotation": 90},
				"east": {"uv": [5, 1, 6, 2], "texture": "#1", "rotation": 90},
				"south": {"uv": [5, 1, 6, 2], "texture": "#1", "rotation": 90},
				"west": {"uv": [5, 1, 6, 2], "texture": "#1", "rotation": 90},
				"up": {"uv": [5, 1, 6, 2], "texture": "#1", "rotation": 90},
				"down": {"uv": [5, 1, 6, 2], "texture": "#1", "rotation": 90}
			}
		},
		{
			"from": [3.75, 6.5, 0.75],
			"to": [4, 7.75, 1],
			"faces": {
				"north": {"uv": [4, 1, 5, 2], "texture": "#3"},
				"east": {"uv": [4, 1, 5, 2], "texture": "#3"},
				"south": {"uv": [4, 1, 5, 2], "texture": "#3"},
				"west": {"uv": [4, 1, 5, 2], "texture": "#3"},
				"up": {"uv": [4, 1, 5, 2], "texture": "#3"},
				"down": {"uv": [4, 1, 5, 2], "texture": "#3"}
			}
		},
		{
			"from": [4, 6.5, 0.75],
			"to": [9, 6.75, 1],
			"faces": {
				"north": {"uv": [4, 1, 5, 2], "texture": "#3"},
				"east": {"uv": [4, 1, 5, 2], "texture": "#3"},
				"south": {"uv": [4, 1, 5, 2], "texture": "#3"},
				"west": {"uv": [4, 1, 5, 2], "texture": "#3"},
				"up": {"uv": [4, 1, 5, 2], "texture": "#3"},
				"down": {"uv": [4, 1, 5, 2], "texture": "#3"}
			}
		},
		{
			"from": [3.25, 6, 0.75],
			"to": [3.5, 7.75, 1],
			"faces": {
				"north": {"uv": [4, 1, 5, 2], "texture": "#3"},
				"east": {"uv": [4, 1, 5, 2], "texture": "#3"},
				"south": {"uv": [4, 1, 5, 2], "texture": "#3"},
				"west": {"uv": [4, 1, 5, 2], "texture": "#3"},
				"up": {"uv": [4, 1, 5, 2], "texture": "#3"},
				"down": {"uv": [4, 1, 5, 2], "texture": "#3"}
			}
		},
		{
			"from": [3.5, 6, 0.75],
			"to": [9, 6.25, 1],
			"faces": {
				"north": {"uv": [4, 1, 5, 2], "texture": "#3"},
				"east": {"uv": [4, 1, 5, 2], "texture": "#3"},
				"south": {"uv": [4, 1, 5, 2], "texture": "#3"},
				"west": {"uv": [4, 1, 5, 2], "texture": "#3"},
				"up": {"uv": [4, 1, 5, 2], "texture": "#3"},
				"down": {"uv": [4, 1, 5, 2], "texture": "#3"}
			}
		},
		{
			"from": [9, 4, -1.25],
			"to": [10, 9, -0.75],
			"rotation": {"angle": 22.5, "axis": "z", "origin": [9.5, 6.5, -1]},
			"faces": {
				"north": {"uv": [9, 3, 10, 8], "texture": "#1"},
				"east": {"uv": [9, 3, 10, 8], "texture": "#1"},
				"south": {"uv": [9, 3, 10, 8], "texture": "#1"},
				"west": {"uv": [9, 3, 10, 8], "texture": "#1"},
				"up": {"uv": [15, 10, 16, 13], "texture": "#1"},
				"down": {"uv": [15, 10, 16, 13], "texture": "#1", "rotation": 180}
			}
		},
		{
			"from": [7, 6, -1.25],
			"to": [12, 7, -0.75],
			"rotation": {"angle": 22.5, "axis": "z", "origin": [9.5, 6.5, -1]},
			"faces": {
				"north": {"uv": [9, 3, 10, 8], "texture": "#1", "rotation": 90},
				"east": {"uv": [15, 10, 16, 13], "texture": "#1", "rotation": 90},
				"south": {"uv": [9, 3, 10, 8], "texture": "#1", "rotation": 270},
				"west": {"uv": [15, 10, 16, 13], "texture": "#1", "rotation": 270},
				"up": {"uv": [9, 3, 10, 8], "texture": "#1", "rotation": 270},
				"down": {"uv": [9, 3, 10, 8], "texture": "#1", "rotation": 270}
			}
		},
		{
			"from": [2, 7.9, 0.75],
			"to": [5, 11, 1],
			"faces": {
				"north": {"uv": [0, 0, 16, 16], "texture": "#2"},
				"east": {"uv": [15, 10, 16, 13], "texture": "#1", "rotation": 90},
				"south": {"uv": [15, 10, 16, 11], "texture": "#1"},
				"west": {"uv": [15, 10, 16, 13], "texture": "#1", "rotation": 90},
				"up": {"uv": [15, 10, 16, 13], "texture": "#1"},
				"down": {"uv": [15, 10, 16, 13], "texture": "#1", "rotation": 180}
			}
		},
		{
			"name": "hexadecagon",
			"from": [3.10218, 11, 0.5],
			"to": [3.89782, 11.75, 1],
			"rotation": {"angle": -45, "axis": "z", "origin": [3.5, 9.5, 0.5]},
			"faces": {
				"north": {"uv": [0, 0, 0.79565, 0.75], "texture": "#3", "rotation": 180},
				"east": {"uv": [0, 0, 0.79565, 0.75], "texture": "#3", "rotation": 180},
				"south": {"uv": [0, 0, 0.79565, 0.75], "texture": "#3", "rotation": 180},
				"west": {"uv": [0, 0, 0.79565, 0.75], "texture": "#3", "rotation": 180},
				"up": {"uv": [0, 0, 0.79565, 0.75], "texture": "#3", "rotation": 180},
				"down": {"uv": [0, 0, 0.79565, 0.75], "texture": "#3", "rotation": 180}
			}
		},
		{
			"name": "hexadecagon",
			"from": [3.10218, 11, 0.5],
			"to": [3.89782, 11.5, 1],
			"rotation": {"angle": -22.5, "axis": "z", "origin": [3.5, 9.5, 0.5]},
			"faces": {
				"north": {"uv": [0, 0, 0.79565, 0.5], "texture": "#3", "rotation": 180},
				"east": {"uv": [0, 0, 0.79565, 0.5], "texture": "#3", "rotation": 180},
				"south": {"uv": [0, 0, 0.79565, 0.5], "texture": "#3", "rotation": 180},
				"west": {"uv": [0, 0, 0.79565, 0.5], "texture": "#3", "rotation": 180},
				"up": {"uv": [0, 0, 0.79565, 0.5], "texture": "#3", "rotation": 180},
				"down": {"uv": [0, 0, 0.79565, 0.5], "texture": "#3", "rotation": 180}
			}
		},
		{
			"name": "hexadecagon",
			"from": [3.10218, 11, 0.5],
			"to": [3.89782, 11.5, 1],
			"rotation": {"angle": 0, "axis": "z", "origin": [3.5, 9.5, 0.5]},
			"faces": {
				"north": {"uv": [0, 0, 0.79565, 0.5], "texture": "#3", "rotation": 180},
				"east": {"uv": [0, 0, 0.79565, 0.5], "texture": "#3", "rotation": 180},
				"south": {"uv": [0, 0, 0.79565, 0.5], "texture": "#3", "rotation": 180},
				"west": {"uv": [0, 0, 0.79565, 0.5], "texture": "#3", "rotation": 180},
				"up": {"uv": [0, 0, 0.79565, 0.5], "texture": "#3", "rotation": 180},
				"down": {"uv": [0, 0, 0.79565, 0.5], "texture": "#3", "rotation": 180}
			}
		},
		{
			"name": "hexadecagon",
			"from": [3.10218, 11, 0.5],
			"to": [3.89782, 11.5, 1],
			"rotation": {"angle": 22.5, "axis": "z", "origin": [3.5, 9.5, 0.5]},
			"faces": {
				"north": {"uv": [0, 0, 0.79565, 0.5], "texture": "#3", "rotation": 180},
				"east": {"uv": [0, 0, 0.79565, 0.5], "texture": "#3", "rotation": 180},
				"south": {"uv": [0, 0, 0.79565, 0.5], "texture": "#3", "rotation": 180},
				"west": {"uv": [0, 0, 0.79565, 0.5], "texture": "#3", "rotation": 180},
				"up": {"uv": [0, 0, 0.79565, 0.5], "texture": "#3", "rotation": 180},
				"down": {"uv": [0, 0, 0.79565, 0.5], "texture": "#3", "rotation": 180}
			}
		},
		{
			"name": "hexadecagon",
			"from": [3.10218, 11, 0.5],
			"to": [3.89782, 11.75, 1],
			"rotation": {"angle": 45, "axis": "z", "origin": [3.5, 9.5, 0.5]},
			"faces": {
				"north": {"uv": [0, 0, 0.79565, 0.75], "texture": "#3", "rotation": 180},
				"east": {"uv": [0, 0, 0.79565, 0.75], "texture": "#3", "rotation": 180},
				"south": {"uv": [0, 0, 0.79565, 0.75], "texture": "#3", "rotation": 180},
				"west": {"uv": [0, 0, 0.79565, 0.75], "texture": "#3", "rotation": 180},
				"up": {"uv": [0, 0, 0.79565, 0.75], "texture": "#3", "rotation": 180},
				"down": {"uv": [0, 0, 0.79565, 0.75], "texture": "#3", "rotation": 180}
			}
		},
		{
			"name": "hexadecagon",
			"from": [3.10218, 7.25, 0.5],
			"to": [3.89782, 8, 1],
			"rotation": {"angle": -45, "axis": "z", "origin": [3.5, 9.5, 0.5]},
			"faces": {
				"north": {"uv": [0, 0, 0.79565, 0.75], "texture": "#3", "rotation": 180},
				"east": {"uv": [0, 0, 0.79565, 0.75], "texture": "#3", "rotation": 180},
				"south": {"uv": [0, 0, 0.79565, 0.75], "texture": "#3", "rotation": 180},
				"west": {"uv": [0, 0, 0.79565, 0.75], "texture": "#3", "rotation": 180},
				"up": {"uv": [0, 0, 0.79565, 0.75], "texture": "#3", "rotation": 180},
				"down": {"uv": [0, 0, 0.79565, 0.75], "texture": "#3", "rotation": 180}
			}
		},
		{
			"name": "hexadecagon",
			"from": [3.10218, 7.5, 0.5],
			"to": [3.89782, 8, 1],
			"rotation": {"angle": -22.5, "axis": "z", "origin": [3.5, 9.5, 0.5]},
			"faces": {
				"north": {"uv": [0, 0, 0.79565, 0.5], "texture": "#3", "rotation": 180},
				"east": {"uv": [0, 0, 0.79565, 0.5], "texture": "#3", "rotation": 180},
				"south": {"uv": [0, 0, 0.79565, 0.5], "texture": "#3", "rotation": 180},
				"west": {"uv": [0, 0, 0.79565, 0.5], "texture": "#3", "rotation": 180},
				"up": {"uv": [0, 0, 0.79565, 0.5], "texture": "#3", "rotation": 180},
				"down": {"uv": [0, 0, 0.79565, 0.5], "texture": "#3", "rotation": 180}
			}
		},
		{
			"name": "hexadecagon",
			"from": [3.10218, 7.5, 0.5],
			"to": [3.89782, 8, 1],
			"rotation": {"angle": 0, "axis": "z", "origin": [3.5, 9.5, 0.5]},
			"faces": {
				"north": {"uv": [0, 0, 0.79565, 0.5], "texture": "#3", "rotation": 180},
				"east": {"uv": [0, 0, 0.79565, 0.5], "texture": "#3", "rotation": 180},
				"south": {"uv": [0, 0, 0.79565, 0.5], "texture": "#3", "rotation": 180},
				"west": {"uv": [0, 0, 0.79565, 0.5], "texture": "#3", "rotation": 180},
				"up": {"uv": [0, 0, 0.79565, 0.5], "texture": "#3", "rotation": 180},
				"down": {"uv": [0, 0, 0.79565, 0.5], "texture": "#3", "rotation": 180}
			}
		},
		{
			"name": "hexadecagon",
			"from": [3.10218, 7.5, 0.5],
			"to": [3.89782, 8, 1],
			"rotation": {"angle": 22.5, "axis": "z", "origin": [3.5, 9.5, 0.5]},
			"faces": {
				"north": {"uv": [0, 0, 0.79565, 0.5], "texture": "#3", "rotation": 180},
				"east": {"uv": [0, 0, 0.79565, 0.5], "texture": "#3", "rotation": 180},
				"south": {"uv": [0, 0, 0.79565, 0.5], "texture": "#3", "rotation": 180},
				"west": {"uv": [0, 0, 0.79565, 0.5], "texture": "#3", "rotation": 180},
				"up": {"uv": [0, 0, 0.79565, 0.5], "texture": "#3", "rotation": 180},
				"down": {"uv": [0, 0, 0.79565, 0.5], "texture": "#3", "rotation": 180}
			}
		},
		{
			"name": "hexadecagon",
			"from": [3.10218, 7.25, 0.5],
			"to": [3.89782, 8, 1],
			"rotation": {"angle": 45, "axis": "z", "origin": [3.5, 9.5, 0.5]},
			"faces": {
				"north": {"uv": [0, 0, 0.79565, 0.75], "texture": "#3", "rotation": 180},
				"east": {"uv": [0, 0, 0.79565, 0.75], "texture": "#3", "rotation": 180},
				"south": {"uv": [0, 0, 0.79565, 0.75], "texture": "#3", "rotation": 180},
				"west": {"uv": [0, 0, 0.79565, 0.75], "texture": "#3", "rotation": 180},
				"up": {"uv": [0, 0, 0.79565, 0.75], "texture": "#3", "rotation": 180},
				"down": {"uv": [0, 0, 0.79565, 0.75], "texture": "#3", "rotation": 180}
			}
		},
		{
			"name": "hexadecagon",
			"from": [1.5, 9.10218, 0.5],
			"to": [2, 9.89782, 1],
			"rotation": {"angle": -22.5, "axis": "z", "origin": [3.5, 9.5, 0.5]},
			"faces": {
				"north": {"uv": [0, 0, 0.5, 0.79565], "texture": "#3", "rotation": 180},
				"east": {"uv": [0, 0, 0.5, 0.79565], "texture": "#3", "rotation": 180},
				"south": {"uv": [0, 0, 0.5, 0.79565], "texture": "#3", "rotation": 180},
				"west": {"uv": [0, 0, 0.5, 0.79565], "texture": "#3", "rotation": 180},
				"up": {"uv": [0, 0, 0.5, 0.79565], "texture": "#3", "rotation": 180},
				"down": {"uv": [0, 0, 0.5, 0.79565], "texture": "#3", "rotation": 180}
			}
		},
		{
			"name": "hexadecagon",
			"from": [1.5, 9.10218, 0.5],
			"to": [2, 9.89782, 1],
			"rotation": {"angle": 0, "axis": "z", "origin": [3.5, 9.5, 0.5]},
			"faces": {
				"north": {"uv": [0, 0, 0.5, 0.79565], "texture": "#3", "rotation": 180},
				"east": {"uv": [0, 0, 0.5, 0.79565], "texture": "#3", "rotation": 180},
				"south": {"uv": [0, 0, 0.5, 0.79565], "texture": "#3", "rotation": 180},
				"west": {"uv": [0, 0, 0.5, 0.79565], "texture": "#3", "rotation": 180},
				"up": {"uv": [0, 0, 0.5, 0.79565], "texture": "#3", "rotation": 180},
				"down": {"uv": [0, 0, 0.5, 0.79565], "texture": "#3", "rotation": 180}
			}
		},
		{
			"name": "hexadecagon",
			"from": [1.5, 9.10218, 0.5],
			"to": [2, 9.89782, 1],
			"rotation": {"angle": 22.5, "axis": "z", "origin": [3.5, 9.5, 0.5]},
			"faces": {
				"north": {"uv": [0, 0, 0.5, 0.79565], "texture": "#3", "rotation": 180},
				"east": {"uv": [0, 0, 0.5, 0.79565], "texture": "#3", "rotation": 180},
				"south": {"uv": [0, 0, 0.5, 0.79565], "texture": "#3", "rotation": 180},
				"west": {"uv": [0, 0, 0.5, 0.79565], "texture": "#3", "rotation": 180},
				"up": {"uv": [0, 0, 0.5, 0.79565], "texture": "#3", "rotation": 180},
				"down": {"uv": [0, 0, 0.5, 0.79565], "texture": "#3", "rotation": 180}
			}
		},
		{
			"name": "hexadecagon",
			"from": [5, 9.10218, 0.5],
			"to": [5.5, 9.89782, 1],
			"rotation": {"angle": -22.5, "axis": "z", "origin": [3.5, 9.5, 0.5]},
			"faces": {
				"north": {"uv": [0, 0, 0.5, 0.79565], "texture": "#3", "rotation": 180},
				"east": {"uv": [0, 0, 0.5, 0.79565], "texture": "#3", "rotation": 180},
				"south": {"uv": [0, 0, 0.5, 0.79565], "texture": "#3", "rotation": 180},
				"west": {"uv": [0, 0, 0.5, 0.79565], "texture": "#3", "rotation": 180},
				"up": {"uv": [0, 0, 0.5, 0.79565], "texture": "#3", "rotation": 180},
				"down": {"uv": [0, 0, 0.5, 0.79565], "texture": "#3", "rotation": 180}
			}
		},
		{
			"name": "hexadecagon",
			"from": [5, 9.10218, 0.5],
			"to": [5.5, 9.89782, 1],
			"rotation": {"angle": 0, "axis": "z", "origin": [3.5, 9.5, 0.5]},
			"faces": {
				"north": {"uv": [0, 0, 0.5, 0.79565], "texture": "#3", "rotation": 180},
				"east": {"uv": [0, 0, 0.5, 0.79565], "texture": "#3", "rotation": 180},
				"south": {"uv": [0, 0, 0.5, 0.79565], "texture": "#3", "rotation": 180},
				"west": {"uv": [0, 0, 0.5, 0.79565], "texture": "#3", "rotation": 180},
				"up": {"uv": [0, 0, 0.5, 0.79565], "texture": "#3", "rotation": 180},
				"down": {"uv": [0, 0, 0.5, 0.79565], "texture": "#3", "rotation": 180}
			}
		},
		{
			"name": "hexadecagon",
			"from": [5, 9.10218, 0.5],
			"to": [5.5, 9.89782, 1],
			"rotation": {"angle": 22.5, "axis": "z", "origin": [3.5, 9.5, 0.5]},
			"faces": {
				"north": {"uv": [0, 0, 0.5, 0.79565], "texture": "#3", "rotation": 180},
				"east": {"uv": [0, 0, 0.5, 0.79565], "texture": "#3", "rotation": 180},
				"south": {"uv": [0, 0, 0.5, 0.79565], "texture": "#3", "rotation": 180},
				"west": {"uv": [0, 0, 0.5, 0.79565], "texture": "#3", "rotation": 180},
				"up": {"uv": [0, 0, 0.5, 0.79565], "texture": "#3", "rotation": 180},
				"down": {"uv": [0, 0, 0.5, 0.79565], "texture": "#3", "rotation": 180}
			}
		},
		{
			"name": "octagon",
			"from": [10.37868, -1, 4.5],
			"to": [11.62132, 1, 5.5],
			"rotation": {"angle": 45, "axis": "y", "origin": [11, -1, 6]},
			"faces": {
				"north": {"uv": [8, 5, 9.24219, 8], "texture": "#0"},
				"east": {"uv": [8, 5, 9, 8], "texture": "#0"},
				"south": {"uv": [8, 5, 9.24219, 8], "texture": "#0"},
				"west": {"uv": [8, 6, 9, 9], "texture": "#0"},
				"up": {"uv": [0, 0, 1.24264, 1], "texture": "#1"},
				"down": {"uv": [0, 0, 1.24264, 1], "texture": "#1"}
			}
		},
		{
			"name": "octagon",
			"from": [10.37868, -1, 4.5],
			"to": [11.62132, 1, 5.5],
			"rotation": {"angle": 0, "axis": "y", "origin": [11, -1, 6]},
			"faces": {
				"north": {"uv": [8, 5, 9.24219, 8], "texture": "#0"},
				"east": {"uv": [8, 5, 9, 8], "texture": "#0"},
				"south": {"uv": [8, 5, 9.24219, 8], "texture": "#0"},
				"west": {"uv": [8, 6, 9, 9], "texture": "#0"},
				"up": {"uv": [0, 0, 1.24264, 1], "texture": "#1"},
				"down": {"uv": [0, 0, 1.24264, 1], "texture": "#1"}
			}
		},
		{
			"name": "octagon",
			"from": [10.37868, -1, 6.5],
			"to": [11.62132, 1, 7.5],
			"rotation": {"angle": 45, "axis": "y", "origin": [11, -1, 6]},
			"faces": {
				"north": {"uv": [8, 5, 9.24219, 8], "texture": "#0"},
				"east": {"uv": [8, 5, 9, 8], "texture": "#0"},
				"south": {"uv": [8, 5, 9.24219, 8], "texture": "#0"},
				"west": {"uv": [8, 6, 9, 9], "texture": "#0"},
				"up": {"uv": [0, 0, 1.24264, 1], "texture": "#1"},
				"down": {"uv": [0, 0, 1.24264, 1], "texture": "#1"}
			}
		},
		{
			"name": "octagon",
			"from": [10.37868, -1, 6.5],
			"to": [11.62132, 1, 7.5],
			"rotation": {"angle": 0, "axis": "y", "origin": [11, -1, 6]},
			"faces": {
				"north": {"uv": [8, 5, 9.24219, 8], "texture": "#0"},
				"east": {"uv": [8, 5, 9, 8], "texture": "#0"},
				"south": {"uv": [8, 5, 9.24219, 8], "texture": "#0"},
				"west": {"uv": [8, 6, 9, 9], "texture": "#0"},
				"up": {"uv": [0, 0, 1.24264, 1], "texture": "#1"},
				"down": {"uv": [0, 0, 1.24264, 1], "texture": "#1"}
			}
		},
		{
			"name": "octagon",
			"from": [9.5, -1, 5.37868],
			"to": [10.5, 1, 6.62132],
			"rotation": {"angle": 45, "axis": "y", "origin": [11, -1, 6]},
			"faces": {
				"north": {"uv": [8, 5, 9.24219, 8], "texture": "#0"},
				"east": {"uv": [8, 5, 9, 8], "texture": "#0"},
				"south": {"uv": [8, 5, 9.24219, 8], "texture": "#0"},
				"west": {"uv": [8, 5, 9, 8], "texture": "#0"},
				"up": {"uv": [0, 0, 1, 1.24264], "texture": "#1"},
				"down": {"uv": [0, 0, 1, 1.24264], "texture": "#1"}
			}
		},
		{
			"name": "octagon",
			"from": [9.5, -1, 5.37868],
			"to": [10.5, 1, 6.62132],
			"rotation": {"angle": 0, "axis": "y", "origin": [11, -1, 6]},
			"faces": {
				"north": {"uv": [8, 5, 9.24219, 8], "texture": "#0"},
				"east": {"uv": [8, 5, 9, 8], "texture": "#0"},
				"south": {"uv": [8, 5, 9.24219, 8], "texture": "#0"},
				"west": {"uv": [8, 5, 9, 8], "texture": "#0"},
				"up": {"uv": [0, 0, 1, 1.24264], "texture": "#1"},
				"down": {"uv": [0, 0, 1, 1.24264], "texture": "#1"}
			}
		},
		{
			"name": "octagon",
			"from": [11.5, -1, 5.37868],
			"to": [12.5, 1, 6.62132],
			"rotation": {"angle": 45, "axis": "y", "origin": [11, -1, 6]},
			"faces": {
				"north": {"uv": [8, 5, 9.24219, 8], "texture": "#0"},
				"east": {"uv": [8, 5, 9, 8], "texture": "#0"},
				"south": {"uv": [8, 5, 9.24219, 8], "texture": "#0"},
				"west": {"uv": [8, 6, 9, 9], "texture": "#0"},
				"up": {"uv": [0, 0, 1, 1.24264], "texture": "#1"},
				"down": {"uv": [0, 0, 1, 1.24264], "texture": "#1"}
			}
		},
		{
			"name": "octagon",
			"from": [11.5, -1, 5.37868],
			"to": [12.5, 1, 6.62132],
			"rotation": {"angle": 0, "axis": "y", "origin": [11, -1, 6]},
			"faces": {
				"north": {"uv": [8, 5, 9.24219, 8], "texture": "#0"},
				"east": {"uv": [8, 5, 9, 8], "texture": "#0"},
				"south": {"uv": [8, 5, 9.24219, 8], "texture": "#0"},
				"west": {"uv": [8, 6, 9, 9], "texture": "#0"},
				"up": {"uv": [0, 0, 1, 1.24264], "texture": "#1"},
				"down": {"uv": [0, 0, 1, 1.24264], "texture": "#1"}
			}
		},
		{
			"name": "octagon",
			"from": [10.17157, -2, 4],
			"to": [11.82843, -1, 5.5],
			"rotation": {"angle": 45, "axis": "y", "origin": [11, 0, 6]},
			"faces": {
				"north": {"uv": [0, 0, 1.65685, 1], "texture": "#1"},
				"east": {"uv": [0, 0, 1.65685, 1], "texture": "#1"},
				"south": {"uv": [0, 0, 1.65685, 1], "texture": "#1"},
				"west": {"uv": [0, 0, 1.65685, 1], "texture": "#1"},
				"up": {"uv": [0, 0, 1.65685, 1], "texture": "#1"},
				"down": {"uv": [0, 0, 1.65685, 1], "texture": "#1"}
			}
		},
		{
			"name": "octagon",
			"from": [10.17157, -2, 4],
			"to": [11.82843, -1, 5.5],
			"rotation": {"angle": 0, "axis": "y", "origin": [11, 0, 6]},
			"faces": {
				"north": {"uv": [0, 0, 1.65685, 1], "texture": "#1"},
				"east": {"uv": [0, 0, 1.65685, 1], "texture": "#1"},
				"south": {"uv": [0, 0, 1.65685, 1], "texture": "#1"},
				"west": {"uv": [0, 0, 1.65685, 1], "texture": "#1"},
				"up": {"uv": [0, 0, 1.65685, 1], "texture": "#1"},
				"down": {"uv": [0, 0, 1.65685, 1], "texture": "#1"}
			}
		},
		{
			"name": "octagon",
			"from": [10.17157, -2, 6.5],
			"to": [11.82843, -1, 8],
			"rotation": {"angle": 45, "axis": "y", "origin": [11, 0, 6]},
			"faces": {
				"north": {"uv": [0, 0, 1.65685, 1], "texture": "#1"},
				"east": {"uv": [0, 0, 1.65685, 1], "texture": "#1"},
				"south": {"uv": [0, 0, 1.65685, 1], "texture": "#1"},
				"west": {"uv": [0, 0, 1.65685, 1], "texture": "#1"},
				"up": {"uv": [0, 0, 1.65685, 1], "texture": "#1"},
				"down": {"uv": [0, 0, 1.65685, 1], "texture": "#1"}
			}
		},
		{
			"name": "octagon",
			"from": [10.17157, -2, 6.5],
			"to": [11.82843, -1, 8],
			"rotation": {"angle": 0, "axis": "y", "origin": [11, 0, 6]},
			"faces": {
				"north": {"uv": [0, 0, 1.65685, 1], "texture": "#1"},
				"east": {"uv": [0, 0, 1.65685, 1], "texture": "#1"},
				"south": {"uv": [0, 0, 1.65685, 1], "texture": "#1"},
				"west": {"uv": [0, 0, 1.65685, 1], "texture": "#1"},
				"up": {"uv": [0, 0, 1.65685, 1], "texture": "#1"},
				"down": {"uv": [0, 0, 1.65685, 1], "texture": "#1"}
			}
		},
		{
			"name": "octagon",
			"from": [9, -2, 5.17157],
			"to": [10.5, -1, 6.82843],
			"rotation": {"angle": 45, "axis": "y", "origin": [11, 0, 6]},
			"faces": {
				"north": {"uv": [0, 0, 1.5, 1], "texture": "#1"},
				"east": {"uv": [0, 0, 1.5, 1], "texture": "#1"},
				"south": {"uv": [0, 0, 1.5, 1], "texture": "#1"},
				"west": {"uv": [0, 0, 1.5, 1], "texture": "#1"},
				"up": {"uv": [0, 0, 1.5, 1], "texture": "#1"},
				"down": {"uv": [0, 0, 1.5, 1], "texture": "#1"}
			}
		},
		{
			"name": "octagon",
			"from": [9, -2, 5.17157],
			"to": [10.5, -1, 6.82843],
			"rotation": {"angle": 0, "axis": "y", "origin": [11, 0, 6]},
			"faces": {
				"north": {"uv": [0, 0, 1.5, 1], "texture": "#1"},
				"east": {"uv": [0, 0, 1.5, 1], "texture": "#1"},
				"south": {"uv": [0, 0, 1.5, 1], "texture": "#1"},
				"west": {"uv": [0, 0, 1.5, 1], "texture": "#1"},
				"up": {"uv": [0, 0, 1.5, 1], "texture": "#1"},
				"down": {"uv": [0, 0, 1.5, 1], "texture": "#1"}
			}
		},
		{
			"name": "octagon",
			"from": [11.5, -2, 5.17157],
			"to": [13, -1, 6.82843],
			"rotation": {"angle": 45, "axis": "y", "origin": [11, 0, 6]},
			"faces": {
				"north": {"uv": [0, 0, 1.5, 1], "texture": "#1"},
				"east": {"uv": [0, 0, 1.5, 1], "texture": "#1"},
				"south": {"uv": [0, 0, 1.5, 1], "texture": "#1"},
				"west": {"uv": [0, 0, 1.5, 1], "texture": "#1"},
				"up": {"uv": [0, 0, 1.5, 1], "texture": "#1"},
				"down": {"uv": [0, 0, 1.5, 1], "texture": "#1"}
			}
		},
		{
			"name": "octagon",
			"from": [11.5, -2, 5.17157],
			"to": [13, -1, 6.82843],
			"rotation": {"angle": 0, "axis": "y", "origin": [11, 0, 6]},
			"faces": {
				"north": {"uv": [0, 0, 1.5, 1], "texture": "#1"},
				"east": {"uv": [0, 0, 1.5, 1], "texture": "#1"},
				"south": {"uv": [0, 0, 1.5, 1], "texture": "#1"},
				"west": {"uv": [0, 0, 1.5, 1], "texture": "#1"},
				"up": {"uv": [0, 0, 1.5, 1], "texture": "#1"},
				"down": {"uv": [0, 0, 1.5, 1], "texture": "#1"}
			}
		}
	],
	"groups": [0, 1, 2, 3, 4, 5, 6, 7, 8, 9, 10, 11, 12, 13, 14, 15, 16, 17, 18, 19, 20, 21, 22, 23, 24, 25, 26, 27, 28, 29, 30, 31, 32, 33, 34, 35, 36, 37, 38, 39, 40, 41, 42, 43, 44, 45, 46, 47, 48,
		{
			"name": "hexadecagon",
			"isOpen": true,
			"shade": true,
			"display": {
				"visibility": true,
				"autouv": true
			},
			"children": [49, 50, 51, 52, 53, 54, 55, 56, 57, 58, 59, 60, 61, 62, 63, 64, 65, 66, 67, 68]
		}, 69, 70, 71,
		{
			"name": "hexadecagon",
			"isOpen": true,
			"shade": true,
			"display": {
				"visibility": true,
				"autouv": true
			},
			"children": [72, 73, 74, 75, 76, 77, 78, 79, 80, 81, 82, 83, 84, 85, 86, 87]
		},
		{
			"name": "octagon",
			"isOpen": true,
			"shade": true,
			"display": {
				"visibility": true,
				"autouv": true
			},
			"children": []
		},
		{
			"name": "octagon",
			"isOpen": false,
			"shade": true,
			"display": {
				"visibility": true,
				"autouv": true
			},
			"children": [88, 89, 90, 91, 92, 93, 94, 95]
		},
		{
			"name": "octagon",
			"isOpen": true,
			"shade": true,
			"display": {
				"visibility": true,
				"autouv": true
			},
			"children": [96, 97, 98, 99, 100, 101, 102, 103]
		}
	]
}