{
    "parent": "block/block",
	"textures": {
		"0": "_custom/light_steel",
		"1": "block/yellow_terracotta",
		"particle": "_custom/light_steel"
	},
	"elements": [
		{
			"from": [7, 8, 0],
			"to": [9, 9, 7],
			"faces": {
				"north": {"uv": [14, 8, 16, 9], "texture": "#0"},
				"east": {"uv": [6, 8, 13, 9], "texture": "#0"},
				"south": {"uv": [0, 0, 2, 1], "texture": "#0"},
				"west": {"uv": [0, 0, 7, 1], "texture": "#0"},
				"up": {"uv": [6, 7, 13, 9], "texture": "#0", "rotation": 90},
				"down": {"uv": [3, 6, 10, 8], "texture": "#0", "rotation": 270}
			}
		},
		{
			"from": [7, 12, 0],
			"to": [9, 13, 7],
			"faces": {
				"north": {"uv": [14, 8, 16, 9], "texture": "#0"},
				"east": {"uv": [6, 8, 13, 9], "texture": "#0"},
				"south": {"uv": [0, 0, 2, 1], "texture": "#0"},
				"west": {"uv": [0, 0, 7, 1], "texture": "#0"},
				"up": {"uv": [6, 7, 13, 9], "texture": "#0", "rotation": 90},
				"down": {"uv": [3, 6, 10, 8], "texture": "#0", "rotation": 270}
			}
		},
		{
			"from": [7.75, 9, 0],
			"to": [8.25, 12, 7],
			"faces": {
				"north": {"uv": [15, 12, 15.5, 14], "texture": "#1"},
				"east": {"uv": [3, 14, 10, 16], "texture": "#1"},
				"south": {"uv": [14, 7, 14.5, 8], "texture": "#1"},
				"west": {"uv": [4, 0, 11, 2], "texture": "#1", "rotation": 180},
				"up": {"uv": [6, 7, 13, 9], "texture": "#0", "rotation": 90},
				"down": {"uv": [3, 6, 10, 8], "texture": "#0", "rotation": 270}
			}
		},
		{
			"from": [7, 5, 0],
			"to": [9, 6, 7],
			"faces": {
				"north": {"uv": [14, 8, 16, 9], "texture": "#0"},
				"east": {"uv": [6, 8, 13, 9], "texture": "#0"},
				"south": {"uv": [0, 0, 2, 1], "texture": "#0"},
				"west": {"uv": [0, 0, 7, 1], "texture": "#0"},
				"up": {"uv": [6, 7, 13, 9], "texture": "#0", "rotation": 90},
				"down": {"uv": [3, 6, 10, 8], "texture": "#0", "rotation": 270}
			}
		}
	]
}