{
	"parent": "block/block",
	"textures": {
		"0": "_custom/steel",
		"1": "block/purpur_block",
		"2": "_custom/lamp",
		"particle": "_custom/steel"
	},
	"elements": [
		{
			"from": [0, 0, 0],
			"to": [16, 16, 16],
			"faces": {
				"north": {"uv": [0, 0, 16, 16], "texture": "#1"},
				"east": {"uv": [0, 0, 16, 16], "texture": "#1"},
				"south": {"uv": [0, 0, 16, 16], "texture": "#1"},
				"west": {"uv": [0, 0, 16, 16], "texture": "#1"},
				"up": {"uv": [0, 0, 16, 16], "texture": "#1"},
				"down": {"uv": [0, 0, 16, 16], "texture": "#1"}
			}
		},
		{
			"from": [3, 3, 16],
			"to": [13, 13, 17],
			"faces": {
				"north": {"uv": [13, 5, 14, 13], "texture": "#0"},
				"east": {"uv": [13, 5, 14, 13], "texture": "#0"},
				"south": {"uv": [3, 3, 13, 13], "texture": "#0"},
				"west": {"uv": [13, 5, 14, 13], "texture": "#0"},
				"up": {"uv": [13, 5, 14, 13], "texture": "#0", "rotation": 90},
				"down": {"uv": [13, 5, 14, 13], "texture": "#0", "rotation": 270}
			}
		},
		{
			"from": [4, 4, 17],
			"to": [12, 12, 19],
			"faces": {
				"north": {"uv": [0, 0, 16, 16], "texture": "#2"},
				"east": {"uv": [0, 0, 3, 16], "texture": "#2"},
				"south": {"uv": [0, 0, 16, 16], "texture": "#2"},
				"west": {"uv": [0, 0, 3, 16], "texture": "#2"},
				"up": {"uv": [0, 0, 16, 3], "texture": "#2"},
				"down": {"uv": [0, 13, 16, 16], "texture": "#2"}
			}
		},
		{
			"from": [5.5, 3, 17],
			"to": [6.5, 13, 19.75],
			"faces": {
				"north": {"uv": [0, 0, 1, 8], "texture": "#0"},
				"east": {"uv": [0, 0, 1.75, 8], "texture": "#0"},
				"south": {"uv": [0, 0, 1, 10], "texture": "#0"},
				"west": {"uv": [0, 0, 1, 8], "texture": "#0"},
				"up": {"uv": [0, 0, 1, 1.75], "texture": "#0"},
				"down": {"uv": [0, 0, 1, 1.75], "texture": "#0"}
			}
		},
		{
			"from": [9.5, 3, 17],
			"to": [10.5, 13, 19.75],
			"faces": {
				"north": {"uv": [0, 0, 1, 8], "texture": "#0"},
				"east": {"uv": [0, 0, 1.75, 8], "texture": "#0"},
				"south": {"uv": [0, 0, 1, 10], "texture": "#0"},
				"west": {"uv": [0, 0, 1, 8], "texture": "#0"},
				"up": {"uv": [0, 0, 1, 1.75], "texture": "#0"},
				"down": {"uv": [0, 0, 1, 1.75], "texture": "#0"}
			}
		},
		{
			"from": [3, 9.5, 17],
			"to": [13, 10.5, 19.65],
			"faces": {
				"north": {"uv": [0, 0, 1, 8], "texture": "#0", "rotation": 270},
				"east": {"uv": [0, 0, 1, 3], "texture": "#0", "rotation": 270},
				"south": {"uv": [3, 7, 13, 8], "texture": "#0"},
				"west": {"uv": [0, 7, 3, 8], "texture": "#0", "rotation": 180},
				"up": {"uv": [0, 0, 1, 8], "texture": "#0", "rotation": 270},
				"down": {"uv": [0, 0, 1, 8], "texture": "#0", "rotation": 270}
			}
		},
		{
			"from": [3, 5.5, 17],
			"to": [13, 6.5, 19.65],
			"faces": {
				"north": {"uv": [0, 0, 1, 8], "texture": "#0", "rotation": 270},
				"east": {"uv": [0, 5, 1, 8], "texture": "#0", "rotation": 270},
				"south": {"uv": [2, 5, 12, 6], "texture": "#0", "rotation": 180},
				"west": {"uv": [0, 5, 1, 8], "texture": "#0", "rotation": 270},
				"up": {"uv": [0, 0, 1, 8], "texture": "#0", "rotation": 270},
				"down": {"uv": [0, 0, 1, 8], "texture": "#0", "rotation": 270}
			}
		}
	],
	"display": {
		"head": {
			"scale": [2, 2, 2]
		}
	}
}