{
	"parent": "block/block",
	"textures": {
		"0": "block/dark_oak_planks",
		"2": "_custom/jungle_planks",
		"particle": "block/dark_oak_planks"
	},
	"elements": [
		{
			"from": [0, 0, 0],
			"to": [16, 1, 16],
			"faces": {
				"north": {"uv": [0, 2, 16, 3], "texture": "#0"},
				"east": {"uv": [0, 4, 16, 5], "texture": "#0"},
				"south": {"uv": [0, 0, 16, 1], "texture": "#0"},
				"west": {"uv": [0, 1, 16, 2], "texture": "#0"},
				"up": {"uv": [0, 0, 16, 16], "texture": "#0"},
				"down": {"uv": [0, 0, 16, 16], "texture": "#0"}
			}
		},
		{
			"from": [0, 1, 15],
			"to": [1, 15, 16],
			"faces": {
				"north": {"uv": [0, 1, 14, 2], "texture": "#0", "rotation": 90},
				"east": {"uv": [0, 1, 14, 2], "texture": "#0", "rotation": 90},
				"south": {"uv": [0, 1, 14, 2], "texture": "#0", "rotation": 90},
				"west": {"uv": [0, 1, 14, 2], "texture": "#0", "rotation": 90},
				"up": {"uv": [0, 1, 1, 2], "texture": "#0", "rotation": 90},
				"down": {"uv": [0, 1, 1, 2], "texture": "#0", "rotation": 90}
			}
		},
		{
			"from": [0, 1, 0],
			"to": [1, 15, 1],
			"faces": {
				"north": {"uv": [0, 1, 14, 2], "texture": "#0", "rotation": 90},
				"east": {"uv": [0, 1, 14, 2], "texture": "#0", "rotation": 90},
				"south": {"uv": [0, 1, 14, 2], "texture": "#0", "rotation": 90},
				"west": {"uv": [0, 1, 14, 2], "texture": "#0", "rotation": 90},
				"up": {"uv": [0, 1, 1, 2], "texture": "#0", "rotation": 90},
				"down": {"uv": [0, 1, 1, 2], "texture": "#0", "rotation": 90}
			}
		},
		{
			"from": [15, 1, 0],
			"to": [16, 15, 1],
			"faces": {
				"north": {"uv": [0, 1, 14, 2], "texture": "#0", "rotation": 90},
				"east": {"uv": [0, 1, 14, 2], "texture": "#0", "rotation": 90},
				"south": {"uv": [0, 1, 14, 2], "texture": "#0", "rotation": 90},
				"west": {"uv": [0, 1, 14, 2], "texture": "#0", "rotation": 90},
				"up": {"uv": [0, 1, 1, 2], "texture": "#0", "rotation": 90},
				"down": {"uv": [0, 1, 1, 2], "texture": "#0", "rotation": 90}
			}
		},
		{
			"from": [15, 1, 15],
			"to": [16, 15, 16],
			"faces": {
				"north": {"uv": [0, 1, 14, 2], "texture": "#0", "rotation": 90},
				"east": {"uv": [0, 1, 14, 2], "texture": "#0", "rotation": 90},
				"south": {"uv": [0, 1, 14, 2], "texture": "#0", "rotation": 90},
				"west": {"uv": [0, 1, 14, 2], "texture": "#0", "rotation": 90},
				"up": {"uv": [0, 1, 1, 2], "texture": "#0", "rotation": 90},
				"down": {"uv": [0, 1, 1, 2], "texture": "#0", "rotation": 90}
			}
		},
		{
			"from": [15, 15, 1],
			"to": [16, 16, 16],
			"faces": {
				"north": {"uv": [0, 5, 1, 6], "texture": "#0", "rotation": 90},
				"east": {"uv": [0, 9, 15, 10], "texture": "#0"},
				"south": {"uv": [14, 5, 15, 6], "texture": "#0", "rotation": 90},
				"west": {"uv": [0, 9, 15, 10], "texture": "#0", "rotation": 180},
				"up": {"uv": [0, 9, 15, 10], "texture": "#0", "rotation": 90},
				"down": {"uv": [0, 9, 15, 10], "texture": "#0", "rotation": 90}
			}
		},
		{
			"from": [0, 15, 15],
			"to": [15, 16, 16],
			"faces": {
				"north": {"uv": [0, 5, 15, 6], "texture": "#0", "rotation": 180},
				"east": {"uv": [0, 5, 1, 6], "texture": "#0", "rotation": 90},
				"south": {"uv": [0, 5, 15, 6], "texture": "#0"},
				"west": {"uv": [14, 5, 15, 6], "texture": "#0", "rotation": 90},
				"up": {"uv": [0, 5, 15, 6], "texture": "#0", "rotation": 180},
				"down": {"uv": [0, 5, 15, 6], "texture": "#0"}
			}
		},
		{
			"from": [0, 15, 0],
			"to": [1, 16, 15],
			"faces": {
				"north": {"uv": [0, 10, 1, 11], "texture": "#0", "rotation": 180},
				"east": {"uv": [0, 10, 15, 11], "texture": "#0", "rotation": 180},
				"south": {"uv": [0, 10, 1, 11], "texture": "#0", "rotation": 180},
				"west": {"uv": [0, 10, 15, 11], "texture": "#0", "rotation": 180},
				"up": {"uv": [0, 10, 15, 11], "texture": "#0", "rotation": 90},
				"down": {"uv": [0, 10, 15, 11], "texture": "#0", "rotation": 90}
			}
		},
		{
			"from": [1, 15, 0],
			"to": [16, 16, 1],
			"faces": {
				"north": {"uv": [0, 5, 15, 6], "texture": "#0"},
				"east": {"uv": [14, 5, 15, 6], "texture": "#0", "rotation": 90},
				"south": {"uv": [0, 5, 15, 6], "texture": "#0", "rotation": 180},
				"west": {"uv": [0, 5, 1, 6], "texture": "#0", "rotation": 90},
				"up": {"uv": [0, 5, 15, 6], "texture": "#0"},
				"down": {"uv": [0, 5, 15, 6], "texture": "#0", "rotation": 180}
			}
		},
		{
			"from": [1, 1, 1],
			"to": [15, 15, 15],
			"faces": {
				"north": {"uv": [1, 1, 15, 15], "texture": "#2"},
				"east": {"uv": [1, 1, 15, 15], "texture": "#2"},
				"south": {"uv": [1, 1, 15, 15], "texture": "#2"},
				"west": {"uv": [1, 1, 15, 15], "texture": "#2"},
				"up": {"uv": [1, 1, 15, 15], "texture": "#2"},
				"down": {"uv": [1, 1, 15, 15], "texture": "#2"}
			}
		}
	]
}