{
    "parent": "block/block",
	"textures": {
		"0": "block/purpur_block",
		"1": "_custom/steel",
		"2": "block/dark_oak_planks",
		"3": "block/brown_terracotta",
		"4": "block/light_blue_terracotta",
		"5": "block/green_terracotta",
		"particle": "block/purpur_block"
	},
	"elements": [
		{
			"from": [0, 0, 0],
			"to": [16, 16, 16],
			"faces": {
				"north": {"uv": [0, 0, 16, 16], "texture": "#4"},
				"east": {"uv": [0, 0, 16, 16], "texture": "#4"},
				"south": {"uv": [0, 0, 16, 16], "texture": "#4"},
				"west": {"uv": [0, 0, 16, 16], "texture": "#4"},
				"up": {"uv": [0, 0, 16, 16], "texture": "#4"},
				"down": {"uv": [0, 0, 16, 16], "texture": "#4"}
			}
		},
		{
			"from": [3, 4, 16],
			"to": [4, 5, 19],
			"faces": {
				"north": {"uv": [7, 5, 10, 6], "texture": "#1"},
				"east": {"uv": [7, 5, 10, 6], "texture": "#1"},
				"south": {"uv": [7, 5, 8, 6], "texture": "#1"},
				"west": {"uv": [7, 5, 10, 6], "texture": "#1"},
				"up": {"uv": [7, 5, 10, 6], "texture": "#1"},
				"down": {"uv": [7, 5, 10, 6], "texture": "#1"}
			}
		},
		{
			"from": [3, 5, 18],
			"to": [4, 7, 19],
			"faces": {
				"north": {"uv": [5, 3, 6, 5], "texture": "#1"},
				"east": {"uv": [5, 3, 6, 5], "texture": "#1"},
				"south": {"uv": [5, 3, 6, 5], "texture": "#1"},
				"west": {"uv": [5, 3, 6, 5], "texture": "#1"},
				"up": {"uv": [2, 6, 3, 7], "texture": "#1"},
				"down": {"uv": [5, 3, 6, 5], "texture": "#1"}
			}
		},
		{
			"from": [12, 5, 18],
			"to": [13, 7, 19],
			"faces": {
				"north": {"uv": [6, 3, 5, 5], "texture": "#1"},
				"east": {"uv": [6, 3, 5, 5], "texture": "#1"},
				"south": {"uv": [6, 3, 5, 5], "texture": "#1"},
				"west": {"uv": [6, 3, 5, 5], "texture": "#1"},
				"up": {"uv": [3, 6, 2, 7], "texture": "#1"},
				"down": {"uv": [6, 3, 5, 5], "texture": "#1"}
			}
		},
		{
			"from": [12, 4, 16],
			"to": [13, 5, 19],
			"faces": {
				"north": {"uv": [8, 3, 5, 4], "texture": "#1"},
				"east": {"uv": [8, 3, 5, 4], "texture": "#1"},
				"south": {"uv": [6, 3, 5, 4], "texture": "#1"},
				"west": {"uv": [8, 3, 5, 4], "texture": "#1"},
				"up": {"uv": [8, 3, 5, 4], "texture": "#1"},
				"down": {"uv": [8, 3, 5, 4], "texture": "#1"}
			}
		},
		{
			"from": [1, 5, 17],
			"to": [8, 6, 18],
			"faces": {
				"north": {"uv": [4, 2, 11, 3], "texture": "#2"},
				"east": {"uv": [4, 2, 11, 3], "texture": "#2"},
				"south": {"uv": [4, 2, 5, 3], "texture": "#2"},
				"west": {"uv": [4, 2, 11, 3], "texture": "#2"},
				"up": {"uv": [4, 2, 11, 3], "texture": "#2"},
				"down": {"uv": [4, 2, 11, 3], "texture": "#2"}
			}
		},
		{
			"from": [-2, 8, 17.25],
			"to": [2, 9, 17.75],
			"faces": {
				"north": {"uv": [5, 5, 9, 6], "texture": "#0"},
				"east": {"uv": [3, 7, 4, 8], "texture": "#0"},
				"south": {"uv": [5, 7, 9, 8], "texture": "#0"},
				"west": {"uv": [3, 7, 4, 8], "texture": "#0"},
				"up": {"uv": [3, 7, 7, 8], "texture": "#0"},
				"down": {"uv": [3, 7, 7, 8], "texture": "#0"}
			}
		},
		{
			"from": [-1, 4, 17],
			"to": [1, 7, 18],
			"faces": {
				"north": {"uv": [4, 6, 6, 7], "texture": "#3"},
				"east": {"uv": [4, 6, 5, 9], "texture": "#3"},
				"south": {"uv": [4, 6, 6, 9], "texture": "#3"},
				"west": {"uv": [4, 6, 5, 9], "texture": "#3"},
				"up": {"uv": [4, 6, 6, 7], "texture": "#3"},
				"down": {"uv": [4, 6, 8, 7], "texture": "#3"}
			}
		},
		{
			"from": [-1, 7, 17.15],
			"to": [1, 8, 17.85],
			"faces": {
				"north": {"uv": [4, 5, 6, 6], "texture": "#3"},
				"east": {"uv": [4, 5, 5, 6], "texture": "#3"},
				"south": {"uv": [4, 5, 6, 6], "texture": "#3"},
				"west": {"uv": [4, 5, 5, 6], "texture": "#3"},
				"up": {"uv": [4, 6, 6, 7], "texture": "#3"},
				"down": {"uv": [4, 6, 8, 7], "texture": "#3"}
			}
		},
		{
			"from": [-2, 7, 17.25],
			"to": [-1, 8, 17.75],
			"faces": {
				"north": {"uv": [3, 7, 4, 8], "texture": "#0"},
				"east": {"uv": [3, 7, 4, 8], "texture": "#0"},
				"south": {"uv": [3, 7, 4, 8], "texture": "#0"},
				"west": {"uv": [3, 7, 4, 8], "texture": "#0"},
				"up": {"uv": [3, 7, 4, 8], "texture": "#0"},
				"down": {"uv": [3, 7, 4, 8], "texture": "#0"}
			}
		},
		{
			"from": [1, 7, 17.25],
			"to": [2, 8, 17.75],
			"faces": {
				"north": {"uv": [6, 7, 7, 8], "texture": "#0"},
				"east": {"uv": [6, 7, 7, 8], "texture": "#0"},
				"south": {"uv": [6, 7, 7, 8], "texture": "#0"},
				"west": {"uv": [6, 7, 7, 8], "texture": "#0"},
				"up": {"uv": [6, 7, 7, 8], "texture": "#0"},
				"down": {"uv": [6, 7, 7, 8], "texture": "#0"}
			}
		},
		{
			"from": [-1, 2, 17],
			"to": [0, 4, 18],
			"faces": {
				"north": {"uv": [4, 7, 5, 9], "texture": "#3"},
				"east": {"uv": [4, 7, 5, 9], "texture": "#3"},
				"south": {"uv": [4, 7, 5, 9], "texture": "#3"},
				"west": {"uv": [4, 7, 5, 9], "texture": "#3"},
				"up": {"uv": [0, 0, 1, 1], "texture": "#3"},
				"down": {"uv": [4, 8, 5, 9], "texture": "#3"}
			}
		},
		{
			"from": [8, 5, 17],
			"to": [15, 6, 18],
			"faces": {
				"north": {"uv": [4, 4, 5, 12], "texture": "#5", "rotation": 90},
				"east": {"uv": [4, 4, 5, 5], "texture": "#5", "rotation": 90},
				"south": {"uv": [4, 4, 5, 12], "texture": "#5", "rotation": 90},
				"west": {"uv": [4, 4, 5, 12], "texture": "#5", "rotation": 90},
				"up": {"uv": [5, 4, 6, 12], "texture": "#5", "rotation": 90},
				"down": {"uv": [13, 4, 14, 12], "texture": "#5", "rotation": 90}
			}
		}
	]
}