{
	"parent": "block/block",
	"textures": {
		"0": "_custom/steel",
		"1": "block/purpur_block",
		"2": "block/orange_glazed_terracotta",
		"1_0": "block/purpur_block",
		"particle": "block/purpur_block",
		"1_1": "_custom/steel"
	},
	"elements": [
		{
			"from": [8, 14.25, 1.1],
			"to": [14, 15.15, 2.3],
			"faces": {
				"north": {"uv": [12, 9, 6, 10], "texture": "#0"},
				"east": {"uv": [12, 9, 6, 10], "texture": "#0"},
				"south": {"uv": [12, 9, 6, 10], "texture": "#0"},
				"west": {"uv": [12, 9, 6, 10], "texture": "#0"},
				"up": {"uv": [12, 9, 6, 10], "texture": "#0"},
				"down": {"uv": [12, 9, 6, 10], "texture": "#0"}
			}
		},
		{
			"from": [8, 14.25, 13.7],
			"to": [14, 15.15, 14.9],
			"faces": {
				"north": {"uv": [7, 8, 1, 9], "texture": "#0"},
				"east": {"uv": [7, 8, 1, 9], "texture": "#0"},
				"south": {"uv": [7, 8, 1, 9], "texture": "#0"},
				"west": {"uv": [7, 8, 1, 9], "texture": "#0"},
				"up": {"uv": [7, 8, 1, 9], "texture": "#0"},
				"down": {"uv": [7, 8, 1, 9], "texture": "#0"}
			}
		},
		{
			"from": [8, 14.25, 10.6],
			"to": [14, 15.15, 11.8],
			"faces": {
				"north": {"uv": [14, 3, 8, 4], "texture": "#0"},
				"east": {"uv": [14, 3, 8, 4], "texture": "#0"},
				"south": {"uv": [14, 3, 8, 4], "texture": "#0"},
				"west": {"uv": [14, 3, 8, 4], "texture": "#0"},
				"up": {"uv": [14, 3, 8, 4], "texture": "#0"},
				"down": {"uv": [14, 3, 8, 4], "texture": "#0"}
			}
		},
		{
			"from": [8, 14.25, 4.2],
			"to": [14, 15.15, 5.4],
			"faces": {
				"north": {"uv": [9, 11, 3, 12], "texture": "#0"},
				"east": {"uv": [9, 11, 3, 12], "texture": "#0"},
				"south": {"uv": [9, 11, 3, 12], "texture": "#0"},
				"west": {"uv": [9, 11, 3, 12], "texture": "#0"},
				"up": {"uv": [9, 11, 3, 12], "texture": "#0"},
				"down": {"uv": [9, 11, 3, 12], "texture": "#0"}
			}
		},
		{
			"from": [8, 14.25, 7.5],
			"to": [14, 15.15, 8.7],
			"faces": {
				"north": {"uv": [10, 12, 4, 13], "texture": "#0"},
				"east": {"uv": [10, 12, 4, 13], "texture": "#0"},
				"south": {"uv": [10, 12, 4, 13], "texture": "#0"},
				"west": {"uv": [10, 12, 4, 13], "texture": "#0"},
				"up": {"uv": [10, 12, 4, 13], "texture": "#0"},
				"down": {"uv": [10, 12, 4, 13], "texture": "#0"}
			}
		},
		{
			"from": [13.7, 14.05, 0],
			"to": [16.1, 15.75, 16],
			"faces": {
				"north": {"uv": [9, 0, 7, 1.5], "texture": "#1"},
				"east": {"uv": [8.5, 0, 7, 16], "texture": "#1", "rotation": 90},
				"south": {"uv": [9, 0, 7, 1.5], "texture": "#1"},
				"west": {"uv": [8.5, 0, 7, 16], "texture": "#1", "rotation": 90},
				"up": {"uv": [9, 0, 7, 16], "texture": "#1"},
				"down": {"uv": [9, 0, 7, 16], "texture": "#1"}
			}
		},
		{
			"from": [11.5, 14.25, 0],
			"to": [12.7, 15.35, 16],
			"faces": {
				"north": {"uv": [5, 4, 4, 4.9], "texture": "#0"},
				"east": {"uv": [16, 0, 0, 0.9], "texture": "#0"},
				"south": {"uv": [4, 6, 3, 6.9], "texture": "#0"},
				"west": {"uv": [16, 0, 0, 0.9], "texture": "#0"},
				"up": {"uv": [16, 2, 0, 3], "texture": "#0", "rotation": 90},
				"down": {"uv": [16, 3, 0, 4], "texture": "#0", "rotation": 270}
			}
		},
		{
			"from": [7.9, 14.05, 0],
			"to": [10.3, 15.75, 16],
			"faces": {
				"north": {"uv": [7, 0, 9, 1.5], "texture": "#1"},
				"east": {"uv": [7, 0, 8.5, 16], "texture": "#1", "rotation": 90},
				"south": {"uv": [7, 0, 9, 1.5], "texture": "#1"},
				"west": {"uv": [7, 0, 8.5, 16], "texture": "#1", "rotation": 90},
				"up": {"uv": [7, 0, 9, 16], "texture": "#1"},
				"down": {"uv": [7, 0, 9, 16], "texture": "#1"}
			}
		},
		{
			"from": [0, 6.25, 1.1],
			"to": [6, 7.15, 2.3],
			"faces": {
				"north": {"uv": [12, 9, 6, 10], "texture": "#0"},
				"east": {"uv": [12, 9, 6, 10], "texture": "#0"},
				"south": {"uv": [12, 9, 6, 10], "texture": "#0"},
				"west": {"uv": [12, 9, 6, 10], "texture": "#0"},
				"up": {"uv": [12, 9, 6, 10], "texture": "#0"},
				"down": {"uv": [12, 9, 6, 10], "texture": "#0"}
			}
		},
		{
			"from": [0, 6.25, 13.7],
			"to": [6, 7.15, 14.9],
			"faces": {
				"north": {"uv": [7, 8, 1, 9], "texture": "#0"},
				"east": {"uv": [7, 8, 1, 9], "texture": "#0"},
				"south": {"uv": [7, 8, 1, 9], "texture": "#0"},
				"west": {"uv": [7, 8, 1, 9], "texture": "#0"},
				"up": {"uv": [7, 8, 1, 9], "texture": "#0"},
				"down": {"uv": [7, 8, 1, 9], "texture": "#0"}
			}
		},
		{
			"from": [0, 6.25, 10.6],
			"to": [6, 7.15, 11.8],
			"faces": {
				"north": {"uv": [14, 3, 8, 4], "texture": "#0"},
				"east": {"uv": [14, 3, 8, 4], "texture": "#0"},
				"south": {"uv": [14, 3, 8, 4], "texture": "#0"},
				"west": {"uv": [14, 3, 8, 4], "texture": "#0"},
				"up": {"uv": [14, 3, 8, 4], "texture": "#0"},
				"down": {"uv": [14, 3, 8, 4], "texture": "#0"}
			}
		},
		{
			"from": [0, 6.25, 4.2],
			"to": [6, 7.15, 5.4],
			"faces": {
				"north": {"uv": [9, 11, 3, 12], "texture": "#0"},
				"east": {"uv": [9, 11, 3, 12], "texture": "#0"},
				"south": {"uv": [9, 11, 3, 12], "texture": "#0"},
				"west": {"uv": [9, 11, 3, 12], "texture": "#0"},
				"up": {"uv": [9, 11, 3, 12], "texture": "#0"},
				"down": {"uv": [9, 11, 3, 12], "texture": "#0"}
			}
		},
		{
			"from": [0, 6.25, 7.5],
			"to": [6, 7.15, 8.7],
			"faces": {
				"north": {"uv": [10, 12, 4, 13], "texture": "#0"},
				"east": {"uv": [10, 12, 4, 13], "texture": "#0"},
				"south": {"uv": [10, 12, 4, 13], "texture": "#0"},
				"west": {"uv": [10, 12, 4, 13], "texture": "#0"},
				"up": {"uv": [10, 12, 4, 13], "texture": "#0"},
				"down": {"uv": [10, 12, 4, 13], "texture": "#0"}
			}
		},
		{
			"from": [5.7, 6.05, 0],
			"to": [8.1, 7.75, 16],
			"faces": {
				"north": {"uv": [9, 0, 7, 1.5], "texture": "#1"},
				"east": {"uv": [8.5, 0, 7, 16], "texture": "#1", "rotation": 90},
				"south": {"uv": [9, 0, 7, 1.5], "texture": "#1"},
				"west": {"uv": [8.5, 0, 7, 16], "texture": "#1", "rotation": 90},
				"up": {"uv": [9, 0, 7, 16], "texture": "#1"},
				"down": {"uv": [9, 0, 7, 16], "texture": "#1"}
			}
		},
		{
			"from": [3.5, 6.25, 0],
			"to": [4.7, 7.35, 16],
			"faces": {
				"north": {"uv": [5, 4, 4, 4.9], "texture": "#0"},
				"east": {"uv": [16, 0, 0, 0.9], "texture": "#0"},
				"south": {"uv": [4, 6, 3, 6.9], "texture": "#0"},
				"west": {"uv": [16, 0, 0, 0.9], "texture": "#0"},
				"up": {"uv": [16, 2, 0, 3], "texture": "#0", "rotation": 90},
				"down": {"uv": [16, 3, 0, 4], "texture": "#0", "rotation": 270}
			}
		},
		{
			"from": [-0.1, 6.05, 0],
			"to": [2.3, 7.75, 16],
			"faces": {
				"north": {"uv": [7, 0, 9, 1.5], "texture": "#1"},
				"east": {"uv": [7, 0, 8.5, 16], "texture": "#1", "rotation": 90},
				"south": {"uv": [7, 0, 9, 1.5], "texture": "#1"},
				"west": {"uv": [7, 0, 8.5, 16], "texture": "#1", "rotation": 90},
				"up": {"uv": [7, 0, 9, 16], "texture": "#1"},
				"down": {"uv": [7, 0, 9, 16], "texture": "#1"}
			}
		},
		{
			"from": [8, 6.25, 1.1],
			"to": [9.5, 7.15, 2.3],
			"faces": {
				"north": {"uv": [7, 9, 6, 10], "texture": "#0"},
				"east": {"uv": [7, 9, 6, 10], "texture": "#0"},
				"south": {"uv": [7, 9, 6, 10], "texture": "#0"},
				"west": {"uv": [7, 9, 6, 10], "texture": "#0"},
				"up": {"uv": [7, 9, 6, 10], "texture": "#0"},
				"down": {"uv": [7, 9, 6, 10], "texture": "#0"}
			}
		},
		{
			"from": [8.5, 7.15, 1.1],
			"to": [9.5, 14.15, 2.3],
			"faces": {
				"north": {"uv": [7, 9, 6, 10], "texture": "#0"},
				"east": {"uv": [7, 9, 6, 10], "texture": "#0"},
				"south": {"uv": [7, 9, 6, 10], "texture": "#0"},
				"west": {"uv": [7, 9, 6, 10], "texture": "#0"},
				"up": {"uv": [7, 9, 6, 10], "texture": "#0"},
				"down": {"uv": [7, 9, 6, 10], "texture": "#0"}
			}
		},
		{
			"from": [8, 6.25, 14.1],
			"to": [9.5, 7.15, 15.3],
			"faces": {
				"north": {"uv": [7, 9, 6, 10], "texture": "#0"},
				"east": {"uv": [7, 9, 6, 10], "texture": "#0"},
				"south": {"uv": [7, 9, 6, 10], "texture": "#0"},
				"west": {"uv": [7, 9, 6, 10], "texture": "#0"},
				"up": {"uv": [7, 9, 6, 10], "texture": "#0"},
				"down": {"uv": [7, 9, 6, 10], "texture": "#0"}
			}
		},
		{
			"from": [8.5, 7.15, 14.1],
			"to": [9.5, 14.15, 15.3],
			"faces": {
				"north": {"uv": [7, 9, 6, 10], "texture": "#0"},
				"east": {"uv": [7, 9, 6, 10], "texture": "#0"},
				"south": {"uv": [7, 9, 6, 10], "texture": "#0"},
				"west": {"uv": [7, 9, 6, 10], "texture": "#0"},
				"up": {"uv": [7, 9, 6, 10], "texture": "#0"},
				"down": {"uv": [7, 9, 6, 10], "texture": "#0"}
			}
		},
		{
			"from": [0, -1.75, 14.1],
			"to": [1.5, -0.85, 15.3],
			"faces": {
				"north": {"uv": [7, 9, 6, 10], "texture": "#0"},
				"east": {"uv": [7, 9, 6, 10], "texture": "#0"},
				"south": {"uv": [7, 9, 6, 10], "texture": "#0"},
				"west": {"uv": [7, 9, 6, 10], "texture": "#0"},
				"up": {"uv": [7, 9, 6, 10], "texture": "#0"},
				"down": {"uv": [7, 9, 6, 10], "texture": "#0"}
			}
		},
		{
			"from": [0.5, -0.85, 14.1],
			"to": [1.5, 6.15, 15.3],
			"faces": {
				"north": {"uv": [7, 9, 6, 10], "texture": "#0"},
				"east": {"uv": [7, 9, 6, 10], "texture": "#0"},
				"south": {"uv": [7, 9, 6, 10], "texture": "#0"},
				"west": {"uv": [7, 9, 6, 10], "texture": "#0"},
				"up": {"uv": [7, 9, 6, 10], "texture": "#0"},
				"down": {"uv": [7, 9, 6, 10], "texture": "#0"}
			}
		},
		{
			"from": [0.5, -0.85, 1.1],
			"to": [1.5, 6.15, 2.3],
			"faces": {
				"north": {"uv": [7, 9, 6, 10], "texture": "#0"},
				"east": {"uv": [7, 9, 6, 10], "texture": "#0"},
				"south": {"uv": [7, 9, 6, 10], "texture": "#0"},
				"west": {"uv": [7, 9, 6, 10], "texture": "#0"},
				"up": {"uv": [7, 9, 6, 10], "texture": "#0"},
				"down": {"uv": [7, 9, 6, 10], "texture": "#0"}
			}
		},
		{
			"from": [0, -1.75, 1.1],
			"to": [1.5, -0.85, 2.3],
			"faces": {
				"north": {"uv": [7, 9, 6, 10], "texture": "#0"},
				"east": {"uv": [7, 9, 6, 10], "texture": "#0"},
				"south": {"uv": [7, 9, 6, 10], "texture": "#0"},
				"west": {"uv": [7, 9, 6, 10], "texture": "#0"},
				"up": {"uv": [7, 9, 6, 10], "texture": "#0"},
				"down": {"uv": [7, 9, 6, 10], "texture": "#0"}
			}
		},
		{
			"from": [-3.5, -3.75, 14.1],
			"to": [19, -3.1, 15.3],
			"rotation": {"angle": 45, "axis": "z", "origin": [2.75, -2.3, 14.7]},
			"faces": {
				"north": {"uv": [7, 9, 6, 10], "texture": "#0"},
				"east": {"uv": [7, 9, 6, 10], "texture": "#0"},
				"south": {"uv": [7, 9, 6, 10], "texture": "#0"},
				"west": {"uv": [7, 9, 6, 10], "texture": "#0"},
				"up": {"uv": [7, 9, 6, 10], "texture": "#0"},
				"down": {"uv": [7, 9, 6, 10], "texture": "#0"}
			}
		},
		{
			"from": [-3.5, -2.75, 14.1],
			"to": [20, -1.85, 15.3],
			"rotation": {"angle": 45, "axis": "z", "origin": [2.75, -2.3, 14.7]},
			"faces": {
				"north": {"uv": [7, 9, 6, 10], "texture": "#0"},
				"east": {"uv": [7, 9, 6, 10], "texture": "#0"},
				"south": {"uv": [7, 9, 6, 10], "texture": "#0"},
				"west": {"uv": [7, 9, 6, 10], "texture": "#0"},
				"up": {"uv": [7, 9, 6, 10], "texture": "#0"},
				"down": {"uv": [7, 9, 6, 10], "texture": "#0"}
			}
		},
		{
			"from": [14.5, 8.15, 14.1],
			"to": [15.25, 14.15, 15.3],
			"faces": {
				"north": {"uv": [7, 9, 6, 10], "texture": "#0"},
				"east": {"uv": [7, 9, 6, 10], "texture": "#0"},
				"south": {"uv": [7, 9, 6, 10], "texture": "#0"},
				"west": {"uv": [7, 9, 6, 10], "texture": "#0"},
				"up": {"uv": [7, 9, 6, 10], "texture": "#0"},
				"down": {"uv": [7, 9, 6, 10], "texture": "#0"}
			}
		},
		{
			"from": [6.5, 0.15, 14.1],
			"to": [7.25, 6.15, 15.3],
			"faces": {
				"north": {"uv": [7, 9, 6, 10], "texture": "#0"},
				"east": {"uv": [7, 9, 6, 10], "texture": "#0"},
				"south": {"uv": [7, 9, 6, 10], "texture": "#0"},
				"west": {"uv": [7, 9, 6, 10], "texture": "#0"},
				"up": {"uv": [7, 9, 6, 10], "texture": "#0"},
				"down": {"uv": [7, 9, 6, 10], "texture": "#0"}
			}
		},
		{
			"from": [14.5, 8.15, 1.1],
			"to": [15.25, 14.15, 2.3],
			"faces": {
				"north": {"uv": [7, 9, 6, 10], "texture": "#0"},
				"east": {"uv": [7, 9, 6, 10], "texture": "#0"},
				"south": {"uv": [7, 9, 6, 10], "texture": "#0"},
				"west": {"uv": [7, 9, 6, 10], "texture": "#0"},
				"up": {"uv": [7, 9, 6, 10], "texture": "#0"},
				"down": {"uv": [7, 9, 6, 10], "texture": "#0"}
			}
		},
		{
			"from": [-3.5, -3.75, 1.1],
			"to": [19, -3.1, 2.3],
			"rotation": {"angle": 45, "axis": "z", "origin": [2.75, -2.3, 1.7]},
			"faces": {
				"north": {"uv": [7, 9, 6, 10], "texture": "#0"},
				"east": {"uv": [7, 9, 6, 10], "texture": "#0"},
				"south": {"uv": [7, 9, 6, 10], "texture": "#0"},
				"west": {"uv": [7, 9, 6, 10], "texture": "#0"},
				"up": {"uv": [7, 9, 6, 10], "texture": "#0"},
				"down": {"uv": [7, 9, 6, 10], "texture": "#0"}
			}
		},
		{
			"from": [-3.5, -2.75, 1.1],
			"to": [20, -1.85, 2.3],
			"rotation": {"angle": 45, "axis": "z", "origin": [2.75, -2.3, 1.7]},
			"faces": {
				"north": {"uv": [7, 9, 6, 10], "texture": "#0"},
				"east": {"uv": [7, 9, 6, 10], "texture": "#0"},
				"south": {"uv": [7, 9, 6, 10], "texture": "#0"},
				"west": {"uv": [7, 9, 6, 10], "texture": "#0"},
				"up": {"uv": [7, 9, 6, 10], "texture": "#0"},
				"down": {"uv": [7, 9, 6, 10], "texture": "#0"}
			}
		},
		{
			"from": [6.5, 0.15, 1.1],
			"to": [7.25, 6.15, 2.3],
			"faces": {
				"north": {"uv": [7, 9, 6, 10], "texture": "#0"},
				"east": {"uv": [7, 9, 6, 10], "texture": "#0"},
				"south": {"uv": [7, 9, 6, 10], "texture": "#0"},
				"west": {"uv": [7, 9, 6, 10], "texture": "#0"},
				"up": {"uv": [7, 9, 6, 10], "texture": "#0"},
				"down": {"uv": [7, 9, 6, 10], "texture": "#0"}
			}
		},
		{
			"from": [15, 16.5, -0.9],
			"to": [15.8, 32, -0.1],
			"rotation": {"angle": 0, "axis": "z", "origin": [15.5, 24.5, -1]},
			"faces": {
				"north": {"uv": [9, 0, 9.8, 15.5], "texture": "#1_0"},
				"east": {"uv": [12, 0, 12.8, 15.5], "texture": "#1_0"},
				"south": {"uv": [6, 0, 6.8, 15.5], "texture": "#1_0"},
				"west": {"uv": [7, 0, 7.8, 15.5], "texture": "#1_0"},
				"up": {"uv": [5, 3, 5.8, 3.8], "texture": "#1_0"},
				"down": {"uv": [5, 4, 5.8, 4.8], "texture": "#1_0"}
			}
		},
		{
			"from": [-2.25, 20.15, -0.75],
			"to": [18.5, 21.15, -0.25],
			"rotation": {"angle": 45, "axis": "z", "origin": [8, 20.75, -0.5]},
			"faces": {
				"north": {"uv": [16, 5, 2, 6], "texture": "#1_1"},
				"east": {"uv": [3, 5, 2, 6], "texture": "#1_1"},
				"south": {"uv": [16, 5, 2, 6], "texture": "#1_1"},
				"west": {"uv": [3, 5, 2, 6], "texture": "#1_1"},
				"up": {"uv": [2, 6, 16, 5], "texture": "#1_1"},
				"down": {"uv": [2, 6, 16, 5], "texture": "#1_1"}
			}
		},
		{
			"from": [-1.5, 15.5, -0.75],
			"to": [18.5, 16.5, -0.25],
			"rotation": {"angle": 45, "axis": "z", "origin": [8, 16, -0.5]},
			"faces": {
				"north": {"uv": [16, 5, 2, 6], "texture": "#1_1"},
				"east": {"uv": [3, 5, 2, 6], "texture": "#1_1"},
				"south": {"uv": [16, 5, 2, 6], "texture": "#1_1"},
				"west": {"uv": [3, 5, 2, 6], "texture": "#1_1"},
				"up": {"uv": [2, 6, 16, 5], "texture": "#1_1"},
				"down": {"uv": [2, 6, 16, 5], "texture": "#1_1"}
			}
		},
		{
			"from": [15.15, 14.5, -0.25],
			"to": [15.65, 15.5, 0.15],
			"rotation": {"angle": 0, "axis": "z", "origin": [15.4, 15, -0.3]},
			"faces": {
				"north": {"uv": [0, 0, 1, 1], "texture": "#1_1"},
				"east": {"uv": [0, 0, 1, 1], "texture": "#1_1"},
				"south": {"uv": [0, 0, 1, 1], "texture": "#1_1"},
				"west": {"uv": [0, 0, 1, 1], "texture": "#1_1"},
				"up": {"uv": [1, 1, 0, 0], "texture": "#1_1"},
				"down": {"uv": [1, 1, 0, 0], "texture": "#1_1"}
			}
		},
		{
			"from": [15.15, 14.5, -1],
			"to": [15.65, 16.5, -0.25],
			"rotation": {"angle": 0, "axis": "z", "origin": [15.4, 15.5, -1]},
			"faces": {
				"north": {"uv": [5, 0, 6, 2], "texture": "#1_1"},
				"east": {"uv": [5, 0, 6, 2], "texture": "#1_1"},
				"south": {"uv": [5, 0, 6, 2], "texture": "#1_1"},
				"west": {"uv": [5, 0, 6, 2], "texture": "#1_1"},
				"up": {"uv": [5, 0, 6, 2], "texture": "#1_1"},
				"down": {"uv": [5, 0, 6, 1], "texture": "#1_1"}
			}
		},
		{
			"from": [-1.25, 16.5, -0.65],
			"to": [18.05, 19.25, -0.35],
			"rotation": {"angle": 45, "axis": "z", "origin": [8, 17.5, -0.5]},
			"faces": {
				"north": {"uv": [16, 0, 0, 2], "texture": "#2"},
				"east": {"uv": [3, 5, 2, 6], "texture": "#1_1"},
				"south": {"uv": [16, 0, 0, 2], "texture": "#2"},
				"west": {"uv": [3, 5, 2, 6], "texture": "#1_1"},
				"up": {"uv": [2, 6, 16, 5], "texture": "#1_1"},
				"down": {"uv": [2, 6, 16, 5], "texture": "#1_1"}
			}
		},
		{
			"from": [-2.75, 23, -0.75],
			"to": [18.5, 24, -0.25],
			"rotation": {"angle": 45, "axis": "z", "origin": [8, 23.5, -0.5]},
			"faces": {
				"north": {"uv": [14, 7, 0, 8], "texture": "#1_1"},
				"east": {"uv": [3, 5, 2, 6], "texture": "#1_1"},
				"south": {"uv": [16, 5, 2, 6], "texture": "#1_1"},
				"west": {"uv": [3, 5, 2, 6], "texture": "#1_1"},
				"up": {"uv": [2, 6, 16, 5], "texture": "#1_1"},
				"down": {"uv": [2, 6, 16, 5], "texture": "#1_1"}
			}
		},
		{
			"from": [18.85355, 19.20711, -0.65],
			"to": [19.35355, 19.70711, -0.35],
			"rotation": {"angle": 45, "axis": "z", "origin": [8.35355, 18.20711, -0.5]},
			"faces": {
				"north": {"uv": [0.5, 1, 0, 1.5], "texture": "#2"},
				"east": {"uv": [0.5, 1, 0, 1.5], "texture": "#2"},
				"south": {"uv": [0.5, 1, 0, 1.5], "texture": "#2"},
				"west": {"uv": [0.5, 1, 0, 1.5], "texture": "#2"},
				"up": {"uv": [0.5, 1, 0, 1.5], "texture": "#2"},
				"down": {"uv": [0.5, 1, 0, 1.5], "texture": "#2"}
			}
		},
		{
			"from": [17.65355, 18.20711, -0.65],
			"to": [18.85355, 19.70711, -0.35],
			"rotation": {"angle": 45, "axis": "z", "origin": [8.35355, 18.20711, -0.5]},
			"faces": {
				"north": {"uv": [0.5, 1, 0, 1.5], "texture": "#2"},
				"east": {"uv": [0.5, 1, 0, 1.5], "texture": "#2"},
				"south": {"uv": [0.5, 1, 0, 1.5], "texture": "#2"},
				"west": {"uv": [0.5, 1, 0, 1.5], "texture": "#2"},
				"up": {"uv": [0.5, 1, 0, 1.5], "texture": "#2"},
				"down": {"uv": [0.5, 1, 0, 1.5], "texture": "#2"}
			}
		},
		{
			"from": [15, 16.5, 16.1],
			"to": [15.8, 32, 16.9],
			"rotation": {"angle": 0, "axis": "z", "origin": [15.5, 24.5, 17]},
			"faces": {
				"north": {"uv": [5, 0, 5.8, 15.5], "texture": "#1_0"},
				"east": {"uv": [10, 0, 10.8, 15.5], "texture": "#1_0"},
				"south": {"uv": [8, 0, 8.8, 15.5], "texture": "#1_0"},
				"west": {"uv": [5, 0, 5.8, 15.5], "texture": "#1_0"},
				"up": {"uv": [5, 2, 5.8, 2.8], "texture": "#1_0"},
				"down": {"uv": [5, 2, 5.8, 2.8], "texture": "#1_0"}
			}
		},
		{
			"from": [17.75355, 18.20711, 16.35],
			"to": [18.85355, 19.70711, 16.65],
			"rotation": {"angle": 45, "axis": "z", "origin": [8.35355, 18.20711, 16.5]},
			"faces": {
				"north": {"uv": [0, 1, 0.5, 1.5], "texture": "#2"},
				"east": {"uv": [0, 1, 0.5, 1.5], "texture": "#2"},
				"south": {"uv": [0, 1, 0.5, 1.5], "texture": "#2"},
				"west": {"uv": [0, 1, 0.5, 1.5], "texture": "#2"},
				"up": {"uv": [0.5, 1.5, 0, 1], "texture": "#2"},
				"down": {"uv": [0.5, 1.5, 0, 1], "texture": "#2"}
			}
		},
		{
			"from": [18.85355, 19.20711, 16.35],
			"to": [19.35355, 19.70711, 16.65],
			"rotation": {"angle": 45, "axis": "z", "origin": [8.35355, 18.20711, 16.5]},
			"faces": {
				"north": {"uv": [0, 1, 0.5, 1.5], "texture": "#2"},
				"east": {"uv": [0, 1, 0.5, 1.5], "texture": "#2"},
				"south": {"uv": [0, 1, 0.5, 1.5], "texture": "#2"},
				"west": {"uv": [0, 1, 0.5, 1.5], "texture": "#2"},
				"up": {"uv": [0.5, 1.5, 0, 1], "texture": "#2"},
				"down": {"uv": [0.5, 1.5, 0, 1], "texture": "#2"}
			}
		},
		{
			"from": [-2.25, 20.15, 16.25],
			"to": [18.5, 21.15, 16.75],
			"rotation": {"angle": 45, "axis": "z", "origin": [8, 20.75, 16.5]},
			"faces": {
				"north": {"uv": [2, 5, 16, 6], "texture": "#1_1"},
				"east": {"uv": [2, 5, 3, 6], "texture": "#1_1"},
				"south": {"uv": [2, 5, 16, 6], "texture": "#1_1"},
				"west": {"uv": [2, 5, 3, 6], "texture": "#1_1"},
				"up": {"uv": [2, 5, 16, 6], "texture": "#1_1"},
				"down": {"uv": [2, 5, 16, 6], "texture": "#1_1"}
			}
		},
		{
			"from": [-2.5, 23, 16.25],
			"to": [18.5, 24, 16.75],
			"rotation": {"angle": 45, "axis": "z", "origin": [8, 23.5, 16.5]},
			"faces": {
				"north": {"uv": [0, 5, 16, 6], "texture": "#1_1"},
				"east": {"uv": [2, 5, 2.5, 6], "texture": "#1_1"},
				"south": {"uv": [0, 7, 16, 8], "texture": "#1_1"},
				"west": {"uv": [2, 5, 2.5, 6], "texture": "#1_1"},
				"up": {"uv": [0, 5, 16, 5.5], "texture": "#1_1"},
				"down": {"uv": [0, 5, 16, 5.5], "texture": "#1_1"}
			}
		},
		{
			"from": [-1.5, 15.5, 16.25],
			"to": [18.5, 16.5, 16.75],
			"rotation": {"angle": 45, "axis": "z", "origin": [8, 16, 16.5]},
			"faces": {
				"north": {"uv": [2, 5, 16, 6], "texture": "#1_1"},
				"east": {"uv": [2, 5, 3, 6], "texture": "#1_1"},
				"south": {"uv": [2, 5, 16, 6], "texture": "#1_1"},
				"west": {"uv": [2, 5, 3, 6], "texture": "#1_1"},
				"up": {"uv": [2, 5, 16, 6], "texture": "#1_1"},
				"down": {"uv": [2, 5, 16, 6], "texture": "#1_1"}
			}
		},
		{
			"from": [-1.25, 16.5, 16.35],
			"to": [18.15, 19.25, 16.65],
			"rotation": {"angle": 45, "axis": "z", "origin": [8, 17.5, 16.5]},
			"faces": {
				"north": {"uv": [0, 0, 16, 2], "texture": "#2"},
				"east": {"uv": [2, 5, 3, 6], "texture": "#1_1"},
				"south": {"uv": [0, 0, 16, 2], "texture": "#2"},
				"west": {"uv": [2, 5, 3, 6], "texture": "#1_1"},
				"up": {"uv": [2, 5, 16, 6], "texture": "#1_1"},
				"down": {"uv": [2, 5, 16, 6], "texture": "#1_1"}
			}
		},
		{
			"from": [15.15, 14.5, 15.85],
			"to": [15.65, 15.5, 16.25],
			"rotation": {"angle": 0, "axis": "z", "origin": [15.4, 15, 16.3]},
			"faces": {
				"north": {"uv": [1, 0, 0, 1], "texture": "#1_1"},
				"east": {"uv": [1, 0, 0, 1], "texture": "#1_1"},
				"south": {"uv": [1, 0, 0, 1], "texture": "#1_1"},
				"west": {"uv": [1, 0, 0, 1], "texture": "#1_1"},
				"up": {"uv": [1, 0, 0, 1], "texture": "#1_1"},
				"down": {"uv": [1, 0, 0, 1], "texture": "#1_1"}
			}
		},
		{
			"from": [15.15, 14.5, 16.25],
			"to": [15.65, 16.5, 17],
			"rotation": {"angle": 0, "axis": "z", "origin": [15.4, 15.5, 17]},
			"faces": {
				"north": {"uv": [6, 0, 5, 2], "texture": "#1_1"},
				"east": {"uv": [6, 0, 5, 2], "texture": "#1_1"},
				"south": {"uv": [6, 0, 5, 2], "texture": "#1_1"},
				"west": {"uv": [6, 0, 5, 2], "texture": "#1_1"},
				"up": {"uv": [5, 2, 6, 0], "texture": "#1_1"},
				"down": {"uv": [5, 1, 6, 0], "texture": "#1_1"}
			}
		}
	],
	"groups": [
		{
			"name": "iron_trapdoor_top2",
			"isOpen": true,
			"shade": true,
			"display": {
				"visibility": true,
				"autouv": false
			},
			"children": [0, 1, 2, 3, 4, 5, 6, 7, 8, 9, 10, 11, 12, 13, 14, 15, 16, 17, 18, 19, 20, 21, 22, 23, 24, 25, 26, 27, 28, 29, 30, 31]
		},
		{
			"name": "iron_trapdoor_open",
			"isOpen": true,
			"shade": true,
			"display": {
				"visibility": true,
				"autouv": true
			},
			"children": [32, 33, 34, 35, 36, 37, 38, 39, 40, 41, 42, 43, 44, 45, 46, 47, 48, 49]
		}
	]
}