{
    "parent": "block/block",
	"textures": {
		"0": "block/purpur_block",
		"1": "block/anvil",
		"particle": "block/purpur_block"
	},
	"elements": [
		{
			"from": [0, 0, 0],
			"to": [16, 16, 16],
			"faces": {
				"north": {"uv": [0, 0, 16, 16], "texture": "#0"},
				"east": {"uv": [0, 0, 16, 16], "texture": "#0"},
				"south": {"uv": [0, 0, 16, 16], "texture": "#0"},
				"west": {"uv": [0, 0, 16, 16], "texture": "#0"},
				"up": {"uv": [0, 0, 16, 16], "texture": "#0"},
				"down": {"uv": [0, 0, 16, 16], "texture": "#0"}
			}
		},
		{
			"from": [4, 7, 16],
			"to": [5, 8, 18],
			"faces": {
				"north": {"uv": [0, 0, 1, 2], "texture": "#1"},
				"east": {"uv": [0, 0, 1, 2], "texture": "#1"},
				"south": {"uv": [0, 0, 1, 2], "texture": "#1"},
				"west": {"uv": [0, 0, 1, 2], "texture": "#1"},
				"up": {"uv": [9, 4, 10, 6], "texture": "#1"},
				"down": {"uv": [0, 0, 1, 2], "texture": "#1"}
			}
		},
		{
			"from": [3.75, 6.75, 18],
			"to": [5.25, 8.25, 19],
			"faces": {
				"north": {"uv": [0, 0, 1.5, 1.5], "texture": "#1"},
				"east": {"uv": [11, 11, 12, 12.5], "texture": "#1"},
				"south": {"uv": [8.25, 7.25, 9.75, 8.75], "texture": "#1"},
				"west": {"uv": [8, 8, 9, 9.5], "texture": "#1"},
				"up": {"uv": [10, 10, 11, 11.5], "texture": "#1"},
				"down": {"uv": [11, 12, 12, 13.5], "texture": "#1"}
			}
		},
		{
			"from": [11, 11, 16],
			"to": [12, 12, 18],
			"faces": {
				"north": {"uv": [0, 0, 1, 2], "texture": "#1"},
				"east": {"uv": [0, 0, 1, 2], "texture": "#1"},
				"south": {"uv": [0, 0, 1, 2], "texture": "#1"},
				"west": {"uv": [0, 0, 1, 2], "texture": "#1"},
				"up": {"uv": [9, 4, 10, 6], "texture": "#1"},
				"down": {"uv": [0, 0, 1, 2], "texture": "#1"}
			}
		},
		{
			"from": [10.75, 10.75, 18],
			"to": [12.25, 12.25, 19],
			"faces": {
				"north": {"uv": [0, 0, 1.5, 1.5], "texture": "#1"},
				"east": {"uv": [11, 11, 12, 12.5], "texture": "#1"},
				"south": {"uv": [8.25, 7.25, 9.75, 8.75], "texture": "#1"},
				"west": {"uv": [8, 8, 9, 9.5], "texture": "#1"},
				"up": {"uv": [10, 10, 11, 11.5], "texture": "#1"},
				"down": {"uv": [11, 12, 12, 13.5], "texture": "#1"}
			}
		}
	]
}