{
    "parent": "block/block",
	"textures": {
		"0": "block/purpur_block",
		"particle": "block/purpur_block"
	},
	"elements": [
		{
			"from": [0, 1, 4],
			"to": [16, 3, 12],
			"faces": {
				"north": {"uv": [6, 0, 7, 16], "texture": "#0", "rotation": 90},
				"east": {"uv": [3, 14, 11, 16], "texture": "#0"},
				"south": {"uv": [0, 0, 16, 1], "texture": "#0"},
				"west": {"uv": [4, 14, 12, 16], "texture": "#0"},
				"up": {"uv": [4, 0, 12, 16], "texture": "#0", "rotation": 90},
				"down": {"uv": [2, 0, 10, 16], "texture": "#0", "rotation": 270}
			}
		},
		{
			"from": [0, 2, 2],
			"to": [16, 4, 4],
			"faces": {
				"north": {"uv": [9, 0, 11, 16], "texture": "#0", "rotation": 90},
				"east": {"uv": [14, 14, 16, 16], "texture": "#0"},
				"south": {"uv": [9, 0, 11, 16], "texture": "#0", "rotation": 90},
				"west": {"uv": [0, 14, 2, 16], "texture": "#0"},
				"up": {"uv": [9, 0, 11, 16], "texture": "#0", "rotation": 90},
				"down": {"uv": [9, 0, 11, 16], "texture": "#0", "rotation": 270}
			}
		},
		{
			"from": [0, 4, 13],
			"to": [16, 12, 15],
			"faces": {
				"north": {"uv": [4, 0, 12, 16], "texture": "#0", "rotation": 270},
				"east": {"uv": [3, 14, 11, 16], "texture": "#0", "rotation": 90},
				"south": {"uv": [2, 0, 10, 16], "texture": "#0", "rotation": 270},
				"west": {"uv": [4, 14, 12, 16], "texture": "#0", "rotation": 270},
				"up": {"uv": [0, 0, 16, 1], "texture": "#0"},
				"down": {"uv": [6, 0, 7, 16], "texture": "#0", "rotation": 270}
			}
		},
		{
			"from": [0, 2, 12],
			"to": [16, 4, 14],
			"faces": {
				"north": {"uv": [9, 0, 11, 16], "texture": "#0", "rotation": 270},
				"east": {"uv": [14, 14, 16, 16], "texture": "#0", "rotation": 90},
				"south": {"uv": [9, 0, 11, 16], "texture": "#0", "rotation": 270},
				"west": {"uv": [0, 14, 2, 16], "texture": "#0", "rotation": 270},
				"up": {"uv": [9, 0, 11, 16], "texture": "#0", "rotation": 90},
				"down": {"uv": [9, 0, 11, 16], "texture": "#0", "rotation": 270}
			}
		},
		{
			"from": [0, 13, 4],
			"to": [16, 15, 12],
			"faces": {
				"north": {"uv": [0, 0, 16, 1], "texture": "#0", "rotation": 180},
				"east": {"uv": [3, 14, 11, 16], "texture": "#0", "rotation": 180},
				"south": {"uv": [6, 0, 7, 16], "texture": "#0", "rotation": 270},
				"west": {"uv": [4, 14, 12, 16], "texture": "#0", "rotation": 180},
				"up": {"uv": [2, 0, 10, 16], "texture": "#0", "rotation": 270},
				"down": {"uv": [4, 0, 12, 16], "texture": "#0", "rotation": 90}
			}
		},
		{
			"from": [0, 12, 12],
			"to": [16, 14, 14],
			"faces": {
				"north": {"uv": [9, 0, 11, 16], "texture": "#0", "rotation": 270},
				"east": {"uv": [14, 14, 16, 16], "texture": "#0", "rotation": 180},
				"south": {"uv": [9, 0, 11, 16], "texture": "#0", "rotation": 270},
				"west": {"uv": [0, 14, 2, 16], "texture": "#0", "rotation": 180},
				"up": {"uv": [9, 0, 11, 16], "texture": "#0", "rotation": 270},
				"down": {"uv": [9, 0, 11, 16], "texture": "#0", "rotation": 90}
			}
		},
		{
			"from": [0, 4, 1],
			"to": [16, 12, 3],
			"faces": {
				"north": {"uv": [2, 0, 10, 16], "texture": "#0", "rotation": 90},
				"east": {"uv": [3, 14, 11, 16], "texture": "#0", "rotation": 270},
				"south": {"uv": [4, 0, 12, 16], "texture": "#0", "rotation": 90},
				"west": {"uv": [4, 14, 12, 16], "texture": "#0", "rotation": 90},
				"up": {"uv": [6, 0, 7, 16], "texture": "#0", "rotation": 270},
				"down": {"uv": [0, 0, 16, 1], "texture": "#0"}
			}
		},
		{
			"from": [0, 12, 2],
			"to": [16, 14, 4],
			"faces": {
				"north": {"uv": [9, 0, 11, 16], "texture": "#0", "rotation": 90},
				"east": {"uv": [14, 0, 16, 2], "texture": "#0"},
				"south": {"uv": [9, 0, 11, 16], "texture": "#0", "rotation": 90},
				"west": {"uv": [0, 14, 2, 16], "texture": "#0", "rotation": 90},
				"up": {"uv": [9, 0, 11, 16], "texture": "#0", "rotation": 270},
				"down": {"uv": [9, 0, 11, 16], "texture": "#0", "rotation": 90}
			}
		}
	]
}