{
	"parent": "block/block",
	"textures": {
		"0": "_custom/light_steel",
		"1": "_custom/steel",
		"particle": "_custom/light_steel"
	},
	"elements": [
		{
			"from": [6, 0, 6],
			"to": [10, 2, 10],
			"faces": {
				"north": {"uv": [12, 11, 16, 13], "texture": "#1"},
				"east": {"uv": [11, 12, 15, 14], "texture": "#1"},
				"south": {"uv": [3, 6, 7, 8], "texture": "#1"},
				"west": {"uv": [12, 2, 16, 4], "texture": "#1"},
				"up": {"uv": [10, 6, 14, 10], "texture": "#1"},
				"down": {"uv": [8, 9, 12, 13], "texture": "#1"}
			}
		},
		{
			"from": [5, -0.5, 6],
			"to": [11, 1.5, 10],
			"faces": {
				"north": {"uv": [8, 10, 14, 11.5], "texture": "#1"},
				"east": {"uv": [11, 3, 15, 4.5], "texture": "#1"},
				"south": {"uv": [9, 5, 15, 6.5], "texture": "#1"},
				"west": {"uv": [12, 2, 16, 4], "texture": "#1"},
				"up": {"uv": [10, 7, 16, 11], "texture": "#1"},
				"down": {"uv": [7, 8, 13, 12], "texture": "#1"}
			}
		},
		{
			"from": [6, -0.5, 5],
			"to": [10, 1.5, 11],
			"faces": {
				"north": {"uv": [12, 2, 16, 4], "texture": "#1"},
				"east": {"uv": [8, 10, 14, 11.5], "texture": "#1"},
				"south": {"uv": [11, 3, 15, 4.5], "texture": "#1"},
				"west": {"uv": [9, 5, 15, 6.5], "texture": "#1"},
				"up": {"uv": [10, 7, 16, 11], "texture": "#1", "rotation": 90},
				"down": {"uv": [7, 8, 13, 12], "texture": "#1", "rotation": 270}
			}
		},
		{
			"from": [6.5, 2, 7.5],
			"to": [7.25, 6, 8.5],
			"faces": {
				"north": {"uv": [10, 10, 11, 13], "texture": "#0"},
				"east": {"uv": [10, 10, 11, 13], "texture": "#0"},
				"south": {"uv": [10, 10, 11, 13], "texture": "#0"},
				"west": {"uv": [10, 10, 11, 13], "texture": "#0"},
				"up": {"uv": [10, 10, 11, 11], "texture": "#0"},
				"down": {"uv": [10, 10, 11, 11], "texture": "#0"}
			}
		},
		{
			"from": [8.75, 2, 7.5],
			"to": [9.5, 6, 8.5],
			"faces": {
				"north": {"uv": [10, 10, 11, 13], "texture": "#0"},
				"east": {"uv": [10, 10, 11, 13], "texture": "#0"},
				"south": {"uv": [10, 10, 11, 13], "texture": "#0"},
				"west": {"uv": [10, 10, 11, 13], "texture": "#0"},
				"up": {"uv": [10, 10, 11, 11], "texture": "#0"},
				"down": {"uv": [10, 10, 11, 11], "texture": "#0"}
			}
		},
		{
			"from": [7.25, 5.5, 7.5],
			"to": [8.75, 6.25, 8.5],
			"faces": {
				"north": {"uv": [11, 12, 12, 13], "texture": "#0"},
				"east": {"uv": [11, 12, 12, 13], "texture": "#0"},
				"south": {"uv": [11, 12, 12, 13], "texture": "#0"},
				"west": {"uv": [11, 12, 12, 13], "texture": "#0"},
				"up": {"uv": [11, 12, 12, 13], "texture": "#0"},
				"down": {"uv": [11, 12, 12, 13], "texture": "#0"}
			}
		},
		{
			"from": [7.5, 4.75, 7.25],
			"to": [8.5, 5.5, 8.75],
			"faces": {
				"north": {"uv": [11, 13, 12, 12], "texture": "#0"},
				"east": {"uv": [11, 13, 12, 12], "texture": "#0"},
				"south": {"uv": [11, 13, 12, 12], "texture": "#0"},
				"west": {"uv": [11, 13, 12, 12], "texture": "#0"},
				"up": {"uv": [11, 13, 12, 12], "texture": "#0", "rotation": 270},
				"down": {"uv": [11, 13, 12, 12], "texture": "#0", "rotation": 90}
			}
		},
		{
			"from": [7.5, 5, 8.75],
			"to": [8.5, 10, 9.5],
			"faces": {
				"north": {"uv": [10, 14, 11, 9], "texture": "#0"},
				"east": {"uv": [10, 14, 11, 9], "texture": "#0"},
				"south": {"uv": [10, 14, 11, 9], "texture": "#0"},
				"west": {"uv": [10, 14, 11, 9], "texture": "#0"},
				"up": {"uv": [10, 10, 11, 9], "texture": "#0", "rotation": 270},
				"down": {"uv": [10, 10, 11, 9], "texture": "#0", "rotation": 90}
			}
		},
		{
			"from": [7.5, 5, 6.5],
			"to": [8.5, 10, 7.25],
			"faces": {
				"north": {"uv": [10, 14, 11, 9], "texture": "#0"},
				"east": {"uv": [10, 14, 11, 9], "texture": "#0"},
				"south": {"uv": [10, 14, 11, 9], "texture": "#0"},
				"west": {"uv": [10, 14, 11, 9], "texture": "#0"},
				"up": {"uv": [10, 10, 11, 9], "texture": "#0", "rotation": 270},
				"down": {"uv": [10, 10, 11, 9], "texture": "#0", "rotation": 90}
			}
		},
		{
			"from": [7.5, 9.5, 7.25],
			"to": [8.5, 10.25, 8.75],
			"faces": {
				"north": {"uv": [11, 13, 12, 12], "texture": "#0"},
				"east": {"uv": [11, 13, 12, 12], "texture": "#0"},
				"south": {"uv": [11, 13, 12, 12], "texture": "#0"},
				"west": {"uv": [11, 13, 12, 12], "texture": "#0"},
				"up": {"uv": [11, 13, 12, 12], "texture": "#0", "rotation": 270},
				"down": {"uv": [11, 13, 12, 12], "texture": "#0", "rotation": 90}
			}
		},
		{
			"from": [8.75, 9, 7.5],
			"to": [9.5, 14, 8.5],
			"faces": {
				"north": {"uv": [10, 14, 11, 9], "texture": "#0"},
				"east": {"uv": [10, 14, 11, 9], "texture": "#0"},
				"south": {"uv": [10, 14, 11, 9], "texture": "#0"},
				"west": {"uv": [10, 14, 11, 9], "texture": "#0"},
				"up": {"uv": [10, 10, 11, 9], "texture": "#0"},
				"down": {"uv": [10, 10, 11, 9], "texture": "#0"}
			}
		},
		{
			"from": [7.25, 13.5, 7.5],
			"to": [8.75, 14.25, 8.5],
			"faces": {
				"north": {"uv": [11, 13, 12, 12], "texture": "#0"},
				"east": {"uv": [11, 13, 12, 12], "texture": "#0"},
				"south": {"uv": [11, 13, 12, 12], "texture": "#0"},
				"west": {"uv": [11, 13, 12, 12], "texture": "#0"},
				"up": {"uv": [11, 13, 12, 12], "texture": "#0"},
				"down": {"uv": [11, 13, 12, 12], "texture": "#0"}
			}
		},
		{
			"from": [6.5, 9, 7.5],
			"to": [7.25, 14, 8.5],
			"faces": {
				"north": {"uv": [10, 14, 11, 9], "texture": "#0"},
				"east": {"uv": [10, 14, 11, 9], "texture": "#0"},
				"south": {"uv": [10, 14, 11, 9], "texture": "#0"},
				"west": {"uv": [10, 14, 11, 9], "texture": "#0"},
				"up": {"uv": [10, 10, 11, 9], "texture": "#0"},
				"down": {"uv": [10, 10, 11, 9], "texture": "#0"}
			}
		},
		{
			"from": [7.25, 8.75, 7.5],
			"to": [8.75, 9.5, 8.5],
			"faces": {
				"north": {"uv": [11, 13, 12, 12], "texture": "#0"},
				"east": {"uv": [11, 13, 12, 12], "texture": "#0"},
				"south": {"uv": [11, 13, 12, 12], "texture": "#0"},
				"west": {"uv": [11, 13, 12, 12], "texture": "#0"},
				"up": {"uv": [11, 13, 12, 12], "texture": "#0"},
				"down": {"uv": [11, 13, 12, 12], "texture": "#0"}
			}
		},
		{
			"from": [7.5, 13, 8.75],
			"to": [8.5, 16, 9.5],
			"faces": {
				"north": {"uv": [10, 14, 11, 9], "texture": "#0"},
				"east": {"uv": [10, 14, 11, 9], "texture": "#0"},
				"south": {"uv": [10, 14, 11, 9], "texture": "#0"},
				"west": {"uv": [10, 14, 11, 9], "texture": "#0"},
				"up": {"uv": [10, 10, 11, 9], "texture": "#0", "rotation": 90},
				"down": {"uv": [10, 10, 11, 9], "texture": "#0", "rotation": 270}
			}
		},
		{
			"from": [7.5, 13, 6.5],
			"to": [8.5, 16, 7.25],
			"faces": {
				"north": {"uv": [10, 14, 11, 9], "texture": "#0"},
				"east": {"uv": [10, 14, 11, 9], "texture": "#0"},
				"south": {"uv": [10, 14, 11, 9], "texture": "#0"},
				"west": {"uv": [10, 14, 11, 9], "texture": "#0"},
				"up": {"uv": [10, 10, 11, 9], "texture": "#0", "rotation": 90},
				"down": {"uv": [10, 10, 11, 9], "texture": "#0", "rotation": 270}
			}
		},
		{
			"from": [7.5, 12.75, 7.25],
			"to": [8.5, 13.5, 8.75],
			"faces": {
				"north": {"uv": [11, 13, 12, 12], "texture": "#0"},
				"east": {"uv": [11, 13, 12, 12], "texture": "#0"},
				"south": {"uv": [11, 13, 12, 12], "texture": "#0"},
				"west": {"uv": [11, 13, 12, 12], "texture": "#0"},
				"up": {"uv": [11, 13, 12, 12], "texture": "#0", "rotation": 90},
				"down": {"uv": [11, 13, 12, 12], "texture": "#0", "rotation": 270}
			}
		},
		{
			"from": [5.25, 1, 8.75],
			"to": [5.75, 1.75, 9.25],
			"faces": {
				"north": {"uv": [4, 1.25, 4.5, 1.75], "texture": "#0"},
				"east": {"uv": [4, 1.25, 4.5, 1.75], "texture": "#0"},
				"south": {"uv": [4, 1.25, 4.5, 1.75], "texture": "#0"},
				"west": {"uv": [4, 1.25, 4.5, 1.75], "texture": "#0"},
				"up": {"uv": [4, 1.25, 4.5, 1.75], "texture": "#0"},
				"down": {"uv": [4, 1.25, 4.5, 1.75], "texture": "#0"}
			}
		},
		{
			"from": [5.25, 1, 6.75],
			"to": [5.75, 1.75, 7.25],
			"faces": {
				"north": {"uv": [4, 1.25, 4.5, 1.75], "texture": "#0"},
				"east": {"uv": [4, 1.25, 4.5, 1.75], "texture": "#0"},
				"south": {"uv": [4, 1.25, 4.5, 1.75], "texture": "#0"},
				"west": {"uv": [4, 1.25, 4.5, 1.75], "texture": "#0"},
				"up": {"uv": [4, 1.25, 4.5, 1.75], "texture": "#0"},
				"down": {"uv": [4, 1.25, 4.5, 1.75], "texture": "#0"}
			}
		},
		{
			"from": [6.75, 1, 5.25],
			"to": [7.25, 1.75, 5.75],
			"faces": {
				"north": {"uv": [4, 1.25, 4.5, 1.75], "texture": "#0"},
				"east": {"uv": [4, 1.25, 4.5, 1.75], "texture": "#0"},
				"south": {"uv": [4, 1.25, 4.5, 1.75], "texture": "#0"},
				"west": {"uv": [4, 1.25, 4.5, 1.75], "texture": "#0"},
				"up": {"uv": [4, 1.25, 4.5, 1.75], "texture": "#0", "rotation": 90},
				"down": {"uv": [4, 1.25, 4.5, 1.75], "texture": "#0", "rotation": 270}
			}
		},
		{
			"from": [8.75, 1, 5.25],
			"to": [9.25, 1.75, 5.75],
			"faces": {
				"north": {"uv": [4, 1.25, 4.5, 1.75], "texture": "#0"},
				"east": {"uv": [4, 1.25, 4.5, 1.75], "texture": "#0"},
				"south": {"uv": [4, 1.25, 4.5, 1.75], "texture": "#0"},
				"west": {"uv": [4, 1.25, 4.5, 1.75], "texture": "#0"},
				"up": {"uv": [4, 1.25, 4.5, 1.75], "texture": "#0", "rotation": 90},
				"down": {"uv": [4, 1.25, 4.5, 1.75], "texture": "#0", "rotation": 270}
			}
		},
		{
			"from": [10.25, 1, 6.75],
			"to": [10.75, 1.75, 7.25],
			"faces": {
				"north": {"uv": [4, 1.25, 4.5, 1.75], "texture": "#0"},
				"east": {"uv": [4, 1.25, 4.5, 1.75], "texture": "#0"},
				"south": {"uv": [4, 1.25, 4.5, 1.75], "texture": "#0"},
				"west": {"uv": [4, 1.25, 4.5, 1.75], "texture": "#0"},
				"up": {"uv": [4, 1.25, 4.5, 1.75], "texture": "#0", "rotation": 180},
				"down": {"uv": [4, 1.25, 4.5, 1.75], "texture": "#0", "rotation": 180}
			}
		},
		{
			"from": [10.25, 1, 8.75],
			"to": [10.75, 1.75, 9.25],
			"faces": {
				"north": {"uv": [4, 1.25, 4.5, 1.75], "texture": "#0"},
				"east": {"uv": [4, 1.25, 4.5, 1.75], "texture": "#0"},
				"south": {"uv": [4, 1.25, 4.5, 1.75], "texture": "#0"},
				"west": {"uv": [4, 1.25, 4.5, 1.75], "texture": "#0"},
				"up": {"uv": [4, 1.25, 4.5, 1.75], "texture": "#0", "rotation": 180},
				"down": {"uv": [4, 1.25, 4.5, 1.75], "texture": "#0", "rotation": 180}
			}
		},
		{
			"from": [8.75, 1, 10.25],
			"to": [9.25, 1.75, 10.75],
			"faces": {
				"north": {"uv": [4, 1.25, 4.5, 1.75], "texture": "#0"},
				"east": {"uv": [4, 1.25, 4.5, 1.75], "texture": "#0"},
				"south": {"uv": [4, 1.25, 4.5, 1.75], "texture": "#0"},
				"west": {"uv": [4, 1.25, 4.5, 1.75], "texture": "#0"},
				"up": {"uv": [4, 1.25, 4.5, 1.75], "texture": "#0", "rotation": 270},
				"down": {"uv": [4, 1.25, 4.5, 1.75], "texture": "#0", "rotation": 90}
			}
		},
		{
			"from": [6.75, 1, 10.25],
			"to": [7.25, 1.75, 10.75],
			"faces": {
				"north": {"uv": [4, 1.25, 4.5, 1.75], "texture": "#0"},
				"east": {"uv": [4, 1.25, 4.5, 1.75], "texture": "#0"},
				"south": {"uv": [4, 1.25, 4.5, 1.75], "texture": "#0"},
				"west": {"uv": [4, 1.25, 4.5, 1.75], "texture": "#0"},
				"up": {"uv": [4, 1.25, 4.5, 1.75], "texture": "#0", "rotation": 270},
				"down": {"uv": [4, 1.25, 4.5, 1.75], "texture": "#0", "rotation": 90}
			}
		}
	]
}