{
	"parent": "block/block",
	"textures": {
		"0": "_custom/steel",
		"1": "block/purpur_pillar",
		"1_0": "_custom/steel",
		"particle": "_custom/steel"
	},
	"elements": [
		{
			"from": [-0.25, 7.5, 14.39],
			"to": [16.25, 8.5, 15.64],
			"rotation": {"angle": -45, "axis": "z", "origin": [7.75, 8, 14.99]},
			"faces": {
				"north": {"uv": [6, 0, 8, 14], "texture": "#1", "rotation": 90},
				"east": {"uv": [6, 0, 8, 14], "texture": "#1", "rotation": 90},
				"south": {"uv": [6, 0, 8, 14], "texture": "#1", "rotation": 90},
				"west": {"uv": [6, 0, 7, 1], "texture": "#1", "rotation": 90},
				"up": {"uv": [6, 0, 8, 14], "texture": "#1", "rotation": 90},
				"down": {"uv": [6, 0, 8, 14], "texture": "#1", "rotation": 90}
			}
		},
		{
			"from": [14.39, 7.5, -0.25],
			"to": [15.64, 8.5, 16.25],
			"rotation": {"angle": -45, "axis": "x", "origin": [14.99, 8, 8.25]},
			"faces": {
				"north": {"uv": [6, 0, 8, 14], "texture": "#1", "rotation": 90},
				"east": {"uv": [6, 0, 8, 14], "texture": "#1", "rotation": 90},
				"south": {"uv": [6, 0, 7, 1], "texture": "#1", "rotation": 90},
				"west": {"uv": [6, 0, 8, 14], "texture": "#1", "rotation": 90},
				"up": {"uv": [6, 0, 8, 14], "texture": "#1"},
				"down": {"uv": [6, 0, 8, 14], "texture": "#1", "rotation": 180}
			}
		},
		{
			"from": [-0.25, 7.5, 0.36],
			"to": [16.25, 8.5, 1.61],
			"rotation": {"angle": 45, "axis": "z", "origin": [8.25, 8, 1.01]},
			"faces": {
				"north": {"uv": [6, 0, 8, 14], "texture": "#1", "rotation": 90},
				"east": {"uv": [6, 0, 7, 1], "texture": "#1", "rotation": 90},
				"south": {"uv": [6, 0, 8, 14], "texture": "#1", "rotation": 90},
				"west": {"uv": [6, 0, 8, 14], "texture": "#1", "rotation": 90},
				"up": {"uv": [6, 0, 8, 14], "texture": "#1", "rotation": 270},
				"down": {"uv": [6, 0, 8, 14], "texture": "#1", "rotation": 270}
			}
		},
		{
			"from": [0.36, 7.5, -0.25],
			"to": [1.61, 8.5, 16.25],
			"rotation": {"angle": 45, "axis": "x", "origin": [1.01, 8, 7.75]},
			"faces": {
				"north": {"uv": [6, 0, 7, 1], "texture": "#1", "rotation": 90},
				"east": {"uv": [6, 0, 8, 14], "texture": "#1", "rotation": 90},
				"south": {"uv": [6, 0, 8, 14], "texture": "#1", "rotation": 90},
				"west": {"uv": [6, 0, 8, 14], "texture": "#1", "rotation": 90},
				"up": {"uv": [6, 0, 8, 14], "texture": "#1", "rotation": 180},
				"down": {"uv": [6, 0, 8, 14], "texture": "#1"}
			}
		},
		{
			"from": [0.4, 7.5, -0.25],
			"to": [1.6, 8.5, 16.5],
			"rotation": {"angle": -45, "axis": "x", "origin": [1, 8, 7.75]},
			"faces": {
				"north": {"uv": [6, 0, 7, 1], "texture": "#1", "rotation": 90},
				"east": {"uv": [6, 0, 8, 14], "texture": "#1", "rotation": 90},
				"south": {"uv": [6, 0, 8, 14], "texture": "#1", "rotation": 90},
				"west": {"uv": [6, 0, 8, 14], "texture": "#1", "rotation": 90},
				"up": {"uv": [6, 0, 8, 14], "texture": "#1", "rotation": 180},
				"down": {"uv": [6, 0, 8, 16], "texture": "#1"}
			}
		},
		{
			"from": [-0.25, 7.5, 14.4],
			"to": [16.5, 8.5, 15.6],
			"rotation": {"angle": 45, "axis": "z", "origin": [7.75, 8, 15]},
			"faces": {
				"north": {"uv": [6, 0, 8, 14], "texture": "#1", "rotation": 90},
				"east": {"uv": [6, 0, 8, 14], "texture": "#1", "rotation": 90},
				"south": {"uv": [6, 0, 8, 14], "texture": "#1", "rotation": 90},
				"west": {"uv": [6, 0, 7, 1], "texture": "#1", "rotation": 90},
				"up": {"uv": [6, 0, 8, 14], "texture": "#1", "rotation": 90},
				"down": {"uv": [6, 0, 8, 16], "texture": "#1", "rotation": 90}
			}
		},
		{
			"from": [14.4, 7.5, -0.5],
			"to": [15.6, 8.5, 16.25],
			"rotation": {"angle": 45, "axis": "x", "origin": [15, 8, 8.25]},
			"faces": {
				"north": {"uv": [6, 0, 8, 14], "texture": "#1", "rotation": 90},
				"east": {"uv": [6, 0, 8, 14], "texture": "#1", "rotation": 90},
				"south": {"uv": [6, 0, 7, 1], "texture": "#1", "rotation": 90},
				"west": {"uv": [6, 0, 8, 14], "texture": "#1", "rotation": 90},
				"up": {"uv": [6, 0, 8, 14], "texture": "#1"},
				"down": {"uv": [6, 0, 8, 16], "texture": "#1", "rotation": 180}
			}
		},
		{
			"from": [-0.5, 7.5, 0.4],
			"to": [16.25, 8.5, 1.6],
			"rotation": {"angle": -45, "axis": "z", "origin": [8.25, 8, 1]},
			"faces": {
				"north": {"uv": [6, 0, 8, 14], "texture": "#1", "rotation": 90},
				"east": {"uv": [6, 0, 7, 1], "texture": "#1", "rotation": 90},
				"south": {"uv": [6, 0, 8, 14], "texture": "#1", "rotation": 90},
				"west": {"uv": [6, 0, 8, 14], "texture": "#1", "rotation": 90},
				"up": {"uv": [6, 0, 8, 14], "texture": "#1", "rotation": 270},
				"down": {"uv": [6, 0, 8, 16], "texture": "#1", "rotation": 270}
			}
		},
		{
			"from": [13.5, 2, 0.5],
			"to": [14, 14, 1.5],
			"faces": {
				"north": {"uv": [8, 2, 6, 14], "texture": "#1"},
				"east": {"uv": [8, 2, 6, 14], "texture": "#1"},
				"south": {"uv": [8, 2, 6, 14], "texture": "#1"},
				"west": {"uv": [8, 2, 6, 14], "texture": "#1"},
				"up": {"uv": [8, 2, 6, 14], "texture": "#1"},
				"down": {"uv": [8, 2, 6, 14], "texture": "#1"}
			}
		},
		{
			"from": [0.5, 2, 2],
			"to": [1.5, 14, 2.5],
			"faces": {
				"north": {"uv": [8, 2, 6, 14], "texture": "#1"},
				"east": {"uv": [8, 2, 6, 14], "texture": "#1"},
				"south": {"uv": [8, 2, 6, 14], "texture": "#1"},
				"west": {"uv": [8, 2, 6, 14], "texture": "#1"},
				"up": {"uv": [8, 2, 6, 14], "texture": "#1", "rotation": 270},
				"down": {"uv": [8, 2, 6, 14], "texture": "#1", "rotation": 90}
			}
		},
		{
			"from": [2, 2, 14.5],
			"to": [2.5, 14, 15.5],
			"faces": {
				"north": {"uv": [8, 2, 6, 14], "texture": "#1"},
				"east": {"uv": [8, 2, 6, 14], "texture": "#1"},
				"south": {"uv": [8, 2, 6, 14], "texture": "#1"},
				"west": {"uv": [8, 2, 6, 14], "texture": "#1"},
				"up": {"uv": [8, 2, 6, 14], "texture": "#1", "rotation": 180},
				"down": {"uv": [8, 2, 6, 14], "texture": "#1", "rotation": 180}
			}
		},
		{
			"from": [14.5, 2, 13.5],
			"to": [15.5, 14, 14],
			"faces": {
				"north": {"uv": [8, 2, 6, 14], "texture": "#1"},
				"east": {"uv": [8, 2, 6, 14], "texture": "#1"},
				"south": {"uv": [8, 2, 6, 14], "texture": "#1"},
				"west": {"uv": [8, 2, 6, 14], "texture": "#1"},
				"up": {"uv": [8, 2, 6, 14], "texture": "#1", "rotation": 90},
				"down": {"uv": [8, 2, 6, 14], "texture": "#1", "rotation": 270}
			}
		},
		{
			"from": [13.5, 2, 14.5],
			"to": [14, 14, 15.5],
			"faces": {
				"north": {"uv": [6, 2, 8, 14], "texture": "#1"},
				"east": {"uv": [6, 2, 8, 14], "texture": "#1"},
				"south": {"uv": [6, 2, 8, 14], "texture": "#1"},
				"west": {"uv": [6, 2, 8, 14], "texture": "#1"},
				"up": {"uv": [6, 2, 8, 14], "texture": "#1", "rotation": 180},
				"down": {"uv": [6, 2, 8, 14], "texture": "#1", "rotation": 180}
			}
		},
		{
			"from": [14.5, 2, 2],
			"to": [15.5, 14, 2.5],
			"faces": {
				"north": {"uv": [6, 2, 8, 14], "texture": "#1"},
				"east": {"uv": [6, 2, 8, 14], "texture": "#1"},
				"south": {"uv": [6, 2, 8, 14], "texture": "#1"},
				"west": {"uv": [6, 2, 8, 14], "texture": "#1"},
				"up": {"uv": [6, 2, 8, 14], "texture": "#1", "rotation": 90},
				"down": {"uv": [6, 2, 8, 14], "texture": "#1", "rotation": 270}
			}
		},
		{
			"from": [2, 2, 0.5],
			"to": [2.5, 14, 1.5],
			"faces": {
				"north": {"uv": [6, 2, 8, 14], "texture": "#1"},
				"east": {"uv": [6, 2, 8, 14], "texture": "#1"},
				"south": {"uv": [6, 2, 8, 14], "texture": "#1"},
				"west": {"uv": [6, 2, 8, 14], "texture": "#1"},
				"up": {"uv": [6, 2, 8, 14], "texture": "#1"},
				"down": {"uv": [6, 2, 8, 14], "texture": "#1"}
			}
		},
		{
			"from": [0.5, 2, 13.5],
			"to": [1.5, 14, 14],
			"faces": {
				"north": {"uv": [6, 2, 8, 14], "texture": "#1"},
				"east": {"uv": [6, 2, 8, 14], "texture": "#1"},
				"south": {"uv": [6, 2, 8, 14], "texture": "#1"},
				"west": {"uv": [6, 2, 8, 14], "texture": "#1"},
				"up": {"uv": [6, 2, 8, 14], "texture": "#1", "rotation": 270},
				"down": {"uv": [6, 2, 8, 14], "texture": "#1", "rotation": 90}
			}
		},
		{
			"from": [-0.25, 14.5, 14.5],
			"to": [0, 15.5, 15.5],
			"faces": {
				"north": {"uv": [4, 13, 5, 14], "texture": "#0"},
				"east": {"uv": [4, 13, 5, 14], "texture": "#0"},
				"south": {"uv": [4, 13, 5, 14], "texture": "#0"},
				"west": {"uv": [0, 0, 1, 1], "texture": "#0"},
				"up": {"uv": [4, 13, 5, 14], "texture": "#0", "rotation": 270},
				"down": {"uv": [4, 13, 5, 14], "texture": "#0", "rotation": 90}
			}
		},
		{
			"from": [0.5, 14.5, 16],
			"to": [1.5, 15.5, 16.25],
			"faces": {
				"north": {"uv": [4, 13, 5, 14], "texture": "#0"},
				"east": {"uv": [4, 13, 5, 14], "texture": "#0"},
				"south": {"uv": [0, 0, 1, 1], "texture": "#0"},
				"west": {"uv": [4, 13, 5, 14], "texture": "#0"},
				"up": {"uv": [4, 13, 5, 14], "texture": "#0", "rotation": 180},
				"down": {"uv": [4, 13, 5, 14], "texture": "#0", "rotation": 180}
			}
		},
		{
			"from": [0.5, 0.5, 16],
			"to": [1.5, 1.5, 16.25],
			"faces": {
				"north": {"uv": [4, 13, 5, 14], "texture": "#0"},
				"east": {"uv": [4, 13, 5, 14], "texture": "#0"},
				"south": {"uv": [0, 0, 1, 1], "texture": "#0"},
				"west": {"uv": [4, 13, 5, 14], "texture": "#0"},
				"up": {"uv": [4, 13, 5, 14], "texture": "#0", "rotation": 180},
				"down": {"uv": [4, 13, 5, 14], "texture": "#0", "rotation": 180}
			}
		},
		{
			"from": [-0.25, 0.5, 14.5],
			"to": [0, 1.5, 15.5],
			"faces": {
				"north": {"uv": [4, 13, 5, 14], "texture": "#0"},
				"east": {"uv": [4, 13, 5, 14], "texture": "#0"},
				"south": {"uv": [4, 13, 5, 14], "texture": "#0"},
				"west": {"uv": [0, 0, 1, 1], "texture": "#0"},
				"up": {"uv": [4, 13, 5, 14], "texture": "#0", "rotation": 270},
				"down": {"uv": [4, 13, 5, 14], "texture": "#0", "rotation": 90}
			}
		},
		{
			"from": [-0.25, 0.5, 0.5],
			"to": [0, 1.5, 1.5],
			"faces": {
				"north": {"uv": [4, 13, 5, 14], "texture": "#0"},
				"east": {"uv": [4, 13, 5, 14], "texture": "#0"},
				"south": {"uv": [4, 13, 5, 14], "texture": "#0"},
				"west": {"uv": [0, 0, 1, 1], "texture": "#0"},
				"up": {"uv": [4, 13, 5, 14], "texture": "#0", "rotation": 270},
				"down": {"uv": [4, 13, 5, 14], "texture": "#0", "rotation": 90}
			}
		},
		{
			"from": [0.5, 0.5, -0.25],
			"to": [1.5, 1.5, 0],
			"faces": {
				"north": {"uv": [0, 0, 1, 1], "texture": "#0"},
				"east": {"uv": [4, 13, 5, 14], "texture": "#0"},
				"south": {"uv": [4, 13, 5, 14], "texture": "#0"},
				"west": {"uv": [4, 13, 5, 14], "texture": "#0"},
				"up": {"uv": [4, 13, 5, 14], "texture": "#0"},
				"down": {"uv": [4, 13, 5, 14], "texture": "#0"}
			}
		},
		{
			"from": [0.5, 14.5, -0.25],
			"to": [1.5, 15.5, 0],
			"faces": {
				"north": {"uv": [0, 0, 1, 1], "texture": "#0"},
				"east": {"uv": [4, 13, 5, 14], "texture": "#0"},
				"south": {"uv": [4, 13, 5, 14], "texture": "#0"},
				"west": {"uv": [4, 13, 5, 14], "texture": "#0"},
				"up": {"uv": [4, 13, 5, 14], "texture": "#0"},
				"down": {"uv": [4, 13, 5, 14], "texture": "#0"}
			}
		},
		{
			"from": [-0.25, 14.5, 0.5],
			"to": [0, 15.5, 1.5],
			"faces": {
				"north": {"uv": [4, 13, 5, 14], "texture": "#0"},
				"east": {"uv": [4, 13, 5, 14], "texture": "#0"},
				"south": {"uv": [4, 13, 5, 14], "texture": "#0"},
				"west": {"uv": [0, 0, 1, 1], "texture": "#0"},
				"up": {"uv": [4, 13, 5, 14], "texture": "#0", "rotation": 270},
				"down": {"uv": [4, 13, 5, 14], "texture": "#0", "rotation": 90}
			}
		},
		{
			"from": [14.5, 0.5, -0.25],
			"to": [15.5, 1.5, 0],
			"faces": {
				"north": {"uv": [0, 0, 1, 1], "texture": "#0"},
				"east": {"uv": [4, 13, 5, 14], "texture": "#0"},
				"south": {"uv": [4, 13, 5, 14], "texture": "#0"},
				"west": {"uv": [4, 13, 5, 14], "texture": "#0"},
				"up": {"uv": [4, 13, 5, 14], "texture": "#0"},
				"down": {"uv": [4, 13, 5, 14], "texture": "#0"}
			}
		},
		{
			"from": [16, 0.5, 0.5],
			"to": [16.25, 1.5, 1.5],
			"faces": {
				"north": {"uv": [4, 13, 5, 14], "texture": "#0"},
				"east": {"uv": [0, 0, 1, 1], "texture": "#0"},
				"south": {"uv": [4, 13, 5, 14], "texture": "#0"},
				"west": {"uv": [4, 13, 5, 14], "texture": "#0"},
				"up": {"uv": [4, 13, 5, 14], "texture": "#0", "rotation": 90},
				"down": {"uv": [4, 13, 5, 14], "texture": "#0", "rotation": 270}
			}
		},
		{
			"from": [16, 14.5, 0.5],
			"to": [16.25, 15.5, 1.5],
			"faces": {
				"north": {"uv": [4, 13, 5, 14], "texture": "#0"},
				"east": {"uv": [0, 0, 1, 1], "texture": "#0"},
				"south": {"uv": [4, 13, 5, 14], "texture": "#0"},
				"west": {"uv": [4, 13, 5, 14], "texture": "#0"},
				"up": {"uv": [4, 13, 5, 14], "texture": "#0", "rotation": 90},
				"down": {"uv": [4, 13, 5, 14], "texture": "#0", "rotation": 270}
			}
		},
		{
			"from": [14.5, 14.5, -0.25],
			"to": [15.5, 15.5, 0],
			"faces": {
				"north": {"uv": [0, 0, 1, 1], "texture": "#0"},
				"east": {"uv": [4, 13, 5, 14], "texture": "#0"},
				"south": {"uv": [4, 13, 5, 14], "texture": "#0"},
				"west": {"uv": [4, 13, 5, 14], "texture": "#0"},
				"up": {"uv": [4, 13, 5, 14], "texture": "#0"},
				"down": {"uv": [4, 13, 5, 14], "texture": "#0"}
			}
		},
		{
			"from": [16, 0.5, 14.5],
			"to": [16.25, 1.5, 15.5],
			"faces": {
				"north": {"uv": [4, 13, 5, 14], "texture": "#0"},
				"east": {"uv": [0, 0, 1, 1], "texture": "#0"},
				"south": {"uv": [4, 13, 5, 14], "texture": "#0"},
				"west": {"uv": [4, 13, 5, 14], "texture": "#0"},
				"up": {"uv": [4, 13, 5, 14], "texture": "#0", "rotation": 90},
				"down": {"uv": [4, 13, 5, 14], "texture": "#0", "rotation": 270}
			}
		},
		{
			"from": [14.5, 0.5, 16],
			"to": [15.5, 1.5, 16.25],
			"faces": {
				"north": {"uv": [4, 13, 5, 14], "texture": "#0"},
				"east": {"uv": [4, 13, 5, 14], "texture": "#0"},
				"south": {"uv": [0, 0, 1, 1], "texture": "#0"},
				"west": {"uv": [4, 13, 5, 14], "texture": "#0"},
				"up": {"uv": [4, 13, 5, 14], "texture": "#0", "rotation": 180},
				"down": {"uv": [4, 13, 5, 14], "texture": "#0", "rotation": 180}
			}
		},
		{
			"from": [14.5, 14.5, 16],
			"to": [15.5, 15.5, 16.25],
			"faces": {
				"north": {"uv": [4, 13, 5, 14], "texture": "#0"},
				"east": {"uv": [4, 13, 5, 14], "texture": "#0"},
				"south": {"uv": [0, 0, 1, 1], "texture": "#0"},
				"west": {"uv": [4, 13, 5, 14], "texture": "#0"},
				"up": {"uv": [4, 13, 5, 14], "texture": "#0", "rotation": 180},
				"down": {"uv": [4, 13, 5, 14], "texture": "#0", "rotation": 180}
			}
		},
		{
			"from": [16, 14.5, 14.5],
			"to": [16.25, 15.5, 15.5],
			"faces": {
				"north": {"uv": [4, 13, 5, 14], "texture": "#0"},
				"east": {"uv": [0, 0, 1, 1], "texture": "#0"},
				"south": {"uv": [4, 13, 5, 14], "texture": "#0"},
				"west": {"uv": [4, 13, 5, 14], "texture": "#0"},
				"up": {"uv": [4, 13, 5, 14], "texture": "#0", "rotation": 90},
				"down": {"uv": [4, 13, 5, 14], "texture": "#0", "rotation": 270}
			}
		},
		{
			"from": [0, 0, 14],
			"to": [2, 16, 16],
			"faces": {
				"north": {"uv": [0, 0, 2, 16], "texture": "#0"},
				"east": {"uv": [0, 0, 2, 16], "texture": "#0"},
				"south": {"uv": [0, 0, 2, 16], "texture": "#0"},
				"west": {"uv": [0, 0, 2, 16], "texture": "#0"},
				"up": {"uv": [0, 0, 2, 2], "texture": "#0", "rotation": 270},
				"down": {"uv": [0, 0, 2, 2], "texture": "#0", "rotation": 90}
			}
		},
		{
			"from": [0, 0, 2],
			"to": [2, 2, 14],
			"faces": {
				"north": {"uv": [10, 0, 12, 2], "texture": "#0", "rotation": 90},
				"east": {"uv": [10, 0, 12, 12], "texture": "#0", "rotation": 90},
				"south": {"uv": [10, 0, 12, 12], "texture": "#0", "rotation": 90},
				"west": {"uv": [10, 0, 12, 12], "texture": "#0", "rotation": 90},
				"up": {"uv": [10, 0, 12, 12], "texture": "#0", "rotation": 180},
				"down": {"uv": [10, 0, 12, 12], "texture": "#0", "rotation": 180}
			}
		},
		{
			"from": [2, 0, 0],
			"to": [14, 2, 2],
			"faces": {
				"north": {"uv": [10, 0, 12, 12], "texture": "#0", "rotation": 90},
				"east": {"uv": [10, 0, 12, 2], "texture": "#0", "rotation": 90},
				"south": {"uv": [10, 0, 12, 12], "texture": "#0", "rotation": 90},
				"west": {"uv": [10, 0, 12, 12], "texture": "#0", "rotation": 90},
				"up": {"uv": [10, 0, 12, 12], "texture": "#0", "rotation": 270},
				"down": {"uv": [10, 0, 12, 12], "texture": "#0", "rotation": 90}
			}
		},
		{
			"from": [0, 0, 0],
			"to": [2, 16, 2],
			"faces": {
				"north": {"uv": [0, 0, 2, 16], "texture": "#0"},
				"east": {"uv": [0, 0, 2, 16], "texture": "#0"},
				"south": {"uv": [0, 0, 2, 16], "texture": "#0"},
				"west": {"uv": [0, 0, 2, 16], "texture": "#0"},
				"up": {"uv": [0, 0, 2, 2], "texture": "#0"},
				"down": {"uv": [0, 0, 2, 2], "texture": "#0"}
			}
		},
		{
			"from": [2, 14, 0],
			"to": [14, 16, 2],
			"faces": {
				"north": {"uv": [10, 0, 12, 12], "texture": "#0", "rotation": 90},
				"east": {"uv": [10, 0, 12, 2], "texture": "#0", "rotation": 90},
				"south": {"uv": [10, 0, 12, 12], "texture": "#0", "rotation": 90},
				"west": {"uv": [10, 0, 12, 12], "texture": "#0", "rotation": 90},
				"up": {"uv": [10, 0, 12, 12], "texture": "#0", "rotation": 270},
				"down": {"uv": [10, 0, 12, 12], "texture": "#0", "rotation": 90}
			}
		},
		{
			"from": [0, 14, 2],
			"to": [2, 16, 14],
			"faces": {
				"north": {"uv": [10, 0, 12, 2], "texture": "#0", "rotation": 90},
				"east": {"uv": [10, 0, 12, 12], "texture": "#0", "rotation": 90},
				"south": {"uv": [10, 0, 12, 12], "texture": "#0", "rotation": 90},
				"west": {"uv": [10, 0, 12, 12], "texture": "#0", "rotation": 90},
				"up": {"uv": [10, 0, 12, 12], "texture": "#0", "rotation": 180},
				"down": {"uv": [10, 0, 12, 12], "texture": "#0", "rotation": 180}
			}
		},
		{
			"from": [2, 14, 14],
			"to": [14, 16, 16],
			"faces": {
				"north": {"uv": [10, 0, 12, 12], "texture": "#0", "rotation": 90},
				"east": {"uv": [10, 0, 12, 12], "texture": "#0", "rotation": 90},
				"south": {"uv": [10, 0, 12, 12], "texture": "#0", "rotation": 90},
				"west": {"uv": [10, 0, 12, 2], "texture": "#0", "rotation": 90},
				"up": {"uv": [10, 0, 12, 12], "texture": "#0", "rotation": 90},
				"down": {"uv": [10, 0, 12, 12], "texture": "#0", "rotation": 270}
			}
		},
		{
			"from": [14, 14, 2],
			"to": [16, 16, 14],
			"faces": {
				"north": {"uv": [10, 0, 12, 12], "texture": "#0", "rotation": 90},
				"east": {"uv": [10, 0, 12, 12], "texture": "#0", "rotation": 90},
				"south": {"uv": [10, 0, 12, 2], "texture": "#0", "rotation": 90},
				"west": {"uv": [10, 0, 12, 12], "texture": "#0", "rotation": 90},
				"up": {"uv": [10, 0, 12, 12], "texture": "#0"},
				"down": {"uv": [10, 0, 12, 12], "texture": "#0"}
			}
		},
		{
			"from": [14, 0, 0],
			"to": [16, 16, 2],
			"faces": {
				"north": {"uv": [0, 0, 2, 16], "texture": "#0"},
				"east": {"uv": [0, 0, 2, 16], "texture": "#0"},
				"south": {"uv": [0, 0, 2, 16], "texture": "#0"},
				"west": {"uv": [0, 0, 2, 16], "texture": "#0"},
				"up": {"uv": [0, 0, 2, 2], "texture": "#0", "rotation": 90},
				"down": {"uv": [0, 0, 2, 2], "texture": "#0", "rotation": 270}
			}
		},
		{
			"from": [14, 0, 2],
			"to": [16, 2, 14],
			"faces": {
				"north": {"uv": [10, 0, 12, 12], "texture": "#0", "rotation": 90},
				"east": {"uv": [10, 0, 12, 12], "texture": "#0", "rotation": 90},
				"south": {"uv": [10, 0, 12, 2], "texture": "#0", "rotation": 90},
				"west": {"uv": [10, 0, 12, 12], "texture": "#0", "rotation": 90},
				"up": {"uv": [10, 0, 12, 12], "texture": "#0"},
				"down": {"uv": [10, 0, 12, 12], "texture": "#0"}
			}
		},
		{
			"from": [14, 0, 14],
			"to": [16, 16, 16],
			"faces": {
				"north": {"uv": [0, 0, 2, 16], "texture": "#0"},
				"east": {"uv": [0, 0, 2, 16], "texture": "#0"},
				"south": {"uv": [0, 0, 2, 16], "texture": "#0"},
				"west": {"uv": [0, 0, 2, 16], "texture": "#0"},
				"up": {"uv": [0, 0, 2, 2], "texture": "#0", "rotation": 180},
				"down": {"uv": [0, 0, 2, 2], "texture": "#0", "rotation": 180}
			}
		},
		{
			"from": [2, 0, 14],
			"to": [14, 2, 16],
			"faces": {
				"north": {"uv": [10, 0, 12, 12], "texture": "#0", "rotation": 90},
				"east": {"uv": [10, 0, 12, 12], "texture": "#0", "rotation": 90},
				"south": {"uv": [10, 0, 12, 12], "texture": "#0", "rotation": 90},
				"west": {"uv": [10, 0, 12, 2], "texture": "#0", "rotation": 90},
				"up": {"uv": [10, 0, 12, 12], "texture": "#0", "rotation": 90},
				"down": {"uv": [10, 0, 12, 12], "texture": "#0", "rotation": 270}
			}
		},
		{
			"from": [2, 15, 10.6],
			"to": [14, 15.9, 11.8],
			"faces": {
				"north": {"uv": [0, 2, 12, 3], "texture": "#1_0"},
				"east": {"uv": [0, 2, 12, 3], "texture": "#1_0"},
				"south": {"uv": [0, 2, 12, 3], "texture": "#1_0"},
				"west": {"uv": [0, 2, 12, 3], "texture": "#1_0"},
				"up": {"uv": [0, 2, 12, 3], "texture": "#1_0"},
				"down": {"uv": [0, 2, 12, 3], "texture": "#1_0"}
			}
		},
		{
			"from": [2, 15, 4.2],
			"to": [14, 15.9, 5.4],
			"faces": {
				"north": {"uv": [0, 8, 12, 9], "texture": "#1_0"},
				"east": {"uv": [0, 8, 12, 9], "texture": "#1_0"},
				"south": {"uv": [0, 8, 12, 9], "texture": "#1_0"},
				"west": {"uv": [0, 8, 12, 9], "texture": "#1_0"},
				"up": {"uv": [0, 8, 12, 9], "texture": "#1_0"},
				"down": {"uv": [0, 8, 12, 9], "texture": "#1_0"}
			}
		},
		{
			"from": [2, 15, 7.5],
			"to": [14, 15.9, 8.7],
			"faces": {
				"north": {"uv": [1, 9, 13, 10], "texture": "#1_0"},
				"east": {"uv": [1, 9, 13, 10], "texture": "#1_0"},
				"south": {"uv": [1, 9, 13, 10], "texture": "#1_0"},
				"west": {"uv": [1, 9, 13, 10], "texture": "#1_0"},
				"up": {"uv": [1, 9, 13, 10], "texture": "#1_0"},
				"down": {"uv": [1, 9, 13, 10], "texture": "#1_0"}
			}
		},
		{
			"from": [4.2, 15, 2],
			"to": [5.4, 15.98, 14],
			"faces": {
				"north": {"uv": [2, 7, 14, 8], "texture": "#1_0", "rotation": 90},
				"east": {"uv": [2, 7, 14, 8], "texture": "#1_0"},
				"south": {"uv": [2, 7, 14, 8], "texture": "#1_0", "rotation": 90},
				"west": {"uv": [2, 7, 14, 8], "texture": "#1_0"},
				"up": {"uv": [2, 7, 14, 8], "texture": "#1_0", "rotation": 90},
				"down": {"uv": [2, 7, 14, 8], "texture": "#1_0", "rotation": 90}
			}
		},
		{
			"from": [10.6, 15, 2],
			"to": [11.8, 15.98, 14],
			"faces": {
				"north": {"uv": [4, 12, 16, 13], "texture": "#1_0", "rotation": 90},
				"east": {"uv": [4, 12, 16, 13], "texture": "#1_0"},
				"south": {"uv": [4, 12, 16, 13], "texture": "#1_0", "rotation": 90},
				"west": {"uv": [4, 12, 16, 13], "texture": "#1_0"},
				"up": {"uv": [4, 12, 16, 13], "texture": "#1_0", "rotation": 90},
				"down": {"uv": [4, 12, 16, 13], "texture": "#1_0", "rotation": 90}
			}
		},
		{
			"from": [7.3, 15, 2],
			"to": [8.5, 15.98, 14],
			"faces": {
				"north": {"uv": [3, 10, 15, 11], "texture": "#1_0", "rotation": 90},
				"east": {"uv": [3, 10, 15, 11], "texture": "#1_0"},
				"south": {"uv": [3, 10, 15, 11], "texture": "#1_0", "rotation": 90},
				"west": {"uv": [3, 10, 15, 11], "texture": "#1_0"},
				"up": {"uv": [3, 10, 15, 11], "texture": "#1_0", "rotation": 90},
				"down": {"uv": [3, 10, 15, 11], "texture": "#1_0", "rotation": 90}
			}
		}
	],
	"groups": [
		{
			"name": "x front",
			"isOpen": false,
			"shade": true,
			"display": {
				"visibility": true,
				"autouv": true
			},
			"children": [0, 1, 2, 3]
		},
		{
			"name": "x back",
			"isOpen": false,
			"shade": true,
			"display": {
				"visibility": true,
				"autouv": true
			},
			"children": [4, 5, 6, 7]
		},
		{
			"name": "sides of frame",
			"isOpen": false,
			"shade": true,
			"display": {
				"visibility": true,
				"autouv": true
			},
			"children": [8, 9, 10, 11, 12, 13, 14, 15]
		},
		{
			"name": "bolts",
			"isOpen": false,
			"shade": true,
			"display": {
				"visibility": true,
				"autouv": true
			},
			"children": [16, 17, 18, 19, 20, 21, 22, 23, 24, 25, 26, 27, 28, 29, 30, 31]
		},
		{
			"name": "frame",
			"isOpen": true,
			"shade": true,
			"display": {
				"visibility": true,
				"autouv": true
			},
			"children": [32, 33, 34, 35, 36, 37, 38, 39, 40, 41, 42, 43]
		},
		{
			"name": "iron_trapdoor_top",
			"isOpen": true,
			"shade": true,
			"display": {
				"visibility": true,
				"autouv": true
			},
			"children": [44, 45, 46, 47, 48, 49]
		}
	]
}