{
	"parent": "block/block",
	"textures": {
		"0": "_custom/iron_plate",
		"1": "block/light_blue_terracotta",
		"3": "_custom/lamp_cover",
		"4": "_custom/lamp_main",
		"particle": "_custom/iron_plate"
	},
	"elements": [
		{
			"from": [5.25, 15, -16],
			"to": [10.75, 16, 32],
			"rotation": {"angle": 0, "axis": "z", "origin": [8, 15.5, 8]},
			"faces": {
				"north": {"uv": [2, 1, 14, 2], "texture": "#1", "rotation": 180},
				"east": {"uv": [0, 0, 16, 0.33333], "texture": "#0"},
				"south": {"uv": [2, 1, 14, 2], "texture": "#1"},
				"west": {"uv": [0, 0, 16, 0.33333], "texture": "#0", "rotation": 180},
				"up": {"uv": [0, 5, 16, 7], "texture": "#0", "rotation": 270},
				"down": {"uv": [0, 5, 16, 7], "texture": "#0", "rotation": 270}
			}
		},
		{
			"from": [5.75, 14.5, -15],
			"to": [10.25, 15.5, 31],
			"rotation": {"angle": 0, "axis": "z", "origin": [8, 15, 8]},
			"faces": {
				"north": {"uv": [0, 5, 16, 8], "texture": "#3", "rotation": 180},
				"east": {"uv": [0, 5, 16, 8], "texture": "#3", "rotation": 90},
				"south": {"uv": [0, 5, 16, 8], "texture": "#3"},
				"west": {"uv": [0, 5, 16, 8], "texture": "#3", "rotation": 180},
				"up": {"uv": [0, 5, 16, 8], "texture": "#3", "rotation": 270},
				"down": {"uv": [0, 5, 16, 8], "texture": "#3", "rotation": 270}
			}
		},
		{
			"from": [6.75, 14.15, -14],
			"to": [7.75, 14.6, 30],
			"rotation": {"angle": 0, "axis": "z", "origin": [7.25, 15.125, 8]},
			"faces": {
				"north": {"uv": [0, 5, 16, 8], "texture": "#4", "rotation": 180},
				"east": {"uv": [0, 5, 16, 8], "texture": "#4", "rotation": 90},
				"south": {"uv": [0, 5, 16, 8], "texture": "#4"},
				"west": {"uv": [0, 5, 16, 8], "texture": "#4", "rotation": 180},
				"up": {"uv": [0, 5, 16, 8], "texture": "#4", "rotation": 270},
				"down": {"uv": [0, 5, 16, 8], "texture": "#4", "rotation": 270}
			}
		},
		{
			"from": [8.25, 14.25, -14],
			"to": [9.25, 15, 30],
			"rotation": {"angle": 0, "axis": "z", "origin": [8.75, 14.625, 8]},
			"faces": {
				"north": {"uv": [0, 5, 16, 8], "texture": "#4", "rotation": 180},
				"east": {"uv": [0, 5, 16, 8], "texture": "#4", "rotation": 90},
				"south": {"uv": [0, 5, 16, 8], "texture": "#4"},
				"west": {"uv": [0, 5, 16, 8], "texture": "#4", "rotation": 180},
				"up": {"uv": [0, 5, 16, 8], "texture": "#4", "rotation": 270},
				"down": {"uv": [0, 5, 16, 8], "texture": "#4", "rotation": 270}
			}
		},
		{
			"from": [6.75, 14.5, -15.5],
			"to": [9.25, 15.5, -15],
			"rotation": {"angle": 0, "axis": "z", "origin": [8, 15, -15.25]},
			"faces": {
				"north": {"uv": [0, 5, 16, 8], "texture": "#3", "rotation": 180},
				"east": {"uv": [0, 5, 16, 8], "texture": "#3", "rotation": 90},
				"south": {"uv": [0, 5, 16, 8], "texture": "#3"},
				"west": {"uv": [0, 5, 16, 8], "texture": "#3", "rotation": 180},
				"up": {"uv": [0, 5, 16, 8], "texture": "#3", "rotation": 270},
				"down": {"uv": [0, 5, 16, 8], "texture": "#3", "rotation": 270}
			}
		},
		{
			"from": [6.75, 14.5, 31],
			"to": [9.25, 15.5, 31.5],
			"rotation": {"angle": 0, "axis": "z", "origin": [8, 15, 31.25]},
			"faces": {
				"north": {"uv": [0, 5, 16, 8], "texture": "#3", "rotation": 180},
				"east": {"uv": [0, 5, 16, 8], "texture": "#3", "rotation": 90},
				"south": {"uv": [0, 5, 16, 8], "texture": "#3"},
				"west": {"uv": [0, 5, 16, 8], "texture": "#3", "rotation": 180},
				"up": {"uv": [0, 5, 16, 8], "texture": "#3", "rotation": 270},
				"down": {"uv": [0, 5, 16, 8], "texture": "#3", "rotation": 270}
			}
		}
	]
}