{
	"parent": "block/block",
	"textures": {
		"1": "block/yellow_terracotta",
		"2": "_custom/steel",
		"1_0": "block/purpur_block",
		"particle": "block/purpur_block"
	},
	"elements": [
		{
			"from": [14.5, 3, 0],
			"to": [16, 16, 1.5],
			"faces": {
				"north": {"uv": [14, 0, 16, 14], "texture": "#1", "rotation": 180},
				"east": {"uv": [0, 0, 2, 14], "texture": "#1", "rotation": 180},
				"south": {"uv": [14, 0, 16, 14], "texture": "#1", "rotation": 180},
				"west": {"uv": [0, 0, 2, 14], "texture": "#1", "rotation": 180},
				"up": {"uv": [15.5, 0, 16, 0.5], "texture": "#1", "rotation": 180},
				"down": {"uv": [15.5, 0, 16, 0.5], "texture": "#1", "rotation": 180}
			}
		},
		{
			"from": [1.5, 12, 15],
			"to": [14.5, 13, 15.75],
			"faces": {
				"north": {"uv": [15, 0, 16, 16], "texture": "#1", "rotation": 90},
				"east": {"uv": [0, 0, 1, 16], "texture": "#1", "rotation": 90},
				"south": {"uv": [0, 0, 1, 16], "texture": "#1", "rotation": 90},
				"west": {"uv": [0, 0, 1, 16], "texture": "#1", "rotation": 90},
				"up": {"uv": [15, 0, 16, 16], "texture": "#1", "rotation": 90},
				"down": {"uv": [1, 0, 2, 16], "texture": "#1", "rotation": 90}
			}
		},
		{
			"from": [0.25, 12, 1.5],
			"to": [1, 13, 14.5],
			"faces": {
				"north": {"uv": [0, 0, 1, 16], "texture": "#1", "rotation": 90},
				"east": {"uv": [15, 0, 16, 16], "texture": "#1", "rotation": 90},
				"south": {"uv": [0, 0, 1, 16], "texture": "#1", "rotation": 90},
				"west": {"uv": [0, 0, 1, 16], "texture": "#1", "rotation": 90},
				"up": {"uv": [15, 0, 16, 16], "texture": "#1", "rotation": 180},
				"down": {"uv": [1, 0, 2, 16], "texture": "#1"}
			}
		},
		{
			"from": [1.5, 12, 0.25],
			"to": [14.5, 13, 1],
			"faces": {
				"north": {"uv": [0, 0, 1, 16], "texture": "#1", "rotation": 90},
				"east": {"uv": [0, 0, 1, 16], "texture": "#1", "rotation": 90},
				"south": {"uv": [15, 0, 16, 16], "texture": "#1", "rotation": 90},
				"west": {"uv": [0, 0, 1, 16], "texture": "#1", "rotation": 90},
				"up": {"uv": [15, 0, 16, 16], "texture": "#1", "rotation": 270},
				"down": {"uv": [1, 0, 2, 16], "texture": "#1", "rotation": 270}
			}
		},
		{
			"from": [15, 12, 1.5],
			"to": [15.75, 13, 14.5],
			"faces": {
				"north": {"uv": [0, 0, 1, 16], "texture": "#1", "rotation": 90},
				"east": {"uv": [0, 0, 1, 16], "texture": "#1", "rotation": 90},
				"south": {"uv": [0, 0, 1, 16], "texture": "#1", "rotation": 90},
				"west": {"uv": [15, 0, 16, 16], "texture": "#1", "rotation": 90},
				"up": {"uv": [15, 0, 16, 16], "texture": "#1"},
				"down": {"uv": [1, 0, 2, 16], "texture": "#1", "rotation": 180}
			}
		},
		{
			"from": [1, 0, 4],
			"to": [3, 16, 12],
			"faces": {
				"north": {"uv": [6, 0, 7, 16], "texture": "#1_0"},
				"east": {"uv": [4, 0, 12, 16], "texture": "#1_0", "rotation": 180},
				"south": {"uv": [0, 0, 16, 1], "texture": "#1_0", "rotation": 90},
				"west": {"uv": [2, 0, 10, 16], "texture": "#1_0"},
				"up": {"uv": [4, 14, 12, 16], "texture": "#1_0", "rotation": 90},
				"down": {"uv": [3, 14, 11, 16], "texture": "#1_0", "rotation": 90}
			}
		},
		{
			"from": [2, 0, 2],
			"to": [4, 16, 4],
			"faces": {
				"north": {"uv": [9, 0, 11, 16], "texture": "#1_0"},
				"east": {"uv": [9, 0, 11, 16], "texture": "#1_0", "rotation": 180},
				"south": {"uv": [9, 0, 11, 16], "texture": "#1_0", "rotation": 180},
				"west": {"uv": [9, 0, 11, 16], "texture": "#1_0"},
				"up": {"uv": [0, 14, 2, 16], "texture": "#1_0", "rotation": 90},
				"down": {"uv": [14, 14, 16, 16], "texture": "#1_0", "rotation": 90}
			}
		},
		{
			"from": [4, 0, 13],
			"to": [12, 16, 15],
			"faces": {
				"north": {"uv": [4, 0, 12, 16], "texture": "#1_0", "rotation": 180},
				"east": {"uv": [0, 0, 16, 1], "texture": "#1_0", "rotation": 90},
				"south": {"uv": [2, 0, 10, 16], "texture": "#1_0"},
				"west": {"uv": [6, 0, 7, 16], "texture": "#1_0"},
				"up": {"uv": [4, 14, 12, 16], "texture": "#1_0"},
				"down": {"uv": [3, 14, 11, 16], "texture": "#1_0", "rotation": 180}
			}
		},
		{
			"from": [2, 0, 12],
			"to": [4, 16, 14],
			"faces": {
				"north": {"uv": [9, 0, 11, 16], "texture": "#1_0", "rotation": 180},
				"east": {"uv": [9, 0, 11, 16], "texture": "#1_0", "rotation": 180},
				"south": {"uv": [9, 0, 11, 16], "texture": "#1_0"},
				"west": {"uv": [9, 0, 11, 16], "texture": "#1_0"},
				"up": {"uv": [0, 14, 2, 16], "texture": "#1_0"},
				"down": {"uv": [14, 14, 16, 16], "texture": "#1_0", "rotation": 180}
			}
		},
		{
			"from": [13, 0, 4],
			"to": [15, 16, 12],
			"faces": {
				"north": {"uv": [0, 0, 16, 1], "texture": "#1_0", "rotation": 90},
				"east": {"uv": [2, 0, 10, 16], "texture": "#1_0"},
				"south": {"uv": [6, 0, 7, 16], "texture": "#1_0"},
				"west": {"uv": [4, 0, 12, 16], "texture": "#1_0", "rotation": 180},
				"up": {"uv": [4, 14, 12, 16], "texture": "#1_0", "rotation": 270},
				"down": {"uv": [3, 14, 11, 16], "texture": "#1_0", "rotation": 270}
			}
		},
		{
			"from": [12, 0, 12],
			"to": [14, 16, 14],
			"faces": {
				"north": {"uv": [9, 0, 11, 16], "texture": "#1_0", "rotation": 180},
				"east": {"uv": [9, 0, 11, 16], "texture": "#1_0"},
				"south": {"uv": [9, 0, 11, 16], "texture": "#1_0"},
				"west": {"uv": [9, 0, 11, 16], "texture": "#1_0", "rotation": 180},
				"up": {"uv": [0, 14, 2, 16], "texture": "#1_0", "rotation": 270},
				"down": {"uv": [14, 14, 16, 16], "texture": "#1_0", "rotation": 270}
			}
		},
		{
			"from": [4, 0, 1],
			"to": [12, 16, 3],
			"faces": {
				"north": {"uv": [2, 0, 10, 16], "texture": "#1_0"},
				"east": {"uv": [6, 0, 7, 16], "texture": "#1_0"},
				"south": {"uv": [4, 0, 12, 16], "texture": "#1_0", "rotation": 180},
				"west": {"uv": [0, 0, 16, 1], "texture": "#1_0", "rotation": 90},
				"up": {"uv": [4, 14, 12, 16], "texture": "#1_0", "rotation": 180},
				"down": {"uv": [3, 14, 11, 16], "texture": "#1_0"}
			}
		},
		{
			"from": [12, 0, 2],
			"to": [14, 16, 4],
			"faces": {
				"north": {"uv": [9, 0, 11, 16], "texture": "#1_0"},
				"east": {"uv": [9, 0, 11, 16], "texture": "#1_0"},
				"south": {"uv": [9, 0, 11, 16], "texture": "#1_0", "rotation": 180},
				"west": {"uv": [9, 0, 11, 16], "texture": "#1_0", "rotation": 180},
				"up": {"uv": [0, 14, 2, 16], "texture": "#1_0", "rotation": 180},
				"down": {"uv": [14, 0, 16, 2], "texture": "#1_0", "rotation": 90}
			}
		},
		{
			"from": [-1, 0, 2],
			"to": [2, 3, 4],
			"faces": {
				"north": {"uv": [0, 0, 3, 2], "texture": "#2", "rotation": 180},
				"east": {"uv": [0, 0, 1, 2], "texture": "#2", "rotation": 90},
				"south": {"uv": [0, 0, 4, 1], "texture": "#2"},
				"west": {"uv": [5, 5, 8, 7], "texture": "#2", "rotation": 270},
				"up": {"uv": [7, 3, 10, 5], "texture": "#2"},
				"down": {"uv": [3, 2, 6, 4], "texture": "#2", "rotation": 180}
			}
		},
		{
			"from": [0, 0, 14],
			"to": [2, 3, 16],
			"faces": {
				"north": {"uv": [0, 0, 1, 2], "texture": "#2", "rotation": 180},
				"east": {"uv": [0, 0, 1, 2], "texture": "#2", "rotation": 90},
				"south": {"uv": [0, 0, 2, 3], "texture": "#2"},
				"west": {"uv": [0, 0, 1, 2], "texture": "#2", "rotation": 270},
				"up": {"uv": [0, 0, 2, 2], "texture": "#2"},
				"down": {"uv": [4, 5, 6, 7], "texture": "#2", "rotation": 180}
			}
		},
		{
			"from": [-1, 0, 12],
			"to": [2, 3, 14],
			"faces": {
				"north": {"uv": [0, 0, 1, 2], "texture": "#2", "rotation": 180},
				"east": {"uv": [0, 0, 1, 2], "texture": "#2", "rotation": 90},
				"south": {"uv": [0, 0, 4, 3], "texture": "#2"},
				"west": {"uv": [0, 0, 3, 2], "texture": "#2", "rotation": 270},
				"up": {"uv": [11, 7, 14, 9], "texture": "#2"},
				"down": {"uv": [4, 5, 7, 7], "texture": "#2", "rotation": 180}
			}
		},
		{
			"from": [-1, 0, 4],
			"to": [1, 3, 12],
			"faces": {
				"north": {"uv": [0, 0, 1, 2], "texture": "#2", "rotation": 180},
				"east": {"uv": [0, 0, 1, 2], "texture": "#2", "rotation": 90},
				"south": {"uv": [0, 0, 4, 1], "texture": "#2"},
				"west": {"uv": [5, 5, 8, 13], "texture": "#2", "rotation": 270},
				"up": {"uv": [5, 3, 7, 11], "texture": "#2"},
				"down": {"uv": [6, 6, 8, 14], "texture": "#2", "rotation": 180}
			}
		},
		{
			"from": [12, 0, -1],
			"to": [14, 3, 2],
			"faces": {
				"north": {"uv": [5, 5, 8, 7], "texture": "#2", "rotation": 270},
				"east": {"uv": [0, 0, 3, 2], "texture": "#2", "rotation": 180},
				"south": {"uv": [0, 0, 1, 2], "texture": "#2", "rotation": 90},
				"west": {"uv": [0, 0, 4, 1], "texture": "#2"},
				"up": {"uv": [7, 3, 10, 5], "texture": "#2", "rotation": 90},
				"down": {"uv": [3, 2, 6, 4], "texture": "#2", "rotation": 90}
			}
		},
		{
			"from": [4, 0, -1],
			"to": [12, 3, 1],
			"faces": {
				"north": {"uv": [5, 5, 8, 13], "texture": "#2", "rotation": 270},
				"east": {"uv": [0, 0, 1, 2], "texture": "#2", "rotation": 180},
				"south": {"uv": [0, 0, 1, 2], "texture": "#2", "rotation": 90},
				"west": {"uv": [0, 0, 4, 1], "texture": "#2"},
				"up": {"uv": [5, 3, 7, 11], "texture": "#2", "rotation": 90},
				"down": {"uv": [6, 6, 8, 14], "texture": "#2", "rotation": 90}
			}
		},
		{
			"from": [2, 0, -1],
			"to": [4, 3, 2],
			"faces": {
				"north": {"uv": [0, 0, 3, 2], "texture": "#2", "rotation": 270},
				"east": {"uv": [0, 0, 1, 2], "texture": "#2", "rotation": 180},
				"south": {"uv": [0, 0, 1, 2], "texture": "#2", "rotation": 90},
				"west": {"uv": [0, 0, 4, 3], "texture": "#2"},
				"up": {"uv": [11, 7, 14, 9], "texture": "#2", "rotation": 90},
				"down": {"uv": [4, 5, 7, 7], "texture": "#2", "rotation": 90}
			}
		},
		{
			"from": [0, 0, 0],
			"to": [2, 3, 2],
			"faces": {
				"north": {"uv": [0, 0, 1, 2], "texture": "#2", "rotation": 270},
				"east": {"uv": [0, 0, 1, 2], "texture": "#2", "rotation": 180},
				"south": {"uv": [0, 0, 1, 2], "texture": "#2", "rotation": 90},
				"west": {"uv": [0, 0, 2, 3], "texture": "#2"},
				"up": {"uv": [0, 0, 2, 2], "texture": "#2", "rotation": 90},
				"down": {"uv": [4, 5, 6, 7], "texture": "#2", "rotation": 90}
			}
		},
		{
			"from": [14, 0, 12],
			"to": [17, 3, 14],
			"faces": {
				"north": {"uv": [0, 0, 4, 1], "texture": "#2"},
				"east": {"uv": [5, 5, 8, 7], "texture": "#2", "rotation": 270},
				"south": {"uv": [0, 0, 3, 2], "texture": "#2", "rotation": 180},
				"west": {"uv": [0, 0, 1, 2], "texture": "#2", "rotation": 90},
				"up": {"uv": [7, 3, 10, 5], "texture": "#2", "rotation": 180},
				"down": {"uv": [3, 2, 6, 4], "texture": "#2"}
			}
		},
		{
			"from": [15, 0, 4],
			"to": [17, 3, 12],
			"faces": {
				"north": {"uv": [0, 0, 4, 1], "texture": "#2"},
				"east": {"uv": [5, 5, 8, 13], "texture": "#2", "rotation": 270},
				"south": {"uv": [0, 0, 1, 2], "texture": "#2", "rotation": 180},
				"west": {"uv": [0, 0, 1, 2], "texture": "#2", "rotation": 90},
				"up": {"uv": [5, 3, 7, 11], "texture": "#2", "rotation": 180},
				"down": {"uv": [6, 6, 8, 14], "texture": "#2"}
			}
		},
		{
			"from": [14, 0, 2],
			"to": [17, 3, 4],
			"faces": {
				"north": {"uv": [0, 0, 4, 3], "texture": "#2"},
				"east": {"uv": [0, 0, 3, 2], "texture": "#2", "rotation": 270},
				"south": {"uv": [0, 0, 1, 2], "texture": "#2", "rotation": 180},
				"west": {"uv": [0, 0, 1, 2], "texture": "#2", "rotation": 90},
				"up": {"uv": [11, 7, 14, 9], "texture": "#2", "rotation": 180},
				"down": {"uv": [4, 5, 7, 7], "texture": "#2"}
			}
		},
		{
			"from": [14, 0, 0],
			"to": [16, 3, 2],
			"faces": {
				"north": {"uv": [0, 0, 2, 3], "texture": "#2"},
				"east": {"uv": [0, 0, 1, 2], "texture": "#2", "rotation": 270},
				"south": {"uv": [0, 0, 1, 2], "texture": "#2", "rotation": 180},
				"west": {"uv": [0, 0, 1, 2], "texture": "#2", "rotation": 90},
				"up": {"uv": [0, 0, 2, 2], "texture": "#2", "rotation": 180},
				"down": {"uv": [4, 5, 6, 7], "texture": "#2"}
			}
		},
		{
			"from": [2, 0, 14],
			"to": [4, 3, 17],
			"faces": {
				"north": {"uv": [0, 0, 1, 2], "texture": "#2", "rotation": 90},
				"east": {"uv": [0, 0, 4, 1], "texture": "#2"},
				"south": {"uv": [5, 5, 8, 7], "texture": "#2", "rotation": 270},
				"west": {"uv": [0, 0, 3, 2], "texture": "#2", "rotation": 180},
				"up": {"uv": [7, 3, 10, 5], "texture": "#2", "rotation": 270},
				"down": {"uv": [3, 2, 6, 4], "texture": "#2", "rotation": 270}
			}
		},
		{
			"from": [4, 0, 15],
			"to": [12, 3, 17],
			"faces": {
				"north": {"uv": [0, 0, 1, 2], "texture": "#2", "rotation": 90},
				"east": {"uv": [0, 0, 4, 1], "texture": "#2"},
				"south": {"uv": [5, 5, 8, 13], "texture": "#2", "rotation": 270},
				"west": {"uv": [0, 0, 1, 2], "texture": "#2", "rotation": 180},
				"up": {"uv": [5, 3, 7, 11], "texture": "#2", "rotation": 270},
				"down": {"uv": [6, 6, 8, 14], "texture": "#2", "rotation": 270}
			}
		},
		{
			"from": [12, 0, 14],
			"to": [14, 3, 17],
			"faces": {
				"north": {"uv": [0, 0, 1, 2], "texture": "#2", "rotation": 90},
				"east": {"uv": [0, 0, 4, 3], "texture": "#2"},
				"south": {"uv": [0, 0, 3, 2], "texture": "#2", "rotation": 270},
				"west": {"uv": [0, 0, 1, 2], "texture": "#2", "rotation": 180},
				"up": {"uv": [11, 7, 14, 9], "texture": "#2", "rotation": 270},
				"down": {"uv": [4, 5, 7, 7], "texture": "#2", "rotation": 270}
			}
		},
		{
			"from": [14, 0, 14],
			"to": [16, 3, 16],
			"faces": {
				"north": {"uv": [0, 0, 1, 2], "texture": "#2", "rotation": 90},
				"east": {"uv": [0, 0, 2, 3], "texture": "#2"},
				"south": {"uv": [0, 0, 1, 2], "texture": "#2", "rotation": 270},
				"west": {"uv": [0, 0, 1, 2], "texture": "#2", "rotation": 180},
				"up": {"uv": [0, 0, 2, 2], "texture": "#2", "rotation": 270},
				"down": {"uv": [4, 5, 6, 7], "texture": "#2", "rotation": 270}
			}
		},
		{
			"from": [-0.5, 3, 4.5],
			"to": [0.5, 3.5, 5.5],
			"faces": {
				"north": {"uv": [2, 3, 3, 4], "texture": "#1_0"},
				"east": {"uv": [2, 3, 3, 4], "texture": "#1_0"},
				"south": {"uv": [2, 3, 3, 4], "texture": "#1_0"},
				"west": {"uv": [2, 3, 3, 4], "texture": "#1_0"},
				"up": {"uv": [2, 3, 3, 4], "texture": "#1_0"},
				"down": {"uv": [2, 3, 3, 4], "texture": "#1_0"}
			}
		},
		{
			"from": [-0.5, 3, 10.5],
			"to": [0.5, 3.5, 11.5],
			"faces": {
				"north": {"uv": [2, 3, 3, 4], "texture": "#1_0"},
				"east": {"uv": [2, 3, 3, 4], "texture": "#1_0"},
				"south": {"uv": [2, 3, 3, 4], "texture": "#1_0"},
				"west": {"uv": [2, 3, 3, 4], "texture": "#1_0"},
				"up": {"uv": [2, 3, 3, 4], "texture": "#1_0"},
				"down": {"uv": [2, 3, 3, 4], "texture": "#1_0"}
			}
		},
		{
			"from": [4.5, 3, -0.5],
			"to": [5.5, 3.5, 0.5],
			"faces": {
				"north": {"uv": [2, 3, 3, 4], "texture": "#1_0"},
				"east": {"uv": [2, 3, 3, 4], "texture": "#1_0"},
				"south": {"uv": [2, 3, 3, 4], "texture": "#1_0"},
				"west": {"uv": [2, 3, 3, 4], "texture": "#1_0"},
				"up": {"uv": [2, 3, 3, 4], "texture": "#1_0", "rotation": 90},
				"down": {"uv": [2, 3, 3, 4], "texture": "#1_0", "rotation": 270}
			}
		},
		{
			"from": [10.5, 3, -0.5],
			"to": [11.5, 3.5, 0.5],
			"faces": {
				"north": {"uv": [2, 3, 3, 4], "texture": "#1_0"},
				"east": {"uv": [2, 3, 3, 4], "texture": "#1_0"},
				"south": {"uv": [2, 3, 3, 4], "texture": "#1_0"},
				"west": {"uv": [2, 3, 3, 4], "texture": "#1_0"},
				"up": {"uv": [2, 3, 3, 4], "texture": "#1_0", "rotation": 90},
				"down": {"uv": [2, 3, 3, 4], "texture": "#1_0", "rotation": 270}
			}
		},
		{
			"from": [15.5, 3, 4.5],
			"to": [16.5, 3.5, 5.5],
			"faces": {
				"north": {"uv": [2, 3, 3, 4], "texture": "#1_0"},
				"east": {"uv": [2, 3, 3, 4], "texture": "#1_0"},
				"south": {"uv": [2, 3, 3, 4], "texture": "#1_0"},
				"west": {"uv": [2, 3, 3, 4], "texture": "#1_0"},
				"up": {"uv": [2, 3, 3, 4], "texture": "#1_0", "rotation": 180},
				"down": {"uv": [2, 3, 3, 4], "texture": "#1_0", "rotation": 180}
			}
		},
		{
			"from": [15.5, 3, 10.5],
			"to": [16.5, 3.5, 11.5],
			"faces": {
				"north": {"uv": [2, 3, 3, 4], "texture": "#1_0"},
				"east": {"uv": [2, 3, 3, 4], "texture": "#1_0"},
				"south": {"uv": [2, 3, 3, 4], "texture": "#1_0"},
				"west": {"uv": [2, 3, 3, 4], "texture": "#1_0"},
				"up": {"uv": [2, 3, 3, 4], "texture": "#1_0", "rotation": 180},
				"down": {"uv": [2, 3, 3, 4], "texture": "#1_0", "rotation": 180}
			}
		},
		{
			"from": [10.5, 3, 15.5],
			"to": [11.5, 3.5, 16.5],
			"faces": {
				"north": {"uv": [2, 3, 3, 4], "texture": "#1_0"},
				"east": {"uv": [2, 3, 3, 4], "texture": "#1_0"},
				"south": {"uv": [2, 3, 3, 4], "texture": "#1_0"},
				"west": {"uv": [2, 3, 3, 4], "texture": "#1_0"},
				"up": {"uv": [2, 3, 3, 4], "texture": "#1_0", "rotation": 270},
				"down": {"uv": [2, 3, 3, 4], "texture": "#1_0", "rotation": 90}
			}
		},
		{
			"from": [4.5, 3, 15.5],
			"to": [5.5, 3.5, 16.5],
			"faces": {
				"north": {"uv": [2, 3, 3, 4], "texture": "#1_0"},
				"east": {"uv": [2, 3, 3, 4], "texture": "#1_0"},
				"south": {"uv": [2, 3, 3, 4], "texture": "#1_0"},
				"west": {"uv": [2, 3, 3, 4], "texture": "#1_0"},
				"up": {"uv": [2, 3, 3, 4], "texture": "#1_0", "rotation": 270},
				"down": {"uv": [2, 3, 3, 4], "texture": "#1_0", "rotation": 90}
			}
		},
		{
			"from": [14.5, 3, 14.5],
			"to": [16, 16, 16],
			"faces": {
				"north": {"uv": [0, 0, 2, 14], "texture": "#1", "rotation": 180},
				"east": {"uv": [14, 0, 16, 14], "texture": "#1", "rotation": 180},
				"south": {"uv": [0, 0, 2, 14], "texture": "#1", "rotation": 180},
				"west": {"uv": [14, 0, 16, 14], "texture": "#1", "rotation": 180},
				"up": {"uv": [15.5, 0, 16, 0.5], "texture": "#1", "rotation": 270},
				"down": {"uv": [15.5, 0, 16, 0.5], "texture": "#1", "rotation": 90}
			}
		},
		{
			"from": [0, 3, 14.5],
			"to": [1.5, 16, 16],
			"faces": {
				"north": {"uv": [14, 0, 16, 14], "texture": "#1", "rotation": 180},
				"east": {"uv": [0, 0, 2, 14], "texture": "#1", "rotation": 180},
				"south": {"uv": [14, 0, 16, 14], "texture": "#1", "rotation": 180},
				"west": {"uv": [0, 0, 2, 14], "texture": "#1", "rotation": 180},
				"up": {"uv": [15.5, 0, 16, 0.5], "texture": "#1"},
				"down": {"uv": [15.5, 0, 16, 0.5], "texture": "#1"}
			}
		},
		{
			"from": [0, 3, 0],
			"to": [1.5, 16, 1.5],
			"faces": {
				"north": {"uv": [0, 0, 2, 14], "texture": "#1", "rotation": 180},
				"east": {"uv": [14, 0, 16, 14], "texture": "#1", "rotation": 180},
				"south": {"uv": [0, 0, 2, 14], "texture": "#1", "rotation": 180},
				"west": {"uv": [14, 0, 16, 14], "texture": "#1", "rotation": 180},
				"up": {"uv": [15.5, 0, 16, 0.5], "texture": "#1", "rotation": 90},
				"down": {"uv": [15.5, 0, 16, 0.5], "texture": "#1", "rotation": 270}
			}
		}
	],
	"groups": [0, 1, 2, 3, 4,
		{
			"name": "orange_terracotta",
			"isOpen": true,
			"shade": true,
			"display": {
				"visibility": true,
				"autouv": true
			},
			"children": [5, 6, 7, 8, 9, 10, 11, 12, 13, 14, 15, 16, 17, 18, 19, 20, 21, 22, 23, 24, 25, 26, 27, 28, 29, 30, 31, 32, 33, 34, 35, 36]
		}, 37, 38, 39]
}