{
	"parent": "block/block",
	"textures": {
		"0": "block/purpur_block",
		"1": "block/anvil",
		"particle": "block/purpur_block"
	},
	"elements": [
		{
			"from": [0, 0, 0],
			"to": [16, 16, 16],
			"faces": {
				"north": {"uv": [0, 0, 16, 16], "texture": "#0"},
				"east": {"uv": [0, 0, 16, 16], "texture": "#0"},
				"south": {"uv": [0, 0, 16, 16], "texture": "#0"},
				"west": {"uv": [0, 0, 16, 16], "texture": "#0"},
				"up": {"uv": [0, 0, 16, 16], "texture": "#0"},
				"down": {"uv": [0, 0, 16, 16], "texture": "#0"}
			}
		},
		{
			"from": [5.5, 6.75, 16],
			"to": [6.5, 7.75, 18],
			"faces": {
				"north": {"uv": [0, 0, 1, 2], "texture": "#1"},
				"east": {"uv": [0, 0, 1, 2], "texture": "#1"},
				"south": {"uv": [0, 0, 1, 2], "texture": "#1"},
				"west": {"uv": [0, 0, 1, 2], "texture": "#1"},
				"up": {"uv": [9, 4, 10, 6], "texture": "#1"},
				"down": {"uv": [0, 0, 1, 2], "texture": "#1"}
			}
		},
		{
			"from": [5.25, 6.5, 18],
			"to": [6.75, 8, 19],
			"faces": {
				"north": {"uv": [0, 0, 1.5, 1.5], "texture": "#1"},
				"east": {"uv": [11, 11, 12, 12.5], "texture": "#1"},
				"south": {"uv": [8.25, 7.25, 9.75, 8.75], "texture": "#1"},
				"west": {"uv": [8, 8, 9, 9.5], "texture": "#1"},
				"up": {"uv": [10, 10, 11, 11.5], "texture": "#1"},
				"down": {"uv": [11, 12, 12, 13.5], "texture": "#1"}
			}
		},
		{
			"from": [11, 4, 16],
			"to": [12, 5, 19],
			"faces": {
				"north": {"uv": [3, 8, 4, 11], "texture": "#1"},
				"east": {"uv": [3, 8, 4, 11], "texture": "#1"},
				"south": {"uv": [3, 8, 4, 11], "texture": "#1"},
				"west": {"uv": [3, 8, 4, 11], "texture": "#1"},
				"up": {"uv": [3, 8, 4, 11], "texture": "#1"},
				"down": {"uv": [3, 8, 4, 11], "texture": "#1"}
			}
		},
		{
			"from": [10.75, 3.75, 19],
			"to": [12.25, 5.25, 20],
			"faces": {
				"north": {"uv": [0, 0, 1.5, 1.5], "texture": "#1"},
				"east": {"uv": [11, 11, 12, 12.5], "texture": "#1"},
				"south": {"uv": [8.25, 7.25, 9.75, 8.75], "texture": "#1"},
				"west": {"uv": [8, 8, 9, 9.5], "texture": "#1"},
				"up": {"uv": [10, 10, 11, 11.5], "texture": "#1"},
				"down": {"uv": [11, 12, 12, 13.5], "texture": "#1"}
			}
		},
		{
			"from": [2.25, 2, 18],
			"to": [3.75, 3.5, 19],
			"rotation": {"angle": 22.5, "axis": "z", "origin": [3, 2.75, 18.5]},
			"faces": {
				"north": {"uv": [0, 0, 1.5, 1.5], "texture": "#1"},
				"east": {"uv": [11, 11, 12, 12.5], "texture": "#1"},
				"south": {"uv": [8.25, 7.25, 9.75, 8.75], "texture": "#1"},
				"west": {"uv": [8, 8, 9, 9.5], "texture": "#1"},
				"up": {"uv": [10, 10, 11, 11.5], "texture": "#1"},
				"down": {"uv": [11, 12, 12, 13.5], "texture": "#1"}
			}
		},
		{
			"from": [2.5, 2.25, 16],
			"to": [3.5, 3.25, 18],
			"rotation": {"angle": 22.5, "axis": "z", "origin": [3, 2.75, 17]},
			"faces": {
				"north": {"uv": [0, 0, 1, 2], "texture": "#1"},
				"east": {"uv": [0, 0, 1, 2], "texture": "#1"},
				"south": {"uv": [0, 0, 1, 2], "texture": "#1"},
				"west": {"uv": [0, 0, 1, 2], "texture": "#1"},
				"up": {"uv": [9, 4, 10, 6], "texture": "#1"},
				"down": {"uv": [0, 0, 1, 2], "texture": "#1"}
			}
		}
	]
}