{
	"textures": {
		"0": "_custom/steel",
		"1": "block/purpur_block",
		"particle": "_custom/steel"
	},
	"elements": [
		{
			"from": [0, 14.5, 1.1],
			"to": [16, 15.4, 2.3],
			"faces": {
				"north": {"uv": [0, 0, 16, 0.9], "texture": "#0"},
				"east": {"uv": [3, 6, 4, 6.9], "texture": "#0"},
				"south": {"uv": [0, 0, 16, 0.9], "texture": "#0"},
				"west": {"uv": [4, 4, 5, 4.9], "texture": "#0"},
				"up": {"uv": [0, 2, 16, 3], "texture": "#0"},
				"down": {"uv": [0, 3, 16, 4], "texture": "#0"}
			}
		},
		{
			"from": [0, 14.5, 13.7],
			"to": [16, 15.4, 14.9],
			"faces": {
				"north": {"uv": [0, 0, 16, 0.9], "texture": "#0"},
				"east": {"uv": [3, 6, 4, 6.9], "texture": "#0"},
				"south": {"uv": [0, 0, 16, 0.9], "texture": "#0"},
				"west": {"uv": [4, 4, 5, 4.9], "texture": "#0"},
				"up": {"uv": [0, 2, 16, 3], "texture": "#0"},
				"down": {"uv": [0, 3, 16, 4], "texture": "#0"}
			}
		},
		{
			"from": [0, 14.5, 10.6],
			"to": [16, 15.4, 11.8],
			"faces": {
				"north": {"uv": [0, 0, 16, 0.9], "texture": "#0"},
				"east": {"uv": [3, 6, 4, 6.9], "texture": "#0"},
				"south": {"uv": [0, 0, 16, 0.9], "texture": "#0"},
				"west": {"uv": [4, 4, 5, 4.9], "texture": "#0"},
				"up": {"uv": [0, 2, 16, 3], "texture": "#0"},
				"down": {"uv": [0, 3, 16, 4], "texture": "#0"}
			}
		},
		{
			"from": [0, 14.5, 4.2],
			"to": [16, 15.4, 5.4],
			"faces": {
				"north": {"uv": [0, 0, 16, 0.9], "texture": "#0"},
				"east": {"uv": [3, 6, 4, 6.9], "texture": "#0"},
				"south": {"uv": [0, 0, 16, 0.9], "texture": "#0"},
				"west": {"uv": [4, 4, 5, 4.9], "texture": "#0"},
				"up": {"uv": [0, 2, 16, 3], "texture": "#0"},
				"down": {"uv": [0, 3, 16, 4], "texture": "#0"}
			}
		},
		{
			"from": [0, 14.5, 7.5],
			"to": [16, 15.4, 8.7],
			"faces": {
				"north": {"uv": [0, 0, 16, 0.9], "texture": "#0"},
				"east": {"uv": [3, 6, 4, 6.9], "texture": "#0"},
				"south": {"uv": [0, 0, 16, 0.9], "texture": "#0"},
				"west": {"uv": [4, 4, 5, 4.9], "texture": "#0"},
				"up": {"uv": [0, 2, 16, 3], "texture": "#0"},
				"down": {"uv": [0, 3, 16, 4], "texture": "#0"}
			}
		},
		{
			"from": [-0.1, 14.3, 0],
			"to": [2.3, 16, 16],
			"faces": {
				"north": {"uv": [7, 0, 9, 1.5], "texture": "#1"},
				"east": {"uv": [7, 0, 8.5, 16], "texture": "#1", "rotation": 90},
				"south": {"uv": [7, 0, 9, 1.5], "texture": "#1"},
				"west": {"uv": [7, 0, 8.5, 16], "texture": "#1", "rotation": 90},
				"up": {"uv": [7, 0, 9, 16], "texture": "#1"},
				"down": {"uv": [7, 0, 9, 16], "texture": "#1"}
			}
		},
		{
			"from": [4.2, 14.5, 0],
			"to": [5.4, 15.6, 16],
			"faces": {
				"north": {"uv": [4, 4, 5, 4.9], "texture": "#0"},
				"east": {"uv": [0, 0, 16, 0.9], "texture": "#0"},
				"south": {"uv": [3, 6, 4, 6.9], "texture": "#0"},
				"west": {"uv": [0, 0, 16, 0.9], "texture": "#0"},
				"up": {"uv": [0, 2, 16, 3], "texture": "#0", "rotation": 90},
				"down": {"uv": [0, 3, 16, 4], "texture": "#0", "rotation": 270}
			}
		},
		{
			"from": [10.6, 14.5, 0],
			"to": [11.8, 15.6, 16],
			"faces": {
				"north": {"uv": [4, 4, 5, 4.9], "texture": "#0"},
				"east": {"uv": [0, 0, 16, 0.9], "texture": "#0"},
				"south": {"uv": [3, 6, 4, 6.9], "texture": "#0"},
				"west": {"uv": [0, 0, 16, 0.9], "texture": "#0"},
				"up": {"uv": [0, 2, 16, 3], "texture": "#0", "rotation": 90},
				"down": {"uv": [0, 3, 16, 4], "texture": "#0", "rotation": 270}
			}
		},
		{
			"from": [7.3, 14.5, 0],
			"to": [8.5, 15.6, 16],
			"faces": {
				"north": {"uv": [4, 4, 5, 4.9], "texture": "#0"},
				"east": {"uv": [0, 0, 16, 0.9], "texture": "#0"},
				"south": {"uv": [3, 6, 4, 6.9], "texture": "#0"},
				"west": {"uv": [0, 0, 16, 0.9], "texture": "#0"},
				"up": {"uv": [0, 2, 16, 3], "texture": "#0", "rotation": 90},
				"down": {"uv": [0, 3, 16, 4], "texture": "#0", "rotation": 270}
			}
		},
		{
			"from": [13.7, 14.3, 0],
			"to": [16.1, 16, 16],
			"faces": {
				"north": {"uv": [9, 0, 7, 1.5], "texture": "#1"},
				"east": {"uv": [8.5, 0, 7, 16], "texture": "#1", "rotation": 90},
				"south": {"uv": [9, 0, 7, 1.5], "texture": "#1"},
				"west": {"uv": [8.5, 0, 7, 16], "texture": "#1", "rotation": 90},
				"up": {"uv": [9, 0, 7, 16], "texture": "#1"},
				"down": {"uv": [9, 0, 7, 16], "texture": "#1"}
			}
		}
	]
}