{
	"textures": {
		"0": "block/purpur_block",
		"1": "_custom/steel",
		"2": "block/orange_glazed_terracotta",
		"particle": "block/purpur_block"
	},
	"elements": [
		{
			"from": [-0.9, 1.1, 15],
			"to": [-0.01, 16.99, 15.99],
			"faces": {
				"north": {"uv": [7, 15, 8, 0], "texture": "#0", "rotation": 180},
				"east": {"uv": [7, 15, 8, 0], "texture": "#0", "rotation": 180},
				"south": {"uv": [7, 15, 8, 0], "texture": "#0", "rotation": 180},
				"west": {"uv": [7, 15, 8, 0], "texture": "#0", "rotation": 180},
				"up": {"uv": [7, 1, 8, 0], "texture": "#0", "rotation": 180},
				"down": {"uv": [7, 1, 8, 0], "texture": "#0", "rotation": 180}
			}
		},
		{
			"from": [0, 1, 14],
			"to": [1, 17, 16],
			"faces": {
				"north": {"uv": [9, 0, 8, 15], "texture": "#0"},
				"east": {"uv": [12, 0, 10, 15], "texture": "#0"},
				"south": {"uv": [6, 0, 5, 15], "texture": "#0"},
				"west": {"uv": [7, 0, 5, 15], "texture": "#0"},
				"up": {"uv": [5, 3, 7, 2], "texture": "#0"},
				"down": {"uv": [5, 3, 6, 1], "texture": "#0"}
			}
		},
		{
			"from": [15, 1, 14],
			"to": [16, 17, 16],
			"faces": {
				"north": {"uv": [9, 0, 8, 15], "texture": "#0"},
				"east": {"uv": [12, 0, 10, 15], "texture": "#0"},
				"south": {"uv": [6, 0, 5, 15], "texture": "#0"},
				"west": {"uv": [7, 0, 5, 15], "texture": "#0"},
				"up": {"uv": [5, 3, 7, 2], "texture": "#0"},
				"down": {"uv": [5, 4, 6, 2], "texture": "#0"}
			}
		},
		{
			"from": [1, 9, 14.5],
			"to": [15, 10, 15.5],
			"faces": {
				"north": {"uv": [16, 5, 2, 6], "texture": "#1"},
				"east": {"uv": [3, 5, 2, 6], "texture": "#1"},
				"south": {"uv": [16, 5, 2, 6], "texture": "#1"},
				"west": {"uv": [3, 5, 2, 6], "texture": "#1"},
				"up": {"uv": [2, 6, 16, 5], "texture": "#1"},
				"down": {"uv": [2, 6, 16, 5], "texture": "#1"}
			}
		},
		{
			"from": [1, 6, 14.5],
			"to": [15, 7, 15.5],
			"faces": {
				"north": {"uv": [16, 5, 2, 6], "texture": "#1"},
				"east": {"uv": [3, 5, 2, 6], "texture": "#1"},
				"south": {"uv": [16, 5, 2, 6], "texture": "#1"},
				"west": {"uv": [3, 5, 2, 6], "texture": "#1"},
				"up": {"uv": [2, 6, 16, 5], "texture": "#1"},
				"down": {"uv": [2, 6, 16, 5], "texture": "#1"}
			}
		},
		{
			"from": [15.5, -1, 15.5],
			"to": [16, 0, 15.9],
			"faces": {
				"north": {"uv": [0, 0, 1, 1], "texture": "#1"},
				"east": {"uv": [0, 0, 1, 1], "texture": "#1"},
				"south": {"uv": [0, 0, 1, 1], "texture": "#1"},
				"west": {"uv": [0, 0, 1, 1], "texture": "#1"},
				"up": {"uv": [1, 1, 0, 0], "texture": "#1"},
				"down": {"uv": [1, 1, 0, 0], "texture": "#1"}
			}
		},
		{
			"from": [15.5, -1, 14.5],
			"to": [16, 1, 15.5],
			"faces": {
				"north": {"uv": [5, 0, 6, 2], "texture": "#1"},
				"east": {"uv": [5, 0, 6, 2], "texture": "#1"},
				"south": {"uv": [5, 0, 6, 2], "texture": "#1"},
				"west": {"uv": [5, 0, 6, 2], "texture": "#1"},
				"up": {"uv": [5, 0, 6, 2], "texture": "#1"},
				"down": {"uv": [5, 0, 6, 1], "texture": "#1"}
			}
		},
		{
			"from": [0, -1.1, 15.9],
			"to": [16, 0.39, 18.4],
			"faces": {
				"north": {"uv": [0, 5, 16, 6.1], "texture": "#0"},
				"east": {"uv": [1, 5, 2, 6], "texture": "#0"},
				"south": {"uv": [0, 7, 16, 8.1], "texture": "#0"},
				"west": {"uv": [1, 5, 2, 6], "texture": "#0"},
				"up": {"uv": [0, 8, 16, 10.2], "texture": "#0"},
				"down": {"uv": [0, 7, 16, 9.2], "texture": "#0"}
			}
		},
		{
			"from": [0, -1, 14.5],
			"to": [0.5, 1, 15.5],
			"faces": {
				"north": {"uv": [6, 0, 5, 2], "texture": "#1"},
				"east": {"uv": [6, 0, 5, 2], "texture": "#1"},
				"south": {"uv": [6, 0, 5, 2], "texture": "#1"},
				"west": {"uv": [6, 0, 5, 2], "texture": "#1"},
				"up": {"uv": [6, 0, 5, 2], "texture": "#1"},
				"down": {"uv": [6, 0, 5, 1], "texture": "#1"}
			}
		},
		{
			"from": [0, -1, 15.5],
			"to": [0.5, 0, 15.9],
			"faces": {
				"north": {"uv": [1, 0, 0, 1], "texture": "#1"},
				"east": {"uv": [1, 0, 0, 1], "texture": "#1"},
				"south": {"uv": [1, 0, 0, 1], "texture": "#1"},
				"west": {"uv": [1, 0, 0, 1], "texture": "#1"},
				"up": {"uv": [0, 1, 1, 0], "texture": "#1"},
				"down": {"uv": [0, 1, 1, 0], "texture": "#1"}
			}
		},
		{
			"from": [1, 7, 14.75],
			"to": [15, 9, 15.25],
			"faces": {
				"north": {"uv": [16, 0, 0, 2], "texture": "#2"},
				"east": {"uv": [3, 5, 2, 6], "texture": "#1"},
				"south": {"uv": [16, 0, 0, 2], "texture": "#2"},
				"west": {"uv": [3, 5, 2, 6], "texture": "#1"},
				"up": {"uv": [2, 6, 16, 5], "texture": "#1"},
				"down": {"uv": [2, 6, 16, 5], "texture": "#1"}
			}
		},
		{
			"from": [1, 14, 14.5],
			"to": [15, 15, 15.5],
			"faces": {
				"north": {"uv": [14, 7, 0, 8], "texture": "#1"},
				"east": {"uv": [3, 5, 2, 6], "texture": "#1"},
				"south": {"uv": [16, 5, 2, 6], "texture": "#1"},
				"west": {"uv": [3, 5, 2, 6], "texture": "#1"},
				"up": {"uv": [2, 6, 16, 5], "texture": "#1"},
				"down": {"uv": [2, 6, 16, 5], "texture": "#1"}
			}
		}
	]
}