{
	"parent": "block/block",
	"textures": {
		"0": "_custom/steel",
		"1": "block/purpur_block",
		"particle": "_custom/steel"
	},
	"elements": [
		{
			"from": [13.7, 0.25, 4],
			"to": [14.9, 1.15, 12],
			"faces": {
				"north": {"uv": [0, 0, 12, 1], "texture": "#0"},
				"east": {"uv": [0, 0, 12, 1], "texture": "#0"},
				"south": {"uv": [0, 0, 12, 1], "texture": "#0"},
				"west": {"uv": [0, 0, 12, 1], "texture": "#0"},
				"up": {"uv": [0, 0, 12, 1], "texture": "#0", "rotation": 90},
				"down": {"uv": [0, 0, 12, 1], "texture": "#0", "rotation": 270}
			}
		},
		{
			"from": [1.1, 0.25, 4],
			"to": [2.3, 1.15, 12],
			"faces": {
				"north": {"uv": [0, 2, 12, 3], "texture": "#0"},
				"east": {"uv": [0, 2, 12, 3], "texture": "#0"},
				"south": {"uv": [0, 2, 12, 3], "texture": "#0"},
				"west": {"uv": [0, 2, 12, 3], "texture": "#0"},
				"up": {"uv": [0, 2, 12, 3], "texture": "#0", "rotation": 90},
				"down": {"uv": [0, 2, 12, 3], "texture": "#0", "rotation": 270}
			}
		},
		{
			"from": [4.2, 0.25, 4],
			"to": [5.4, 1.15, 12],
			"faces": {
				"north": {"uv": [4, 8, 16, 9], "texture": "#0"},
				"east": {"uv": [4, 8, 16, 9], "texture": "#0"},
				"south": {"uv": [4, 8, 16, 9], "texture": "#0"},
				"west": {"uv": [4, 8, 16, 9], "texture": "#0"},
				"up": {"uv": [4, 8, 16, 9], "texture": "#0", "rotation": 90},
				"down": {"uv": [4, 8, 16, 9], "texture": "#0", "rotation": 270}
			}
		},
		{
			"from": [10.6, 0.25, 4],
			"to": [11.8, 1.15, 12],
			"faces": {
				"north": {"uv": [3, 11, 15, 12], "texture": "#0"},
				"east": {"uv": [3, 11, 15, 12], "texture": "#0"},
				"south": {"uv": [3, 11, 15, 12], "texture": "#0"},
				"west": {"uv": [3, 11, 15, 12], "texture": "#0"},
				"up": {"uv": [3, 11, 15, 12], "texture": "#0", "rotation": 90},
				"down": {"uv": [3, 11, 15, 12], "texture": "#0", "rotation": 270}
			}
		},
		{
			"from": [7.3, 0.25, 4],
			"to": [8.5, 1.15, 12],
			"faces": {
				"north": {"uv": [3, 9, 15, 10], "texture": "#0"},
				"east": {"uv": [3, 9, 15, 10], "texture": "#0"},
				"south": {"uv": [3, 9, 15, 10], "texture": "#0"},
				"west": {"uv": [3, 9, 15, 10], "texture": "#0"},
				"up": {"uv": [3, 9, 15, 10], "texture": "#0", "rotation": 90},
				"down": {"uv": [3, 9, 15, 10], "texture": "#0", "rotation": 270}
			}
		},
		{
			"from": [0, 0.05, 1.9],
			"to": [16, 1.75, 4.3],
			"faces": {
				"north": {"uv": [7, 0, 8.5, 16], "texture": "#1", "rotation": 90},
				"east": {"uv": [7, 0, 9, 1.5], "texture": "#1"},
				"south": {"uv": [7, 0, 8.5, 16], "texture": "#1", "rotation": 90},
				"west": {"uv": [7, 0, 9, 1.5], "texture": "#1"},
				"up": {"uv": [7, 0, 9, 16], "texture": "#1", "rotation": 90},
				"down": {"uv": [7, 0, 9, 16], "texture": "#1", "rotation": 270}
			}
		},
		{
			"from": [0, 0.25, 4.7],
			"to": [16, 1.35, 5.9],
			"faces": {
				"north": {"uv": [0, 0, 16, 0.9], "texture": "#0"},
				"east": {"uv": [4, 4, 5, 4.9], "texture": "#0"},
				"south": {"uv": [0, 0, 16, 0.9], "texture": "#0"},
				"west": {"uv": [3, 6, 4, 6.9], "texture": "#0"},
				"up": {"uv": [0, 2, 16, 3], "texture": "#0", "rotation": 180},
				"down": {"uv": [0, 3, 16, 4], "texture": "#0", "rotation": 180}
			}
		},
		{
			"from": [0, 0.25, 10.1],
			"to": [16, 1.35, 11.3],
			"faces": {
				"north": {"uv": [0, 0, 16, 0.9], "texture": "#0"},
				"east": {"uv": [4, 4, 5, 4.9], "texture": "#0"},
				"south": {"uv": [0, 0, 16, 0.9], "texture": "#0"},
				"west": {"uv": [3, 6, 4, 6.9], "texture": "#0"},
				"up": {"uv": [0, 2, 16, 3], "texture": "#0", "rotation": 180},
				"down": {"uv": [0, 3, 16, 4], "texture": "#0", "rotation": 180}
			}
		},
		{
			"from": [0, 0.25, 7.3],
			"to": [16, 1.35, 8.5],
			"faces": {
				"north": {"uv": [0, 0, 16, 0.9], "texture": "#0"},
				"east": {"uv": [4, 4, 5, 4.9], "texture": "#0"},
				"south": {"uv": [0, 0, 16, 0.9], "texture": "#0"},
				"west": {"uv": [3, 6, 4, 6.9], "texture": "#0"},
				"up": {"uv": [0, 2, 16, 3], "texture": "#0", "rotation": 180},
				"down": {"uv": [0, 3, 16, 4], "texture": "#0", "rotation": 180}
			}
		},
		{
			"from": [0, 0.05, 11.7],
			"to": [16, 1.75, 14.1],
			"faces": {
				"north": {"uv": [8.5, 0, 7, 16], "texture": "#1", "rotation": 90},
				"east": {"uv": [9, 0, 7, 1.5], "texture": "#1"},
				"south": {"uv": [8.5, 0, 7, 16], "texture": "#1", "rotation": 90},
				"west": {"uv": [9, 0, 7, 1.5], "texture": "#1"},
				"up": {"uv": [9, 0, 7, 16], "texture": "#1", "rotation": 90},
				"down": {"uv": [9, 0, 7, 16], "texture": "#1", "rotation": 270}
			}
		}
	],
	"groups": [
		{
			"name": "iron_trapdoor_top2",
			"isOpen": true,
			"shade": true,
			"display": {
				"visibility": true,
				"autouv": false
			},
			"children": [0, 1, 2, 3, 4, 5, 6, 7, 8, 9]
		}
	]
}