{
	"textures": {
		"0": "block/purpur_block4",
		"particle": "block/purpur_block4"
	},
	"elements": [
		{
			"from": [0, 0, 13],
			"to": [16, 16, 16],
			"faces": {
				"north": {"uv": [16, 0, 0, 16], "texture": "#0"},
				"east": {"uv": [16, 0, 13, 16], "texture": "#0"},
				"south": {"uv": [16, 0, 0, 16], "texture": "#0"},
				"west": {"uv": [16, 0, 13, 16], "texture": "#0", "rotation": 180},
				"up": {"uv": [13, 16, 16, 0], "texture": "#0", "rotation": 270},
				"down": {"uv": [13, 16, 16, 0], "texture": "#0", "rotation": 90}
			}
		}
	]
}