{
	"textures": {
		"0": "_custom/steel",
		"particle": "_custom/steel"
	},
	"elements": [
		{
			"from": [0, 15, 1.1],
			"to": [16, 15.9, 2.3],
			"faces": {
				"north": {"uv": [0, 0, 16, 0.9], "texture": "#0"},
				"east": {"uv": [3, 6, 4, 6.9], "texture": "#0"},
				"south": {"uv": [0, 0, 16, 0.9], "texture": "#0"},
				"west": {"uv": [4, 4, 5, 4.9], "texture": "#0"},
				"up": {"uv": [0, 2, 16, 3], "texture": "#0"},
				"down": {"uv": [0, 3, 16, 4], "texture": "#0"}
			}
		},
		{
			"from": [0, 15, 13.7],
			"to": [16, 15.9, 14.9],
			"faces": {
				"north": {"uv": [0, 0, 16, 0.9], "texture": "#0"},
				"east": {"uv": [3, 6, 4, 6.9], "texture": "#0"},
				"south": {"uv": [0, 0, 16, 0.9], "texture": "#0"},
				"west": {"uv": [4, 4, 5, 4.9], "texture": "#0"},
				"up": {"uv": [0, 2, 16, 3], "texture": "#0"},
				"down": {"uv": [0, 3, 16, 4], "texture": "#0"}
			}
		},
		{
			"from": [0, 15, 10.6],
			"to": [16, 15.9, 11.8],
			"faces": {
				"north": {"uv": [0, 0, 16, 0.9], "texture": "#0"},
				"east": {"uv": [3, 6, 4, 6.9], "texture": "#0"},
				"south": {"uv": [0, 0, 16, 0.9], "texture": "#0"},
				"west": {"uv": [4, 4, 5, 4.9], "texture": "#0"},
				"up": {"uv": [0, 2, 16, 3], "texture": "#0"},
				"down": {"uv": [0, 3, 16, 4], "texture": "#0"}
			}
		},
		{
			"from": [0, 15, 4.2],
			"to": [16, 15.9, 5.4],
			"faces": {
				"north": {"uv": [0, 0, 16, 0.9], "texture": "#0"},
				"east": {"uv": [3, 6, 4, 6.9], "texture": "#0"},
				"south": {"uv": [0, 0, 16, 0.9], "texture": "#0"},
				"west": {"uv": [4, 4, 5, 4.9], "texture": "#0"},
				"up": {"uv": [0, 2, 16, 3], "texture": "#0"},
				"down": {"uv": [0, 3, 16, 4], "texture": "#0"}
			}
		},
		{
			"from": [0, 15, 7.5],
			"to": [16, 15.9, 8.7],
			"faces": {
				"north": {"uv": [0, 0, 16, 0.9], "texture": "#0"},
				"east": {"uv": [3, 6, 4, 6.9], "texture": "#0"},
				"south": {"uv": [0, 0, 16, 0.9], "texture": "#0"},
				"west": {"uv": [4, 4, 5, 4.9], "texture": "#0"},
				"up": {"uv": [0, 2, 16, 3], "texture": "#0"},
				"down": {"uv": [0, 3, 16, 4], "texture": "#0"}
			}
		},
		{
			"from": [13.7, 15, 0],
			"to": [14.9, 16.1, 16],
			"faces": {
				"north": {"uv": [4, 4, 5, 4.9], "texture": "#0"},
				"east": {"uv": [0, 0, 16, 0.9], "texture": "#0"},
				"south": {"uv": [3, 6, 4, 6.9], "texture": "#0"},
				"west": {"uv": [0, 0, 16, 0.9], "texture": "#0"},
				"up": {"uv": [0, 2, 16, 3], "texture": "#0", "rotation": 90},
				"down": {"uv": [0, 3, 16, 4], "texture": "#0", "rotation": 270}
			}
		},
		{
			"from": [1.1, 15, 0],
			"to": [2.3, 16.1, 16],
			"faces": {
				"north": {"uv": [4, 4, 5, 4.9], "texture": "#0"},
				"east": {"uv": [0, 0, 16, 0.9], "texture": "#0"},
				"south": {"uv": [3, 6, 4, 6.9], "texture": "#0"},
				"west": {"uv": [0, 0, 16, 0.9], "texture": "#0"},
				"up": {"uv": [0, 2, 16, 3], "texture": "#0", "rotation": 90},
				"down": {"uv": [0, 3, 16, 4], "texture": "#0", "rotation": 270}
			}
		},
		{
			"from": [4.2, 15, 0],
			"to": [5.4, 16.1, 16],
			"faces": {
				"north": {"uv": [4, 4, 5, 4.9], "texture": "#0"},
				"east": {"uv": [0, 0, 16, 0.9], "texture": "#0"},
				"south": {"uv": [3, 6, 4, 6.9], "texture": "#0"},
				"west": {"uv": [0, 0, 16, 0.9], "texture": "#0"},
				"up": {"uv": [0, 2, 16, 3], "texture": "#0", "rotation": 90},
				"down": {"uv": [0, 3, 16, 4], "texture": "#0", "rotation": 270}
			}
		},
		{
			"from": [10.6, 15, 0],
			"to": [11.8, 16.1, 16],
			"faces": {
				"north": {"uv": [4, 4, 5, 4.9], "texture": "#0"},
				"east": {"uv": [0, 0, 16, 0.9], "texture": "#0"},
				"south": {"uv": [3, 6, 4, 6.9], "texture": "#0"},
				"west": {"uv": [0, 0, 16, 0.9], "texture": "#0"},
				"up": {"uv": [0, 2, 16, 3], "texture": "#0", "rotation": 90},
				"down": {"uv": [0, 3, 16, 4], "texture": "#0", "rotation": 270}
			}
		},
		{
			"from": [7.3, 15, 0],
			"to": [8.5, 16.1, 16],
			"faces": {
				"north": {"uv": [4, 4, 5, 4.9], "texture": "#0"},
				"east": {"uv": [0, 0, 16, 0.9], "texture": "#0"},
				"south": {"uv": [3, 6, 4, 6.9], "texture": "#0"},
				"west": {"uv": [0, 0, 16, 0.9], "texture": "#0"},
				"up": {"uv": [0, 2, 16, 3], "texture": "#0", "rotation": 90},
				"down": {"uv": [0, 3, 16, 4], "texture": "#0", "rotation": 270}
			}
		}
	],
	"display": {
		"head": {
			"scale": [1.7, 1.7, 1.7],
			"translation": [0, -9, 0],
			"rotation": [0, 90, 0]
		}
	}
}