{
	"parent": "block/block",
	"textures": {
		"0": "_custom/steel",
		"1": "block/purpur_block",
		"particle": "_custom/steel"
	},
	"elements": [
		{
			"from": [4, 0.25, 1.1],
			"to": [12, 1.15, 2.3],
			"faces": {
				"north": {"uv": [0, 0, 12, 1], "texture": "#0"},
				"east": {"uv": [0, 0, 12, 1], "texture": "#0"},
				"south": {"uv": [0, 0, 12, 1], "texture": "#0"},
				"west": {"uv": [0, 0, 12, 1], "texture": "#0"},
				"up": {"uv": [0, 0, 12, 1], "texture": "#0"},
				"down": {"uv": [0, 0, 12, 1], "texture": "#0"}
			}
		},
		{
			"from": [4, 0.25, 13.7],
			"to": [12, 1.15, 14.9],
			"faces": {
				"north": {"uv": [0, 2, 12, 3], "texture": "#0"},
				"east": {"uv": [0, 2, 12, 3], "texture": "#0"},
				"south": {"uv": [0, 2, 12, 3], "texture": "#0"},
				"west": {"uv": [0, 2, 12, 3], "texture": "#0"},
				"up": {"uv": [0, 2, 12, 3], "texture": "#0"},
				"down": {"uv": [0, 2, 12, 3], "texture": "#0"}
			}
		},
		{
			"from": [4, 0.25, 10.6],
			"to": [12, 1.15, 11.8],
			"faces": {
				"north": {"uv": [4, 8, 16, 9], "texture": "#0"},
				"east": {"uv": [4, 8, 16, 9], "texture": "#0"},
				"south": {"uv": [4, 8, 16, 9], "texture": "#0"},
				"west": {"uv": [4, 8, 16, 9], "texture": "#0"},
				"up": {"uv": [4, 8, 16, 9], "texture": "#0"},
				"down": {"uv": [4, 8, 16, 9], "texture": "#0"}
			}
		},
		{
			"from": [4, 0.25, 4.2],
			"to": [12, 1.15, 5.4],
			"faces": {
				"north": {"uv": [3, 11, 15, 12], "texture": "#0"},
				"east": {"uv": [3, 11, 15, 12], "texture": "#0"},
				"south": {"uv": [3, 11, 15, 12], "texture": "#0"},
				"west": {"uv": [3, 11, 15, 12], "texture": "#0"},
				"up": {"uv": [3, 11, 15, 12], "texture": "#0"},
				"down": {"uv": [3, 11, 15, 12], "texture": "#0"}
			}
		},
		{
			"from": [4, 0.25, 7.5],
			"to": [12, 1.15, 8.7],
			"faces": {
				"north": {"uv": [3, 9, 15, 10], "texture": "#0"},
				"east": {"uv": [3, 9, 15, 10], "texture": "#0"},
				"south": {"uv": [3, 9, 15, 10], "texture": "#0"},
				"west": {"uv": [3, 9, 15, 10], "texture": "#0"},
				"up": {"uv": [3, 9, 15, 10], "texture": "#0"},
				"down": {"uv": [3, 9, 15, 10], "texture": "#0"}
			}
		},
		{
			"from": [1.9, 0.05, 0],
			"to": [4.3, 1.75, 16],
			"faces": {
				"north": {"uv": [7, 0, 9, 1.5], "texture": "#1"},
				"east": {"uv": [7, 0, 8.5, 16], "texture": "#1", "rotation": 90},
				"south": {"uv": [7, 0, 9, 1.5], "texture": "#1"},
				"west": {"uv": [7, 0, 8.5, 16], "texture": "#1", "rotation": 90},
				"up": {"uv": [7, 0, 9, 16], "texture": "#1"},
				"down": {"uv": [7, 0, 9, 16], "texture": "#1"}
			}
		},
		{
			"from": [4.7, 0.25, 0],
			"to": [5.9, 1.35, 16],
			"faces": {
				"north": {"uv": [4, 4, 5, 4.9], "texture": "#0"},
				"east": {"uv": [0, 0, 16, 0.9], "texture": "#0"},
				"south": {"uv": [3, 6, 4, 6.9], "texture": "#0"},
				"west": {"uv": [0, 0, 16, 0.9], "texture": "#0"},
				"up": {"uv": [0, 2, 16, 3], "texture": "#0", "rotation": 90},
				"down": {"uv": [0, 3, 16, 4], "texture": "#0", "rotation": 270}
			}
		},
		{
			"from": [10.1, 0.25, 0],
			"to": [11.3, 1.35, 16],
			"faces": {
				"north": {"uv": [4, 4, 5, 4.9], "texture": "#0"},
				"east": {"uv": [0, 0, 16, 0.9], "texture": "#0"},
				"south": {"uv": [3, 6, 4, 6.9], "texture": "#0"},
				"west": {"uv": [0, 0, 16, 0.9], "texture": "#0"},
				"up": {"uv": [0, 2, 16, 3], "texture": "#0", "rotation": 90},
				"down": {"uv": [0, 3, 16, 4], "texture": "#0", "rotation": 270}
			}
		},
		{
			"from": [7.3, 0.25, 0],
			"to": [8.5, 1.35, 16],
			"faces": {
				"north": {"uv": [4, 4, 5, 4.9], "texture": "#0"},
				"east": {"uv": [0, 0, 16, 0.9], "texture": "#0"},
				"south": {"uv": [3, 6, 4, 6.9], "texture": "#0"},
				"west": {"uv": [0, 0, 16, 0.9], "texture": "#0"},
				"up": {"uv": [0, 2, 16, 3], "texture": "#0", "rotation": 90},
				"down": {"uv": [0, 3, 16, 4], "texture": "#0", "rotation": 270}
			}
		},
		{
			"from": [11.7, 0.05, 0],
			"to": [14.1, 1.75, 16],
			"faces": {
				"north": {"uv": [9, 0, 7, 1.5], "texture": "#1"},
				"east": {"uv": [8.5, 0, 7, 16], "texture": "#1", "rotation": 90},
				"south": {"uv": [9, 0, 7, 1.5], "texture": "#1"},
				"west": {"uv": [8.5, 0, 7, 16], "texture": "#1", "rotation": 90},
				"up": {"uv": [9, 0, 7, 16], "texture": "#1"},
				"down": {"uv": [9, 0, 7, 16], "texture": "#1"}
			}
		}
	],
	"groups": [
		{
			"name": "iron_trapdoor_top2",
			"isOpen": true,
			"shade": true,
			"display": {
				"visibility": true,
				"autouv": false
			},
			"children": [0, 1, 2, 3, 4, 5, 6, 7, 8, 9]
		}
	]
}