{
	"parent": "block/block",
	"textures": {
		"0": "_custom/steel",
		"particle": "_custom/steel"
	},
	"elements": [
		{
			"from": [7.6, 0, 1.1],
			"to": [8.5, 16, 2.3],
			"faces": {
				"north": {"uv": [0, 0, 16, 0.9], "texture": "#0", "rotation": 90},
				"east": {"uv": [0, 3, 16, 4], "texture": "#0", "rotation": 270},
				"south": {"uv": [0, 0, 16, 0.9], "texture": "#0", "rotation": 270},
				"west": {"uv": [0, 2, 16, 3], "texture": "#0", "rotation": 270},
				"up": {"uv": [3, 6, 4, 6.9], "texture": "#0", "rotation": 270},
				"down": {"uv": [4, 4, 5, 4.9], "texture": "#0", "rotation": 270}
			}
		},
		{
			"from": [7.6, 0, 4.2],
			"to": [8.5, 16, 5.4],
			"faces": {
				"north": {"uv": [0, 0, 16, 0.9], "texture": "#0", "rotation": 90},
				"east": {"uv": [0, 3, 16, 4], "texture": "#0", "rotation": 270},
				"south": {"uv": [0, 0, 16, 0.9], "texture": "#0", "rotation": 270},
				"west": {"uv": [0, 2, 16, 3], "texture": "#0", "rotation": 270},
				"up": {"uv": [3, 6, 4, 6.9], "texture": "#0", "rotation": 270},
				"down": {"uv": [4, 4, 5, 4.9], "texture": "#0", "rotation": 270}
			}
		},
		{
			"from": [7.6, 0, 7.5],
			"to": [8.5, 16, 8.7],
			"faces": {
				"north": {"uv": [0, 0, 16, 0.9], "texture": "#0", "rotation": 90},
				"east": {"uv": [0, 3, 16, 4], "texture": "#0", "rotation": 270},
				"south": {"uv": [0, 0, 16, 0.9], "texture": "#0", "rotation": 270},
				"west": {"uv": [0, 2, 16, 3], "texture": "#0", "rotation": 270},
				"up": {"uv": [3, 6, 4, 6.9], "texture": "#0", "rotation": 270},
				"down": {"uv": [4, 4, 5, 4.9], "texture": "#0", "rotation": 270}
			}
		},
		{
			"from": [7.4, 13.7, 0],
			"to": [8.5, 14.9, 8],
			"faces": {
				"north": {"uv": [4, 4, 5, 4.9], "texture": "#0", "rotation": 90},
				"east": {"uv": [0, 3, 16, 4], "texture": "#0", "rotation": 180},
				"south": {"uv": [3, 6, 4, 6.9], "texture": "#0", "rotation": 270},
				"west": {"uv": [0, 2, 16, 3], "texture": "#0"},
				"up": {"uv": [0, 0, 16, 0.9], "texture": "#0", "rotation": 270},
				"down": {"uv": [0, 0, 16, 0.9], "texture": "#0", "rotation": 270}
			}
		},
		{
			"from": [7.4, 1.1, 0],
			"to": [8.5, 2.3, 8],
			"faces": {
				"north": {"uv": [4, 4, 5, 4.9], "texture": "#0", "rotation": 90},
				"east": {"uv": [0, 3, 16, 4], "texture": "#0", "rotation": 180},
				"south": {"uv": [3, 6, 4, 6.9], "texture": "#0", "rotation": 270},
				"west": {"uv": [0, 2, 16, 3], "texture": "#0"},
				"up": {"uv": [0, 0, 16, 0.9], "texture": "#0", "rotation": 270},
				"down": {"uv": [0, 0, 16, 0.9], "texture": "#0", "rotation": 270}
			}
		},
		{
			"from": [7.4, 4.2, 0],
			"to": [8.5, 5.4, 8],
			"faces": {
				"north": {"uv": [4, 4, 5, 4.9], "texture": "#0", "rotation": 90},
				"east": {"uv": [0, 3, 16, 4], "texture": "#0", "rotation": 180},
				"south": {"uv": [3, 6, 4, 6.9], "texture": "#0", "rotation": 270},
				"west": {"uv": [0, 2, 16, 3], "texture": "#0"},
				"up": {"uv": [0, 0, 16, 0.9], "texture": "#0", "rotation": 270},
				"down": {"uv": [0, 0, 16, 0.9], "texture": "#0", "rotation": 270}
			}
		},
		{
			"from": [7.4, 10.6, 0],
			"to": [8.5, 11.8, 8],
			"faces": {
				"north": {"uv": [4, 4, 5, 4.9], "texture": "#0", "rotation": 90},
				"east": {"uv": [0, 3, 16, 4], "texture": "#0", "rotation": 180},
				"south": {"uv": [3, 6, 4, 6.9], "texture": "#0", "rotation": 270},
				"west": {"uv": [0, 2, 16, 3], "texture": "#0"},
				"up": {"uv": [0, 0, 16, 0.9], "texture": "#0", "rotation": 270},
				"down": {"uv": [0, 0, 16, 0.9], "texture": "#0", "rotation": 270}
			}
		},
		{
			"from": [7.4, 7.3, 0],
			"to": [8.5, 8.5, 8],
			"faces": {
				"north": {"uv": [4, 4, 5, 4.9], "texture": "#0", "rotation": 90},
				"east": {"uv": [0, 3, 16, 4], "texture": "#0", "rotation": 180},
				"south": {"uv": [3, 6, 4, 6.9], "texture": "#0", "rotation": 270},
				"west": {"uv": [0, 2, 16, 3], "texture": "#0"},
				"up": {"uv": [0, 0, 16, 0.9], "texture": "#0", "rotation": 270},
				"down": {"uv": [0, 0, 16, 0.9], "texture": "#0", "rotation": 270}
			}
		}
	]
}