{
	"parent": "block/block",
	"textures": {
		"0": "_custom/steel",
		"particle": "_custom/steel"
	},
	"elements": [
		{
			"from": [7.6, 0, 13.7],
			"to": [8.5, 16, 14.9],
			"faces": {
				"north": {"uv": [16, 0, 0, 0.9], "texture": "#0", "rotation": 270},
				"east": {"uv": [16, 3, 0, 4], "texture": "#0", "rotation": 270},
				"south": {"uv": [16, 0, 0, 0.9], "texture": "#0", "rotation": 90},
				"west": {"uv": [16, 2, 0, 3], "texture": "#0", "rotation": 270},
				"up": {"uv": [3, 6.9, 4, 6], "texture": "#0", "rotation": 270},
				"down": {"uv": [4, 4.9, 5, 4], "texture": "#0", "rotation": 270}
			}
		},
		{
			"from": [7.6, 0, 10.6],
			"to": [8.5, 16, 11.8],
			"faces": {
				"north": {"uv": [16, 0, 0, 0.9], "texture": "#0", "rotation": 270},
				"east": {"uv": [16, 3, 0, 4], "texture": "#0", "rotation": 270},
				"south": {"uv": [16, 0, 0, 0.9], "texture": "#0", "rotation": 90},
				"west": {"uv": [16, 2, 0, 3], "texture": "#0", "rotation": 270},
				"up": {"uv": [3, 6.9, 4, 6], "texture": "#0", "rotation": 270},
				"down": {"uv": [4, 4.9, 5, 4], "texture": "#0", "rotation": 270}
			}
		},
		{
			"from": [7.4, 13.7, 8],
			"to": [8.5, 14.9, 16],
			"faces": {
				"north": {"uv": [4, 6, 3, 6.9], "texture": "#0", "rotation": 270},
				"east": {"uv": [16, 3, 0, 4], "texture": "#0", "rotation": 180},
				"south": {"uv": [5, 4, 4, 4.9], "texture": "#0", "rotation": 90},
				"west": {"uv": [16, 2, 0, 3], "texture": "#0"},
				"up": {"uv": [0, 0.9, 16, 0], "texture": "#0", "rotation": 270},
				"down": {"uv": [0, 0.9, 16, 0], "texture": "#0", "rotation": 270}
			}
		},
		{
			"from": [7.4, 1.1, 8],
			"to": [8.5, 2.3, 16],
			"faces": {
				"north": {"uv": [4, 6, 3, 6.9], "texture": "#0", "rotation": 270},
				"east": {"uv": [16, 3, 0, 4], "texture": "#0", "rotation": 180},
				"south": {"uv": [5, 4, 4, 4.9], "texture": "#0", "rotation": 90},
				"west": {"uv": [16, 2, 0, 3], "texture": "#0"},
				"up": {"uv": [0, 0.9, 16, 0], "texture": "#0", "rotation": 270},
				"down": {"uv": [0, 0.9, 16, 0], "texture": "#0", "rotation": 270}
			}
		},
		{
			"from": [7.4, 4.2, 8],
			"to": [8.5, 5.4, 16],
			"faces": {
				"north": {"uv": [4, 6, 3, 6.9], "texture": "#0", "rotation": 270},
				"east": {"uv": [16, 3, 0, 4], "texture": "#0", "rotation": 180},
				"south": {"uv": [5, 4, 4, 4.9], "texture": "#0", "rotation": 90},
				"west": {"uv": [16, 2, 0, 3], "texture": "#0"},
				"up": {"uv": [0, 0.9, 16, 0], "texture": "#0", "rotation": 270},
				"down": {"uv": [0, 0.9, 16, 0], "texture": "#0", "rotation": 270}
			}
		},
		{
			"from": [7.4, 10.6, 8],
			"to": [8.5, 11.8, 16],
			"faces": {
				"north": {"uv": [4, 6, 3, 6.9], "texture": "#0", "rotation": 270},
				"east": {"uv": [16, 3, 0, 4], "texture": "#0", "rotation": 180},
				"south": {"uv": [5, 4, 4, 4.9], "texture": "#0", "rotation": 90},
				"west": {"uv": [16, 2, 0, 3], "texture": "#0"},
				"up": {"uv": [0, 0.9, 16, 0], "texture": "#0", "rotation": 270},
				"down": {"uv": [0, 0.9, 16, 0], "texture": "#0", "rotation": 270}
			}
		},
		{
			"from": [7.4, 7.3, 8],
			"to": [8.5, 8.5, 16],
			"faces": {
				"north": {"uv": [4, 6, 3, 6.9], "texture": "#0", "rotation": 270},
				"east": {"uv": [16, 3, 0, 4], "texture": "#0", "rotation": 180},
				"south": {"uv": [5, 4, 4, 4.9], "texture": "#0", "rotation": 90},
				"west": {"uv": [16, 2, 0, 3], "texture": "#0"},
				"up": {"uv": [0, 0.9, 16, 0], "texture": "#0", "rotation": 270},
				"down": {"uv": [0, 0.9, 16, 0], "texture": "#0", "rotation": 270}
			}
		}
	]
}