{
	"parent": "block/block",
	"textures": {
		"0": "block/purpur_block",
		"2": "_custom/steel",
		"particle": "block/purpur_block"
	},
	"elements": [
		{
			"from": [0, 1, 4],
			"to": [16, 3, 12],
			"faces": {
				"north": {"uv": [6, 0, 7, 16], "texture": "#0", "rotation": 90},
				"east": {"uv": [3, 14, 11, 16], "texture": "#0"},
				"south": {"uv": [0, 0, 16, 1], "texture": "#0"},
				"west": {"uv": [4, 14, 12, 16], "texture": "#0"},
				"up": {"uv": [4, 0, 12, 16], "texture": "#0", "rotation": 90},
				"down": {"uv": [2, 0, 10, 16], "texture": "#0", "rotation": 270}
			}
		},
		{
			"from": [0, 2, 2],
			"to": [16, 4, 4],
			"faces": {
				"north": {"uv": [9, 0, 11, 16], "texture": "#0", "rotation": 90},
				"east": {"uv": [14, 14, 16, 16], "texture": "#0"},
				"south": {"uv": [9, 0, 11, 16], "texture": "#0", "rotation": 90},
				"west": {"uv": [0, 14, 2, 16], "texture": "#0"},
				"up": {"uv": [9, 0, 11, 16], "texture": "#0", "rotation": 90},
				"down": {"uv": [9, 0, 11, 16], "texture": "#0", "rotation": 270}
			}
		},
		{
			"from": [0, 4, 13],
			"to": [16, 12, 15],
			"faces": {
				"north": {"uv": [4, 0, 12, 16], "texture": "#0", "rotation": 270},
				"east": {"uv": [3, 14, 11, 16], "texture": "#0", "rotation": 90},
				"south": {"uv": [2, 0, 10, 16], "texture": "#0", "rotation": 270},
				"west": {"uv": [4, 14, 12, 16], "texture": "#0", "rotation": 270},
				"up": {"uv": [0, 0, 16, 1], "texture": "#0"},
				"down": {"uv": [6, 0, 7, 16], "texture": "#0", "rotation": 270}
			}
		},
		{
			"from": [0, 2, 12],
			"to": [16, 4, 14],
			"faces": {
				"north": {"uv": [9, 0, 11, 16], "texture": "#0", "rotation": 270},
				"east": {"uv": [14, 14, 16, 16], "texture": "#0", "rotation": 90},
				"south": {"uv": [9, 0, 11, 16], "texture": "#0", "rotation": 270},
				"west": {"uv": [0, 14, 2, 16], "texture": "#0", "rotation": 270},
				"up": {"uv": [9, 0, 11, 16], "texture": "#0", "rotation": 90},
				"down": {"uv": [9, 0, 11, 16], "texture": "#0", "rotation": 270}
			}
		},
		{
			"from": [0, 13, 4],
			"to": [16, 15, 12],
			"faces": {
				"north": {"uv": [0, 0, 16, 1], "texture": "#0", "rotation": 180},
				"east": {"uv": [3, 14, 11, 16], "texture": "#0", "rotation": 180},
				"south": {"uv": [6, 0, 7, 16], "texture": "#0", "rotation": 270},
				"west": {"uv": [4, 14, 12, 16], "texture": "#0", "rotation": 180},
				"up": {"uv": [2, 0, 10, 16], "texture": "#0", "rotation": 270},
				"down": {"uv": [4, 0, 12, 16], "texture": "#0", "rotation": 90}
			}
		},
		{
			"from": [0, 12, 12],
			"to": [16, 14, 14],
			"faces": {
				"north": {"uv": [9, 0, 11, 16], "texture": "#0", "rotation": 270},
				"east": {"uv": [14, 14, 16, 16], "texture": "#0", "rotation": 180},
				"south": {"uv": [9, 0, 11, 16], "texture": "#0", "rotation": 270},
				"west": {"uv": [0, 14, 2, 16], "texture": "#0", "rotation": 180},
				"up": {"uv": [9, 0, 11, 16], "texture": "#0", "rotation": 270},
				"down": {"uv": [9, 0, 11, 16], "texture": "#0", "rotation": 90}
			}
		},
		{
			"from": [0, 4, 1],
			"to": [16, 12, 3],
			"faces": {
				"north": {"uv": [2, 0, 10, 16], "texture": "#0", "rotation": 90},
				"east": {"uv": [3, 14, 11, 16], "texture": "#0", "rotation": 270},
				"south": {"uv": [4, 0, 12, 16], "texture": "#0", "rotation": 90},
				"west": {"uv": [4, 14, 12, 16], "texture": "#0", "rotation": 90},
				"up": {"uv": [6, 0, 7, 16], "texture": "#0", "rotation": 270},
				"down": {"uv": [0, 0, 16, 1], "texture": "#0"}
			}
		},
		{
			"from": [0, 12, 2],
			"to": [16, 14, 4],
			"faces": {
				"north": {"uv": [9, 0, 11, 16], "texture": "#0", "rotation": 90},
				"east": {"uv": [14, 0, 16, 2], "texture": "#0"},
				"south": {"uv": [9, 0, 11, 16], "texture": "#0", "rotation": 90},
				"west": {"uv": [0, 14, 2, 16], "texture": "#0", "rotation": 90},
				"up": {"uv": [9, 0, 11, 16], "texture": "#0", "rotation": 270},
				"down": {"uv": [9, 0, 11, 16], "texture": "#0", "rotation": 90}
			}
		},
		{
			"from": [15, 0, 0],
			"to": [16, 2, 2],
			"faces": {
				"north": {"uv": [0, 0, 1, 2], "texture": "#2"},
				"east": {"uv": [4, 5, 6, 7], "texture": "#2"},
				"south": {"uv": [0, 0, 1, 2], "texture": "#2"},
				"west": {"uv": [0, 0, 2, 2], "texture": "#2"},
				"up": {"uv": [0, 0, 4, 1], "texture": "#2", "rotation": 90},
				"down": {"uv": [0, 0, 2, 1], "texture": "#2", "rotation": 270}
			}
		},
		{
			"from": [15, 2, -1],
			"to": [16, 4, 2],
			"faces": {
				"north": {"uv": [0, 0, 1, 2], "texture": "#2"},
				"east": {"uv": [4, 5, 7, 7], "texture": "#2"},
				"south": {"uv": [0, 0, 1, 2], "texture": "#2"},
				"west": {"uv": [11, 7, 14, 9], "texture": "#2"},
				"up": {"uv": [0, 0, 4, 1], "texture": "#2", "rotation": 90},
				"down": {"uv": [0, 0, 4, 1], "texture": "#2", "rotation": 270}
			}
		},
		{
			"from": [15, 4, -1],
			"to": [16, 12, 1],
			"faces": {
				"north": {"uv": [5, 5, 6, 13], "texture": "#2"},
				"east": {"uv": [6, 6, 8, 14], "texture": "#2"},
				"south": {"uv": [0, 0, 1, 2], "texture": "#2"},
				"west": {"uv": [5, 3, 7, 11], "texture": "#2"},
				"up": {"uv": [0, 0, 2, 1], "texture": "#2", "rotation": 90},
				"down": {"uv": [0, 0, 4, 1], "texture": "#2", "rotation": 270}
			}
		},
		{
			"from": [15, 12, -1],
			"to": [16, 14, 2],
			"faces": {
				"north": {"uv": [5, 5, 6, 7], "texture": "#2"},
				"east": {"uv": [3, 2, 6, 4], "texture": "#2"},
				"south": {"uv": [0, 0, 1, 2], "texture": "#2"},
				"west": {"uv": [7, 3, 10, 5], "texture": "#2"},
				"up": {"uv": [5, 5, 8, 6], "texture": "#2", "rotation": 90},
				"down": {"uv": [0, 0, 4, 1], "texture": "#2", "rotation": 270}
			}
		},
		{
			"from": [15, -1, 2],
			"to": [16, 2, 4],
			"faces": {
				"north": {"uv": [5, 5, 8, 6], "texture": "#2", "rotation": 270},
				"east": {"uv": [3, 2, 6, 4], "texture": "#2", "rotation": 90},
				"south": {"uv": [0, 0, 4, 1], "texture": "#2", "rotation": 270},
				"west": {"uv": [7, 3, 10, 5], "texture": "#2", "rotation": 270},
				"up": {"uv": [0, 0, 1, 2], "texture": "#2"},
				"down": {"uv": [5, 5, 6, 7], "texture": "#2", "rotation": 180}
			}
		},
		{
			"from": [15, 0, 14],
			"to": [16, 2, 16],
			"faces": {
				"north": {"uv": [0, 0, 4, 1], "texture": "#2", "rotation": 270},
				"east": {"uv": [4, 5, 6, 7], "texture": "#2", "rotation": 90},
				"south": {"uv": [0, 0, 2, 1], "texture": "#2", "rotation": 270},
				"west": {"uv": [0, 0, 2, 2], "texture": "#2", "rotation": 270},
				"up": {"uv": [0, 0, 1, 2], "texture": "#2"},
				"down": {"uv": [0, 0, 1, 2], "texture": "#2", "rotation": 180}
			}
		},
		{
			"from": [15, -1, 12],
			"to": [16, 2, 14],
			"faces": {
				"north": {"uv": [0, 0, 4, 1], "texture": "#2", "rotation": 270},
				"east": {"uv": [4, 5, 7, 7], "texture": "#2", "rotation": 90},
				"south": {"uv": [0, 0, 4, 1], "texture": "#2", "rotation": 270},
				"west": {"uv": [11, 7, 14, 9], "texture": "#2", "rotation": 270},
				"up": {"uv": [0, 0, 1, 2], "texture": "#2"},
				"down": {"uv": [0, 0, 1, 2], "texture": "#2", "rotation": 180}
			}
		},
		{
			"from": [15, -1, 4],
			"to": [16, 1, 12],
			"faces": {
				"north": {"uv": [0, 0, 2, 1], "texture": "#2", "rotation": 270},
				"east": {"uv": [6, 6, 8, 14], "texture": "#2", "rotation": 90},
				"south": {"uv": [0, 0, 4, 1], "texture": "#2", "rotation": 270},
				"west": {"uv": [5, 3, 7, 11], "texture": "#2", "rotation": 270},
				"up": {"uv": [0, 0, 1, 2], "texture": "#2"},
				"down": {"uv": [5, 5, 6, 13], "texture": "#2", "rotation": 180}
			}
		},
		{
			"from": [15, 2, 14],
			"to": [16, 4, 17],
			"faces": {
				"north": {"uv": [0, 0, 1, 2], "texture": "#2", "rotation": 180},
				"east": {"uv": [3, 2, 6, 4], "texture": "#2", "rotation": 180},
				"south": {"uv": [5, 5, 6, 7], "texture": "#2", "rotation": 180},
				"west": {"uv": [7, 3, 10, 5], "texture": "#2", "rotation": 180},
				"up": {"uv": [0, 0, 4, 1], "texture": "#2", "rotation": 270},
				"down": {"uv": [5, 5, 8, 6], "texture": "#2", "rotation": 90}
			}
		},
		{
			"from": [15, 14, 14],
			"to": [16, 16, 16],
			"faces": {
				"north": {"uv": [0, 0, 1, 2], "texture": "#2", "rotation": 180},
				"east": {"uv": [4, 5, 6, 7], "texture": "#2", "rotation": 180},
				"south": {"uv": [0, 0, 1, 2], "texture": "#2", "rotation": 180},
				"west": {"uv": [0, 0, 2, 2], "texture": "#2", "rotation": 180},
				"up": {"uv": [0, 0, 2, 1], "texture": "#2", "rotation": 270},
				"down": {"uv": [0, 0, 4, 1], "texture": "#2", "rotation": 90}
			}
		},
		{
			"from": [15, 12, 14],
			"to": [16, 14, 17],
			"faces": {
				"north": {"uv": [0, 0, 1, 2], "texture": "#2", "rotation": 180},
				"east": {"uv": [4, 5, 7, 7], "texture": "#2", "rotation": 180},
				"south": {"uv": [0, 0, 1, 2], "texture": "#2", "rotation": 180},
				"west": {"uv": [11, 7, 14, 9], "texture": "#2", "rotation": 180},
				"up": {"uv": [0, 0, 4, 1], "texture": "#2", "rotation": 270},
				"down": {"uv": [0, 0, 4, 1], "texture": "#2", "rotation": 90}
			}
		},
		{
			"from": [15, 4, 15],
			"to": [16, 12, 17],
			"faces": {
				"north": {"uv": [0, 0, 1, 2], "texture": "#2", "rotation": 180},
				"east": {"uv": [6, 6, 8, 14], "texture": "#2", "rotation": 180},
				"south": {"uv": [5, 5, 6, 13], "texture": "#2", "rotation": 180},
				"west": {"uv": [5, 3, 7, 11], "texture": "#2", "rotation": 180},
				"up": {"uv": [0, 0, 4, 1], "texture": "#2", "rotation": 270},
				"down": {"uv": [0, 0, 2, 1], "texture": "#2", "rotation": 90}
			}
		},
		{
			"from": [15, 14, 12],
			"to": [16, 17, 14],
			"faces": {
				"north": {"uv": [0, 0, 4, 1], "texture": "#2", "rotation": 90},
				"east": {"uv": [3, 2, 6, 4], "texture": "#2", "rotation": 270},
				"south": {"uv": [5, 5, 8, 6], "texture": "#2", "rotation": 90},
				"west": {"uv": [7, 3, 10, 5], "texture": "#2", "rotation": 90},
				"up": {"uv": [5, 5, 6, 7], "texture": "#2", "rotation": 180},
				"down": {"uv": [0, 0, 1, 2], "texture": "#2"}
			}
		},
		{
			"from": [15, 14, 0],
			"to": [16, 16, 2],
			"faces": {
				"north": {"uv": [0, 0, 2, 1], "texture": "#2", "rotation": 90},
				"east": {"uv": [4, 5, 6, 7], "texture": "#2", "rotation": 270},
				"south": {"uv": [0, 0, 4, 1], "texture": "#2", "rotation": 90},
				"west": {"uv": [0, 0, 2, 2], "texture": "#2", "rotation": 90},
				"up": {"uv": [0, 0, 1, 2], "texture": "#2", "rotation": 180},
				"down": {"uv": [0, 0, 1, 2], "texture": "#2"}
			}
		},
		{
			"from": [15, 14, 2],
			"to": [16, 17, 4],
			"faces": {
				"north": {"uv": [0, 0, 4, 1], "texture": "#2", "rotation": 90},
				"east": {"uv": [4, 5, 7, 7], "texture": "#2", "rotation": 270},
				"south": {"uv": [0, 0, 4, 1], "texture": "#2", "rotation": 90},
				"west": {"uv": [11, 7, 14, 9], "texture": "#2", "rotation": 90},
				"up": {"uv": [0, 0, 1, 2], "texture": "#2", "rotation": 180},
				"down": {"uv": [0, 0, 1, 2], "texture": "#2"}
			}
		},
		{
			"from": [15, 15, 4],
			"to": [16, 17, 12],
			"faces": {
				"north": {"uv": [0, 0, 4, 1], "texture": "#2", "rotation": 90},
				"east": {"uv": [6, 6, 8, 14], "texture": "#2", "rotation": 270},
				"south": {"uv": [0, 0, 2, 1], "texture": "#2", "rotation": 90},
				"west": {"uv": [5, 3, 7, 11], "texture": "#2", "rotation": 90},
				"up": {"uv": [5, 5, 6, 13], "texture": "#2", "rotation": 180},
				"down": {"uv": [0, 0, 1, 2], "texture": "#2"}
			}
		},
		{
			"from": [14.5, 15.5, 4.5],
			"to": [15, 16.5, 5.5],
			"faces": {
				"north": {"uv": [1, 2, 2, 3], "texture": "#0"},
				"east": {"uv": [1, 2, 2, 3], "texture": "#0"},
				"south": {"uv": [1, 2, 2, 3], "texture": "#0"},
				"west": {"uv": [1, 2, 2, 3], "texture": "#0"},
				"up": {"uv": [1, 2, 2, 3], "texture": "#0"},
				"down": {"uv": [1, 2, 2, 3], "texture": "#0"}
			}
		},
		{
			"from": [14.5, 14.5, 0.5],
			"to": [15, 15.5, 1.5],
			"faces": {
				"north": {"uv": [1, 2, 2, 3], "texture": "#0"},
				"east": {"uv": [1, 2, 2, 3], "texture": "#0"},
				"south": {"uv": [1, 2, 2, 3], "texture": "#0"},
				"west": {"uv": [1, 2, 2, 3], "texture": "#0"},
				"up": {"uv": [1, 2, 2, 3], "texture": "#0"},
				"down": {"uv": [1, 2, 2, 3], "texture": "#0"}
			}
		},
		{
			"from": [14.5, 15.5, 10.5],
			"to": [15, 16.5, 11.5],
			"faces": {
				"north": {"uv": [1, 2, 2, 3], "texture": "#0"},
				"east": {"uv": [1, 2, 2, 3], "texture": "#0"},
				"south": {"uv": [1, 2, 2, 3], "texture": "#0"},
				"west": {"uv": [1, 2, 2, 3], "texture": "#0"},
				"up": {"uv": [1, 2, 2, 3], "texture": "#0"},
				"down": {"uv": [1, 2, 2, 3], "texture": "#0"}
			}
		},
		{
			"from": [14.5, 4.5, 15.5],
			"to": [15, 5.5, 16.5],
			"faces": {
				"north": {"uv": [1, 2, 2, 3], "texture": "#0", "rotation": 180},
				"east": {"uv": [1, 2, 2, 3], "texture": "#0", "rotation": 270},
				"south": {"uv": [1, 2, 2, 3], "texture": "#0"},
				"west": {"uv": [1, 2, 2, 3], "texture": "#0", "rotation": 90},
				"up": {"uv": [1, 2, 2, 3], "texture": "#0", "rotation": 180},
				"down": {"uv": [1, 2, 2, 3], "texture": "#0"}
			}
		},
		{
			"from": [14.5, 14.5, 14.5],
			"to": [15, 15.5, 15.5],
			"faces": {
				"north": {"uv": [1, 2, 2, 3], "texture": "#0", "rotation": 180},
				"east": {"uv": [1, 2, 2, 3], "texture": "#0", "rotation": 270},
				"south": {"uv": [1, 2, 2, 3], "texture": "#0"},
				"west": {"uv": [1, 2, 2, 3], "texture": "#0", "rotation": 90},
				"up": {"uv": [1, 2, 2, 3], "texture": "#0", "rotation": 180},
				"down": {"uv": [1, 2, 2, 3], "texture": "#0"}
			}
		},
		{
			"from": [14.5, 10.5, 15.5],
			"to": [15, 11.5, 16.5],
			"faces": {
				"north": {"uv": [1, 2, 2, 3], "texture": "#0", "rotation": 180},
				"east": {"uv": [1, 2, 2, 3], "texture": "#0", "rotation": 270},
				"south": {"uv": [1, 2, 2, 3], "texture": "#0"},
				"west": {"uv": [1, 2, 2, 3], "texture": "#0", "rotation": 90},
				"up": {"uv": [1, 2, 2, 3], "texture": "#0", "rotation": 180},
				"down": {"uv": [1, 2, 2, 3], "texture": "#0"}
			}
		},
		{
			"from": [14.5, -0.5, 4.5],
			"to": [15, 0.5, 5.5],
			"faces": {
				"north": {"uv": [1, 2, 2, 3], "texture": "#0", "rotation": 180},
				"east": {"uv": [1, 2, 2, 3], "texture": "#0", "rotation": 180},
				"south": {"uv": [1, 2, 2, 3], "texture": "#0", "rotation": 180},
				"west": {"uv": [1, 2, 2, 3], "texture": "#0", "rotation": 180},
				"up": {"uv": [1, 2, 2, 3], "texture": "#0"},
				"down": {"uv": [1, 2, 2, 3], "texture": "#0"}
			}
		},
		{
			"from": [14.5, 0.5, 14.5],
			"to": [15, 1.5, 15.5],
			"faces": {
				"north": {"uv": [1, 2, 2, 3], "texture": "#0", "rotation": 180},
				"east": {"uv": [1, 2, 2, 3], "texture": "#0", "rotation": 180},
				"south": {"uv": [1, 2, 2, 3], "texture": "#0", "rotation": 180},
				"west": {"uv": [1, 2, 2, 3], "texture": "#0", "rotation": 180},
				"up": {"uv": [1, 2, 2, 3], "texture": "#0"},
				"down": {"uv": [1, 2, 2, 3], "texture": "#0"}
			}
		},
		{
			"from": [14.5, -0.5, 10.5],
			"to": [15, 0.5, 11.5],
			"faces": {
				"north": {"uv": [1, 2, 2, 3], "texture": "#0", "rotation": 180},
				"east": {"uv": [1, 2, 2, 3], "texture": "#0", "rotation": 180},
				"south": {"uv": [1, 2, 2, 3], "texture": "#0", "rotation": 180},
				"west": {"uv": [1, 2, 2, 3], "texture": "#0", "rotation": 180},
				"up": {"uv": [1, 2, 2, 3], "texture": "#0"},
				"down": {"uv": [1, 2, 2, 3], "texture": "#0"}
			}
		},
		{
			"from": [14.5, 10.5, -0.5],
			"to": [15, 11.5, 0.5],
			"faces": {
				"north": {"uv": [1, 2, 2, 3], "texture": "#0", "rotation": 180},
				"east": {"uv": [1, 2, 2, 3], "texture": "#0", "rotation": 90},
				"south": {"uv": [1, 2, 2, 3], "texture": "#0"},
				"west": {"uv": [1, 2, 2, 3], "texture": "#0", "rotation": 270},
				"up": {"uv": [1, 2, 2, 3], "texture": "#0"},
				"down": {"uv": [1, 2, 2, 3], "texture": "#0", "rotation": 180}
			}
		},
		{
			"from": [14.5, 0.5, 0.5],
			"to": [15, 1.5, 1.5],
			"faces": {
				"north": {"uv": [1, 2, 2, 3], "texture": "#0", "rotation": 180},
				"east": {"uv": [1, 2, 2, 3], "texture": "#0", "rotation": 90},
				"south": {"uv": [1, 2, 2, 3], "texture": "#0"},
				"west": {"uv": [1, 2, 2, 3], "texture": "#0", "rotation": 270},
				"up": {"uv": [1, 2, 2, 3], "texture": "#0"},
				"down": {"uv": [1, 2, 2, 3], "texture": "#0", "rotation": 180}
			}
		},
		{
			"from": [14.5, 4.5, -0.5],
			"to": [15, 5.5, 0.5],
			"faces": {
				"north": {"uv": [1, 2, 2, 3], "texture": "#0", "rotation": 180},
				"east": {"uv": [1, 2, 2, 3], "texture": "#0", "rotation": 90},
				"south": {"uv": [1, 2, 2, 3], "texture": "#0"},
				"west": {"uv": [1, 2, 2, 3], "texture": "#0", "rotation": 270},
				"up": {"uv": [1, 2, 2, 3], "texture": "#0"},
				"down": {"uv": [1, 2, 2, 3], "texture": "#0", "rotation": 180}
			}
		}
	]
}