{
	"parent": "block/block",
	"textures": {
		"0": "_custom/steel",
		"particle": "_custom/steel"
	},
	"elements": [
		{
			"from": [8.5, 0, 10.5],
			"to": [9.5, 1.001, 16],
			"faces": {
				"north": {"uv": [10, 5, 11, 11], "texture": "#0", "rotation": 270},
				"east": {"uv": [10, 5, 11, 11], "texture": "#0", "rotation": 90},
				"south": {"uv": [10, 5, 11, 6], "texture": "#0", "rotation": 270},
				"west": {"uv": [10, 5, 11, 11], "texture": "#0", "rotation": 270},
				"up": {"uv": [10, 5, 11, 11], "texture": "#0"},
				"down": {"uv": [10, 5, 11, 11], "texture": "#0", "rotation": 180}
			}
		},
		{
			"from": [6.5, 0, 12.5],
			"to": [7.5, 1.001, 16],
			"faces": {
				"north": {"uv": [0, 0, 1, 4], "texture": "#0"},
				"east": {"uv": [0, 0, 1, 4], "texture": "#0", "rotation": 270},
				"south": {"uv": [0, 0, 1, 4], "texture": "#0"},
				"west": {"uv": [0, 0, 1, 4], "texture": "#0", "rotation": 90},
				"up": {"uv": [0, 0, 1, 4], "texture": "#0", "rotation": 180},
				"down": {"uv": [0, 0, 1, 4], "texture": "#0", "rotation": 180}
			}
		},
		{
			"from": [0, 0, 8.5],
			"to": [3.5, 1.001, 9.5],
			"faces": {
				"north": {"uv": [0, 0, 1, 4], "texture": "#0", "rotation": 270},
				"east": {"uv": [0, 0, 1, 4], "texture": "#0", "rotation": 270},
				"south": {"uv": [0, 0, 1, 4], "texture": "#0", "rotation": 270},
				"west": {"uv": [0, 0, 1, 1], "texture": "#0", "rotation": 270},
				"up": {"uv": [0, 0, 1, 4], "texture": "#0", "rotation": 270},
				"down": {"uv": [0, 0, 1, 4], "texture": "#0", "rotation": 270}
			}
		},
		{
			"from": [0, 0, 6.5],
			"to": [5.5, 1.001, 7.5],
			"rotation": {"angle": 0, "axis": "y", "origin": [2.75, 0.5, 7]},
			"faces": {
				"north": {"uv": [0, 0, 1, 6], "texture": "#0", "rotation": 270},
				"east": {"uv": [0, 0, 1, 6], "texture": "#0", "rotation": 270},
				"south": {"uv": [0, 0, 1, 6], "texture": "#0", "rotation": 270},
				"west": {"uv": [0, 0, 1, 1], "texture": "#0", "rotation": 270},
				"up": {"uv": [0, 0, 1, 6], "texture": "#0", "rotation": 270},
				"down": {"uv": [0, 0, 1, 6], "texture": "#0", "rotation": 270}
			}
		},
		{
			"from": [7.48568, 0, 9.15067],
			"to": [8.48568, 1, 10.90067],
			"rotation": {"angle": 22.5, "axis": "y", "origin": [7.98568, 0.5, 8.15067]},
			"faces": {
				"north": {"uv": [6, 9, 7, 11], "texture": "#0", "rotation": 180},
				"east": {"uv": [6, 9, 7, 11], "texture": "#0", "rotation": 270},
				"south": {"uv": [6, 9, 7, 11], "texture": "#0", "rotation": 180},
				"west": {"uv": [6, 9, 7, 11], "texture": "#0", "rotation": 90},
				"up": {"uv": [6, 9, 7, 11], "texture": "#0", "rotation": 180},
				"down": {"uv": [6, 9, 7, 11], "texture": "#0", "rotation": 180}
			}
		},
		{
			"from": [5.38478, 0, 6.07926],
			"to": [7.13478, 1, 7.07926],
			"rotation": {"angle": -22.5, "axis": "y", "origin": [4.38478, 0.5, 6.57926]},
			"faces": {
				"north": {"uv": [0, 6, 1, 8], "texture": "#0", "rotation": 270},
				"east": {"uv": [0, 6, 1, 8], "texture": "#0", "rotation": 270},
				"south": {"uv": [0, 6, 1, 8], "texture": "#0", "rotation": 270},
				"west": {"uv": [0, 6, 1, 8], "texture": "#0", "rotation": 270},
				"up": {"uv": [0, 6, 1, 8], "texture": "#0", "rotation": 270},
				"down": {"uv": [0, 6, 1, 8], "texture": "#0", "rotation": 270}
			}
		},
		{
			"from": [7.05613, 0, 6.31614],
			"to": [9.55613, 1.001, 7.31614],
			"rotation": {"angle": -45, "axis": "y", "origin": [6.05613, 0.5, 6.81614]},
			"faces": {
				"north": {"uv": [4, 7, 5, 10], "texture": "#0", "rotation": 90},
				"east": {"uv": [4, 7, 5, 10], "texture": "#0", "rotation": 90},
				"south": {"uv": [4, 7, 5, 10], "texture": "#0", "rotation": 90},
				"west": {"uv": [4, 7, 5, 10], "texture": "#0", "rotation": 90},
				"up": {"uv": [6, 12, 7, 15], "texture": "#0", "rotation": 90},
				"down": {"uv": [4, 7, 5, 10], "texture": "#0", "rotation": 90}
			}
		},
		{
			"from": [5.48568, 0, 11.15067],
			"to": [6.48568, 1, 12.90067],
			"rotation": {"angle": 22.5, "axis": "y", "origin": [5.98568, 0.5, 10.15067]},
			"faces": {
				"north": {"uv": [6, 9, 7, 11], "texture": "#0", "rotation": 180},
				"east": {"uv": [6, 9, 7, 11], "texture": "#0", "rotation": 270},
				"south": {"uv": [6, 9, 7, 11], "texture": "#0", "rotation": 180},
				"west": {"uv": [6, 9, 7, 11], "texture": "#0", "rotation": 90},
				"up": {"uv": [6, 9, 7, 11], "texture": "#0", "rotation": 180},
				"down": {"uv": [6, 9, 7, 11], "texture": "#0", "rotation": 180}
			}
		},
		{
			"from": [5.05613, 0, 8.31614],
			"to": [7.55613, 1.001, 9.31614],
			"rotation": {"angle": -45, "axis": "y", "origin": [4.05613, 0.5, 8.81614]},
			"faces": {
				"north": {"uv": [4, 7, 5, 10], "texture": "#0", "rotation": 90},
				"east": {"uv": [4, 7, 5, 10], "texture": "#0", "rotation": 90},
				"south": {"uv": [4, 7, 5, 10], "texture": "#0", "rotation": 90},
				"west": {"uv": [4, 7, 5, 10], "texture": "#0", "rotation": 90},
				"up": {"uv": [6, 12, 7, 15], "texture": "#0", "rotation": 90},
				"down": {"uv": [4, 7, 5, 10], "texture": "#0", "rotation": 90}
			}
		},
		{
			"from": [3.38478, 0, 8.07926],
			"to": [5.13478, 1, 9.07926],
			"rotation": {"angle": -22.5, "axis": "y", "origin": [2.38478, 0.5, 8.57926]},
			"faces": {
				"north": {"uv": [0, 6, 1, 8], "texture": "#0", "rotation": 270},
				"east": {"uv": [0, 6, 1, 8], "texture": "#0", "rotation": 270},
				"south": {"uv": [0, 6, 1, 8], "texture": "#0", "rotation": 270},
				"west": {"uv": [0, 6, 1, 8], "texture": "#0", "rotation": 270},
				"up": {"uv": [0, 6, 1, 8], "texture": "#0", "rotation": 270},
				"down": {"uv": [0, 6, 1, 8], "texture": "#0", "rotation": 270}
			}
		}
	]
}