{
	"textures": {
		"0": "_custom/iron_plate",
		"1": "_custom/steel",
		"3": "_custom/caution_c",
		"4": "block/purpur_block4",
		"particle": "_custom/iron_plate"
	},
	"elements": [
		{
			"from": [7, 1, 0],
			"to": [9, 18, 4],
			"faces": {
				"north": {"uv": [5.66641, 3.33281, 6.33203, 8.99766], "texture": "#0"},
				"east": {"uv": [8, 3.66563, 9.33203, 9.33047], "texture": "#0"},
				"south": {"uv": [7.33281, 4, 7.99844, 9.66484], "texture": "#0"},
				"west": {"uv": [2, 0.66641, 3.33203, 6.33125], "texture": "#0"},
				"up": {"uv": [5.66641, 3, 7.33281, 3.66406], "texture": "#0", "rotation": 90},
				"down": {"uv": [5.66641, 9.33281, 7.33281, 9.99766], "texture": "#0", "rotation": 270}
			}
		},
		{
			"from": [6.75, 5, -0.25],
			"to": [9.25, 6, 4.25],
			"faces": {
				"north": {"uv": [0, 0, 1, 1], "texture": "#1"},
				"east": {"uv": [0, 0, 1, 1], "texture": "#1"},
				"south": {"uv": [0, 0, 1, 1], "texture": "#1"},
				"west": {"uv": [0, 0, 1, 1], "texture": "#1"},
				"up": {"uv": [0, 0, 1, 1], "texture": "#1", "rotation": 90},
				"down": {"uv": [0, 0, 1, 1], "texture": "#1", "rotation": 270}
			}
		},
		{
			"from": [6.95, 6, -0.05],
			"to": [9.05, 11, 4.05],
			"faces": {
				"north": {"uv": [7.5, 2.5, 9.5, 9.5], "texture": "#3"},
				"east": {"uv": [5, 3, 11, 10], "texture": "#3"},
				"south": {"uv": [8, 2, 10, 9], "texture": "#3"},
				"west": {"uv": [4.5, 3.5, 10.5, 10.5], "texture": "#3"},
				"up": {"uv": [4, 4, 10, 8], "texture": "#3", "rotation": 90},
				"down": {"uv": [4, 4, 10, 8], "texture": "#3", "rotation": 270}
			}
		},
		{
			"from": [6.75, 11, -0.25],
			"to": [9.25, 12, 4.25],
			"faces": {
				"north": {"uv": [0, 0, 1, 1], "texture": "#1"},
				"east": {"uv": [0, 0, 1, 1], "texture": "#1"},
				"south": {"uv": [0, 0, 1, 1], "texture": "#1"},
				"west": {"uv": [0, 0, 1, 1], "texture": "#1"},
				"up": {"uv": [0, 0, 1, 1], "texture": "#1", "rotation": 90},
				"down": {"uv": [0, 0, 1, 1], "texture": "#1", "rotation": 270}
			}
		},
		{
			"from": [7, 13, 4],
			"to": [9, 15, 6],
			"faces": {
				"north": {"uv": [6, 3, 8, 5], "texture": "#4"},
				"east": {"uv": [6, 3, 8, 5], "texture": "#4"},
				"south": {"uv": [6, 3, 8, 5], "texture": "#4"},
				"west": {"uv": [6, 3, 8, 5], "texture": "#4"},
				"up": {"uv": [0, 14, 2, 16], "texture": "#4", "rotation": 90},
				"down": {"uv": [6, 3, 8, 5], "texture": "#4", "rotation": 270}
			}
		},
		{
			"from": [7, 2, 4],
			"to": [9, 4, 6],
			"faces": {
				"north": {"uv": [6, 4, 8, 6], "texture": "#4"},
				"east": {"uv": [6, 4, 8, 6], "texture": "#4"},
				"south": {"uv": [6, 4, 8, 6], "texture": "#4"},
				"west": {"uv": [6, 4, 8, 6], "texture": "#4"},
				"up": {"uv": [14, 14, 16, 16], "texture": "#4", "rotation": 90},
				"down": {"uv": [10, 14, 12, 16], "texture": "#4", "rotation": 270}
			}
		}
	]
}