{
	"textures": {
		"0": "_custom/iron_plate",
		"1": "_custom/steel",
		"3": "_custom/caution_c",
		"particle": "_custom/iron_plate"
	},
	"elements": [
		{
			"from": [6, -3, 6],
			"to": [10, 18, 10],
			"faces": {
				"north": {"uv": [10, 7, 11.33203, 13.99844], "texture": "#0"},
				"east": {"uv": [7.33281, 5, 8.66563, 11.99844], "texture": "#0"},
				"south": {"uv": [2.33281, 0.33281, 3.66563, 7.33125], "texture": "#0"},
				"west": {"uv": [5.66641, 3, 6.99922, 9.99844], "texture": "#0"},
				"up": {"uv": [5.66641, 3, 7.33281, 4.66484], "texture": "#0"},
				"down": {"uv": [5.66641, 9.33281, 7.33281, 10.99766], "texture": "#0"}
			}
		},
		{
			"from": [5.75, 5, 5.75],
			"to": [10.25, 6, 10.25],
			"faces": {
				"north": {"uv": [0, 0, 1, 1], "texture": "#1"},
				"east": {"uv": [0, 0, 1, 1], "texture": "#1"},
				"south": {"uv": [0, 0, 1, 1], "texture": "#1"},
				"west": {"uv": [0, 0, 1, 1], "texture": "#1"},
				"up": {"uv": [0, 0, 1, 1], "texture": "#1"},
				"down": {"uv": [0, 0, 1, 1], "texture": "#1"}
			}
		},
		{
			"from": [5.95, 6, 5.95],
			"to": [10.05, 9, 10.05],
			"faces": {
				"north": {"uv": [4, 4, 10, 8], "texture": "#3"},
				"east": {"uv": [6.5, 3.5, 12.5, 7.5], "texture": "#3"},
				"south": {"uv": [4, 4, 10, 8], "texture": "#3"},
				"west": {"uv": [6.5, 3.5, 12.5, 7.5], "texture": "#3"},
				"up": {"uv": [4, 4, 10, 8], "texture": "#3"},
				"down": {"uv": [4, 4, 10, 8], "texture": "#3"}
			}
		},
		{
			"from": [5.75, 9, 5.75],
			"to": [10.25, 10, 10.25],
			"faces": {
				"north": {"uv": [0, 0, 1, 1], "texture": "#1"},
				"east": {"uv": [0, 0, 1, 1], "texture": "#1"},
				"south": {"uv": [0, 0, 1, 1], "texture": "#1"},
				"west": {"uv": [0, 0, 1, 1], "texture": "#1"},
				"up": {"uv": [0, 0, 1, 1], "texture": "#1"},
				"down": {"uv": [0, 0, 1, 1], "texture": "#1"}
			}
		}
	]
}