{
	"textures": {
		"0": "_custom/steel",
		"particle": "_custom/steel"
	},
	"elements": [
		{
			"from": [4.5, 11.5, 15],
			"to": [5.5, 12.5, 19],
			"faces": {
				"north": {"uv": [4, 6, 5, 7], "texture": "#0", "rotation": 90},
				"east": {"uv": [4, 6, 8, 7], "texture": "#0"},
				"south": {"uv": [4, 6, 5, 7], "texture": "#0", "rotation": 90},
				"west": {"uv": [4, 6, 8, 7], "texture": "#0"},
				"up": {"uv": [4, 6, 8, 7], "texture": "#0", "rotation": 90},
				"down": {"uv": [4, 6, 8, 7], "texture": "#0", "rotation": 90}
			}
		},
		{
			"from": [10.5, 11.5, 15],
			"to": [11.5, 12.5, 19],
			"faces": {
				"north": {"uv": [4, 6, 5, 7], "texture": "#0", "rotation": 90},
				"east": {"uv": [4, 6, 8, 7], "texture": "#0"},
				"south": {"uv": [4, 6, 5, 7], "texture": "#0", "rotation": 90},
				"west": {"uv": [4, 6, 8, 7], "texture": "#0"},
				"up": {"uv": [4, 6, 8, 7], "texture": "#0", "rotation": 90},
				"down": {"uv": [4, 6, 8, 7], "texture": "#0", "rotation": 90}
			}
		},
		{
			"from": [10.5, 3.5, 15],
			"to": [11.5, 4.5, 19],
			"faces": {
				"north": {"uv": [4, 6, 5, 7], "texture": "#0", "rotation": 90},
				"east": {"uv": [4, 6, 8, 7], "texture": "#0"},
				"south": {"uv": [4, 6, 5, 7], "texture": "#0", "rotation": 90},
				"west": {"uv": [4, 6, 8, 7], "texture": "#0"},
				"up": {"uv": [4, 6, 8, 7], "texture": "#0", "rotation": 90},
				"down": {"uv": [4, 6, 8, 7], "texture": "#0", "rotation": 90}
			}
		},
		{
			"from": [4.5, 3.5, 15],
			"to": [5.5, 4.5, 19],
			"faces": {
				"north": {"uv": [4, 6, 5, 7], "texture": "#0", "rotation": 90},
				"east": {"uv": [4, 6, 8, 7], "texture": "#0"},
				"south": {"uv": [4, 6, 5, 7], "texture": "#0", "rotation": 90},
				"west": {"uv": [4, 6, 8, 7], "texture": "#0"},
				"up": {"uv": [4, 6, 8, 7], "texture": "#0", "rotation": 90},
				"down": {"uv": [4, 6, 8, 7], "texture": "#0", "rotation": 90}
			}
		},
		{
			"from": [2.5, 3.5, 14],
			"to": [13.5, 4.5, 15],
			"faces": {
				"north": {"uv": [4, 8, 15, 9], "texture": "#0"},
				"east": {"uv": [4, 5, 5, 6], "texture": "#0"},
				"south": {"uv": [4, 5, 15, 6], "texture": "#0"},
				"west": {"uv": [10, 5, 11, 6], "texture": "#0"},
				"up": {"uv": [0, 5, 11, 6], "texture": "#0"},
				"down": {"uv": [2, 7, 13, 8], "texture": "#0"}
			}
		},
		{
			"from": [2.5, 11.5, 14],
			"to": [13.5, 12.5, 15],
			"faces": {
				"north": {"uv": [4, 8, 15, 9], "texture": "#0"},
				"east": {"uv": [4, 5, 5, 6], "texture": "#0"},
				"south": {"uv": [4, 5, 15, 6], "texture": "#0"},
				"west": {"uv": [10, 5, 11, 6], "texture": "#0"},
				"up": {"uv": [0, 5, 11, 6], "texture": "#0"},
				"down": {"uv": [2, 7, 13, 8], "texture": "#0"}
			}
		}
	]
}