{
	"parent": "block/block",
	"textures": {
		"0": "_custom/steel",
		"1": "block/purpur_pillar",
		"2": "block/dark_oak_planks",
		"4": "block/f_block/1",
		"2_0": "_custom/steel",
		"particle": "_custom/steel",
		"2_2": "_custom/lamp"
	},
	"elements": [
		{
			"from": [6.5, 0, 12],
			"to": [7.5, 1, 16],
			"faces": {
				"north": {"uv": [1, 0, 2, 1], "texture": "#0", "rotation": 180},
				"east": {"uv": [1, 0, 2, 4], "texture": "#0", "rotation": 90},
				"south": {"uv": [1, 0, 2, 1], "texture": "#0", "rotation": 180},
				"west": {"uv": [1, 0, 2, 4], "texture": "#0", "rotation": 90},
				"up": {"uv": [1, 0, 2, 4], "texture": "#0", "rotation": 180},
				"down": {"uv": [1, 0, 2, 4], "texture": "#0", "rotation": 180}
			}
		},
		{
			"from": [8.5, 0, 12],
			"to": [9.5, 1, 16],
			"faces": {
				"north": {"uv": [6, 5, 7, 6], "texture": "#0", "rotation": 180},
				"east": {"uv": [6, 5, 7, 9], "texture": "#0", "rotation": 90},
				"south": {"uv": [6, 5, 7, 6], "texture": "#0", "rotation": 180},
				"west": {"uv": [6, 5, 7, 9], "texture": "#0", "rotation": 90},
				"up": {"uv": [6, 5, 7, 9], "texture": "#0", "rotation": 180},
				"down": {"uv": [6, 5, 7, 9], "texture": "#0", "rotation": 180}
			}
		},
		{
			"from": [5, 0, 4],
			"to": [11, 2, 12],
			"faces": {
				"north": {"uv": [3, 11, 9, 13], "texture": "#4", "rotation": 180},
				"east": {"uv": [3, 7, 5, 15], "texture": "#4", "rotation": 90},
				"south": {"uv": [3, 5, 9, 7], "texture": "#4"},
				"west": {"uv": [7, 5, 9, 13], "texture": "#4", "rotation": 270},
				"up": {"uv": [4, 5, 10, 13], "texture": "#4"},
				"down": {"uv": [3, 5, 9, 13], "texture": "#4", "rotation": 180}
			}
		},
		{
			"from": [10.25, 2, 5],
			"to": [10.75, 4, 7],
			"faces": {
				"north": {"uv": [7, 5, 9, 6], "texture": "#0", "rotation": 270},
				"east": {"uv": [7, 5, 9, 6], "texture": "#0", "rotation": 270},
				"south": {"uv": [7, 5, 9, 6], "texture": "#0", "rotation": 90},
				"west": {"uv": [7, 5, 9, 6], "texture": "#0", "rotation": 90},
				"up": {"uv": [8, 5, 9, 6], "texture": "#0", "rotation": 90},
				"down": {"uv": [7, 5, 9, 6], "texture": "#0"}
			}
		},
		{
			"from": [6.25, 2, 5],
			"to": [6.75, 4, 7],
			"faces": {
				"north": {"uv": [7, 5, 9, 6], "texture": "#0", "rotation": 270},
				"east": {"uv": [7, 5, 9, 6], "texture": "#0", "rotation": 270},
				"south": {"uv": [7, 5, 9, 6], "texture": "#0", "rotation": 90},
				"west": {"uv": [7, 5, 9, 6], "texture": "#0", "rotation": 90},
				"up": {"uv": [8, 5, 9, 6], "texture": "#0", "rotation": 90},
				"down": {"uv": [7, 5, 9, 6], "texture": "#0"}
			}
		},
		{
			"from": [5, 3.25, 5.75],
			"to": [11, 3.75, 6.25],
			"rotation": {"angle": 0, "axis": "z", "origin": [8, 3.5, 6]},
			"faces": {
				"north": {"uv": [3, 6, 9, 7], "texture": "#1", "rotation": 180},
				"east": {"uv": [8, 6, 9, 7], "texture": "#1", "rotation": 180},
				"south": {"uv": [3, 6, 9, 7], "texture": "#1"},
				"west": {"uv": [3, 6, 4, 7], "texture": "#1"},
				"up": {"uv": [3, 6, 9, 7], "texture": "#1"},
				"down": {"uv": [3, 6, 9, 7], "texture": "#1", "rotation": 180}
			}
		},
		{
			"from": [5.75, 3, 4.25],
			"to": [6.25, 4.5, 6.75],
			"rotation": {"angle": 22.5, "axis": "x", "origin": [6, 3.75, 5.25]},
			"faces": {
				"north": {"uv": [8, 5, 9, 6], "texture": "#0", "rotation": 180},
				"east": {"uv": [7, 5, 9, 6], "texture": "#0", "rotation": 180},
				"south": {"uv": [8, 5, 9, 6], "texture": "#0", "rotation": 90},
				"west": {"uv": [7, 5, 11, 7], "texture": "#0", "rotation": 180},
				"up": {"uv": [7, 5, 9, 6], "texture": "#0", "rotation": 90},
				"down": {"uv": [7, 5, 9, 6], "texture": "#0", "rotation": 90}
			}
		},
		{
			"from": [9.75, 3, 4.25],
			"to": [10.25, 4.5, 6.75],
			"rotation": {"angle": 22.5, "axis": "x", "origin": [10, 3.75, 5.25]},
			"faces": {
				"north": {"uv": [8, 5, 9, 6], "texture": "#0", "rotation": 180},
				"east": {"uv": [7, 5, 9, 10], "texture": "#0", "rotation": 90},
				"south": {"uv": [8, 5, 9, 6], "texture": "#0", "rotation": 90},
				"west": {"uv": [7, 5, 9, 6], "texture": "#0", "rotation": 180},
				"up": {"uv": [7, 5, 9, 6], "texture": "#0", "rotation": 90},
				"down": {"uv": [7, 5, 9, 6], "texture": "#0", "rotation": 90}
			}
		},
		{
			"from": [5.75, 2.75, 3.25],
			"to": [10.25, 4.75, 4.25],
			"rotation": {"angle": 22.5, "axis": "x", "origin": [10, 3.75, 5.25]},
			"faces": {
				"north": {"uv": [2, 5, 9, 7], "texture": "#0", "rotation": 180},
				"east": {"uv": [2, 5, 4, 6], "texture": "#0", "rotation": 90},
				"south": {"uv": [2, 5, 9, 7], "texture": "#0", "rotation": 90},
				"west": {"uv": [7, 5, 9, 6], "texture": "#0", "rotation": 90},
				"up": {"uv": [2, 5, 9, 6], "texture": "#0", "rotation": 180},
				"down": {"uv": [2, 5, 9, 6], "texture": "#0"}
			}
		},
		{
			"from": [7.25, 3, -1],
			"to": [8.75, 4.5, 3],
			"rotation": {"angle": 22.5, "axis": "x", "origin": [10, 3.75, 5.25]},
			"faces": {
				"north": {"uv": [2, 5, 4, 7], "texture": "#2", "rotation": 180},
				"east": {"uv": [2, 5, 4, 12], "texture": "#2", "rotation": 90},
				"south": {"uv": [2, 5, 4, 7], "texture": "#2", "rotation": 90},
				"west": {"uv": [2, 5, 4, 12], "texture": "#2", "rotation": 270},
				"up": {"uv": [2, 5, 4, 12], "texture": "#2"},
				"down": {"uv": [2, 5, 4, 12], "texture": "#2", "rotation": 180}
			}
		},
		{
			"from": [7.15, 2.9, 3],
			"to": [8.85, 4.6, 3.25],
			"rotation": {"angle": 22.5, "axis": "x", "origin": [10, 3.75, 5.25]},
			"faces": {
				"north": {"uv": [0, 6, 1, 7], "texture": "#1", "rotation": 180},
				"east": {"uv": [0, 6, 1, 7], "texture": "#1", "rotation": 90},
				"south": {"uv": [0, 6, 1, 7], "texture": "#1", "rotation": 90},
				"west": {"uv": [0, 6, 1, 7], "texture": "#1", "rotation": 270},
				"up": {"uv": [0, 6, 1, 7], "texture": "#1"},
				"down": {"uv": [0, 6, 1, 7], "texture": "#1", "rotation": 180}
			}
		},
		{
			"from": [9.25, 2, 5],
			"to": [9.75, 4, 7],
			"faces": {
				"north": {"uv": [7, 5, 9, 6], "texture": "#0", "rotation": 270},
				"east": {"uv": [7, 5, 9, 6], "texture": "#0", "rotation": 270},
				"south": {"uv": [7, 5, 9, 6], "texture": "#0", "rotation": 90},
				"west": {"uv": [7, 5, 9, 6], "texture": "#0", "rotation": 90},
				"up": {"uv": [8, 5, 9, 6], "texture": "#0", "rotation": 90},
				"down": {"uv": [7, 5, 9, 6], "texture": "#0"}
			}
		},
		{
			"from": [5.25, 2, 5],
			"to": [5.75, 4, 7],
			"faces": {
				"north": {"uv": [7, 5, 9, 6], "texture": "#0", "rotation": 270},
				"east": {"uv": [7, 5, 9, 6], "texture": "#0", "rotation": 270},
				"south": {"uv": [7, 5, 9, 6], "texture": "#0", "rotation": 90},
				"west": {"uv": [7, 5, 9, 6], "texture": "#0", "rotation": 90},
				"up": {"uv": [8, 5, 9, 6], "texture": "#0", "rotation": 90},
				"down": {"uv": [7, 5, 9, 6], "texture": "#0"}
			}
		},
		{
			"from": [6.5, 1.95, 8.5],
			"to": [9.5, 2.25, 11.5],
			"faces": {
				"north": {"uv": [13, 5, 14, 13], "texture": "#2_0", "rotation": 270},
				"east": {"uv": [13, 5, 14, 13], "texture": "#2_0", "rotation": 90},
				"south": {"uv": [13, 5, 14, 13], "texture": "#2_0", "rotation": 270},
				"west": {"uv": [13, 5, 14, 13], "texture": "#2_0", "rotation": 270},
				"up": {"uv": [3, 3, 13, 13], "texture": "#2_0"},
				"down": {"uv": [13, 5, 14, 13], "texture": "#2_0", "rotation": 180}
			}
		},
		{
			"from": [6.8, 2.25, 8.8],
			"to": [9.2, 2.85, 11.2],
			"faces": {
				"north": {"uv": [0, 0, 16, 3], "texture": "#2_2", "rotation": 180},
				"east": {"uv": [0, 0, 3, 16], "texture": "#2_2", "rotation": 90},
				"south": {"uv": [0, 13, 16, 16], "texture": "#2_2"},
				"west": {"uv": [0, 0, 3, 16], "texture": "#2_2", "rotation": 270},
				"up": {"uv": [0, 0, 16, 16], "texture": "#2_2"},
				"down": {"uv": [0, 0, 16, 16], "texture": "#2_2", "rotation": 180}
			}
		},
		{
			"from": [7.25, 2.25, 8.5],
			"to": [7.55, 3.075, 11.5],
			"faces": {
				"north": {"uv": [0, 0, 1, 1.75], "texture": "#2_0", "rotation": 180},
				"east": {"uv": [0, 0, 1.75, 8], "texture": "#2_0", "rotation": 90},
				"south": {"uv": [0, 0, 1, 1.75], "texture": "#2_0"},
				"west": {"uv": [0, 0, 1, 8], "texture": "#2_0", "rotation": 270},
				"up": {"uv": [0, 0, 1, 10], "texture": "#2_0"},
				"down": {"uv": [0, 0, 1, 8], "texture": "#2_0", "rotation": 180}
			}
		},
		{
			"from": [8.45, 2.25, 8.5],
			"to": [8.75, 3.075, 11.5],
			"faces": {
				"north": {"uv": [0, 0, 1, 1.75], "texture": "#2_0", "rotation": 180},
				"east": {"uv": [0, 0, 1.75, 8], "texture": "#2_0", "rotation": 90},
				"south": {"uv": [0, 0, 1, 1.75], "texture": "#2_0"},
				"west": {"uv": [0, 0, 1, 8], "texture": "#2_0", "rotation": 270},
				"up": {"uv": [0, 0, 1, 10], "texture": "#2_0"},
				"down": {"uv": [0, 0, 1, 8], "texture": "#2_0", "rotation": 180}
			}
		},
		{
			"from": [6.5, 2.25, 9.25],
			"to": [9.5, 3.045, 9.55],
			"faces": {
				"north": {"uv": [0, 0, 1, 8], "texture": "#2_0", "rotation": 90},
				"east": {"uv": [0, 0, 1, 3], "texture": "#2_0"},
				"south": {"uv": [0, 0, 1, 8], "texture": "#2_0", "rotation": 270},
				"west": {"uv": [0, 7, 3, 8], "texture": "#2_0", "rotation": 90},
				"up": {"uv": [3, 7, 13, 8], "texture": "#2_0"},
				"down": {"uv": [0, 0, 1, 8], "texture": "#2_0", "rotation": 90}
			}
		},
		{
			"from": [6.5, 2.25, 10.45],
			"to": [9.5, 3.045, 10.75],
			"faces": {
				"north": {"uv": [0, 0, 1, 8], "texture": "#2_0", "rotation": 90},
				"east": {"uv": [0, 5, 1, 8], "texture": "#2_0"},
				"south": {"uv": [0, 0, 1, 8], "texture": "#2_0", "rotation": 270},
				"west": {"uv": [0, 5, 1, 8], "texture": "#2_0", "rotation": 180},
				"up": {"uv": [2, 5, 12, 6], "texture": "#2_0", "rotation": 180},
				"down": {"uv": [0, 0, 1, 8], "texture": "#2_0", "rotation": 90}
			}
		}
	],
	"display": {
		"head": {
			"scale": [2, 2, 2]
		}
	},
	"groups": [
		{
			"name": "spruce_button",
			"isOpen": true,
			"shade": true,
			"display": {
				"visibility": true,
				"autouv": false
			},
			"children": [0, 1, 2, 3, 4, 5, 6, 7, 8, 9, 10, 11, 12]
		},
		{
			"name": "black_glazed_terracotta",
			"isOpen": true,
			"shade": true,
			"display": {
				"visibility": true,
				"autouv": false
			},
			"children": [13, 14, 15, 16, 17, 18]
		}
	]
}