{
	"parent": "block/block_mini",
	"textures": {
		"0": "_custom/iron_plate_red",
		"1": "_custom/light_steel",
		"2": "_custom/red",
		"3": "_custom/wackyoil",
		"4": "_custom/noflames",
		"5": "_custom/nosmoking",
		"6": "_custom/red_dark",
		"7": "block/brown_terracotta",
		"8": "block/purpur_block",
		"9": "_custom/offline",
		"particle": "_custom/iron_plate_red"
	},
	"elements": [
		{
			"name": "hexadecagon",
			"from": [-12, 4.02175, -14],
			"to": [28, 11.97825, 30],
			"rotation": {"angle": 22.5, "axis": "z", "origin": [8, 8, 8]},
			"faces": {
				"north": {"uv": [0, 2.66667, 16, 10.62317], "texture": "#2"},
				"east": {"uv": [0, 13, 16, 15.65208], "texture": "#3"},
				"south": {"uv": [0, 2.66667, 16, 10.62317], "texture": "#2"},
				"west": {"uv": [0, 7.5, 16, 10.15156], "texture": "#3"},
				"up": {"uv": [0, 2.66667, 14.66667, 16], "texture": "#0", "rotation": 90},
				"down": {"uv": [0, 2.66667, 14.66667, 16], "texture": "#0", "rotation": 270}
			}
		},
		{
			"name": "hexadecagon",
			"from": [-12, 4.02175, -14],
			"to": [28, 11.97825, 30],
			"rotation": {"angle": 45, "axis": "z", "origin": [8, 8, 8]},
			"faces": {
				"north": {"uv": [0, 2.66667, 16, 10.62317], "texture": "#2"},
				"east": {"uv": [0, 9, 16, 11.65217], "texture": "#0"},
				"south": {"uv": [0, 2.66667, 16, 10.62317], "texture": "#2"},
				"west": {"uv": [0, 10.5, 16, 13.15208], "texture": "#0"},
				"up": {"uv": [0, 2.66667, 14.66667, 16], "texture": "#0", "rotation": 90},
				"down": {"uv": [0, 2.66667, 14.66667, 16], "texture": "#0", "rotation": 270}
			}
		},
		{
			"name": "hexadecagon",
			"from": [4.02175, -12, -14],
			"to": [11.97825, 28, 30],
			"rotation": {"angle": -22.5, "axis": "z", "origin": [8, 8, 8]},
			"faces": {
				"north": {"uv": [0, 0, 7.9565, 16], "texture": "#2"},
				"east": {"uv": [0, 2.66667, 14.66667, 16], "texture": "#0"},
				"south": {"uv": [0, 0, 7.9565, 16], "texture": "#2"},
				"west": {"uv": [0, 2.66667, 14.66667, 16], "texture": "#0"},
				"up": {"uv": [0, 2.66667, 16, 5.31884], "texture": "#0", "rotation": 90},
				"down": {"uv": [0, 2.66667, 16, 5.31884], "texture": "#0", "rotation": 270}
			}
		},
		{
			"name": "hexadecagon",
			"from": [4.02175, -12, -14],
			"to": [11.97825, 28, 30],
			"rotation": {"angle": 0, "axis": "z", "origin": [8, 8, 8]},
			"faces": {
				"north": {"uv": [0, 0, 7.9565, 16], "texture": "#2"},
				"east": {"uv": [0, 2.66667, 14.66667, 16], "texture": "#0"},
				"south": {"uv": [0, 0, 7.9565, 16], "texture": "#2"},
				"west": {"uv": [0, 2.66667, 14.66667, 16], "texture": "#0"},
				"up": {"uv": [0, 12, 16, 14.65217], "texture": "#0", "rotation": 90},
				"down": {"uv": [0, 2.66667, 16, 5.31884], "texture": "#0", "rotation": 270}
			}
		},
		{
			"name": "hexadecagon",
			"from": [4.02175, -12, -14],
			"to": [11.97825, 28, 30],
			"rotation": {"angle": 22.5, "axis": "z", "origin": [8, 8, 8]},
			"faces": {
				"north": {"uv": [4.02175, 0, 11.97825, 16], "texture": "#2"},
				"east": {"uv": [0, 0, 14.66667, 13.33333], "texture": "#0"},
				"south": {"uv": [4.02175, 0, 11.97825, 16], "texture": "#2"},
				"west": {"uv": [0, 0, 14.66667, 13.33333], "texture": "#0"},
				"up": {"uv": [0, 0.66667, 16, 3.31875], "texture": "#0", "rotation": 90},
				"down": {"uv": [0, 0, 16, 2.65217], "texture": "#0", "rotation": 270}
			}
		},
		{
			"name": "hexadecagon",
			"from": [-12.01, 4.52175, 25.5],
			"to": [-12, 8.02175, 29],
			"rotation": {"angle": 0, "axis": "z", "origin": [8, 8, 6]},
			"faces": {
				"north": {"uv": [0, 0, 0.5, 0.5], "texture": "#4"},
				"east": {"uv": [0, 0, 0.5, 0.5], "texture": "#4"},
				"south": {"uv": [0, 0, 0.5, 0.5], "texture": "#4"},
				"west": {"uv": [0, 0, 16, 16], "texture": "#4"},
				"up": {"uv": [0, 0, 0.5, 0.5], "texture": "#4", "rotation": 90},
				"down": {"uv": [0, 0, 0.5, 0.5], "texture": "#4", "rotation": 270}
			}
		},
		{
			"name": "hexadecagon",
			"from": [-12.01, 8.52175, 25.5],
			"to": [-12, 12.02175, 29],
			"rotation": {"angle": 0, "axis": "z", "origin": [8, 12, 6]},
			"faces": {
				"north": {"uv": [0, 0, 0.5, 0.5], "texture": "#4"},
				"east": {"uv": [0, 0, 0.5, 0.5], "texture": "#4"},
				"south": {"uv": [0, 0, 0.5, 0.5], "texture": "#4"},
				"west": {"uv": [0, 0, 16, 16], "texture": "#5"},
				"up": {"uv": [0, 0, 0.5, 0.5], "texture": "#4", "rotation": 90},
				"down": {"uv": [0, 0, 0.5, 0.5], "texture": "#4", "rotation": 270}
			}
		},
		{
			"name": "hexadecagon",
			"from": [3.82284, -13, -16],
			"to": [12.17716, -9, -14],
			"rotation": {"angle": -45, "axis": "z", "origin": [8, 8, -14]},
			"faces": {
				"north": {"uv": [0, 0, 1, 1], "texture": "#6"},
				"east": {"uv": [0, 0, 1, 1], "texture": "#6"},
				"south": {"uv": [0, 0, 1, 1], "texture": "#6"},
				"west": {"uv": [0, 0, 1, 1], "texture": "#6"},
				"up": {"uv": [0, 0, 1, 1], "texture": "#6"},
				"down": {"uv": [0, 0, 1, 1], "texture": "#6"}
			}
		},
		{
			"name": "hexadecagon",
			"from": [3.82284, -13, -16],
			"to": [12.17716, -9, -14],
			"rotation": {"angle": -22.5, "axis": "z", "origin": [8, 8, -14]},
			"faces": {
				"north": {"uv": [0, 0, 1, 1], "texture": "#6"},
				"east": {"uv": [0, 0, 1, 1], "texture": "#6"},
				"south": {"uv": [0, 0, 1, 1], "texture": "#6"},
				"west": {"uv": [0, 0, 1, 1], "texture": "#6"},
				"up": {"uv": [0, 0, 1, 1], "texture": "#6"},
				"down": {"uv": [0, 0, 1, 1], "texture": "#6"}
			}
		},
		{
			"name": "hexadecagon",
			"from": [3.82284, -13, -16],
			"to": [12.17716, -9, -14],
			"rotation": {"angle": 0, "axis": "z", "origin": [8, 8, -14]},
			"faces": {
				"north": {"uv": [0, 0, 1, 1], "texture": "#6"},
				"east": {"uv": [0, 0, 1, 1], "texture": "#6"},
				"south": {"uv": [0, 0, 1, 1], "texture": "#6"},
				"west": {"uv": [0, 0, 1, 1], "texture": "#6"},
				"up": {"uv": [0, 0, 1, 1], "texture": "#6"},
				"down": {"uv": [0, 0, 1, 1], "texture": "#6"}
			}
		},
		{
			"name": "hexadecagon",
			"from": [3.82284, -13, -16],
			"to": [12.17716, -9, -14],
			"rotation": {"angle": 22.5, "axis": "z", "origin": [8, 8, -14]},
			"faces": {
				"north": {"uv": [0, 0, 1, 1], "texture": "#6"},
				"east": {"uv": [0, 0, 1, 1], "texture": "#6"},
				"south": {"uv": [0, 0, 1, 1], "texture": "#6"},
				"west": {"uv": [0, 0, 1, 1], "texture": "#6"},
				"up": {"uv": [0, 0, 1, 1], "texture": "#6"},
				"down": {"uv": [0, 0, 1, 1], "texture": "#6"}
			}
		},
		{
			"name": "hexadecagon",
			"from": [3.82284, -13, -16],
			"to": [12.17716, -9, -14],
			"rotation": {"angle": 45, "axis": "z", "origin": [8, 8, -14]},
			"faces": {
				"north": {"uv": [0, 0, 1, 1], "texture": "#6"},
				"east": {"uv": [0, 0, 1, 1], "texture": "#6"},
				"south": {"uv": [0, 0, 1, 1], "texture": "#6"},
				"west": {"uv": [0, 0, 1, 1], "texture": "#6"},
				"up": {"uv": [0, 0, 1, 1], "texture": "#6"},
				"down": {"uv": [0, 0, 1, 1], "texture": "#6"}
			}
		},
		{
			"name": "hexadecagon",
			"from": [3.82284, 25, -16],
			"to": [12.17716, 29, -14],
			"rotation": {"angle": -45, "axis": "z", "origin": [8, 8, -14]},
			"faces": {
				"north": {"uv": [0, 0, 1, 1], "texture": "#6"},
				"east": {"uv": [0, 0, 1, 1], "texture": "#6"},
				"south": {"uv": [0, 0, 1, 1], "texture": "#6"},
				"west": {"uv": [0, 0, 1, 1], "texture": "#6"},
				"up": {"uv": [0, 0, 1, 1], "texture": "#6"},
				"down": {"uv": [0, 0, 1, 1], "texture": "#6"}
			}
		},
		{
			"name": "hexadecagon",
			"from": [3.82284, 25, -16],
			"to": [12.17716, 29, -14],
			"rotation": {"angle": -22.5, "axis": "z", "origin": [8, 8, -14]},
			"faces": {
				"north": {"uv": [0, 0, 1, 1], "texture": "#6"},
				"east": {"uv": [0, 0, 1, 1], "texture": "#6"},
				"south": {"uv": [0, 0, 1, 1], "texture": "#6"},
				"west": {"uv": [0, 0, 1, 1], "texture": "#6"},
				"up": {"uv": [0, 0, 1, 1], "texture": "#6"},
				"down": {"uv": [0, 0, 1, 1], "texture": "#6"}
			}
		},
		{
			"name": "hexadecagon",
			"from": [3.82284, 25, -16],
			"to": [12.17716, 29, -14],
			"rotation": {"angle": 0, "axis": "z", "origin": [8, 8, -14]},
			"faces": {
				"north": {"uv": [0, 0, 1, 1], "texture": "#6"},
				"east": {"uv": [0, 0, 1, 1], "texture": "#6"},
				"south": {"uv": [0, 0, 1, 1], "texture": "#6"},
				"west": {"uv": [0, 0, 1, 1], "texture": "#6"},
				"up": {"uv": [0, 0, 1, 1], "texture": "#6"},
				"down": {"uv": [0, 0, 1, 1], "texture": "#6"}
			}
		},
		{
			"name": "hexadecagon",
			"from": [3.82284, 25, -16],
			"to": [12.17716, 29, -14],
			"rotation": {"angle": 22.5, "axis": "z", "origin": [8, 8, -14]},
			"faces": {
				"north": {"uv": [0, 0, 1, 1], "texture": "#6"},
				"east": {"uv": [0, 0, 1, 1], "texture": "#6"},
				"south": {"uv": [0, 0, 1, 1], "texture": "#6"},
				"west": {"uv": [0, 0, 1, 1], "texture": "#6"},
				"up": {"uv": [0, 0, 1, 1], "texture": "#6"},
				"down": {"uv": [0, 0, 1, 1], "texture": "#6"}
			}
		},
		{
			"name": "hexadecagon",
			"from": [3.82284, 25, -16],
			"to": [12.17716, 29, -14],
			"rotation": {"angle": 45, "axis": "z", "origin": [8, 8, -14]},
			"faces": {
				"north": {"uv": [0, 0, 1, 1], "texture": "#6"},
				"east": {"uv": [0, 0, 1, 1], "texture": "#6"},
				"south": {"uv": [0, 0, 1, 1], "texture": "#6"},
				"west": {"uv": [0, 0, 1, 1], "texture": "#6"},
				"up": {"uv": [0, 0, 1, 1], "texture": "#6"},
				"down": {"uv": [0, 0, 1, 1], "texture": "#6"}
			}
		},
		{
			"name": "hexadecagon",
			"from": [-13, 3.82284, -16],
			"to": [-9, 12.17716, -14],
			"rotation": {"angle": -22.5, "axis": "z", "origin": [8, 8, -14]},
			"faces": {
				"north": {"uv": [0, 0, 1, 1], "texture": "#6"},
				"east": {"uv": [0, 0, 1, 1], "texture": "#6"},
				"south": {"uv": [0, 0, 1, 1], "texture": "#6"},
				"west": {"uv": [0, 0, 1, 1], "texture": "#6"},
				"up": {"uv": [0, 0, 1, 1], "texture": "#6"},
				"down": {"uv": [0, 0, 1, 1], "texture": "#6"}
			}
		},
		{
			"name": "hexadecagon",
			"from": [-13, 3.82284, -16],
			"to": [-9, 12.17716, -14],
			"rotation": {"angle": 0, "axis": "z", "origin": [8, 8, -14]},
			"faces": {
				"north": {"uv": [0, 0, 1, 1], "texture": "#6"},
				"east": {"uv": [0, 0, 1, 1], "texture": "#6"},
				"south": {"uv": [0, 0, 1, 1], "texture": "#6"},
				"west": {"uv": [0, 0, 1, 1], "texture": "#6"},
				"up": {"uv": [0, 0, 1, 1], "texture": "#6"},
				"down": {"uv": [0, 0, 1, 1], "texture": "#6"}
			}
		},
		{
			"name": "hexadecagon",
			"from": [-13, 3.82284, -16],
			"to": [-9, 12.17716, -14],
			"rotation": {"angle": 22.5, "axis": "z", "origin": [8, 8, -14]},
			"faces": {
				"north": {"uv": [0, 0, 1, 1], "texture": "#6"},
				"east": {"uv": [0, 0, 1, 1], "texture": "#6"},
				"south": {"uv": [0, 0, 1, 1], "texture": "#6"},
				"west": {"uv": [0, 0, 1, 1], "texture": "#6"},
				"up": {"uv": [0, 0, 1, 1], "texture": "#6"},
				"down": {"uv": [0, 0, 1, 1], "texture": "#6"}
			}
		},
		{
			"name": "hexadecagon",
			"from": [25, 3.82284, -16],
			"to": [29, 12.17716, -14],
			"rotation": {"angle": -22.5, "axis": "z", "origin": [8, 8, -14]},
			"faces": {
				"north": {"uv": [0, 0, 1, 1], "texture": "#6"},
				"east": {"uv": [0, 0, 1, 1], "texture": "#6"},
				"south": {"uv": [0, 0, 1, 1], "texture": "#6"},
				"west": {"uv": [0, 0, 1, 1], "texture": "#6"},
				"up": {"uv": [0, 0, 1, 1], "texture": "#6"},
				"down": {"uv": [0, 0, 1, 1], "texture": "#6"}
			}
		},
		{
			"name": "hexadecagon",
			"from": [25, 3.82284, -16],
			"to": [29, 12.17716, -14],
			"rotation": {"angle": 0, "axis": "z", "origin": [8, 8, -14]},
			"faces": {
				"north": {"uv": [0, 0, 1, 1], "texture": "#6"},
				"east": {"uv": [0, 0, 1, 1], "texture": "#6"},
				"south": {"uv": [0, 0, 1, 1], "texture": "#6"},
				"west": {"uv": [0, 0, 1, 1], "texture": "#6"},
				"up": {"uv": [0, 0, 1, 1], "texture": "#6"},
				"down": {"uv": [0, 0, 1, 1], "texture": "#6"}
			}
		},
		{
			"name": "hexadecagon",
			"from": [25, 3.82284, -16],
			"to": [29, 12.17716, -14],
			"rotation": {"angle": 22.5, "axis": "z", "origin": [8, 8, -14]},
			"faces": {
				"north": {"uv": [0, 0, 1, 1], "texture": "#6"},
				"east": {"uv": [0, 0, 1, 1], "texture": "#6"},
				"south": {"uv": [0, 0, 1, 1], "texture": "#6"},
				"west": {"uv": [0, 0, 1, 1], "texture": "#6"},
				"up": {"uv": [0, 0, 1, 1], "texture": "#6"},
				"down": {"uv": [0, 0, 1, 1], "texture": "#6"}
			}
		},
		{
			"name": "hexadecagon",
			"from": [3.82284, -13, 30],
			"to": [12.17716, -9, 32],
			"rotation": {"angle": -45, "axis": "z", "origin": [8, 8, 32]},
			"faces": {
				"north": {"uv": [0, 0, 1, 1], "texture": "#6"},
				"east": {"uv": [0, 0, 1, 1], "texture": "#6"},
				"south": {"uv": [0, 0, 1, 1], "texture": "#6"},
				"west": {"uv": [0, 0, 1, 1], "texture": "#6"},
				"up": {"uv": [0, 0, 1, 1], "texture": "#6"},
				"down": {"uv": [0, 0, 1, 1], "texture": "#6"}
			}
		},
		{
			"name": "hexadecagon",
			"from": [3.82284, -13, 30],
			"to": [12.17716, -9, 32],
			"rotation": {"angle": -22.5, "axis": "z", "origin": [8, 8, 32]},
			"faces": {
				"north": {"uv": [0, 0, 1, 1], "texture": "#6"},
				"east": {"uv": [0, 0, 1, 1], "texture": "#6"},
				"south": {"uv": [0, 0, 1, 1], "texture": "#6"},
				"west": {"uv": [0, 0, 1, 1], "texture": "#6"},
				"up": {"uv": [0, 0, 1, 1], "texture": "#6"},
				"down": {"uv": [0, 0, 1, 1], "texture": "#6"}
			}
		},
		{
			"name": "hexadecagon",
			"from": [3.82284, -13, 30],
			"to": [12.17716, -9, 32],
			"rotation": {"angle": 0, "axis": "z", "origin": [8, 8, 32]},
			"faces": {
				"north": {"uv": [0, 0, 1, 1], "texture": "#6"},
				"east": {"uv": [0, 0, 1, 1], "texture": "#6"},
				"south": {"uv": [0, 0, 1, 1], "texture": "#6"},
				"west": {"uv": [0, 0, 1, 1], "texture": "#6"},
				"up": {"uv": [0, 0, 1, 1], "texture": "#6"},
				"down": {"uv": [0, 0, 1, 1], "texture": "#6"}
			}
		},
		{
			"name": "hexadecagon",
			"from": [3.82284, -13, 30],
			"to": [12.17716, -9, 32],
			"rotation": {"angle": 22.5, "axis": "z", "origin": [8, 8, 32]},
			"faces": {
				"north": {"uv": [0, 0, 1, 1], "texture": "#6"},
				"east": {"uv": [0, 0, 1, 1], "texture": "#6"},
				"south": {"uv": [0, 0, 1, 1], "texture": "#6"},
				"west": {"uv": [0, 0, 1, 1], "texture": "#6"},
				"up": {"uv": [0, 0, 1, 1], "texture": "#6"},
				"down": {"uv": [0, 0, 1, 1], "texture": "#6"}
			}
		},
		{
			"name": "hexadecagon",
			"from": [3.82284, -13, 30],
			"to": [12.17716, -9, 32],
			"rotation": {"angle": 45, "axis": "z", "origin": [8, 8, 32]},
			"faces": {
				"north": {"uv": [0, 0, 1, 1], "texture": "#6"},
				"east": {"uv": [0, 0, 1, 1], "texture": "#6"},
				"south": {"uv": [0, 0, 1, 1], "texture": "#6"},
				"west": {"uv": [0, 0, 1, 1], "texture": "#6"},
				"up": {"uv": [0, 0, 1, 1], "texture": "#6"},
				"down": {"uv": [0, 0, 1, 1], "texture": "#6"}
			}
		},
		{
			"name": "hexadecagon",
			"from": [3.82284, 25, 30],
			"to": [12.17716, 29, 32],
			"rotation": {"angle": -45, "axis": "z", "origin": [8, 8, 32]},
			"faces": {
				"north": {"uv": [0, 0, 1, 1], "texture": "#6"},
				"east": {"uv": [0, 0, 1, 1], "texture": "#6"},
				"south": {"uv": [0, 0, 1, 1], "texture": "#6"},
				"west": {"uv": [0, 0, 1, 1], "texture": "#6"},
				"up": {"uv": [0, 0, 1, 1], "texture": "#6"},
				"down": {"uv": [0, 0, 1, 1], "texture": "#6"}
			}
		},
		{
			"name": "hexadecagon",
			"from": [3.82284, 25, 30],
			"to": [12.17716, 29, 32],
			"rotation": {"angle": -22.5, "axis": "z", "origin": [8, 8, 32]},
			"faces": {
				"north": {"uv": [0, 0, 1, 1], "texture": "#6"},
				"east": {"uv": [0, 0, 1, 1], "texture": "#6"},
				"south": {"uv": [0, 0, 1, 1], "texture": "#6"},
				"west": {"uv": [0, 0, 1, 1], "texture": "#6"},
				"up": {"uv": [0, 0, 1, 1], "texture": "#6"},
				"down": {"uv": [0, 0, 1, 1], "texture": "#6"}
			}
		},
		{
			"name": "hexadecagon",
			"from": [3.82284, 25, 30],
			"to": [12.17716, 29, 32],
			"rotation": {"angle": 0, "axis": "z", "origin": [8, 8, 32]},
			"faces": {
				"north": {"uv": [0, 0, 1, 1], "texture": "#6"},
				"east": {"uv": [0, 0, 1, 1], "texture": "#6"},
				"south": {"uv": [0, 0, 1, 1], "texture": "#6"},
				"west": {"uv": [0, 0, 1, 1], "texture": "#6"},
				"up": {"uv": [0, 0, 1, 1], "texture": "#6"},
				"down": {"uv": [0, 0, 1, 1], "texture": "#6"}
			}
		},
		{
			"name": "hexadecagon",
			"from": [3.82284, 25, 30],
			"to": [12.17716, 29, 32],
			"rotation": {"angle": 22.5, "axis": "z", "origin": [8, 8, 32]},
			"faces": {
				"north": {"uv": [0, 0, 1, 1], "texture": "#6"},
				"east": {"uv": [0, 0, 1, 1], "texture": "#6"},
				"south": {"uv": [0, 0, 1, 1], "texture": "#6"},
				"west": {"uv": [0, 0, 1, 1], "texture": "#6"},
				"up": {"uv": [0, 0, 1, 1], "texture": "#6"},
				"down": {"uv": [0, 0, 1, 1], "texture": "#6"}
			}
		},
		{
			"name": "hexadecagon",
			"from": [3.82284, 25, 30],
			"to": [12.17716, 29, 32],
			"rotation": {"angle": 45, "axis": "z", "origin": [8, 8, 32]},
			"faces": {
				"north": {"uv": [0, 0, 1, 1], "texture": "#6"},
				"east": {"uv": [0, 0, 1, 1], "texture": "#6"},
				"south": {"uv": [0, 0, 1, 1], "texture": "#6"},
				"west": {"uv": [0, 0, 1, 1], "texture": "#6"},
				"up": {"uv": [0, 0, 1, 1], "texture": "#6"},
				"down": {"uv": [0, 0, 1, 1], "texture": "#6"}
			}
		},
		{
			"name": "hexadecagon",
			"from": [-13, 3.82284, 30],
			"to": [-9, 12.17716, 32],
			"rotation": {"angle": -22.5, "axis": "z", "origin": [8, 8, 32]},
			"faces": {
				"north": {"uv": [0, 0, 1, 1], "texture": "#6"},
				"east": {"uv": [0, 0, 1, 1], "texture": "#6"},
				"south": {"uv": [0, 0, 1, 1], "texture": "#6"},
				"west": {"uv": [0, 0, 1, 1], "texture": "#6"},
				"up": {"uv": [0, 0, 1, 1], "texture": "#6"},
				"down": {"uv": [0, 0, 1, 1], "texture": "#6"}
			}
		},
		{
			"name": "hexadecagon",
			"from": [-13, 3.82284, 30],
			"to": [-9, 12.17716, 32],
			"rotation": {"angle": 0, "axis": "z", "origin": [8, 8, 32]},
			"faces": {
				"north": {"uv": [0, 0, 1, 1], "texture": "#6"},
				"east": {"uv": [0, 0, 1, 1], "texture": "#6"},
				"south": {"uv": [0, 0, 1, 1], "texture": "#6"},
				"west": {"uv": [0, 0, 1, 1], "texture": "#6"},
				"up": {"uv": [0, 0, 1, 1], "texture": "#6"},
				"down": {"uv": [0, 0, 1, 1], "texture": "#6"}
			}
		},
		{
			"name": "hexadecagon",
			"from": [-13, 3.82284, 30],
			"to": [-9, 12.17716, 32],
			"rotation": {"angle": 22.5, "axis": "z", "origin": [8, 8, 32]},
			"faces": {
				"north": {"uv": [0, 0, 4, 8.35432], "texture": "#6"},
				"east": {"uv": [0, 0, 2, 8.35432], "texture": "#6"},
				"south": {"uv": [0, 0, 4, 8.35432], "texture": "#6"},
				"west": {"uv": [0, 0, 2, 8.35432], "texture": "#6"},
				"up": {"uv": [0, 0, 4, 2], "texture": "#6"},
				"down": {"uv": [0, 0, 4, 2], "texture": "#6"}
			}
		},
		{
			"name": "hexadecagon",
			"from": [25, 3.82284, 30],
			"to": [29, 12.17716, 32],
			"rotation": {"angle": -22.5, "axis": "z", "origin": [8, 8, 32]},
			"faces": {
				"north": {"uv": [0, 0, 1, 1], "texture": "#6"},
				"east": {"uv": [0, 0, 1, 1], "texture": "#6"},
				"south": {"uv": [0, 0, 1, 1], "texture": "#6"},
				"west": {"uv": [0, 0, 1, 1], "texture": "#6"},
				"up": {"uv": [0, 0, 1, 1], "texture": "#6"},
				"down": {"uv": [0, 0, 1, 1], "texture": "#6"}
			}
		},
		{
			"name": "hexadecagon",
			"from": [25, 3.82284, 30],
			"to": [29, 12.17716, 32],
			"rotation": {"angle": 0, "axis": "z", "origin": [8, 8, 32]},
			"faces": {
				"north": {"uv": [0, 0, 1, 1], "texture": "#6"},
				"east": {"uv": [0, 0, 1, 1], "texture": "#6"},
				"south": {"uv": [0, 0, 1, 1], "texture": "#6"},
				"west": {"uv": [0, 0, 1, 1], "texture": "#6"},
				"up": {"uv": [0, 0, 1, 1], "texture": "#6"},
				"down": {"uv": [0, 0, 1, 1], "texture": "#6"}
			}
		},
		{
			"name": "hexadecagon",
			"from": [25, 3.82284, 30],
			"to": [29, 12.17716, 32],
			"rotation": {"angle": 22.5, "axis": "z", "origin": [8, 8, 32]},
			"faces": {
				"north": {"uv": [0, 0, 1, 1], "texture": "#6"},
				"east": {"uv": [0, 0, 1, 1], "texture": "#6"},
				"south": {"uv": [0, 0, 1, 1], "texture": "#6"},
				"west": {"uv": [0, 0, 1, 1], "texture": "#6"},
				"up": {"uv": [0, 0, 1, 1], "texture": "#6"},
				"down": {"uv": [0, 0, 1, 1], "texture": "#6"}
			}
		},
		{
			"from": [-7, -16, 18],
			"to": [-2, -5, 24],
			"faces": {
				"north": {"uv": [0, 3.5, 5, 14.5], "texture": "#1"},
				"east": {"uv": [10, 2, 16, 13], "texture": "#1"},
				"south": {"uv": [0, 0, 5, 11], "texture": "#1"},
				"west": {"uv": [10, 3.5, 16, 14.5], "texture": "#1"},
				"up": {"uv": [0, 7, 5, 13], "texture": "#1"},
				"down": {"uv": [0, 0, 5, 6], "texture": "#1"}
			}
		},
		{
			"name": "hexadecagon",
			"from": [28, 4.52175, -12],
			"to": [28.01, 8.02175, -8.5],
			"rotation": {"angle": 0, "axis": "z", "origin": [8, 8, 11]},
			"faces": {
				"north": {"uv": [0, 0, 0.5, 0.5], "texture": "#4"},
				"east": {"uv": [0, 0, 16, 16], "texture": "#4"},
				"south": {"uv": [0, 0, 0.5, 0.5], "texture": "#4"},
				"west": {"uv": [0, 0, 0.5, 0.5], "texture": "#4"},
				"up": {"uv": [0, 0, 0.5, 0.5], "texture": "#4", "rotation": 270},
				"down": {"uv": [0, 0, 0.5, 0.5], "texture": "#4", "rotation": 90}
			}
		},
		{
			"name": "hexadecagon",
			"from": [28, 8.52175, -12],
			"to": [28.01, 12.02175, -8.5],
			"rotation": {"angle": 0, "axis": "z", "origin": [8, 12, 11]},
			"faces": {
				"north": {"uv": [0, 0, 0.5, 0.5], "texture": "#4"},
				"east": {"uv": [0, 0, 16, 16], "texture": "#5"},
				"south": {"uv": [0, 0, 0.5, 0.5], "texture": "#4"},
				"west": {"uv": [0, 0, 0.5, 0.5], "texture": "#4"},
				"up": {"uv": [0, 0, 0.5, 0.5], "texture": "#4", "rotation": 270},
				"down": {"uv": [0, 0, 0.5, 0.5], "texture": "#4", "rotation": 90}
			}
		},
		{
			"name": "hexadecagon",
			"from": [-12, 4.02175, -14],
			"to": [28, 11.97825, 30],
			"rotation": {"angle": 0, "axis": "z", "origin": [8, 8, 8]},
			"faces": {
				"north": {"uv": [0, 2.66667, 16, 10.62317], "texture": "#2"},
				"east": {"uv": [0, 5, 16, 7.65208], "texture": "#3"},
				"south": {"uv": [0, 2.66667, 16, 10.62317], "texture": "#2"},
				"west": {"uv": [0, 5, 16, 7.65156], "texture": "#3"},
				"up": {"uv": [0, 2.66667, 14.66667, 16], "texture": "#0", "rotation": 90},
				"down": {"uv": [0, 2.66667, 14.66667, 16], "texture": "#0", "rotation": 270}
			}
		},
		{
			"name": "hexadecagon",
			"from": [-12, 4.02175, -14],
			"to": [28, 11.97825, 30],
			"rotation": {"angle": -22.5, "axis": "z", "origin": [8, 8, 8]},
			"faces": {
				"north": {"uv": [0, 2.66667, 16, 10.62317], "texture": "#2"},
				"east": {"uv": [0, 7.5, 16, 10.15208], "texture": "#3"},
				"south": {"uv": [0, 2.66667, 16, 10.62317], "texture": "#2"},
				"west": {"uv": [0, 13, 16, 15.65156], "texture": "#3"},
				"up": {"uv": [0, 2.66667, 14.66667, 16], "texture": "#0", "rotation": 90},
				"down": {"uv": [0, 2.66667, 14.66667, 16], "texture": "#0", "rotation": 270}
			}
		},
		{
			"name": "hexadecagon",
			"from": [-12, 4.02175, -14],
			"to": [28, 11.97825, 30],
			"rotation": {"angle": -45, "axis": "z", "origin": [8, 8, 8]},
			"faces": {
				"north": {"uv": [0, 2.66667, 16, 10.62317], "texture": "#2"},
				"east": {"uv": [0, 10, 16, 12.65217], "texture": "#0"},
				"south": {"uv": [0, 2.66667, 16, 10.62317], "texture": "#2"},
				"west": {"uv": [0, 2.66667, 16, 5.31858], "texture": "#3"},
				"up": {"uv": [0, 2.66667, 14.66667, 16], "texture": "#0", "rotation": 90},
				"down": {"uv": [0, 2.66667, 14.66667, 16], "texture": "#0", "rotation": 270}
			}
		},
		{
			"from": [0, -16, 18],
			"to": [5, -10, 24],
			"faces": {
				"north": {"uv": [0, 0, 5, 6], "texture": "#1"},
				"east": {"uv": [0, 0, 5, 6], "texture": "#1"},
				"south": {"uv": [0, 0, 5, 6], "texture": "#1"},
				"west": {"uv": [0, 0, 5, 6], "texture": "#1"},
				"up": {"uv": [0, 0, 5, 6], "texture": "#1"},
				"down": {"uv": [0, 0, 5, 6], "texture": "#1"}
			}
		},
		{
			"from": [-2, -16, 18],
			"to": [0, -14, 24],
			"faces": {
				"north": {"uv": [0, 0, 2, 2], "texture": "#1"},
				"east": {"uv": [0, 0, 2, 3], "texture": "#1"},
				"south": {"uv": [0, 0, 2, 3], "texture": "#1"},
				"west": {"uv": [0, 0, 2, 3], "texture": "#1"},
				"up": {"uv": [0, 0, 2, 3], "texture": "#1"},
				"down": {"uv": [0, 0, 2, 3], "texture": "#1"}
			}
		},
		{
			"from": [-2, -12, 18],
			"to": [0, -9, 24],
			"faces": {
				"north": {"uv": [0, 0, 2, 3], "texture": "#1"},
				"east": {"uv": [0, 0, 2, 3], "texture": "#1"},
				"south": {"uv": [0, 0, 2, 3], "texture": "#1"},
				"west": {"uv": [0, 0, 2, 3], "texture": "#1"},
				"up": {"uv": [0, 0, 2, 3], "texture": "#1"},
				"down": {"uv": [0, 0, 2, 3], "texture": "#1"}
			}
		},
		{
			"from": [18, -16, 18],
			"to": [23, -5, 24],
			"faces": {
				"north": {"uv": [5, 3.5, 0, 14.5], "texture": "#1"},
				"east": {"uv": [16, 3.5, 10, 14.5], "texture": "#1"},
				"south": {"uv": [5, 0, 0, 11], "texture": "#1"},
				"west": {"uv": [16, 2, 10, 13], "texture": "#1"},
				"up": {"uv": [5, 7, 0, 13], "texture": "#1"},
				"down": {"uv": [5, 0, 0, 6], "texture": "#1"}
			}
		},
		{
			"from": [16, -12, 18],
			"to": [18, -9, 24],
			"faces": {
				"north": {"uv": [2, 0, 0, 3], "texture": "#1"},
				"east": {"uv": [2, 0, 0, 3], "texture": "#1"},
				"south": {"uv": [2, 0, 0, 3], "texture": "#1"},
				"west": {"uv": [2, 0, 0, 3], "texture": "#1"},
				"up": {"uv": [2, 0, 0, 3], "texture": "#1"},
				"down": {"uv": [2, 0, 0, 3], "texture": "#1"}
			}
		},
		{
			"from": [11, -16, 18],
			"to": [16, -10, 24],
			"faces": {
				"north": {"uv": [5, 0, 0, 6], "texture": "#1"},
				"east": {"uv": [5, 0, 0, 6], "texture": "#1"},
				"south": {"uv": [5, 0, 0, 6], "texture": "#1"},
				"west": {"uv": [5, 0, 0, 6], "texture": "#1"},
				"up": {"uv": [5, 0, 0, 6], "texture": "#1"},
				"down": {"uv": [5, 0, 0, 6], "texture": "#1"}
			}
		},
		{
			"from": [16, -16, 18],
			"to": [18, -14, 24],
			"faces": {
				"north": {"uv": [2, 0, 0, 2], "texture": "#1"},
				"east": {"uv": [2, 0, 0, 3], "texture": "#1"},
				"south": {"uv": [2, 0, 0, 3], "texture": "#1"},
				"west": {"uv": [2, 0, 0, 3], "texture": "#1"},
				"up": {"uv": [2, 0, 0, 3], "texture": "#1"},
				"down": {"uv": [2, 0, 0, 3], "texture": "#1"}
			}
		},
		{
			"from": [5, -14, 18],
			"to": [11, -10, 24],
			"faces": {
				"north": {"uv": [0, 0, 6, 4], "texture": "#1"},
				"east": {"uv": [0, 0, 5, 6], "texture": "#1"},
				"south": {"uv": [0, 0, 6, 4], "texture": "#1"},
				"west": {"uv": [0, 0, 5, 6], "texture": "#1"},
				"up": {"uv": [0, 0, 5, 6], "texture": "#1"},
				"down": {"uv": [0, 0, 6, 6], "texture": "#1"}
			}
		},
		{
			"from": [18, -16, -8],
			"to": [23, -5, -2],
			"faces": {
				"north": {"uv": [0, 0, 5, 11], "texture": "#1"},
				"east": {"uv": [10, 3.5, 16, 14.5], "texture": "#1"},
				"south": {"uv": [0, 3.5, 5, 14.5], "texture": "#1"},
				"west": {"uv": [10, 2, 16, 13], "texture": "#1"},
				"up": {"uv": [5, 13, 0, 7], "texture": "#1"},
				"down": {"uv": [5, 6, 0, 0], "texture": "#1"}
			}
		},
		{
			"from": [16, -12, -8],
			"to": [18, -9, -2],
			"faces": {
				"north": {"uv": [0, 0, 2, 3], "texture": "#1"},
				"east": {"uv": [0, 0, 2, 3], "texture": "#1"},
				"south": {"uv": [0, 0, 2, 3], "texture": "#1"},
				"west": {"uv": [0, 0, 2, 3], "texture": "#1"},
				"up": {"uv": [2, 3, 0, 0], "texture": "#1"},
				"down": {"uv": [2, 3, 0, 0], "texture": "#1"}
			}
		},
		{
			"from": [16, -16, -8],
			"to": [18, -14, -2],
			"faces": {
				"north": {"uv": [0, 0, 2, 3], "texture": "#1"},
				"east": {"uv": [0, 0, 2, 3], "texture": "#1"},
				"south": {"uv": [0, 0, 2, 2], "texture": "#1"},
				"west": {"uv": [0, 0, 2, 3], "texture": "#1"},
				"up": {"uv": [2, 3, 0, 0], "texture": "#1"},
				"down": {"uv": [2, 3, 0, 0], "texture": "#1"}
			}
		},
		{
			"from": [11, -16, -8],
			"to": [16, -10, -2],
			"faces": {
				"north": {"uv": [0, 0, 5, 6], "texture": "#1"},
				"east": {"uv": [0, 0, 5, 6], "texture": "#1"},
				"south": {"uv": [0, 0, 5, 6], "texture": "#1"},
				"west": {"uv": [0, 0, 5, 6], "texture": "#1"},
				"up": {"uv": [5, 6, 0, 0], "texture": "#1"},
				"down": {"uv": [5, 6, 0, 0], "texture": "#1"}
			}
		},
		{
			"from": [5, -14, -8],
			"to": [11, -10, -2],
			"faces": {
				"north": {"uv": [6, 0, 0, 4], "texture": "#1"},
				"east": {"uv": [5, 0, 0, 6], "texture": "#1"},
				"south": {"uv": [6, 0, 0, 4], "texture": "#1"},
				"west": {"uv": [5, 0, 0, 6], "texture": "#1"},
				"up": {"uv": [0, 6, 5, 0], "texture": "#1"},
				"down": {"uv": [0, 6, 6, 0], "texture": "#1"}
			}
		},
		{
			"from": [0, -16, -8],
			"to": [5, -10, -2],
			"faces": {
				"north": {"uv": [5, 0, 0, 6], "texture": "#1"},
				"east": {"uv": [5, 0, 0, 6], "texture": "#1"},
				"south": {"uv": [5, 0, 0, 6], "texture": "#1"},
				"west": {"uv": [5, 0, 0, 6], "texture": "#1"},
				"up": {"uv": [0, 6, 5, 0], "texture": "#1"},
				"down": {"uv": [0, 6, 5, 0], "texture": "#1"}
			}
		},
		{
			"from": [-2, -16, -8],
			"to": [0, -14, -2],
			"faces": {
				"north": {"uv": [2, 0, 0, 3], "texture": "#1"},
				"east": {"uv": [2, 0, 0, 3], "texture": "#1"},
				"south": {"uv": [2, 0, 0, 2], "texture": "#1"},
				"west": {"uv": [2, 0, 0, 3], "texture": "#1"},
				"up": {"uv": [0, 3, 2, 0], "texture": "#1"},
				"down": {"uv": [0, 3, 2, 0], "texture": "#1"}
			}
		},
		{
			"from": [-7, -16, -8],
			"to": [-2, -5, -2],
			"faces": {
				"north": {"uv": [5, 0, 0, 11], "texture": "#1"},
				"east": {"uv": [16, 2, 10, 13], "texture": "#1"},
				"south": {"uv": [5, 3.5, 0, 14.5], "texture": "#1"},
				"west": {"uv": [16, 3.5, 10, 14.5], "texture": "#1"},
				"up": {"uv": [0, 13, 5, 7], "texture": "#1"},
				"down": {"uv": [0, 6, 5, 0], "texture": "#1"}
			}
		},
		{
			"from": [-2, -12, -8],
			"to": [0, -9, -2],
			"faces": {
				"north": {"uv": [2, 0, 0, 3], "texture": "#1"},
				"east": {"uv": [2, 0, 0, 3], "texture": "#1"},
				"south": {"uv": [2, 0, 0, 3], "texture": "#1"},
				"west": {"uv": [2, 0, 0, 3], "texture": "#1"},
				"up": {"uv": [0, 3, 2, 0], "texture": "#1"},
				"down": {"uv": [0, 3, 2, 0], "texture": "#1"}
			}
		},
		{
			"name": "octagon",
			"from": [6.34315, 28, -5],
			"to": [9.65685, 30, 3],
			"rotation": {"angle": 45, "axis": "y", "origin": [8, 29, -1]},
			"faces": {
				"north": {"uv": [0, 0, 1, 1], "texture": "#7"},
				"east": {"uv": [0, 0, 1, 1], "texture": "#7"},
				"south": {"uv": [0, 0, 1, 1], "texture": "#7"},
				"west": {"uv": [0, 0, 1, 1], "texture": "#7"},
				"up": {"uv": [0, 0, 1, 1], "texture": "#7"},
				"down": {"uv": [0, 0, 1, 1], "texture": "#7"}
			}
		},
		{
			"name": "octagon",
			"from": [6.34315, 28, -5],
			"to": [9.65685, 30, 3],
			"rotation": {"angle": 0, "axis": "y", "origin": [8, 29, -1]},
			"faces": {
				"north": {"uv": [0, 0, 1, 1], "texture": "#7"},
				"east": {"uv": [0, 0, 1, 1], "texture": "#7"},
				"south": {"uv": [0, 0, 1, 1], "texture": "#7"},
				"west": {"uv": [0, 0, 1, 1], "texture": "#7"},
				"up": {"uv": [0, 0, 1, 1], "texture": "#7"},
				"down": {"uv": [0, 0, 1, 1], "texture": "#7"}
			}
		},
		{
			"name": "octagon",
			"from": [4, 28, -2.65685],
			"to": [12, 30, 0.65685],
			"rotation": {"angle": 45, "axis": "y", "origin": [8, 29, -1]},
			"faces": {
				"north": {"uv": [0, 0, 1, 1], "texture": "#7"},
				"east": {"uv": [0, 0, 1, 1], "texture": "#7"},
				"south": {"uv": [0, 0, 1, 1], "texture": "#7"},
				"west": {"uv": [0, 0, 1, 1], "texture": "#7"},
				"up": {"uv": [0, 0, 1, 1], "texture": "#7"},
				"down": {"uv": [0, 0, 1, 1], "texture": "#7"}
			}
		},
		{
			"name": "octagon",
			"from": [4, 28, -2.65685],
			"to": [12, 30, 0.65685],
			"rotation": {"angle": 0, "axis": "y", "origin": [8, 29, -1]},
			"faces": {
				"north": {"uv": [0, 0, 1, 1], "texture": "#7"},
				"east": {"uv": [1, 1, 2, 2], "texture": "#7"},
				"south": {"uv": [0, 0, 1, 1], "texture": "#7"},
				"west": {"uv": [1, 1, 2, 2], "texture": "#7"},
				"up": {"uv": [0, 0, 1, 1], "texture": "#7"},
				"down": {"uv": [0, 0, 1, 1], "texture": "#7"}
			}
		},
		{
			"name": "octagon",
			"from": [7.34315, 28, 7],
			"to": [8.65685, 29, 10],
			"rotation": {"angle": 0, "axis": "y", "origin": [8, 29, 10]},
			"faces": {
				"north": {"uv": [2, 2, 3, 3], "texture": "#7"},
				"east": {"uv": [2, 2, 3, 3], "texture": "#7"},
				"south": {"uv": [2, 2, 3, 3], "texture": "#7"},
				"west": {"uv": [2, 2, 3, 3], "texture": "#7"},
				"up": {"uv": [2, 2, 3, 3], "texture": "#7"},
				"down": {"uv": [2, 2, 3, 3], "texture": "#7"}
			}
		},
		{
			"name": "octagon",
			"from": [7.34315, 28, 11],
			"to": [8.65685, 29, 14],
			"rotation": {"angle": 0, "axis": "y", "origin": [8, 29, 14]},
			"faces": {
				"north": {"uv": [2, 2, 3, 3], "texture": "#7"},
				"east": {"uv": [2, 2, 3, 3], "texture": "#7"},
				"south": {"uv": [2, 2, 3, 3], "texture": "#7"},
				"west": {"uv": [2, 2, 3, 3], "texture": "#7"},
				"up": {"uv": [2, 2, 3, 3], "texture": "#7"},
				"down": {"uv": [2, 2, 3, 3], "texture": "#7"}
			}
		},
		{
			"name": "octagon",
			"from": [7.34315, 28, 15],
			"to": [8.65685, 29, 18],
			"rotation": {"angle": 0, "axis": "y", "origin": [8, 29, 18]},
			"faces": {
				"north": {"uv": [2, 2, 3, 3], "texture": "#7"},
				"east": {"uv": [2, 2, 3, 3], "texture": "#7"},
				"south": {"uv": [2, 2, 3, 3], "texture": "#7"},
				"west": {"uv": [2, 2, 3, 3], "texture": "#7"},
				"up": {"uv": [2, 2, 3, 3], "texture": "#7"},
				"down": {"uv": [2, 2, 3, 3], "texture": "#7"}
			}
		},
		{
			"name": "octagon",
			"from": [5.92893, 30, -6],
			"to": [10.07107, 31, 4],
			"rotation": {"angle": 45, "axis": "y", "origin": [8, 31, -1]},
			"faces": {
				"north": {"uv": [2, 1, 3, 2], "texture": "#1"},
				"east": {"uv": [2, 1, 3, 2], "texture": "#1"},
				"south": {"uv": [2, 1, 3, 2], "texture": "#1"},
				"west": {"uv": [2, 1, 3, 2], "texture": "#1"},
				"up": {"uv": [2, 1, 3, 2], "texture": "#1"},
				"down": {"uv": [2, 1, 3, 2], "texture": "#1"}
			}
		},
		{
			"name": "octagon",
			"from": [5.92893, 30, -6],
			"to": [10.07107, 31, 4],
			"rotation": {"angle": 0, "axis": "y", "origin": [8, 31, -1]},
			"faces": {
				"north": {"uv": [2, 1, 3, 2], "texture": "#1"},
				"east": {"uv": [2, 1, 3, 2], "texture": "#1"},
				"south": {"uv": [2, 1, 3, 2], "texture": "#1"},
				"west": {"uv": [2, 1, 3, 2], "texture": "#1"},
				"up": {"uv": [2, 1, 3, 2], "texture": "#1"},
				"down": {"uv": [2, 1, 3, 2], "texture": "#1"}
			}
		},
		{
			"name": "octagon",
			"from": [3, 30, -3.07107],
			"to": [13, 31, 1.07107],
			"rotation": {"angle": 45, "axis": "y", "origin": [8, 31, -1]},
			"faces": {
				"north": {"uv": [2, 1, 3, 2], "texture": "#1"},
				"east": {"uv": [2, 1, 3, 2], "texture": "#1"},
				"south": {"uv": [2, 1, 3, 2], "texture": "#1"},
				"west": {"uv": [2, 1, 3, 2], "texture": "#1"},
				"up": {"uv": [2, 1, 3, 2], "texture": "#1"},
				"down": {"uv": [2, 1, 3, 2], "texture": "#1"}
			}
		},
		{
			"name": "octagon",
			"from": [3, 30, -3.07107],
			"to": [13, 31, 1.07107],
			"rotation": {"angle": 0, "axis": "y", "origin": [8, 31, -1]},
			"faces": {
				"north": {"uv": [2, 1, 3, 2], "texture": "#1"},
				"east": {"uv": [2, 1, 3, 2], "texture": "#1"},
				"south": {"uv": [2, 1, 3, 2], "texture": "#1"},
				"west": {"uv": [2, 1, 3, 2], "texture": "#1"},
				"up": {"uv": [2, 1, 3, 2], "texture": "#1"},
				"down": {"uv": [2, 1, 3, 2], "texture": "#1"}
			}
		},
		{
			"name": "octagon",
			"from": [4, 31, -3.07107],
			"to": [5, 31.5, -1.92893],
			"rotation": {"angle": 0, "axis": "y", "origin": [8, 32, -1]},
			"faces": {
				"north": {"uv": [1, 2, 2, 3], "texture": "#8"},
				"east": {"uv": [1, 2, 2, 3], "texture": "#8"},
				"south": {"uv": [1, 2, 2, 3], "texture": "#8"},
				"west": {"uv": [1, 2, 2, 3], "texture": "#8"},
				"up": {"uv": [1, 2, 2, 3], "texture": "#8"},
				"down": {"uv": [1, 2, 2, 3], "texture": "#8"}
			}
		},
		{
			"name": "octagon",
			"from": [4, 31, -0.07107],
			"to": [5, 31.5, 1.07107],
			"rotation": {"angle": 0, "axis": "y", "origin": [8, 32, 2]},
			"faces": {
				"north": {"uv": [1, 2, 2, 3], "texture": "#8"},
				"east": {"uv": [1, 2, 2, 3], "texture": "#8"},
				"south": {"uv": [1, 2, 2, 3], "texture": "#8"},
				"west": {"uv": [1, 2, 2, 3], "texture": "#8"},
				"up": {"uv": [1, 2, 2, 3], "texture": "#8"},
				"down": {"uv": [1, 2, 2, 3], "texture": "#8"}
			}
		},
		{
			"name": "octagon",
			"from": [4.5, 29, 30.42893],
			"to": [5.5, 32, 31.42893],
			"rotation": {"angle": 0, "axis": "y", "origin": [8.5, 28.5, 32.5]},
			"faces": {
				"north": {"uv": [8, 7, 9, 10], "texture": "#8"},
				"east": {"uv": [8, 7, 9, 10], "texture": "#8"},
				"south": {"uv": [8, 7, 9, 10], "texture": "#8"},
				"west": {"uv": [8, 7, 9, 10], "texture": "#8"},
				"up": {"uv": [8, 7, 9, 8], "texture": "#8"},
				"down": {"uv": [8, 7, 9, 10], "texture": "#8"}
			}
		},
		{
			"name": "octagon",
			"from": [9, 31, 1.92893],
			"to": [10, 31.5, 3.07107],
			"rotation": {"angle": 0, "axis": "y", "origin": [13, 32, 4]},
			"faces": {
				"north": {"uv": [1, 2, 2, 3], "texture": "#8"},
				"east": {"uv": [1, 2, 2, 3], "texture": "#8"},
				"south": {"uv": [1, 2, 2, 3], "texture": "#8"},
				"west": {"uv": [1, 2, 2, 3], "texture": "#8"},
				"up": {"uv": [1, 2, 2, 3], "texture": "#8"},
				"down": {"uv": [1, 2, 2, 3], "texture": "#8"}
			}
		},
		{
			"name": "octagon",
			"from": [11, 31, -3.07107],
			"to": [12, 31.5, -1.92893],
			"rotation": {"angle": 0, "axis": "y", "origin": [15, 32, -1]},
			"faces": {
				"north": {"uv": [1, 2, 2, 3], "texture": "#8"},
				"east": {"uv": [1, 2, 2, 3], "texture": "#8"},
				"south": {"uv": [1, 2, 2, 3], "texture": "#8"},
				"west": {"uv": [1, 2, 2, 3], "texture": "#8"},
				"up": {"uv": [1, 2, 2, 3], "texture": "#8"},
				"down": {"uv": [1, 2, 2, 3], "texture": "#8"}
			}
		},
		{
			"name": "octagon",
			"from": [11, 31, -0.07107],
			"to": [12, 31.5, 1.07107],
			"rotation": {"angle": 0, "axis": "y", "origin": [15, 32, 2]},
			"faces": {
				"north": {"uv": [1, 2, 2, 3], "texture": "#8"},
				"east": {"uv": [1, 2, 2, 3], "texture": "#8"},
				"south": {"uv": [1, 2, 2, 3], "texture": "#8"},
				"west": {"uv": [1, 2, 2, 3], "texture": "#8"},
				"up": {"uv": [1, 2, 2, 3], "texture": "#8"},
				"down": {"uv": [1, 2, 2, 3], "texture": "#8"}
			}
		},
		{
			"name": "octagon",
			"from": [9, 31, -5.07107],
			"to": [10, 31.5, -3.92893],
			"rotation": {"angle": 0, "axis": "y", "origin": [13, 32, -3]},
			"faces": {
				"north": {"uv": [1, 2, 2, 3], "texture": "#8"},
				"east": {"uv": [1, 2, 2, 3], "texture": "#8"},
				"south": {"uv": [1, 2, 2, 3], "texture": "#8"},
				"west": {"uv": [1, 2, 2, 3], "texture": "#8"},
				"up": {"uv": [1, 2, 2, 3], "texture": "#8"},
				"down": {"uv": [1, 2, 2, 3], "texture": "#8"}
			}
		},
		{
			"name": "octagon",
			"from": [6, 31, -5.07107],
			"to": [7, 31.5, -3.92893],
			"rotation": {"angle": 0, "axis": "y", "origin": [10, 32, -3]},
			"faces": {
				"north": {"uv": [1, 2, 2, 3], "texture": "#8"},
				"east": {"uv": [1, 2, 2, 3], "texture": "#8"},
				"south": {"uv": [1, 2, 2, 3], "texture": "#8"},
				"west": {"uv": [1, 2, 2, 3], "texture": "#8"},
				"up": {"uv": [1, 2, 2, 3], "texture": "#8"},
				"down": {"uv": [1, 2, 2, 3], "texture": "#8"}
			}
		},
		{
			"name": "octagon",
			"from": [10.5, 29, 30.42893],
			"to": [11.5, 32, 31.42893],
			"rotation": {"angle": 0, "axis": "y", "origin": [14.5, 28.5, 32.5]},
			"faces": {
				"north": {"uv": [8, 7, 9, 10], "texture": "#8"},
				"east": {"uv": [8, 7, 9, 10], "texture": "#8"},
				"south": {"uv": [8, 5, 9, 8], "texture": "#8"},
				"west": {"uv": [8, 7, 9, 10], "texture": "#8"},
				"up": {"uv": [8, 7, 9, 8], "texture": "#8"},
				"down": {"uv": [8, 7, 9, 10], "texture": "#8"}
			}
		},
		{
			"name": "octagon",
			"from": [5.5, 31, 30.42893],
			"to": [10.5, 32, 31.42893],
			"rotation": {"angle": 0, "axis": "y", "origin": [13.5, 28.5, 32.5]},
			"faces": {
				"north": {"uv": [5, 7, 10, 8], "texture": "#8"},
				"east": {"uv": [5, 7, 10, 8], "texture": "#8", "rotation": 90},
				"south": {"uv": [5, 7, 10, 8], "texture": "#8"},
				"west": {"uv": [5, 7, 10, 8], "texture": "#8", "rotation": 90},
				"up": {"uv": [5, 7, 10, 8], "texture": "#8"},
				"down": {"uv": [5, 7, 10, 8], "texture": "#8"}
			}
		},
		{
			"name": "octagon",
			"from": [5.5, 31, -15.57107],
			"to": [10.5, 32, -14.57107],
			"rotation": {"angle": 0, "axis": "y", "origin": [13.5, 28.5, -13.5]},
			"faces": {
				"north": {"uv": [5, 7, 10, 8], "texture": "#8"},
				"east": {"uv": [5, 7, 10, 8], "texture": "#8", "rotation": 90},
				"south": {"uv": [5, 7, 10, 8], "texture": "#8"},
				"west": {"uv": [5, 7, 10, 8], "texture": "#8", "rotation": 90},
				"up": {"uv": [5, 7, 10, 8], "texture": "#8"},
				"down": {"uv": [5, 7, 10, 8], "texture": "#8"}
			}
		},
		{
			"name": "octagon",
			"from": [4.5, 29, -15.57107],
			"to": [5.5, 32, -14.57107],
			"rotation": {"angle": 0, "axis": "y", "origin": [8.5, 28.5, -13.5]},
			"faces": {
				"north": {"uv": [8, 7, 9, 10], "texture": "#8"},
				"east": {"uv": [8, 7, 9, 10], "texture": "#8"},
				"south": {"uv": [8, 7, 9, 10], "texture": "#8"},
				"west": {"uv": [8, 7, 9, 10], "texture": "#8"},
				"up": {"uv": [8, 7, 9, 8], "texture": "#8"},
				"down": {"uv": [8, 7, 9, 10], "texture": "#8"}
			}
		},
		{
			"name": "octagon",
			"from": [10.5, 29, -15.57107],
			"to": [11.5, 32, -14.57107],
			"rotation": {"angle": 0, "axis": "y", "origin": [14.5, 28.5, -13.5]},
			"faces": {
				"north": {"uv": [8, 7, 9, 10], "texture": "#8"},
				"east": {"uv": [8, 7, 9, 10], "texture": "#8"},
				"south": {"uv": [8, 5, 9, 8], "texture": "#8"},
				"west": {"uv": [8, 7, 9, 10], "texture": "#8"},
				"up": {"uv": [8, 7, 9, 8], "texture": "#8"},
				"down": {"uv": [8, 7, 9, 10], "texture": "#8"}
			}
		},
		{
			"name": "octagon",
			"from": [6, 31, 1.92893],
			"to": [7, 31.5, 3.07107],
			"rotation": {"angle": 0, "axis": "y", "origin": [10, 32, 4]},
			"faces": {
				"north": {"uv": [1, 2, 2, 3], "texture": "#8"},
				"east": {"uv": [1, 2, 2, 3], "texture": "#8"},
				"south": {"uv": [1, 2, 2, 3], "texture": "#8"},
				"west": {"uv": [1, 2, 2, 3], "texture": "#8"},
				"up": {"uv": [1, 2, 2, 3], "texture": "#8"},
				"down": {"uv": [1, 2, 2, 3], "texture": "#8"}
			}
		},
		{
			"name": "octagon",
			"from": [7.17157, -8, 30.5],
			"to": [8.82843, -7, 31.5],
			"rotation": {"angle": 45, "axis": "z", "origin": [8, -6, 31]},
			"faces": {
				"north": {"uv": [0, 0, 1, 1], "texture": "#1"},
				"east": {"uv": [0, 0, 1, 1], "texture": "#1"},
				"south": {"uv": [0, 0, 1, 1], "texture": "#1"},
				"west": {"uv": [0, 0, 1, 1], "texture": "#1"},
				"up": {"uv": [0, 0, 1, 1], "texture": "#1"},
				"down": {"uv": [0, 0, 1, 1], "texture": "#1"}
			}
		},
		{
			"name": "octagon",
			"from": [7.17157, -8, 30.5],
			"to": [8.82843, -7, 31.5],
			"rotation": {"angle": 0, "axis": "z", "origin": [8, -6, 31]},
			"faces": {
				"north": {"uv": [0, 0, 1, 1], "texture": "#1"},
				"east": {"uv": [0, 0, 1, 1], "texture": "#1"},
				"south": {"uv": [0, 0, 1, 1], "texture": "#1"},
				"west": {"uv": [0, 0, 1, 1], "texture": "#1"},
				"up": {"uv": [0, 0, 1, 1], "texture": "#1"},
				"down": {"uv": [0, 0, 1, 1], "texture": "#1"}
			}
		},
		{
			"name": "octagon",
			"from": [7.17157, -5, 30.5],
			"to": [8.82843, -4, 31.5],
			"rotation": {"angle": 45, "axis": "z", "origin": [8, -6, 31]},
			"faces": {
				"north": {"uv": [0, 0, 1, 1], "texture": "#1"},
				"east": {"uv": [0, 0, 1, 1], "texture": "#1"},
				"south": {"uv": [0, 0, 1, 1], "texture": "#1"},
				"west": {"uv": [0, 0, 1, 1], "texture": "#1"},
				"up": {"uv": [0, 0, 1, 1], "texture": "#1"},
				"down": {"uv": [0, 0, 1, 1], "texture": "#1"}
			}
		},
		{
			"name": "octagon",
			"from": [7.17157, -5, 30.5],
			"to": [8.82843, -4, 31.5],
			"rotation": {"angle": 0, "axis": "z", "origin": [8, -6, 31]},
			"faces": {
				"north": {"uv": [0, 0, 1, 1], "texture": "#1"},
				"east": {"uv": [0, 0, 1, 1], "texture": "#1"},
				"south": {"uv": [0, 0, 1, 1], "texture": "#1"},
				"west": {"uv": [0, 0, 1, 1], "texture": "#1"},
				"up": {"uv": [0, 0, 1, 1], "texture": "#1"},
				"down": {"uv": [0, 0, 1, 1], "texture": "#1"}
			}
		},
		{
			"name": "octagon",
			"from": [6, -6.82843, 30.5],
			"to": [7, -5.17157, 31.5],
			"rotation": {"angle": 45, "axis": "z", "origin": [8, -6, 31]},
			"faces": {
				"north": {"uv": [0, 0, 1, 1], "texture": "#1"},
				"east": {"uv": [0, 0, 1, 1], "texture": "#1"},
				"south": {"uv": [0, 0, 1, 1], "texture": "#1"},
				"west": {"uv": [0, 0, 1, 1], "texture": "#1"},
				"up": {"uv": [0, 0, 1, 1], "texture": "#1"},
				"down": {"uv": [0, 0, 1, 1], "texture": "#1"}
			}
		},
		{
			"name": "octagon",
			"from": [6, -6.82843, 30.5],
			"to": [7, -5.17157, 31.5],
			"rotation": {"angle": 0, "axis": "z", "origin": [8, -6, 31]},
			"faces": {
				"north": {"uv": [0, 0, 1, 1], "texture": "#1"},
				"east": {"uv": [0, 0, 1, 1], "texture": "#1"},
				"south": {"uv": [0, 0, 1, 1], "texture": "#1"},
				"west": {"uv": [0, 0, 1, 1], "texture": "#1"},
				"up": {"uv": [0, 0, 1, 1], "texture": "#1"},
				"down": {"uv": [0, 0, 1, 1], "texture": "#1"}
			}
		},
		{
			"name": "octagon",
			"from": [9, -6.82843, 30.5],
			"to": [10, -5.17157, 31.5],
			"rotation": {"angle": 45, "axis": "z", "origin": [8, -6, 31]},
			"faces": {
				"north": {"uv": [0, 0, 1, 1], "texture": "#1"},
				"east": {"uv": [0, 0, 1, 1], "texture": "#1"},
				"south": {"uv": [0, 0, 1, 1], "texture": "#1"},
				"west": {"uv": [0, 0, 1, 1], "texture": "#1"},
				"up": {"uv": [0, 0, 1, 1], "texture": "#1"},
				"down": {"uv": [0, 0, 1, 1], "texture": "#1"}
			}
		},
		{
			"name": "octagon",
			"from": [9, -6.82843, 30.5],
			"to": [10, -5.17157, 31.5],
			"rotation": {"angle": 0, "axis": "z", "origin": [8, -6, 31]},
			"faces": {
				"north": {"uv": [0, 0, 1, 1], "texture": "#1"},
				"east": {"uv": [0, 0, 1, 1], "texture": "#1"},
				"south": {"uv": [0, 0, 1, 1], "texture": "#1"},
				"west": {"uv": [0, 0, 1, 1], "texture": "#1"},
				"up": {"uv": [0, 0, 1, 1], "texture": "#1"},
				"down": {"uv": [0, 0, 1, 1], "texture": "#1"}
			}
		},
		{
			"name": "octagon",
			"from": [6.92157, -7, 30.5],
			"to": [9.07843, -5, 30.6],
			"rotation": {"angle": 0, "axis": "z", "origin": [8, -8, 31]},
			"faces": {
				"north": {"uv": [0, 0, 1, 1], "texture": "#9"},
				"east": {"uv": [0, 0, 1, 1], "texture": "#9"},
				"south": {"uv": [0, 0, 1, 1], "texture": "#9"},
				"west": {"uv": [0, 0, 1, 1], "texture": "#9"},
				"up": {"uv": [0, 0, 1, 1], "texture": "#9"},
				"down": {"uv": [0, 0, 1, 1], "texture": "#9"}
			}
		},
		{
			"name": "octagon",
			"from": [7.17157, -8, -15.5],
			"to": [8.82843, -7, -14.5],
			"rotation": {"angle": 45, "axis": "z", "origin": [8, -6, -15]},
			"faces": {
				"north": {"uv": [1, 0, 0, 1], "texture": "#1"},
				"east": {"uv": [1, 0, 0, 1], "texture": "#1"},
				"south": {"uv": [1, 0, 0, 1], "texture": "#1"},
				"west": {"uv": [1, 0, 0, 1], "texture": "#1"},
				"up": {"uv": [0, 1, 1, 0], "texture": "#1"},
				"down": {"uv": [0, 1, 1, 0], "texture": "#1"}
			}
		},
		{
			"name": "octagon",
			"from": [7.17157, -8, -15.5],
			"to": [8.82843, -7, -14.5],
			"rotation": {"angle": 0, "axis": "z", "origin": [8, -6, -15]},
			"faces": {
				"north": {"uv": [1, 0, 0, 1], "texture": "#1"},
				"east": {"uv": [1, 0, 0, 1], "texture": "#1"},
				"south": {"uv": [1, 0, 0, 1], "texture": "#1"},
				"west": {"uv": [1, 0, 0, 1], "texture": "#1"},
				"up": {"uv": [0, 1, 1, 0], "texture": "#1"},
				"down": {"uv": [0, 1, 1, 0], "texture": "#1"}
			}
		},
		{
			"name": "octagon",
			"from": [7.17157, -5, -15.5],
			"to": [8.82843, -4, -14.5],
			"rotation": {"angle": 45, "axis": "z", "origin": [8, -6, -15]},
			"faces": {
				"north": {"uv": [1, 0, 0, 1], "texture": "#1"},
				"east": {"uv": [1, 0, 0, 1], "texture": "#1"},
				"south": {"uv": [1, 0, 0, 1], "texture": "#1"},
				"west": {"uv": [1, 0, 0, 1], "texture": "#1"},
				"up": {"uv": [0, 1, 1, 0], "texture": "#1"},
				"down": {"uv": [0, 1, 1, 0], "texture": "#1"}
			}
		},
		{
			"name": "octagon",
			"from": [7.17157, -5, -15.5],
			"to": [8.82843, -4, -14.5],
			"rotation": {"angle": 0, "axis": "z", "origin": [8, -6, -15]},
			"faces": {
				"north": {"uv": [1, 0, 0, 1], "texture": "#1"},
				"east": {"uv": [1, 0, 0, 1], "texture": "#1"},
				"south": {"uv": [1, 0, 0, 1], "texture": "#1"},
				"west": {"uv": [1, 0, 0, 1], "texture": "#1"},
				"up": {"uv": [0, 1, 1, 0], "texture": "#1"},
				"down": {"uv": [0, 1, 1, 0], "texture": "#1"}
			}
		},
		{
			"name": "octagon",
			"from": [6, -6.82843, -15.5],
			"to": [7, -5.17157, -14.5],
			"rotation": {"angle": 45, "axis": "z", "origin": [8, -6, -15]},
			"faces": {
				"north": {"uv": [1, 0, 0, 1], "texture": "#1"},
				"east": {"uv": [1, 0, 0, 1], "texture": "#1"},
				"south": {"uv": [1, 0, 0, 1], "texture": "#1"},
				"west": {"uv": [1, 0, 0, 1], "texture": "#1"},
				"up": {"uv": [0, 1, 1, 0], "texture": "#1"},
				"down": {"uv": [0, 1, 1, 0], "texture": "#1"}
			}
		},
		{
			"name": "octagon",
			"from": [6, -6.82843, -15.5],
			"to": [7, -5.17157, -14.5],
			"rotation": {"angle": 0, "axis": "z", "origin": [8, -6, -15]},
			"faces": {
				"north": {"uv": [1, 0, 0, 1], "texture": "#1"},
				"east": {"uv": [1, 0, 0, 1], "texture": "#1"},
				"south": {"uv": [1, 0, 0, 1], "texture": "#1"},
				"west": {"uv": [1, 0, 0, 1], "texture": "#1"},
				"up": {"uv": [0, 1, 1, 0], "texture": "#1"},
				"down": {"uv": [0, 1, 1, 0], "texture": "#1"}
			}
		},
		{
			"name": "octagon",
			"from": [9, -6.82843, -15.5],
			"to": [10, -5.17157, -14.5],
			"rotation": {"angle": 45, "axis": "z", "origin": [8, -6, -15]},
			"faces": {
				"north": {"uv": [1, 0, 0, 1], "texture": "#1"},
				"east": {"uv": [1, 0, 0, 1], "texture": "#1"},
				"south": {"uv": [1, 0, 0, 1], "texture": "#1"},
				"west": {"uv": [1, 0, 0, 1], "texture": "#1"},
				"up": {"uv": [0, 1, 1, 0], "texture": "#1"},
				"down": {"uv": [0, 1, 1, 0], "texture": "#1"}
			}
		},
		{
			"name": "octagon",
			"from": [9, -6.82843, -15.5],
			"to": [10, -5.17157, -14.5],
			"rotation": {"angle": 0, "axis": "z", "origin": [8, -6, -15]},
			"faces": {
				"north": {"uv": [1, 0, 0, 1], "texture": "#1"},
				"east": {"uv": [1, 0, 0, 1], "texture": "#1"},
				"south": {"uv": [1, 0, 0, 1], "texture": "#1"},
				"west": {"uv": [1, 0, 0, 1], "texture": "#1"},
				"up": {"uv": [0, 1, 1, 0], "texture": "#1"},
				"down": {"uv": [0, 1, 1, 0], "texture": "#1"}
			}
		},
		{
			"name": "octagon",
			"from": [6.92157, -7, -14.6],
			"to": [9.07843, -5, -14.5],
			"rotation": {"angle": 0, "axis": "z", "origin": [8, -8, -15]},
			"faces": {
				"north": {"uv": [1, 0, 0, 1], "texture": "#9"},
				"east": {"uv": [1, 0, 0, 1], "texture": "#9"},
				"south": {"uv": [1, 0, 0, 1], "texture": "#9"},
				"west": {"uv": [1, 0, 0, 1], "texture": "#9"},
				"up": {"uv": [0, 1, 1, 0], "texture": "#9"},
				"down": {"uv": [0, 1, 1, 0], "texture": "#9"}
			}
		}
	],
	"groups": [
		{
			"name": "hexadecagon",
			"isOpen": true,
			"shade": true,
			"display": {
				"visibility": true,
				"autouv": true
			},
			"children": [0, 1, 2, 3, 4, 5, 6, 7, 8, 9, 10, 11, 12, 13, 14, 15, 16, 17, 18, 19, 20, 21, 22, 23, 24, 25, 26, 27, 28, 29, 30, 31, 32, 33, 34, 35, 36, 37, 38, 39, 40, 41, 42, 43, 44, 45, 46, 47, 48, 49, 50, 51, 52, 53, 54, 55, 56, 57, 58, 59, 60, 61]
		},
		{
			"name": "hexadecagon",
			"isOpen": true,
			"shade": true,
			"display": {
				"visibility": true,
				"autouv": false
			},
			"children": []
		},
		{
			"name": "hexadecagon",
			"isOpen": true,
			"shade": true,
			"display": {
				"visibility": true,
				"autouv": false
			},
			"children": []
		},
		{
			"name": "octagon",
			"isOpen": true,
			"shade": true,
			"display": {
				"visibility": true,
				"autouv": false
			},
			"children": [62, 63, 64, 65, 66, 67, 68]
		},
		{
			"name": "octagon",
			"isOpen": true,
			"shade": true,
			"display": {
				"visibility": true,
				"autouv": false
			},
			"children": [69, 70, 71, 72, 73, 74, 75, 76, 77, 78, 79, 80, 81, 82, 83, 84, 85, 86]
		},
		{
			"name": "hexadecagon",
			"isOpen": true,
			"shade": true,
			"display": {
				"visibility": true,
				"autouv": false
			},
			"children": []
		},
		{
			"name": "octagon",
			"isOpen": true,
			"shade": true,
			"display": {
				"visibility": true,
				"autouv": false
			},
			"children": [87, 88, 89, 90, 91, 92, 93, 94, 95, 96, 97, 98, 99, 100, 101, 102, 103, 104]
		}
	]
}