{
	"parent": "block/block",
	"textures": {
		"0": "_custom/iron_plate_red",
		"2": "block/purpur_block",
		"particle": "_custom/iron_plate_red"
	},
	"elements": [
		{
			"from": [0, 0, 0],
			"to": [16, 16, 16],
			"faces": {
				"north": {"uv": [0, 0, 16, 16], "texture": "#2"},
				"east": {"uv": [0, 0, 16, 16], "texture": "#2"},
				"south": {"uv": [0, 0, 16, 16], "texture": "#2"},
				"west": {"uv": [0, 0, 16, 16], "texture": "#2"},
				"up": {"uv": [0, 0, 16, 16], "texture": "#2"},
				"down": {"uv": [0, 0, 16, 16], "texture": "#2"}
			}
		},
		{
			"from": [3, 0, 17],
			"to": [6, 16, 20],
			"faces": {
				"north": {"uv": [2, 0, 2.99922, 5.33203], "texture": "#0"},
				"east": {"uv": [2, 0, 2.99922, 5.33203], "texture": "#0"},
				"south": {"uv": [2, 0, 2.99922, 5.33203], "texture": "#0"},
				"west": {"uv": [2, 0, 2.99922, 5.33203], "texture": "#0"},
				"up": {"uv": [2, 1.66641, 2.99844, 2.66406], "texture": "#0"},
				"down": {"uv": [2, 1.66641, 2.99922, 2.99766], "texture": "#0"}
			}
		},
		{
			"from": [8, 0, 17],
			"to": [10, 16, 19],
			"faces": {
				"north": {"uv": [2, 0, 2.66563, 5.33203], "texture": "#0"},
				"east": {"uv": [2, 0, 2.66563, 5.33203], "texture": "#0"},
				"south": {"uv": [2, 0, 2.66563, 5.33203], "texture": "#0"},
				"west": {"uv": [2, 0, 2.66563, 5.33203], "texture": "#0"},
				"up": {"uv": [2, 2.66641, 2.66563, 3.33125], "texture": "#0"},
				"down": {"uv": [2, 4.66641, 2.66563, 5.33125], "texture": "#0"}
			}
		}
	]
}