{
	"parent": "block/block",
	"textures": {
		"0": "block/purpur_block",
		"1": "_custom/steel",
		"particle": "block/purpur_block"
	},
	"elements": [
		{
			"from": [13, 0, 4],
			"to": [15, 2, 12],
			"faces": {
				"north": {"uv": [6, 14, 8, 16], "texture": "#0", "rotation": 180},
				"east": {"uv": [2, 14, 10, 16], "texture": "#0", "rotation": 180},
				"south": {"uv": [5, 14, 7, 16], "texture": "#0", "rotation": 270},
				"west": {"uv": [4, 14, 12, 16], "texture": "#0"},
				"up": {"uv": [3, 14, 11, 16], "texture": "#0", "rotation": 270},
				"down": {"uv": [4, 14, 12, 16], "texture": "#0", "rotation": 270}
			}
		},
		{
			"from": [12, 0, 2],
			"to": [14, 2, 4],
			"faces": {
				"north": {"uv": [9, 14, 11, 16], "texture": "#0", "rotation": 180},
				"east": {"uv": [8, 14, 10, 16], "texture": "#0", "rotation": 180},
				"south": {"uv": [9, 14, 11, 16], "texture": "#0"},
				"west": {"uv": [4, 14, 6, 16], "texture": "#0"},
				"up": {"uv": [14, 14, 16, 16], "texture": "#0", "rotation": 270},
				"down": {"uv": [0, 14, 2, 16], "texture": "#0", "rotation": 270}
			}
		},
		{
			"from": [4, 0, 13],
			"to": [12, 2, 15],
			"faces": {
				"north": {"uv": [4, 0, 12, 2], "texture": "#0", "rotation": 180},
				"east": {"uv": [2, 14, 4, 16], "texture": "#0", "rotation": 180},
				"south": {"uv": [2, 14, 10, 16], "texture": "#0", "rotation": 180},
				"west": {"uv": [4, 14, 6, 16], "texture": "#0", "rotation": 270},
				"up": {"uv": [3, 14, 11, 16], "texture": "#0"},
				"down": {"uv": [4, 14, 12, 16], "texture": "#0", "rotation": 180}
			}
		},
		{
			"from": [12, 0, 12],
			"to": [14, 2, 14],
			"faces": {
				"north": {"uv": [9, 14, 11, 16], "texture": "#0"},
				"east": {"uv": [12, 14, 14, 16], "texture": "#0", "rotation": 180},
				"south": {"uv": [9, 14, 11, 16], "texture": "#0", "rotation": 180},
				"west": {"uv": [4, 14, 12, 16], "texture": "#0"},
				"up": {"uv": [14, 14, 16, 16], "texture": "#0"},
				"down": {"uv": [0, 14, 2, 16], "texture": "#0", "rotation": 180}
			}
		},
		{
			"from": [1, 0, 4],
			"to": [3, 2, 12],
			"faces": {
				"north": {"uv": [9, 14, 11, 16], "texture": "#0", "rotation": 270},
				"east": {"uv": [2, 14, 10, 16], "texture": "#0"},
				"south": {"uv": [6, 14, 8, 16], "texture": "#0", "rotation": 180},
				"west": {"uv": [4, 14, 12, 16], "texture": "#0", "rotation": 180},
				"up": {"uv": [3, 14, 11, 16], "texture": "#0", "rotation": 90},
				"down": {"uv": [4, 14, 12, 16], "texture": "#0", "rotation": 90}
			}
		},
		{
			"from": [2, 0, 12],
			"to": [4, 2, 14],
			"faces": {
				"north": {"uv": [9, 0, 11, 2], "texture": "#0", "rotation": 180},
				"east": {"uv": [8, 14, 10, 16], "texture": "#0"},
				"south": {"uv": [9, 14, 11, 16], "texture": "#0", "rotation": 180},
				"west": {"uv": [4, 14, 6, 16], "texture": "#0", "rotation": 180},
				"up": {"uv": [14, 14, 16, 16], "texture": "#0", "rotation": 90},
				"down": {"uv": [0, 14, 2, 16], "texture": "#0", "rotation": 90}
			}
		},
		{
			"from": [4, 0, 1],
			"to": [12, 2, 3],
			"faces": {
				"north": {"uv": [2, 14, 10, 16], "texture": "#0", "rotation": 180},
				"east": {"uv": [3, 14, 5, 16], "texture": "#0", "rotation": 270},
				"south": {"uv": [4, 14, 12, 16], "texture": "#0"},
				"west": {"uv": [4, 14, 12, 16], "texture": "#0", "rotation": 180},
				"up": {"uv": [3, 14, 11, 16], "texture": "#0", "rotation": 180},
				"down": {"uv": [4, 14, 12, 16], "texture": "#0"}
			}
		},
		{
			"from": [2, 0, 2],
			"to": [4, 2, 4],
			"faces": {
				"north": {"uv": [9, 14, 11, 16], "texture": "#0", "rotation": 180},
				"east": {"uv": [2, 14, 4, 16], "texture": "#0"},
				"south": {"uv": [9, 14, 11, 16], "texture": "#0"},
				"west": {"uv": [10, 14, 12, 16], "texture": "#0", "rotation": 180},
				"up": {"uv": [14, 0, 16, 2], "texture": "#0", "rotation": 270},
				"down": {"uv": [0, 14, 2, 16], "texture": "#0"}
			}
		},
		{
			"from": [12, 2, 3],
			"to": [13, 3, 4],
			"faces": {
				"north": {"uv": [10, 15, 11, 16], "texture": "#0", "rotation": 180},
				"east": {"uv": [10, 15, 11, 16], "texture": "#0", "rotation": 180},
				"south": {"uv": [10, 15, 11, 16], "texture": "#0", "rotation": 180},
				"west": {"uv": [10, 15, 11, 16], "texture": "#0", "rotation": 180},
				"up": {"uv": [10, 15, 11, 16], "texture": "#0", "rotation": 180},
				"down": {"uv": [10, 15, 11, 16], "texture": "#0", "rotation": 180}
			}
		},
		{
			"from": [12, 2, 12],
			"to": [13, 3, 13],
			"faces": {
				"north": {"uv": [10, 15, 11, 16], "texture": "#0", "rotation": 180},
				"east": {"uv": [10, 15, 11, 16], "texture": "#0", "rotation": 180},
				"south": {"uv": [10, 15, 11, 16], "texture": "#0", "rotation": 180},
				"west": {"uv": [10, 15, 11, 16], "texture": "#0", "rotation": 180},
				"up": {"uv": [10, 15, 11, 16], "texture": "#0", "rotation": 180},
				"down": {"uv": [10, 15, 11, 16], "texture": "#0", "rotation": 180}
			}
		},
		{
			"from": [3, 2, 12],
			"to": [4, 3, 13],
			"faces": {
				"north": {"uv": [10, 15, 11, 16], "texture": "#0", "rotation": 180},
				"east": {"uv": [10, 15, 11, 16], "texture": "#0", "rotation": 180},
				"south": {"uv": [10, 15, 11, 16], "texture": "#0", "rotation": 180},
				"west": {"uv": [10, 15, 11, 16], "texture": "#0", "rotation": 180},
				"up": {"uv": [10, 15, 11, 16], "texture": "#0", "rotation": 180},
				"down": {"uv": [10, 15, 11, 16], "texture": "#0", "rotation": 180}
			}
		},
		{
			"from": [3, 2, 3],
			"to": [4, 3, 4],
			"faces": {
				"north": {"uv": [10, 15, 11, 16], "texture": "#0", "rotation": 180},
				"east": {"uv": [10, 15, 11, 16], "texture": "#0", "rotation": 180},
				"south": {"uv": [10, 15, 11, 16], "texture": "#0", "rotation": 180},
				"west": {"uv": [10, 15, 11, 16], "texture": "#0", "rotation": 180},
				"up": {"uv": [10, 15, 11, 16], "texture": "#0", "rotation": 180},
				"down": {"uv": [10, 15, 11, 16], "texture": "#0", "rotation": 180}
			}
		},
		{
			"from": [7.5, 2, 2],
			"to": [8.5, 3, 3],
			"faces": {
				"north": {"uv": [10, 15, 11, 16], "texture": "#0", "rotation": 180},
				"east": {"uv": [10, 15, 11, 16], "texture": "#0", "rotation": 180},
				"south": {"uv": [10, 15, 11, 16], "texture": "#0", "rotation": 180},
				"west": {"uv": [10, 15, 11, 16], "texture": "#0", "rotation": 180},
				"up": {"uv": [10, 15, 11, 16], "texture": "#0", "rotation": 180},
				"down": {"uv": [10, 15, 11, 16], "texture": "#0", "rotation": 180}
			}
		},
		{
			"from": [7.5, 2, 13],
			"to": [8.5, 3, 14],
			"faces": {
				"north": {"uv": [10, 15, 11, 16], "texture": "#0", "rotation": 180},
				"east": {"uv": [10, 15, 11, 16], "texture": "#0", "rotation": 180},
				"south": {"uv": [10, 15, 11, 16], "texture": "#0", "rotation": 180},
				"west": {"uv": [10, 15, 11, 16], "texture": "#0", "rotation": 180},
				"up": {"uv": [10, 15, 11, 16], "texture": "#0", "rotation": 180},
				"down": {"uv": [10, 15, 11, 16], "texture": "#0", "rotation": 180}
			}
		},
		{
			"from": [13, 2, 7.5],
			"to": [14, 3, 8.5],
			"faces": {
				"north": {"uv": [10, 15, 11, 16], "texture": "#0", "rotation": 180},
				"east": {"uv": [10, 15, 11, 16], "texture": "#0", "rotation": 180},
				"south": {"uv": [10, 15, 11, 16], "texture": "#0", "rotation": 180},
				"west": {"uv": [10, 15, 11, 16], "texture": "#0", "rotation": 180},
				"up": {"uv": [10, 15, 11, 16], "texture": "#0", "rotation": 180},
				"down": {"uv": [10, 15, 11, 16], "texture": "#0", "rotation": 180}
			}
		},
		{
			"from": [2, 2, 7.5],
			"to": [3, 3, 8.5],
			"faces": {
				"north": {"uv": [10, 15, 11, 16], "texture": "#0", "rotation": 180},
				"east": {"uv": [10, 15, 11, 16], "texture": "#0", "rotation": 180},
				"south": {"uv": [10, 15, 11, 16], "texture": "#0", "rotation": 180},
				"west": {"uv": [10, 15, 11, 16], "texture": "#0", "rotation": 180},
				"up": {"uv": [10, 15, 11, 16], "texture": "#0", "rotation": 180},
				"down": {"uv": [10, 15, 11, 16], "texture": "#0", "rotation": 180}
			}
		},
		{
			"from": [3, 0, 4],
			"to": [4, 1, 12],
			"faces": {
				"north": {"uv": [2, 15, 3, 16], "texture": "#0", "rotation": 270},
				"east": {"uv": [2, 15, 3, 16], "texture": "#0"},
				"south": {"uv": [2, 15, 3, 16], "texture": "#0", "rotation": 180},
				"west": {"uv": [2, 15, 3, 16], "texture": "#0", "rotation": 180},
				"up": {"uv": [2, 15, 3, 16], "texture": "#0", "rotation": 90},
				"down": {"uv": [2, 15, 3, 16], "texture": "#0", "rotation": 90}
			}
		},
		{
			"from": [12, 0, 4],
			"to": [13, 1, 12],
			"faces": {
				"north": {"uv": [2, 15, 3, 16], "texture": "#0", "rotation": 270},
				"east": {"uv": [2, 15, 3, 16], "texture": "#0"},
				"south": {"uv": [2, 15, 3, 16], "texture": "#0", "rotation": 180},
				"west": {"uv": [2, 15, 3, 16], "texture": "#0", "rotation": 180},
				"up": {"uv": [2, 15, 3, 16], "texture": "#0", "rotation": 90},
				"down": {"uv": [2, 15, 3, 16], "texture": "#0", "rotation": 90}
			}
		},
		{
			"from": [4, 0, 11],
			"to": [12, 1, 13],
			"faces": {
				"north": {"uv": [2, 15, 3, 16], "texture": "#0", "rotation": 270},
				"east": {"uv": [2, 15, 3, 16], "texture": "#0"},
				"south": {"uv": [2, 15, 3, 16], "texture": "#0", "rotation": 180},
				"west": {"uv": [2, 15, 3, 16], "texture": "#0", "rotation": 180},
				"up": {"uv": [2, 15, 3, 16], "texture": "#0", "rotation": 90},
				"down": {"uv": [2, 15, 3, 16], "texture": "#0", "rotation": 90}
			}
		},
		{
			"from": [4, 0, 3],
			"to": [12, 1, 5],
			"faces": {
				"north": {"uv": [2, 15, 3, 16], "texture": "#0", "rotation": 270},
				"east": {"uv": [2, 15, 3, 16], "texture": "#0"},
				"south": {"uv": [2, 15, 3, 16], "texture": "#0", "rotation": 180},
				"west": {"uv": [2, 15, 3, 16], "texture": "#0", "rotation": 180},
				"up": {"uv": [2, 15, 3, 16], "texture": "#0", "rotation": 90},
				"down": {"uv": [2, 15, 3, 16], "texture": "#0", "rotation": 90}
			}
		},
		{
			"from": [11, 0, 5],
			"to": [12, 1, 11],
			"faces": {
				"north": {"uv": [2, 15, 3, 16], "texture": "#0", "rotation": 270},
				"east": {"uv": [2, 15, 3, 16], "texture": "#0"},
				"south": {"uv": [2, 15, 3, 16], "texture": "#0", "rotation": 180},
				"west": {"uv": [2, 15, 3, 16], "texture": "#0", "rotation": 180},
				"up": {"uv": [2, 15, 3, 16], "texture": "#0", "rotation": 90},
				"down": {"uv": [2, 15, 3, 16], "texture": "#0", "rotation": 90}
			}
		},
		{
			"from": [4, 0, 5],
			"to": [5, 1, 11],
			"faces": {
				"north": {"uv": [2, 15, 3, 16], "texture": "#0", "rotation": 270},
				"east": {"uv": [2, 15, 3, 16], "texture": "#0"},
				"south": {"uv": [2, 15, 3, 16], "texture": "#0", "rotation": 180},
				"west": {"uv": [2, 15, 3, 16], "texture": "#0", "rotation": 180},
				"up": {"uv": [2, 15, 3, 16], "texture": "#0", "rotation": 90},
				"down": {"uv": [2, 15, 3, 16], "texture": "#0", "rotation": 90}
			}
		},
		{
			"name": "hexadecagon",
			"from": [6.50816, 3, 0.5],
			"to": [9.49184, 5, 15.5],
			"rotation": {"angle": -45, "axis": "y", "origin": [8, 3.5, 8]},
			"faces": {
				"north": {"uv": [0, 0, 1, 1], "texture": "#1"},
				"east": {"uv": [0, 0, 1, 1], "texture": "#1"},
				"south": {"uv": [0, 0, 1, 1], "texture": "#1"},
				"west": {"uv": [0, 0, 1, 1], "texture": "#1"},
				"up": {"uv": [0, 0, 1, 1], "texture": "#1"},
				"down": {"uv": [0, 0, 1, 1], "texture": "#1"}
			}
		},
		{
			"name": "hexadecagon",
			"from": [6.50816, 3, 0.5],
			"to": [9.49184, 5, 15.5],
			"rotation": {"angle": -22.5, "axis": "y", "origin": [8, 3.5, 8]},
			"faces": {
				"north": {"uv": [0, 0, 1, 1], "texture": "#1"},
				"east": {"uv": [0, 0, 1, 1], "texture": "#1"},
				"south": {"uv": [0, 0, 1, 1], "texture": "#1"},
				"west": {"uv": [0, 0, 1, 1], "texture": "#1"},
				"up": {"uv": [0, 0, 1, 1], "texture": "#1"},
				"down": {"uv": [0, 0, 1, 1], "texture": "#1"}
			}
		},
		{
			"name": "hexadecagon",
			"from": [6.50816, 3, 0.5],
			"to": [9.49184, 5, 15.5],
			"rotation": {"angle": 0, "axis": "y", "origin": [8, 3.5, 8]},
			"faces": {
				"north": {"uv": [0, 0, 1, 1], "texture": "#1"},
				"east": {"uv": [0, 0, 1, 1], "texture": "#1"},
				"south": {"uv": [0, 0, 1, 1], "texture": "#1"},
				"west": {"uv": [0, 0, 1, 1], "texture": "#1"},
				"up": {"uv": [0, 0, 1, 1], "texture": "#1"},
				"down": {"uv": [0, 0, 1, 1], "texture": "#1"}
			}
		},
		{
			"name": "hexadecagon",
			"from": [6.50816, 3, 0.5],
			"to": [9.49184, 5, 15.5],
			"rotation": {"angle": 22.5, "axis": "y", "origin": [8, 3.5, 8]},
			"faces": {
				"north": {"uv": [0, 0, 1, 1], "texture": "#1"},
				"east": {"uv": [0, 0, 1, 1], "texture": "#1"},
				"south": {"uv": [0, 0, 1, 1], "texture": "#1"},
				"west": {"uv": [0, 0, 1, 1], "texture": "#1"},
				"up": {"uv": [0, 0, 1, 1], "texture": "#1"},
				"down": {"uv": [0, 0, 1, 1], "texture": "#1"}
			}
		},
		{
			"name": "hexadecagon",
			"from": [6.50816, 3, 0.5],
			"to": [9.49184, 5, 15.5],
			"rotation": {"angle": 45, "axis": "y", "origin": [8, 3.5, 8]},
			"faces": {
				"north": {"uv": [0, 0, 1, 1], "texture": "#1"},
				"east": {"uv": [0, 0, 1, 1], "texture": "#1"},
				"south": {"uv": [0, 0, 1, 1], "texture": "#1"},
				"west": {"uv": [0, 0, 1, 1], "texture": "#1"},
				"up": {"uv": [0, 0, 1, 1], "texture": "#1"},
				"down": {"uv": [0, 0, 1, 1], "texture": "#1"}
			}
		},
		{
			"name": "hexadecagon",
			"from": [0.5, 3, 6.50816],
			"to": [15.5, 5, 9.49184],
			"rotation": {"angle": -22.5, "axis": "y", "origin": [8, 3.5, 8]},
			"faces": {
				"north": {"uv": [0, 0, 1, 1], "texture": "#1"},
				"east": {"uv": [0, 0, 1, 1], "texture": "#1"},
				"south": {"uv": [0, 0, 1, 1], "texture": "#1"},
				"west": {"uv": [0, 0, 1, 1], "texture": "#1"},
				"up": {"uv": [0, 0, 1, 1], "texture": "#1"},
				"down": {"uv": [0, 0, 1, 1], "texture": "#1"}
			}
		},
		{
			"name": "hexadecagon",
			"from": [0.5, 3, 6.50816],
			"to": [15.5, 5, 9.49184],
			"rotation": {"angle": 0, "axis": "y", "origin": [8, 3.5, 8]},
			"faces": {
				"north": {"uv": [0, 0, 1, 1], "texture": "#1"},
				"east": {"uv": [0, 0, 1, 1], "texture": "#1"},
				"south": {"uv": [0, 0, 1, 1], "texture": "#1"},
				"west": {"uv": [0, 0, 1, 1], "texture": "#1"},
				"up": {"uv": [0, 0, 1, 1], "texture": "#1"},
				"down": {"uv": [0, 0, 1, 1], "texture": "#1"}
			}
		},
		{
			"name": "hexadecagon",
			"from": [0.5, 3, 6.50816],
			"to": [15.5, 5, 9.49184],
			"rotation": {"angle": 22.5, "axis": "y", "origin": [8, 3.5, 8]},
			"faces": {
				"north": {"uv": [0, 0, 1, 1], "texture": "#1"},
				"east": {"uv": [0, 0, 1, 1], "texture": "#1"},
				"south": {"uv": [0, 0, 1, 1], "texture": "#1"},
				"west": {"uv": [0, 0, 1, 1], "texture": "#1"},
				"up": {"uv": [0, 0, 1, 1], "texture": "#1"},
				"down": {"uv": [0, 0, 1, 1], "texture": "#1"}
			}
		},
		{
			"name": "hexadecagon",
			"from": [6.45843, 3.5, 0.25],
			"to": [9.54157, 4.5, 15.75],
			"rotation": {"angle": -45, "axis": "y", "origin": [8, 4, 8]},
			"faces": {
				"north": {"uv": [0, 0, 1, 1], "texture": "#0"},
				"east": {"uv": [0, 0, 1, 1], "texture": "#0"},
				"south": {"uv": [0, 0, 1, 1], "texture": "#0"},
				"west": {"uv": [0, 0, 1, 1], "texture": "#0"},
				"up": {"uv": [0, 0, 1, 1], "texture": "#0"},
				"down": {"uv": [0, 0, 1, 1], "texture": "#0"}
			}
		},
		{
			"name": "hexadecagon",
			"from": [6.45843, 3.5, 0.25],
			"to": [9.54157, 4.5, 15.75],
			"rotation": {"angle": -22.5, "axis": "y", "origin": [8, 4, 8]},
			"faces": {
				"north": {"uv": [0, 0, 1, 1], "texture": "#0"},
				"east": {"uv": [0, 0, 1, 1], "texture": "#0"},
				"south": {"uv": [0, 0, 1, 1], "texture": "#0"},
				"west": {"uv": [0, 0, 1, 1], "texture": "#0"},
				"up": {"uv": [0, 0, 1, 1], "texture": "#0"},
				"down": {"uv": [0, 0, 1, 1], "texture": "#0"}
			}
		},
		{
			"name": "hexadecagon",
			"from": [6.45843, 3.5, 0.25],
			"to": [9.54157, 4.5, 15.75],
			"rotation": {"angle": 0, "axis": "y", "origin": [8, 4, 8]},
			"faces": {
				"north": {"uv": [0, 0, 1, 1], "texture": "#0"},
				"east": {"uv": [0, 0, 1, 1], "texture": "#0"},
				"south": {"uv": [0, 0, 1, 1], "texture": "#0"},
				"west": {"uv": [0, 0, 1, 1], "texture": "#0"},
				"up": {"uv": [0, 0, 1, 1], "texture": "#0"},
				"down": {"uv": [0, 0, 1, 1], "texture": "#0"}
			}
		},
		{
			"name": "hexadecagon",
			"from": [6.45843, 3.5, 0.25],
			"to": [9.54157, 4.5, 15.75],
			"rotation": {"angle": 22.5, "axis": "y", "origin": [8, 4, 8]},
			"faces": {
				"north": {"uv": [0, 0, 1, 1], "texture": "#0"},
				"east": {"uv": [0, 0, 1, 1], "texture": "#0"},
				"south": {"uv": [0, 0, 1, 1], "texture": "#0"},
				"west": {"uv": [0, 0, 1, 1], "texture": "#0"},
				"up": {"uv": [0, 0, 1, 1], "texture": "#0"},
				"down": {"uv": [0, 0, 1, 1], "texture": "#0"}
			}
		},
		{
			"name": "hexadecagon",
			"from": [6.45843, 3.5, 0.25],
			"to": [9.54157, 4.5, 15.75],
			"rotation": {"angle": 45, "axis": "y", "origin": [8, 4, 8]},
			"faces": {
				"north": {"uv": [0, 0, 1, 1], "texture": "#0"},
				"east": {"uv": [0, 0, 1, 1], "texture": "#0"},
				"south": {"uv": [0, 0, 1, 1], "texture": "#0"},
				"west": {"uv": [0, 0, 1, 1], "texture": "#0"},
				"up": {"uv": [0, 0, 1, 1], "texture": "#0"},
				"down": {"uv": [0, 0, 1, 1], "texture": "#0"}
			}
		},
		{
			"name": "hexadecagon",
			"from": [0.25, 3.5, 6.45843],
			"to": [15.75, 4.5, 9.54157],
			"rotation": {"angle": -22.5, "axis": "y", "origin": [8, 4, 8]},
			"faces": {
				"north": {"uv": [0, 0, 1, 1], "texture": "#0"},
				"east": {"uv": [0, 0, 1, 1], "texture": "#0"},
				"south": {"uv": [0, 0, 1, 1], "texture": "#0"},
				"west": {"uv": [0, 0, 1, 1], "texture": "#0"},
				"up": {"uv": [0, 0, 1, 1], "texture": "#0"},
				"down": {"uv": [0, 0, 1, 1], "texture": "#0"}
			}
		},
		{
			"name": "hexadecagon",
			"from": [0.25, 3.5, 6.45843],
			"to": [15.75, 4.5, 9.54157],
			"rotation": {"angle": 0, "axis": "y", "origin": [8, 4, 8]},
			"faces": {
				"north": {"uv": [0, 0, 1, 1], "texture": "#0"},
				"east": {"uv": [0, 0, 1, 1], "texture": "#0"},
				"south": {"uv": [0, 0, 1, 1], "texture": "#0"},
				"west": {"uv": [0, 0, 1, 1], "texture": "#0"},
				"up": {"uv": [0, 0, 1, 1], "texture": "#0"},
				"down": {"uv": [0, 0, 1, 1], "texture": "#0"}
			}
		},
		{
			"name": "hexadecagon",
			"from": [0.25, 3.5, 6.45843],
			"to": [15.75, 4.5, 9.54157],
			"rotation": {"angle": 22.5, "axis": "y", "origin": [8, 4, 8]},
			"faces": {
				"north": {"uv": [0, 0, 1, 1], "texture": "#0"},
				"east": {"uv": [0, 0, 1, 1], "texture": "#0"},
				"south": {"uv": [0, 0, 1, 1], "texture": "#0"},
				"west": {"uv": [0, 0, 1, 1], "texture": "#0"},
				"up": {"uv": [0, 0, 1, 1], "texture": "#0"},
				"down": {"uv": [0, 0, 1, 1], "texture": "#0"}
			}
		}
	],
	"groups": [0, 1, 2, 3, 4, 5, 6, 7, 8, 9, 10, 11, 12, 13, 14, 15, 16, 17, 18, 19, 20, 21,
		{
			"name": "hexadecagon",
			"isOpen": true,
			"shade": true,
			"display": {
				"visibility": true,
				"autouv": false
			},
			"children": [22, 23, 24, 25, 26, 27, 28, 29]
		},
		{
			"name": "hexadecagon",
			"isOpen": true,
			"shade": true,
			"display": {
				"visibility": true,
				"autouv": false
			},
			"children": [30, 31, 32, 33, 34, 35, 36, 37]
		}
	]
}