{
	"textures": {
		"0": "_custom/iron_plate",
		"particle": "_custom/iron_plate"
	},
	"elements": [
		{
			"from": [-3.41726, 0, 7.95711],
			"to": [19.21016, 16, 8.25],
			"rotation": {"angle": 45, "axis": "y", "origin": [7.89645, 8, 8.10355]},
			"faces": {
				"north": {"uv": [2, 0, 9.66328, 5.33047], "texture": "#0"},
				"east": {"uv": [0, 0, 0.33211, 6.3318], "texture": "#0"},
				"south": {"uv": [4.66641, 0, 12.33125, 5.33125], "texture": "#0"},
				"west": {"uv": [0, 0, 0.33211, 6.3318], "texture": "#0"},
				"up": {"uv": [0.33211, 6.3318, 0, 0], "texture": "#0", "rotation": 270},
				"down": {"uv": [0.33211, 6.3318, 0, 0], "texture": "#0", "rotation": 90}
			}
		}
	]
}