{
    "parent": "block/block",
	"textures": {
		"0": "block/purpur_block",
		"1": "_custom/corner_factory_block",
		"particle": "block/purpur_block"
	},
	"elements": [
		{
			"from": [0, 13, 4],
			"to": [2, 15, 12],
			"faces": {
				"north": {"uv": [12, 3, 10, 4], "texture": "#0", "rotation": 90},
				"east": {"uv": [12, 14, 4, 16], "texture": "#0", "rotation": 180},
				"south": {"uv": [7, 0, 6, 2], "texture": "#0", "rotation": 180},
				"west": {"uv": [12, 14, 4, 16], "texture": "#0", "rotation": 180},
				"up": {"uv": [12, 7, 3, 8], "texture": "#0", "rotation": 270},
				"down": {"uv": [11, 5, 3, 7], "texture": "#0", "rotation": 90}
			}
		},
		{
			"from": [0, 4, 13],
			"to": [4, 12, 15],
			"faces": {
				"north": {"uv": [11, 3, 4, 7], "texture": "#0", "rotation": 90},
				"east": {"uv": [12, 14, 4, 16], "texture": "#0", "rotation": 270},
				"south": {"uv": [2, 7, 9, 11], "texture": "#0", "rotation": 90},
				"west": {"uv": [11, 14, 3, 16], "texture": "#0", "rotation": 90},
				"up": {"uv": [10, 5, 8, 9], "texture": "#0", "rotation": 90},
				"down": {"uv": [0, 0, 4, 2], "texture": "#0", "rotation": 180}
			}
		},
		{
			"from": [0, 12, 12],
			"to": [4, 14, 14],
			"faces": {
				"north": {"uv": [7, 9, 11, 11], "texture": "#0"},
				"east": {"uv": [2, 14, 0, 16], "texture": "#0", "rotation": 180},
				"south": {"uv": [6, 4, 4, 8], "texture": "#1", "rotation": 90},
				"west": {"uv": [16, 0, 14, 2], "texture": "#0", "rotation": 270},
				"up": {"uv": [9, 4, 7, 5], "texture": "#0", "rotation": 270},
				"down": {"uv": [10, 0, 9, 2], "texture": "#0"}
			}
		},
		{
			"from": [0, 1, 4],
			"to": [13, 3, 12],
			"faces": {
				"north": {"uv": [8, 2, 10, 15], "texture": "#0", "rotation": 90},
				"east": {"uv": [12, 14, 4, 16], "texture": "#0"},
				"south": {"uv": [1, 14, 14, 16], "texture": "#0"},
				"west": {"uv": [11, 14, 3, 16], "texture": "#0"},
				"up": {"uv": [4, 4, 11, 16], "texture": "#0", "rotation": 90},
				"down": {"uv": [4, 2, 11, 15], "texture": "#0", "rotation": 270}
			}
		},
		{
			"from": [0, 2, 12],
			"to": [13, 4, 14],
			"faces": {
				"north": {"uv": [10, 1, 8, 14], "texture": "#0", "rotation": 90},
				"east": {"uv": [11, 9, 9, 11], "texture": "#1", "rotation": 270},
				"south": {"uv": [1, 1, 3, 14], "texture": "#1", "rotation": 90},
				"west": {"uv": [16, 0, 14, 2], "texture": "#0", "rotation": 180},
				"up": {"uv": [9, 1, 11, 14], "texture": "#0", "rotation": 270},
				"down": {"uv": [4, 7, 3, 9], "texture": "#0", "rotation": 180}
			}
		},
		{
			"from": [0, 4, 1],
			"to": [4, 12, 3],
			"faces": {
				"north": {"uv": [6, 6, 14, 10], "texture": "#0", "rotation": 90},
				"east": {"uv": [12, 14, 4, 16], "texture": "#0", "rotation": 90},
				"south": {"uv": [6, 5, 12, 9], "texture": "#0", "rotation": 90},
				"west": {"uv": [11, 14, 3, 16], "texture": "#0", "rotation": 270},
				"up": {"uv": [8, 4, 6, 8], "texture": "#0", "rotation": 90},
				"down": {"uv": [12, 3, 10, 4], "texture": "#0", "rotation": 270}
			}
		},
		{
			"from": [0, 2, 2],
			"to": [13, 4, 4],
			"faces": {
				"north": {"uv": [1, 1, 14, 3], "texture": "#1"},
				"east": {"uv": [9, 8, 7, 10], "texture": "#0"},
				"south": {"uv": [10, 0, 8, 13], "texture": "#0", "rotation": 90},
				"west": {"uv": [16, 0, 14, 2], "texture": "#0", "rotation": 90},
				"up": {"uv": [10, 0, 8, 13], "texture": "#0", "rotation": 90},
				"down": {"uv": [6, 2, 8, 15], "texture": "#0", "rotation": 270}
			}
		},
		{
			"from": [13, 3, 4],
			"to": [15, 16, 12],
			"faces": {
				"north": {"uv": [6, 2, 8, 15], "texture": "#0", "rotation": 180},
				"east": {"uv": [4, 0, 12, 13], "texture": "#0"},
				"south": {"uv": [6, 2, 8, 15], "texture": "#0"},
				"west": {"uv": [3, 2, 11, 15], "texture": "#0", "rotation": 180},
				"up": {"uv": [11, 14, 3, 16], "texture": "#0", "rotation": 90},
				"down": {"uv": [12, 14, 4, 16], "texture": "#0", "rotation": 90}
			}
		},
		{
			"from": [12, 4, 2],
			"to": [14, 16, 4],
			"faces": {
				"north": {"uv": [7, 3, 9, 15], "texture": "#0", "rotation": 180},
				"east": {"uv": [7, 2, 9, 14], "texture": "#0"},
				"south": {"uv": [10, 1, 12, 13], "texture": "#0", "rotation": 180},
				"west": {"uv": [2, 1, 1, 13], "texture": "#1"},
				"up": {"uv": [16, 0, 14, 2], "texture": "#0", "rotation": 270},
				"down": {"uv": [2, 14, 0, 16], "texture": "#0"}
			}
		},
		{
			"from": [4, 12, 13],
			"to": [12, 16, 15],
			"faces": {
				"north": {"uv": [3, 5, 11, 9], "texture": "#0", "rotation": 180},
				"east": {"uv": [5, 7, 7, 11], "texture": "#0", "rotation": 180},
				"south": {"uv": [4, 5, 12, 9], "texture": "#0", "rotation": 180},
				"west": {"uv": [7, 0, 6, 2], "texture": "#0", "rotation": 90},
				"up": {"uv": [11, 14, 3, 16], "texture": "#0"},
				"down": {"uv": [12, 14, 4, 16], "texture": "#0", "rotation": 180}
			}
		},
		{
			"from": [12, 4, 12],
			"to": [14, 16, 14],
			"faces": {
				"north": {"uv": [9, 0, 11, 12], "texture": "#0"},
				"east": {"uv": [6, 3, 8, 15], "texture": "#0", "rotation": 180},
				"south": {"uv": [1, 2, 3, 14], "texture": "#1", "rotation": 180},
				"west": {"uv": [7, 1, 9, 13], "texture": "#0", "rotation": 180},
				"up": {"uv": [16, 0, 14, 2], "texture": "#0", "rotation": 180},
				"down": {"uv": [2, 14, 0, 16], "texture": "#0", "rotation": 90}
			}
		},
		{
			"from": [1, 15, 4],
			"to": [3, 16, 12],
			"faces": {
				"north": {"uv": [7, 0, 6, 2], "texture": "#0", "rotation": 90},
				"east": {"uv": [5, 0, 4, 8], "texture": "#0", "rotation": 270},
				"south": {"uv": [12, 3, 10, 4], "texture": "#0", "rotation": 180},
				"west": {"uv": [12, 7, 3, 8], "texture": "#0", "rotation": 180},
				"up": {"uv": [11, 14, 3, 16], "texture": "#0", "rotation": 270},
				"down": {"uv": [12, 14, 4, 16], "texture": "#0", "rotation": 270}
			}
		},
		{
			"from": [2, 14, 12],
			"to": [4, 16, 14],
			"faces": {
				"north": {"uv": [10, 0, 9, 2], "texture": "#0", "rotation": 270},
				"east": {"uv": [10, 9, 9, 10], "texture": "#0"},
				"south": {"uv": [7, 8, 5, 10], "texture": "#1", "rotation": 180},
				"west": {"uv": [4, 7, 3, 9], "texture": "#0", "rotation": 90},
				"up": {"uv": [16, 0, 14, 2], "texture": "#0", "rotation": 90},
				"down": {"uv": [2, 14, 0, 16], "texture": "#0", "rotation": 180}
			}
		},
		{
			"from": [11, 5, 1],
			"to": [12, 12, 3],
			"faces": {
				"north": {"uv": [1, 1, 2, 8], "texture": "#1"},
				"east": {"uv": [12, 14, 4, 16], "texture": "#0", "rotation": 90},
				"south": {"uv": [2, 1, 1, 8], "texture": "#1"},
				"west": {"uv": [11, 14, 3, 16], "texture": "#0", "rotation": 270},
				"up": {"uv": [7, 0, 6, 2], "texture": "#0", "rotation": 180},
				"down": {"uv": [12, 3, 10, 4], "texture": "#0", "rotation": 270}
			}
		},
		{
			"from": [13, 3, 2],
			"to": [14, 4, 4],
			"faces": {
				"north": {"uv": [5, 6, 4, 7], "texture": "#0"},
				"east": {"uv": [3, 15, 1, 16], "texture": "#0"},
				"south": {"uv": [10, 9, 9, 10], "texture": "#0", "rotation": 90},
				"west": {"uv": [16, 0, 14, 2], "texture": "#0", "rotation": 90},
				"up": {"uv": [10, 0, 9, 2], "texture": "#0"},
				"down": {"uv": [9, 4, 7, 5], "texture": "#0", "rotation": 270}
			}
		},
		{
			"from": [13, 3, 12],
			"to": [14, 4, 14],
			"faces": {
				"north": {"uv": [9, 9, 10, 10], "texture": "#0", "rotation": 90},
				"east": {"uv": [0, 15, 2, 16], "texture": "#0"},
				"south": {"uv": [0, 0, 1, 1], "texture": "#0"},
				"west": {"uv": [14, 0, 16, 2], "texture": "#0", "rotation": 90},
				"up": {"uv": [10, 2, 9, 0], "texture": "#0"},
				"down": {"uv": [9, 5, 7, 4], "texture": "#0", "rotation": 270}
			}
		},
		{
			"from": [11, 5, 13],
			"to": [12, 12, 15],
			"faces": {
				"north": {"uv": [2, 5, 3, 11], "texture": "#1"},
				"east": {"uv": [5, 6, 7, 13], "texture": "#0", "rotation": 180},
				"south": {"uv": [5, 4, 12, 5], "texture": "#1", "rotation": 90},
				"west": {"uv": [3, 14, 11, 16], "texture": "#0", "rotation": 270},
				"up": {"uv": [7, 2, 6, 0], "texture": "#0", "rotation": 180},
				"down": {"uv": [12, 4, 10, 3], "texture": "#0", "rotation": 270}
			}
		},
		{
			"from": [12, 3, 4],
			"to": [13, 4, 12],
			"faces": {
				"north": {"uv": [1, 0, 0, 8], "texture": "#0"},
				"east": {"uv": [1, 0, 0, 8], "texture": "#0"},
				"south": {"uv": [1, 0, 0, 8], "texture": "#0"},
				"west": {"uv": [1, 0, 0, 8], "texture": "#0"},
				"up": {"uv": [1, 0, 0, 8], "texture": "#0"},
				"down": {"uv": [1, 0, 0, 8], "texture": "#0"}
			}
		},
		{
			"from": [11, 4, 12],
			"to": [12, 5, 14],
			"faces": {
				"north": {"uv": [8, 5, 7, 6], "texture": "#0"},
				"east": {"uv": [8, 5, 7, 6], "texture": "#0"},
				"south": {"uv": [8, 6, 7, 7], "texture": "#0"},
				"west": {"uv": [8, 5, 7, 6], "texture": "#0"},
				"up": {"uv": [8, 5, 7, 7], "texture": "#0", "rotation": 180},
				"down": {"uv": [8, 5, 7, 6], "texture": "#0"}
			}
		},
		{
			"from": [11, 4, 2],
			"to": [12, 5, 4],
			"faces": {
				"north": {"uv": [8, 6, 7, 7], "texture": "#0"},
				"east": {"uv": [8, 5, 7, 6], "texture": "#0"},
				"south": {"uv": [8, 5, 7, 6], "texture": "#0"},
				"west": {"uv": [8, 5, 7, 6], "texture": "#0"},
				"up": {"uv": [8, 5, 7, 6], "texture": "#0"},
				"down": {"uv": [8, 5, 7, 6], "texture": "#0"}
			}
		},
		{
			"from": [13, 2, 4],
			"to": [14, 3, 12],
			"faces": {
				"north": {"uv": [1, 0, 0, 1], "texture": "#0"},
				"east": {"uv": [4, 7, 12, 8], "texture": "#0"},
				"south": {"uv": [1, 0, 0, 1], "texture": "#0"},
				"west": {"uv": [1, 0, 0, 1], "texture": "#0"},
				"up": {"uv": [1, 0, 0, 1], "texture": "#0"},
				"down": {"uv": [1, 0, 0, 1], "texture": "#0"}
			}
		},
		{
			"from": [4, 4, 13],
			"to": [11, 12, 15],
			"faces": {
				"north": {"uv": [3, 4, 10, 11], "texture": "#1", "rotation": 270},
				"east": {"uv": [12, 14, 4, 16], "texture": "#0", "rotation": 270},
				"south": {"uv": [3, 2, 10, 10], "texture": "#1", "rotation": 180},
				"west": {"uv": [11, 14, 3, 16], "texture": "#0", "rotation": 90},
				"up": {"uv": [12, 3, 10, 4], "texture": "#0", "rotation": 270},
				"down": {"uv": [5, 6, 7, 13], "texture": "#0", "rotation": 90}
			}
		},
		{
			"from": [4, 4, 1],
			"to": [11, 12, 3],
			"faces": {
				"north": {"uv": [2, 3, 10, 10], "texture": "#1", "rotation": 270},
				"east": {"uv": [12, 14, 4, 16], "texture": "#0", "rotation": 270},
				"south": {"uv": [3, 2, 10, 10], "texture": "#1", "rotation": 180},
				"west": {"uv": [11, 14, 3, 16], "texture": "#0", "rotation": 90},
				"up": {"uv": [12, 3, 10, 4], "texture": "#0", "rotation": 270},
				"down": {"uv": [7, 0, 6, 2], "texture": "#0", "rotation": 180}
			}
		},
		{
			"from": [4, 12, 1],
			"to": [12, 16, 3],
			"faces": {
				"north": {"uv": [3, 5, 11, 9], "texture": "#0", "rotation": 180},
				"east": {"uv": [12, 3, 10, 4], "texture": "#0", "rotation": 180},
				"south": {"uv": [4, 5, 12, 9], "texture": "#0", "rotation": 180},
				"west": {"uv": [7, 0, 6, 2], "texture": "#0", "rotation": 90},
				"up": {"uv": [11, 14, 3, 16], "texture": "#0"},
				"down": {"uv": [12, 14, 4, 16], "texture": "#0", "rotation": 180}
			}
		},
		{
			"from": [0, 12, 2],
			"to": [4, 14, 4],
			"faces": {
				"north": {"uv": [8, 4, 4, 6], "texture": "#1", "rotation": 180},
				"east": {"uv": [6, 4, 4, 8], "texture": "#1", "rotation": 90},
				"south": {"uv": [6, 4, 4, 8], "texture": "#1", "rotation": 90},
				"west": {"uv": [16, 14, 14, 16], "texture": "#0", "rotation": 90},
				"up": {"uv": [7, 7, 11, 9], "texture": "#1", "rotation": 180},
				"down": {"uv": [6, 4, 4, 8], "texture": "#1", "rotation": 90}
			}
		},
		{
			"from": [2, 14, 2],
			"to": [4, 16, 4],
			"faces": {
				"north": {"uv": [7, 6, 5, 8], "texture": "#1", "rotation": 180},
				"east": {"uv": [10, 9, 9, 10], "texture": "#0"},
				"south": {"uv": [7, 8, 5, 10], "texture": "#1", "rotation": 180},
				"west": {"uv": [4, 7, 3, 9], "texture": "#0", "rotation": 90},
				"up": {"uv": [7, 5, 5, 7], "texture": "#1", "rotation": 90},
				"down": {"uv": [2, 14, 0, 16], "texture": "#0", "rotation": 180}
			}
		}
	]
}