{
	"parent": "block/block",
	"textures": {
		"0": "block/yellow_terracotta",
		"1": "block/purpur_block",
		"2": "block/purpur_block3",
		"3": "_custom/steel",
		"4": "_custom/electricity",
		"5": "block/brown_terracotta",
		"6": "_custom/offline",
		"1_3": "_custom/steel",
		"1_4": "_custom/electricity",
		"particle": "_custom/offline"
	},
	"elements": [
		{
			"from": [15.5, 2.5, 0],
			"to": [16.5, 14.5, 16],
			"rotation": {"angle": -22.5, "axis": "z", "origin": [16, 8.5, 8]},
			"faces": {
				"north": {"uv": [2, 2, 14, 3], "texture": "#0", "rotation": 270},
				"east": {"uv": [2, 0, 14, 16], "texture": "#0", "rotation": 270},
				"south": {"uv": [2, 13, 14, 14], "texture": "#0", "rotation": 270},
				"west": {"uv": [0, 0, 10, 12], "texture": "#3", "rotation": 90},
				"up": {"uv": [2, 0, 3, 16], "texture": "#0", "rotation": 180},
				"down": {"uv": [13, 0, 14, 16], "texture": "#0"}
			}
		},
		{
			"from": [18.2982, 12.54014, 4],
			"to": [19.2982, 13.54014, 5],
			"rotation": {"angle": -22.5, "axis": "z", "origin": [16.7982, 13.04014, 0.5]},
			"faces": {
				"north": {"uv": [0, 0, 1, 1], "texture": "#3", "rotation": 270},
				"east": {"uv": [0, 0, 1, 1], "texture": "#3", "rotation": 270},
				"south": {"uv": [0, 0, 1, 1], "texture": "#3", "rotation": 270},
				"west": {"uv": [0, 0, 1, 1], "texture": "#3", "rotation": 90},
				"up": {"uv": [0, 0, 1, 1], "texture": "#3", "rotation": 180},
				"down": {"uv": [0, 0, 1, 1], "texture": "#3"}
			}
		},
		{
			"from": [19.22208, 12.15746, 4],
			"to": [20.22208, 13.15746, 11],
			"rotation": {"angle": -22.5, "axis": "z", "origin": [17.72208, 12.65746, 7.5]},
			"faces": {
				"north": {"uv": [0, 0, 1, 1], "texture": "#3", "rotation": 270},
				"east": {"uv": [0, 0, 1, 7], "texture": "#3", "rotation": 270},
				"south": {"uv": [0, 0, 1, 1], "texture": "#3", "rotation": 270},
				"west": {"uv": [0, 0, 1, 7], "texture": "#3", "rotation": 90},
				"up": {"uv": [0, 0, 1, 7], "texture": "#3", "rotation": 180},
				"down": {"uv": [0, 0, 1, 7], "texture": "#3"}
			}
		},
		{
			"from": [15.85, 4.25, 3.75],
			"to": [15.85, 8.75, 8.25],
			"rotation": {"angle": -22.5, "axis": "z", "origin": [16.5005, 6.5, 6]},
			"faces": {
				"north": {"uv": [2.5, 2.5, 3, 3], "texture": "#4", "rotation": 270},
				"east": {"uv": [2, 2, 14, 14], "texture": "#4", "rotation": 270},
				"south": {"uv": [2.5, 2.5, 3, 3], "texture": "#4", "rotation": 270},
				"west": {"uv": [2.5, 2.5, 3, 3], "texture": "#4", "rotation": 90},
				"up": {"uv": [2.5, 2.5, 3, 3], "texture": "#4", "rotation": 180},
				"down": {"uv": [2.5, 2.5, 3, 3], "texture": "#4"}
			}
		},
		{
			"from": [3, 0, 1],
			"to": [13, 1, 15],
			"faces": {
				"north": {"uv": [1, 0, 15, 16], "texture": "#3", "rotation": 180},
				"east": {"uv": [1, 0, 15, 16], "texture": "#3", "rotation": 180},
				"south": {"uv": [1, 0, 15, 16], "texture": "#3", "rotation": 180},
				"west": {"uv": [1, 0, 15, 16], "texture": "#3", "rotation": 180},
				"up": {"uv": [2, 1, 12, 15], "texture": "#1", "rotation": 180},
				"down": {"uv": [1, 0, 15, 16], "texture": "#3", "rotation": 180}
			}
		},
		{
			"from": [15, 3.25, 1.75],
			"to": [15.25, 14.25, 14.5],
			"rotation": {"angle": -22.5, "axis": "z", "origin": [15.375, 7.875, 8]},
			"faces": {
				"north": {"uv": [2, 2, 2.5, 14], "texture": "#0", "rotation": 180},
				"east": {"uv": [2, 2, 2.5, 14], "texture": "#0", "rotation": 270},
				"south": {"uv": [2, 2, 2.5, 14], "texture": "#0", "rotation": 180},
				"west": {"uv": [2, 2, 14, 14], "texture": "#0", "rotation": 270},
				"up": {"uv": [2, 2, 2.5, 14], "texture": "#0", "rotation": 180},
				"down": {"uv": [2, 2, 2.5, 14], "texture": "#0", "rotation": 180}
			}
		},
		{
			"from": [14, 2.5, 12.5],
			"to": [14.5, 3.25, 13.5],
			"faces": {
				"north": {"uv": [3, 1, 4, 1.75], "texture": "#3"},
				"east": {"uv": [3, 1, 4, 1.75], "texture": "#3"},
				"south": {"uv": [3, 1, 4, 1.75], "texture": "#3"},
				"west": {"uv": [3, 1, 4, 1.75], "texture": "#3"},
				"up": {"uv": [3, 1, 4, 1.75], "texture": "#3"},
				"down": {"uv": [3, 1, 4, 1.75], "texture": "#3"}
			}
		},
		{
			"from": [14, 2.5, 2.5],
			"to": [14.5, 3.25, 3.5],
			"faces": {
				"north": {"uv": [3, 1, 4, 1.75], "texture": "#3"},
				"east": {"uv": [3, 1, 4, 1.75], "texture": "#3"},
				"south": {"uv": [3, 1, 4, 1.75], "texture": "#3"},
				"west": {"uv": [3, 1, 4, 1.75], "texture": "#3"},
				"up": {"uv": [3, 1, 4, 1.75], "texture": "#3"},
				"down": {"uv": [3, 1, 4, 1.75], "texture": "#3"}
			}
		},
		{
			"from": [14, 2.5, 7.5],
			"to": [14.5, 3.25, 8.5],
			"faces": {
				"north": {"uv": [3, 1, 4, 1.75], "texture": "#3"},
				"east": {"uv": [3, 1, 4, 1.75], "texture": "#3"},
				"south": {"uv": [3, 1, 4, 1.75], "texture": "#3"},
				"west": {"uv": [3, 1, 4, 1.75], "texture": "#3"},
				"up": {"uv": [3, 1, 4, 1.75], "texture": "#3"},
				"down": {"uv": [3, 1, 4, 1.75], "texture": "#3"}
			}
		},
		{
			"from": [18.2982, 12.54014, 10],
			"to": [19.2982, 13.54014, 11],
			"rotation": {"angle": -22.5, "axis": "z", "origin": [16.7982, 13.04014, 6.5]},
			"faces": {
				"north": {"uv": [0, 0, 1, 1], "texture": "#3", "rotation": 270},
				"east": {"uv": [0, 0, 1, 1], "texture": "#3", "rotation": 270},
				"south": {"uv": [0, 0, 1, 1], "texture": "#3", "rotation": 270},
				"west": {"uv": [0, 0, 1, 1], "texture": "#3", "rotation": 90},
				"up": {"uv": [0, 0, 1, 1], "texture": "#3", "rotation": 180},
				"down": {"uv": [0, 0, 1, 1], "texture": "#3"}
			}
		},
		{
			"from": [13, 0, 0],
			"to": [14, 2.75, 16],
			"faces": {
				"north": {"uv": [2, 2, 3, 3.75], "texture": "#0"},
				"east": {"uv": [4, 0, 6.5, 16], "texture": "#0", "rotation": 270},
				"south": {"uv": [2, 12.25, 3, 14], "texture": "#0", "rotation": 180},
				"west": {"uv": [8.5, 0, 11, 16], "texture": "#1", "rotation": 90},
				"up": {"uv": [2, 2, 3, 14], "texture": "#3", "rotation": 180},
				"down": {"uv": [0, 0, 10, 12], "texture": "#1"}
			}
		},
		{
			"from": [2, 0, 0],
			"to": [3, 2.75, 16],
			"faces": {
				"north": {"uv": [13, 2, 14, 3.75], "texture": "#0"},
				"east": {"uv": [6.5, 0, 9, 16], "texture": "#1", "rotation": 270},
				"south": {"uv": [2, 12.25, 3, 14], "texture": "#0", "rotation": 180},
				"west": {"uv": [11, 0, 14, 16], "texture": "#0", "rotation": 90},
				"up": {"uv": [0, 0, 1, 16], "texture": "#3", "rotation": 180},
				"down": {"uv": [0, 0, 10, 12], "texture": "#1"}
			}
		},
		{
			"from": [3, 0, 0],
			"to": [13, 2.75, 1],
			"faces": {
				"north": {"uv": [3, 11, 13, 14], "texture": "#0"},
				"east": {"uv": [3, 3, 13, 5], "texture": "#0", "rotation": 180},
				"south": {"uv": [3, 3, 13, 5], "texture": "#0", "rotation": 180},
				"west": {"uv": [3, 3, 13, 5], "texture": "#0", "rotation": 180},
				"up": {"uv": [3, 3, 13, 4], "texture": "#3", "rotation": 180},
				"down": {"uv": [3, 3, 13, 5], "texture": "#0", "rotation": 180}
			}
		},
		{
			"from": [3, 0, 15],
			"to": [13, 2.75, 16],
			"faces": {
				"north": {"uv": [3, 3, 13, 5], "texture": "#0", "rotation": 180},
				"east": {"uv": [3, 3, 13, 5], "texture": "#0", "rotation": 180},
				"south": {"uv": [3, 11, 13, 14], "texture": "#0"},
				"west": {"uv": [3, 3, 13, 5], "texture": "#0", "rotation": 180},
				"up": {"uv": [3, 3, 13, 4], "texture": "#3", "rotation": 180},
				"down": {"uv": [3, 3, 13, 5], "texture": "#0", "rotation": 180}
			}
		},
		{
			"from": [6.5, 1, 12],
			"to": [7.5, 1.5, 13],
			"faces": {
				"north": {"uv": [0, 0, 1, 1], "texture": "#3"},
				"east": {"uv": [0, 0, 1, 1], "texture": "#3"},
				"south": {"uv": [0, 0, 1, 1], "texture": "#3"},
				"west": {"uv": [0, 0, 1, 1], "texture": "#3"},
				"up": {"uv": [0, 0, 1, 1], "texture": "#3"},
				"down": {"uv": [0, 0, 1, 1], "texture": "#3"}
			}
		},
		{
			"from": [8.5, 1, 12],
			"to": [9.5, 1.5, 13],
			"faces": {
				"north": {"uv": [0, 0, 1, 1], "texture": "#3"},
				"east": {"uv": [0, 0, 1, 1], "texture": "#3"},
				"south": {"uv": [0, 0, 1, 1], "texture": "#3"},
				"west": {"uv": [0, 0, 1, 1], "texture": "#3"},
				"up": {"uv": [0, 0, 1, 1], "texture": "#3"},
				"down": {"uv": [0, 0, 1, 1], "texture": "#3"}
			}
		},
		{
			"from": [10.5, 2.5, 3.75],
			"to": [12.25, 2.501, 5.5],
			"faces": {
				"north": {"uv": [6, 5, 7, 6], "texture": "#2"},
				"east": {"uv": [6, 5, 7, 6], "texture": "#2"},
				"south": {"uv": [6, 5, 7, 6], "texture": "#2"},
				"west": {"uv": [6, 5, 7, 6], "texture": "#2"},
				"up": {"uv": [6, 5, 12, 11], "texture": "#2"},
				"down": {"uv": [6, 5, 7, 6], "texture": "#2"}
			}
		},
		{
			"from": [8.5, 1.5, 11.25],
			"to": [9.5, 2.5, 13],
			"faces": {
				"north": {"uv": [0, 0, 1, 1], "texture": "#3"},
				"east": {"uv": [0, 0, 1, 1], "texture": "#3"},
				"south": {"uv": [0, 0, 1, 1], "texture": "#3"},
				"west": {"uv": [0, 0, 1, 1], "texture": "#3"},
				"up": {"uv": [0, 0, 1, 1], "texture": "#3"},
				"down": {"uv": [0, 0, 1, 1], "texture": "#3"}
			}
		},
		{
			"from": [6.5, 1.5, 9],
			"to": [7.5, 2.5, 13],
			"faces": {
				"north": {"uv": [0, 0, 1, 1], "texture": "#3"},
				"east": {"uv": [0, 0, 1, 1], "texture": "#3"},
				"south": {"uv": [0, 0, 1, 1], "texture": "#3"},
				"west": {"uv": [0, 0, 1, 1], "texture": "#3"},
				"up": {"uv": [0, 0, 1, 1], "texture": "#3"},
				"down": {"uv": [0, 0, 1, 1], "texture": "#3"}
			}
		},
		{
			"from": [10.3, 1.7, 6],
			"to": [10.9, 2.3, 7.75],
			"faces": {
				"north": {"uv": [5, 3, 5.6, 3.75], "texture": "#5"},
				"east": {"uv": [5, 3, 5.6, 3.75], "texture": "#5"},
				"south": {"uv": [5, 3, 5.6, 3.75], "texture": "#5"},
				"west": {"uv": [5, 3, 5.6, 3.75], "texture": "#5"},
				"up": {"uv": [5, 3, 5.6, 3.75], "texture": "#5"},
				"down": {"uv": [5, 3, 5.6, 3.75], "texture": "#5"}
			}
		},
		{
			"from": [9, 1, 1],
			"to": [13, 2.5, 6],
			"faces": {
				"north": {"uv": [4, 6, 8, 11], "texture": "#5"},
				"east": {"uv": [4, 6, 8, 11], "texture": "#5"},
				"south": {"uv": [4, 6, 8, 7], "texture": "#5"},
				"west": {"uv": [4, 6, 5, 11], "texture": "#5", "rotation": 90},
				"up": {"uv": [4, 6, 8, 11], "texture": "#5"},
				"down": {"uv": [4, 6, 8, 11], "texture": "#5"}
			}
		},
		{
			"from": [5, 1, 11],
			"to": [11, 1.001, 14],
			"faces": {
				"north": {"uv": [0, 0, 1, 1], "texture": "#3"},
				"east": {"uv": [0, 0, 1, 1], "texture": "#3"},
				"south": {"uv": [0, 0, 1, 1], "texture": "#3"},
				"west": {"uv": [0, 0, 1, 1], "texture": "#3"},
				"up": {"uv": [4, 6, 10, 9], "texture": "#5"},
				"down": {"uv": [0, 0, 1, 1], "texture": "#3"}
			}
		},
		{
			"from": [8.97227, 1.5, 9.10983],
			"to": [9.97227, 2.5, 11.85983],
			"rotation": {"angle": -45, "axis": "y", "origin": [9.47227, 2, 10.98483]},
			"faces": {
				"north": {"uv": [0, 0, 1, 1], "texture": "#3"},
				"east": {"uv": [0, 0, 1, 1], "texture": "#3"},
				"south": {"uv": [0, 0, 1, 1], "texture": "#3"},
				"west": {"uv": [0, 0, 1, 1], "texture": "#3"},
				"up": {"uv": [0, 0, 1, 1], "texture": "#3"},
				"down": {"uv": [0, 0, 1, 1], "texture": "#3"}
			}
		},
		{
			"from": [10.25165, 1.6, 5.96256],
			"to": [10.95165, 2.4, 6.21256],
			"faces": {
				"north": {"uv": [0, 0, 1, 1], "texture": "#3"},
				"east": {"uv": [0, 0, 1, 1], "texture": "#3"},
				"south": {"uv": [0, 0, 1, 1], "texture": "#3"},
				"west": {"uv": [0, 0, 1, 1], "texture": "#3"},
				"up": {"uv": [0, 0, 1, 1], "texture": "#3"},
				"down": {"uv": [0, 0, 1, 1], "texture": "#3"}
			}
		},
		{
			"from": [10.15165, 1.5, 8.96256],
			"to": [11.15165, 2.5, 10.01256],
			"faces": {
				"north": {"uv": [0, 0, 1, 1], "texture": "#3"},
				"east": {"uv": [0, 0, 1.05, 1], "texture": "#3"},
				"south": {"uv": [0, 0, 1, 1], "texture": "#3"},
				"west": {"uv": [0, 0, 1.05, 1], "texture": "#3"},
				"up": {"uv": [0, 0, 1, 1.05], "texture": "#3"},
				"down": {"uv": [0, 0, 1, 1.05], "texture": "#3"}
			}
		},
		{
			"from": [10.5, 2.5, 1.75],
			"to": [12.25, 2.501, 3.5],
			"faces": {
				"north": {"uv": [2, 2, 2.5, 2.5], "texture": "#4", "rotation": 180},
				"east": {"uv": [2, 2, 2.5, 2.5], "texture": "#4", "rotation": 180},
				"south": {"uv": [2, 2, 2.5, 2.5], "texture": "#4", "rotation": 180},
				"west": {"uv": [2, 2, 2.5, 2.5], "texture": "#4", "rotation": 180},
				"up": {"uv": [2, 2, 14, 14], "texture": "#4", "rotation": 180},
				"down": {"uv": [2, 2, 2.5, 2.5], "texture": "#4", "rotation": 180}
			}
		},
		{
			"from": [9.50165, 2.53744, 4.35],
			"to": [10.05165, 2.68744, 5.15],
			"faces": {
				"north": {"uv": [0, 0, 1, 1], "texture": "#3", "rotation": 90},
				"east": {"uv": [0, 0, 1, 1], "texture": "#3", "rotation": 90},
				"south": {"uv": [0, 0, 1, 1], "texture": "#3", "rotation": 90},
				"west": {"uv": [0, 0, 1, 1], "texture": "#3", "rotation": 90},
				"up": {"uv": [0, 0, 1, 1], "texture": "#3", "rotation": 90},
				"down": {"uv": [0, 0, 1, 1], "texture": "#3", "rotation": 90}
			}
		},
		{
			"from": [9.60165, 2.68744, 4.7],
			"to": [9.95165, 3.08744, 4.8],
			"rotation": {"angle": 22.5, "axis": "x", "origin": [9.77665, 2.61244, 4.85]},
			"faces": {
				"north": {"uv": [0, 0, 1, 1], "texture": "#1", "rotation": 90},
				"east": {"uv": [0, 0, 1, 1], "texture": "#1", "rotation": 90},
				"south": {"uv": [0, 0, 1, 1], "texture": "#1", "rotation": 90},
				"west": {"uv": [0, 0, 1, 1], "texture": "#1", "rotation": 90},
				"up": {"uv": [0, 0, 1, 1], "texture": "#1", "rotation": 90},
				"down": {"uv": [0, 0, 1, 1], "texture": "#1", "rotation": 90}
			}
		},
		{
			"from": [9.50165, 2.53744, 2.85],
			"to": [10.05165, 2.68744, 3.65],
			"faces": {
				"north": {"uv": [0, 0, 1, 1], "texture": "#3", "rotation": 90},
				"east": {"uv": [0, 0, 1, 1], "texture": "#3", "rotation": 90},
				"south": {"uv": [0, 0, 1, 1], "texture": "#3", "rotation": 90},
				"west": {"uv": [0, 0, 1, 1], "texture": "#3", "rotation": 90},
				"up": {"uv": [0, 0, 1, 1], "texture": "#3", "rotation": 90},
				"down": {"uv": [0, 0, 1, 1], "texture": "#3", "rotation": 90}
			}
		},
		{
			"from": [9.60165, 2.58744, 3.2],
			"to": [9.95165, 2.98744, 3.3],
			"rotation": {"angle": 22.5, "axis": "x", "origin": [9.77665, 2.51244, 3.35]},
			"faces": {
				"north": {"uv": [0, 0, 1, 1], "texture": "#1", "rotation": 90},
				"east": {"uv": [0, 0, 1, 1], "texture": "#1", "rotation": 90},
				"south": {"uv": [0, 0, 1, 1], "texture": "#1", "rotation": 90},
				"west": {"uv": [0, 0, 1, 1], "texture": "#1", "rotation": 90},
				"up": {"uv": [0, 0, 1, 1], "texture": "#1", "rotation": 90},
				"down": {"uv": [0, 0, 1, 1], "texture": "#1", "rotation": 90}
			}
		},
		{
			"from": [6, 1, 5.75],
			"to": [8, 2.5, 9],
			"faces": {
				"north": {"uv": [4, 9, 6, 10], "texture": "#1"},
				"east": {"uv": [4, 7, 5, 10], "texture": "#1", "rotation": 90},
				"south": {"uv": [4, 9, 6, 10], "texture": "#1"},
				"west": {"uv": [4, 7, 5, 10], "texture": "#1", "rotation": 90},
				"up": {"uv": [4, 7, 6, 10], "texture": "#1"},
				"down": {"uv": [4, 7, 7, 10], "texture": "#1"}
			}
		},
		{
			"from": [5.75, 1, 8.25],
			"to": [8.25, 2.75, 8.75],
			"faces": {
				"north": {"uv": [4, 9, 6, 10], "texture": "#5"},
				"east": {"uv": [4, 9, 6, 10], "texture": "#5", "rotation": 90},
				"south": {"uv": [4, 9, 7, 11], "texture": "#5"},
				"west": {"uv": [4, 9, 6, 10], "texture": "#5", "rotation": 90},
				"up": {"uv": [4, 9, 7, 10], "texture": "#5"},
				"down": {"uv": [4, 9, 6, 10], "texture": "#5"}
			}
		},
		{
			"from": [5.75, 1, 7.5],
			"to": [8.25, 2.75, 8],
			"faces": {
				"north": {"uv": [4, 9, 6, 10], "texture": "#5"},
				"east": {"uv": [4, 9, 6, 10], "texture": "#5", "rotation": 90},
				"south": {"uv": [4, 9, 7, 11], "texture": "#5"},
				"west": {"uv": [4, 9, 6, 10], "texture": "#5", "rotation": 90},
				"up": {"uv": [4, 9, 7, 10], "texture": "#5"},
				"down": {"uv": [4, 9, 6, 10], "texture": "#5"}
			}
		},
		{
			"from": [5.75, 1, 6.75],
			"to": [8.25, 2.75, 7.25],
			"faces": {
				"north": {"uv": [4, 9, 6, 10], "texture": "#5"},
				"east": {"uv": [4, 9, 6, 10], "texture": "#5", "rotation": 90},
				"south": {"uv": [4, 9, 7, 11], "texture": "#5"},
				"west": {"uv": [4, 9, 6, 10], "texture": "#5", "rotation": 90},
				"up": {"uv": [4, 9, 7, 10], "texture": "#5"},
				"down": {"uv": [4, 9, 6, 10], "texture": "#5"}
			}
		},
		{
			"from": [5.75, 1, 6],
			"to": [8.25, 2.75, 6.5],
			"faces": {
				"north": {"uv": [4, 9, 6, 10], "texture": "#5"},
				"east": {"uv": [4, 9, 6, 10], "texture": "#5", "rotation": 90},
				"south": {"uv": [4, 9, 7, 11], "texture": "#5"},
				"west": {"uv": [4, 9, 6, 10], "texture": "#5", "rotation": 90},
				"up": {"uv": [4, 9, 7, 10], "texture": "#5"},
				"down": {"uv": [4, 9, 6, 10], "texture": "#5"}
			}
		},
		{
			"from": [8.5, 1.7, 3.25],
			"to": [9, 2.3, 3.85],
			"faces": {
				"north": {"uv": [5, 3, 6, 4], "texture": "#5"},
				"east": {"uv": [5, 3, 6, 4], "texture": "#5"},
				"south": {"uv": [5, 3, 6, 4], "texture": "#5"},
				"west": {"uv": [5, 3, 6, 4], "texture": "#5"},
				"up": {"uv": [5, 3, 6, 4], "texture": "#5", "rotation": 90},
				"down": {"uv": [5, 3, 6, 4], "texture": "#5", "rotation": 270}
			}
		},
		{
			"from": [8.78744, 1.6, 3.20165],
			"to": [9.03744, 2.4, 3.90165],
			"faces": {
				"north": {"uv": [0, 0, 1, 1], "texture": "#3"},
				"east": {"uv": [0, 0, 1, 1], "texture": "#3"},
				"south": {"uv": [0, 0, 1, 1], "texture": "#3"},
				"west": {"uv": [0, 0, 1, 1], "texture": "#3"},
				"up": {"uv": [0, 0, 1, 1], "texture": "#3", "rotation": 90},
				"down": {"uv": [0, 0, 1, 1], "texture": "#3", "rotation": 270}
			}
		},
		{
			"from": [7.5, 1.5, 3],
			"to": [8.5, 2.5, 4],
			"faces": {
				"north": {"uv": [0, 0, 1, 1], "texture": "#3"},
				"east": {"uv": [0, 0, 1, 1], "texture": "#3"},
				"south": {"uv": [0, 0, 1, 1], "texture": "#3"},
				"west": {"uv": [0, 0, 1, 1], "texture": "#3"},
				"up": {"uv": [0, 0, 1, 1], "texture": "#3", "rotation": 90},
				"down": {"uv": [0, 0, 1, 1], "texture": "#3", "rotation": 270}
			}
		},
		{
			"from": [7, 1.5, 3.20711],
			"to": [8, 2.5, 4.20711],
			"rotation": {"angle": 45, "axis": "y", "origin": [7.5, 2, 3.70711]},
			"faces": {
				"north": {"uv": [0, 0, 1, 1], "texture": "#3"},
				"east": {"uv": [0, 0, 1, 1], "texture": "#3"},
				"south": {"uv": [0, 0, 1, 1], "texture": "#3"},
				"west": {"uv": [0, 0, 1, 1], "texture": "#3"},
				"up": {"uv": [0, 0, 1, 1], "texture": "#3", "rotation": 90},
				"down": {"uv": [0, 0, 1, 1], "texture": "#3", "rotation": 270}
			}
		},
		{
			"from": [6.79289, 1.5, 3.70711],
			"to": [7.79289, 2.5, 5.20711],
			"faces": {
				"north": {"uv": [0, 0, 1, 1], "texture": "#3"},
				"east": {"uv": [0, 0, 1, 1], "texture": "#3"},
				"south": {"uv": [0, 0, 1, 1], "texture": "#3"},
				"west": {"uv": [0, 0, 1, 1], "texture": "#3"},
				"up": {"uv": [0, 0, 1, 1], "texture": "#3"},
				"down": {"uv": [0, 0, 1, 1], "texture": "#3"}
			}
		},
		{
			"from": [7, 1.7, 5.15],
			"to": [7.6, 2.3, 5.75],
			"faces": {
				"north": {"uv": [5, 3, 6, 4], "texture": "#5"},
				"east": {"uv": [5, 3, 6, 4], "texture": "#5"},
				"south": {"uv": [5, 3, 6, 4], "texture": "#5"},
				"west": {"uv": [5, 3, 6, 4], "texture": "#5"},
				"up": {"uv": [5, 3, 6, 4], "texture": "#5", "rotation": 180},
				"down": {"uv": [5, 3, 6, 4], "texture": "#5", "rotation": 180}
			}
		},
		{
			"from": [6.94835, 1.6, 5.53744],
			"to": [7.64835, 2.4, 5.78744],
			"faces": {
				"north": {"uv": [0, 0, 1, 1], "texture": "#3"},
				"east": {"uv": [0, 0, 1, 1], "texture": "#3"},
				"south": {"uv": [0, 0, 1, 1], "texture": "#3"},
				"west": {"uv": [0, 0, 1, 1], "texture": "#3"},
				"up": {"uv": [0, 0, 1, 1], "texture": "#3", "rotation": 180},
				"down": {"uv": [0, 0, 1, 1], "texture": "#3", "rotation": 180}
			}
		},
		{
			"from": [4, 1.7, 5.15],
			"to": [4.6, 2.3, 5.75],
			"faces": {
				"north": {"uv": [5, 3, 6, 4], "texture": "#5"},
				"east": {"uv": [5, 3, 6, 4], "texture": "#5"},
				"south": {"uv": [5, 3, 6, 4], "texture": "#5"},
				"west": {"uv": [5, 3, 6, 4], "texture": "#5"},
				"up": {"uv": [5, 3, 6, 4], "texture": "#5", "rotation": 180},
				"down": {"uv": [5, 3, 6, 4], "texture": "#5", "rotation": 180}
			}
		},
		{
			"from": [3.94835, 1.6, 5.53744],
			"to": [4.64835, 2.4, 5.78744],
			"faces": {
				"north": {"uv": [0, 0, 1, 1], "texture": "#3"},
				"east": {"uv": [0, 0, 1, 1], "texture": "#3"},
				"south": {"uv": [0, 0, 1, 1], "texture": "#3"},
				"west": {"uv": [0, 0, 1, 1], "texture": "#3"},
				"up": {"uv": [0, 0, 1, 1], "texture": "#3", "rotation": 180},
				"down": {"uv": [0, 0, 1, 1], "texture": "#3", "rotation": 180}
			}
		},
		{
			"from": [3.25, 1, 5.75],
			"to": [5.25, 2.5, 9],
			"faces": {
				"north": {"uv": [4, 9, 6, 10], "texture": "#1"},
				"east": {"uv": [4, 7, 5, 10], "texture": "#1", "rotation": 90},
				"south": {"uv": [4, 9, 6, 10], "texture": "#1"},
				"west": {"uv": [4, 7, 5, 10], "texture": "#1", "rotation": 90},
				"up": {"uv": [4, 7, 6, 10], "texture": "#1"},
				"down": {"uv": [4, 7, 7, 10], "texture": "#1"}
			}
		},
		{
			"from": [3, 1, 6],
			"to": [5.5, 2.75, 6.5],
			"faces": {
				"north": {"uv": [4, 9, 6, 10], "texture": "#5"},
				"east": {"uv": [4, 9, 6, 10], "texture": "#5", "rotation": 90},
				"south": {"uv": [4, 9, 7, 11], "texture": "#5"},
				"west": {"uv": [4, 9, 6, 10], "texture": "#5", "rotation": 90},
				"up": {"uv": [4, 9, 7, 10], "texture": "#5"},
				"down": {"uv": [4, 9, 6, 10], "texture": "#5"}
			}
		},
		{
			"from": [3, 1, 6.75],
			"to": [5.5, 2.75, 7.25],
			"faces": {
				"north": {"uv": [4, 9, 6, 10], "texture": "#5"},
				"east": {"uv": [4, 9, 6, 10], "texture": "#5", "rotation": 90},
				"south": {"uv": [4, 9, 7, 11], "texture": "#5"},
				"west": {"uv": [4, 9, 6, 10], "texture": "#5", "rotation": 90},
				"up": {"uv": [4, 9, 7, 10], "texture": "#5"},
				"down": {"uv": [4, 9, 6, 10], "texture": "#5"}
			}
		},
		{
			"from": [3, 1, 7.5],
			"to": [5.5, 2.75, 8],
			"faces": {
				"north": {"uv": [4, 9, 6, 10], "texture": "#5"},
				"east": {"uv": [4, 9, 6, 10], "texture": "#5", "rotation": 90},
				"south": {"uv": [4, 9, 7, 11], "texture": "#5"},
				"west": {"uv": [4, 9, 6, 10], "texture": "#5", "rotation": 90},
				"up": {"uv": [4, 9, 7, 10], "texture": "#5"},
				"down": {"uv": [4, 9, 6, 10], "texture": "#5"}
			}
		},
		{
			"from": [3, 1, 8.25],
			"to": [5.5, 2.75, 8.75],
			"faces": {
				"north": {"uv": [4, 9, 6, 10], "texture": "#5"},
				"east": {"uv": [4, 9, 6, 10], "texture": "#5", "rotation": 90},
				"south": {"uv": [4, 9, 7, 11], "texture": "#5"},
				"west": {"uv": [4, 9, 6, 10], "texture": "#5", "rotation": 90},
				"up": {"uv": [4, 9, 7, 10], "texture": "#5"},
				"down": {"uv": [4, 9, 6, 10], "texture": "#5"}
			}
		},
		{
			"from": [3.79289, 1.5, 2.95711],
			"to": [4.79289, 2.5, 5.20711],
			"faces": {
				"north": {"uv": [0, 0, 1, 1], "texture": "#3"},
				"east": {"uv": [0, 0, 1, 1], "texture": "#3"},
				"south": {"uv": [0, 0, 1, 1], "texture": "#3"},
				"west": {"uv": [0, 0, 1, 1], "texture": "#3"},
				"up": {"uv": [0, 0, 1, 1], "texture": "#3"},
				"down": {"uv": [0, 0, 1, 1], "texture": "#3"}
			}
		},
		{
			"from": [4, 1.7, 2.65],
			"to": [4.6, 2.3, 3.25],
			"faces": {
				"north": {"uv": [5, 3, 6, 4], "texture": "#5"},
				"east": {"uv": [5, 3, 6, 4], "texture": "#5"},
				"south": {"uv": [5, 3, 6, 4], "texture": "#5"},
				"west": {"uv": [5, 3, 6, 4], "texture": "#5"},
				"up": {"uv": [5, 3, 6, 4], "texture": "#5", "rotation": 180},
				"down": {"uv": [5, 3, 6, 4], "texture": "#5", "rotation": 180}
			}
		},
		{
			"from": [4.4, 1.7, 2.35],
			"to": [4.6, 2.3, 2.65],
			"faces": {
				"north": {"uv": [5, 3, 6, 4], "texture": "#5"},
				"east": {"uv": [5, 3, 6, 4], "texture": "#5"},
				"south": {"uv": [5, 3, 6, 4], "texture": "#5"},
				"west": {"uv": [5, 3, 6, 4], "texture": "#5"},
				"up": {"uv": [5, 3, 6, 4], "texture": "#5", "rotation": 180},
				"down": {"uv": [5, 3, 6, 4], "texture": "#5", "rotation": 180}
			}
		},
		{
			"from": [4.05, 1.7, 2.55],
			"to": [4.25, 2.3, 2.65],
			"faces": {
				"north": {"uv": [5, 3, 6, 4], "texture": "#5"},
				"east": {"uv": [5, 3, 6, 4], "texture": "#5"},
				"south": {"uv": [5, 3, 6, 4], "texture": "#5"},
				"west": {"uv": [5, 3, 6, 4], "texture": "#5"},
				"up": {"uv": [5, 3, 6, 4], "texture": "#5", "rotation": 180},
				"down": {"uv": [5, 3, 6, 4], "texture": "#5", "rotation": 180}
			}
		},
		{
			"from": [5.24289, 1.5, 7.54289],
			"to": [6.04289, 2.4, 7.94289],
			"faces": {
				"north": {"uv": [0, 0, 1, 1], "texture": "#3"},
				"east": {"uv": [0, 0, 1, 1], "texture": "#3"},
				"south": {"uv": [0, 0, 1, 1], "texture": "#3"},
				"west": {"uv": [0, 0, 1, 1], "texture": "#3"},
				"up": {"uv": [0, 0, 1, 1], "texture": "#3", "rotation": 90},
				"down": {"uv": [0, 0, 1, 1], "texture": "#3", "rotation": 270}
			}
		},
		{
			"from": [5.24289, 1.5, 6.79289],
			"to": [6.04289, 2.4, 7.19289],
			"faces": {
				"north": {"uv": [0, 0, 1, 1], "texture": "#3"},
				"east": {"uv": [0, 0, 1, 1], "texture": "#3"},
				"south": {"uv": [0, 0, 1, 1], "texture": "#3"},
				"west": {"uv": [0, 0, 1, 1], "texture": "#3"},
				"up": {"uv": [0, 0, 1, 1], "texture": "#3", "rotation": 90},
				"down": {"uv": [0, 0, 1, 1], "texture": "#3", "rotation": 270}
			}
		},
		{
			"from": [3, 1, 1],
			"to": [6, 2.5, 2],
			"faces": {
				"north": {"uv": [4, 6, 7, 7.5], "texture": "#5"},
				"east": {"uv": [4, 6, 5, 6.5], "texture": "#5"},
				"south": {"uv": [4, 6, 7, 6.5], "texture": "#5"},
				"west": {"uv": [4, 6, 5.5, 7], "texture": "#5", "rotation": 90},
				"up": {"uv": [4, 6, 7, 7], "texture": "#5"},
				"down": {"uv": [4, 6, 7, 7], "texture": "#5"}
			}
		},
		{
			"from": [3.7, 1.5, 10],
			"to": [6.5, 2.5, 11],
			"faces": {
				"north": {"uv": [0, 0, 2.8, 1], "texture": "#3"},
				"east": {"uv": [0, 0, 1, 1], "texture": "#3"},
				"south": {"uv": [0, 0, 2.8, 1], "texture": "#3"},
				"west": {"uv": [0, 0, 1, 1], "texture": "#3"},
				"up": {"uv": [0, 0, 2.8, 1], "texture": "#3"},
				"down": {"uv": [0, 0, 2.8, 1], "texture": "#3"}
			}
		},
		{
			"from": [3.9, 1.7, 9],
			"to": [4.5, 2.3, 9.6],
			"faces": {
				"north": {"uv": [5, 3, 5.6, 3.6], "texture": "#5"},
				"east": {"uv": [5, 3, 5.6, 3.6], "texture": "#5"},
				"south": {"uv": [5, 3, 5.6, 3.6], "texture": "#5"},
				"west": {"uv": [5, 3, 5.6, 3.6], "texture": "#5"},
				"up": {"uv": [5, 3, 5.6, 3.6], "texture": "#5"},
				"down": {"uv": [5, 3, 5.6, 3.6], "texture": "#5"}
			}
		},
		{
			"from": [3.85165, 1.6, 8.96256],
			"to": [4.55165, 2.4, 9.21256],
			"faces": {
				"north": {"uv": [0, 0, 0.7, 0.8], "texture": "#3"},
				"east": {"uv": [0, 0, 0.25, 0.8], "texture": "#3"},
				"south": {"uv": [0, 0, 0.7, 0.8], "texture": "#3"},
				"west": {"uv": [0, 0, 0.25, 0.8], "texture": "#3"},
				"up": {"uv": [0, 0, 0.7, 0.25], "texture": "#3"},
				"down": {"uv": [0, 0, 0.7, 0.25], "texture": "#3"}
			}
		},
		{
			"from": [3.7, 1.5, 9.5],
			"to": [4.75, 2.5, 10],
			"faces": {
				"north": {"uv": [0, 0, 1.05, 1], "texture": "#3"},
				"east": {"uv": [0, 0, 0.5, 1], "texture": "#3"},
				"south": {"uv": [0, 0, 1.05, 1], "texture": "#3"},
				"west": {"uv": [0, 0, 0.5, 1], "texture": "#3"},
				"up": {"uv": [0, 0, 1.05, 0.5], "texture": "#3"},
				"down": {"uv": [0, 0, 1.05, 0.5], "texture": "#3"}
			}
		},
		{
			"from": [13.02766, 2.74123, 3],
			"to": [13.52766, 3.84123, 3.5],
			"faces": {
				"north": {"uv": [0, 0, 0.5, 1.1], "texture": "#3"},
				"east": {"uv": [0, 0, 0.5, 1.1], "texture": "#3"},
				"south": {"uv": [0, 0, 0.5, 1.1], "texture": "#3"},
				"west": {"uv": [0, 0, 0.5, 1.1], "texture": "#3"},
				"up": {"uv": [0, 0, 0.5, 0.5], "texture": "#3", "rotation": 90},
				"down": {"uv": [0, 0, 0.5, 0.5], "texture": "#3", "rotation": 270}
			}
		},
		{
			"from": [13.21901, 3.80317, 3],
			"to": [13.46901, 13.80317, 3.5],
			"rotation": {"angle": -22.5, "axis": "z", "origin": [13.21901, 4.30317, 3.25]},
			"faces": {
				"north": {"uv": [0, 0, 1, 16], "texture": "#3"},
				"east": {"uv": [0, 0, 1, 16], "texture": "#3"},
				"south": {"uv": [0, 0, 1, 16], "texture": "#3"},
				"west": {"uv": [0, 0, 1, 16], "texture": "#3"},
				"up": {"uv": [0, 0, 1, 1], "texture": "#3", "rotation": 90},
				"down": {"uv": [0, 0, 1, 16], "texture": "#3", "rotation": 270}
			}
		},
		{
			"from": [13.21901, 13.30317, 3.5],
			"to": [13.46901, 13.80317, 11.35],
			"rotation": {"angle": -22.5, "axis": "z", "origin": [13.21901, 4.30317, 3.25]},
			"faces": {
				"north": {"uv": [0, 0, 1, 16], "texture": "#3", "rotation": 90},
				"east": {"uv": [0, 0, 1, 16], "texture": "#3", "rotation": 90},
				"south": {"uv": [0, 0, 1, 16], "texture": "#3", "rotation": 90},
				"west": {"uv": [5, 0, 6, 16], "texture": "#3", "rotation": 90},
				"up": {"uv": [4, 0, 5, 16], "texture": "#3", "rotation": 180},
				"down": {"uv": [12, 0, 13, 16], "texture": "#3", "rotation": 180}
			}
		},
		{
			"from": [13.40602, 12.94608, 11.3],
			"to": [13.75602, 13.89608, 12.3],
			"rotation": {"angle": -22.5, "axis": "z", "origin": [13.50602, 4.99608, 3.3]},
			"faces": {
				"north": {"uv": [6, 1, 7, 2], "texture": "#5", "rotation": 90},
				"east": {"uv": [6, 1, 7, 2], "texture": "#5", "rotation": 90},
				"south": {"uv": [6, 1, 7, 2], "texture": "#5", "rotation": 90},
				"west": {"uv": [6, 1, 7, 2], "texture": "#5", "rotation": 90},
				"up": {"uv": [6, 1, 7, 2], "texture": "#5", "rotation": 90},
				"down": {"uv": [6, 1, 7, 2], "texture": "#5", "rotation": 90}
			}
		},
		{
			"from": [10.15165, 1.5, 6.46256],
			"to": [11.15165, 2.5, 7.51256],
			"faces": {
				"north": {"uv": [0, 0, 1, 1], "texture": "#3"},
				"east": {"uv": [0, 0, 1.05, 1], "texture": "#3"},
				"south": {"uv": [0, 0, 1, 1], "texture": "#3"},
				"west": {"uv": [0, 0, 1.05, 1], "texture": "#3"},
				"up": {"uv": [0, 0, 1, 1.05], "texture": "#3"},
				"down": {"uv": [0, 0, 1, 1.05], "texture": "#3"}
			}
		},
		{
			"from": [10.3, 1.7, 8.75],
			"to": [10.9, 2.3, 9],
			"faces": {
				"north": {"uv": [5, 3, 5.6, 3.6], "texture": "#5"},
				"east": {"uv": [5, 3, 5.25, 3.6], "texture": "#5"},
				"south": {"uv": [5, 3, 5.6, 3.6], "texture": "#5"},
				"west": {"uv": [5, 3, 5.25, 3.6], "texture": "#5"},
				"up": {"uv": [5, 3, 5.6, 3.25], "texture": "#5"},
				"down": {"uv": [5, 3, 5.6, 3.25], "texture": "#5"}
			}
		},
		{
			"from": [10.55, 1.7, 8.5],
			"to": [10.9, 2.3, 8.75],
			"faces": {
				"north": {"uv": [5, 3, 5.35, 3.6], "texture": "#5"},
				"east": {"uv": [5, 3, 5.25, 3.6], "texture": "#5"},
				"south": {"uv": [5, 3, 5.35, 3.6], "texture": "#5"},
				"west": {"uv": [5, 3, 5.25, 3.6], "texture": "#5"},
				"up": {"uv": [5, 3, 5.35, 3.25], "texture": "#5"},
				"down": {"uv": [5, 3, 5.35, 3.25], "texture": "#5"}
			}
		},
		{
			"from": [10.3, 1.7, 7.75],
			"to": [10.55, 2.3, 8],
			"faces": {
				"north": {"uv": [5, 3, 5.25, 3.6], "texture": "#5"},
				"east": {"uv": [5, 3, 5.25, 3.6], "texture": "#5"},
				"south": {"uv": [5, 3, 5.25, 3.6], "texture": "#5"},
				"west": {"uv": [5, 3, 5.25, 3.6], "texture": "#5"},
				"up": {"uv": [5, 3, 5.25, 3.25], "texture": "#5"},
				"down": {"uv": [5, 3, 5.25, 3.25], "texture": "#5"}
			}
		},
		{
			"from": [10.55, 1.7, 7.75],
			"to": [10.8, 2.3, 7.9],
			"faces": {
				"north": {"uv": [5, 3, 5.25, 3.6], "texture": "#5"},
				"east": {"uv": [5, 3, 5.15, 3.6], "texture": "#5"},
				"south": {"uv": [5, 3, 5.25, 3.6], "texture": "#5"},
				"west": {"uv": [5, 3, 5.15, 3.6], "texture": "#5"},
				"up": {"uv": [5, 3, 5.25, 3.15], "texture": "#5"},
				"down": {"uv": [5, 3, 5.25, 3.15], "texture": "#5"}
			}
		},
		{
			"from": [16.2, 4.25, 9],
			"to": [16.202, 11, 12.25],
			"rotation": {"angle": -22.5, "axis": "z", "origin": [16.201, 7.625, 10.625]},
			"faces": {
				"north": {"uv": [2.5, 2.5, 3, 3], "texture": "#1_4", "rotation": 270},
				"east": {"uv": [0, 0, 16, 10], "texture": "#6", "rotation": 270},
				"south": {"uv": [2.5, 2.5, 3, 3], "texture": "#1_4", "rotation": 270},
				"west": {"uv": [2.5, 2.5, 3, 3], "texture": "#1_4", "rotation": 90},
				"up": {"uv": [2.5, 2.5, 3, 3], "texture": "#1_4", "rotation": 180},
				"down": {"uv": [2.5, 2.5, 3, 3], "texture": "#1_4"}
			}
		},
		{
			"from": [16.2, 3.75, 8.5],
			"to": [16.201, 11.5, 12.75],
			"rotation": {"angle": -22.5, "axis": "z", "origin": [16.2005, 7.625, 10.625]},
			"faces": {
				"north": {"uv": [2.5, 2.5, 3, 3], "texture": "#1_4", "rotation": 270},
				"east": {"uv": [2, 2, 14, 8], "texture": "#1_3", "rotation": 270},
				"south": {"uv": [2.5, 2.5, 3, 3], "texture": "#1_4", "rotation": 270},
				"west": {"uv": [2.5, 2.5, 3, 3], "texture": "#1_4", "rotation": 90},
				"up": {"uv": [2.5, 2.5, 3, 3], "texture": "#1_4", "rotation": 180},
				"down": {"uv": [2.5, 2.5, 3, 3], "texture": "#1_4"}
			}
		}
	],
	"groups": [
		{
			"name": "oak_button",
			"isOpen": true,
			"shade": true,
			"display": {
				"visibility": true,
				"autouv": true
			},
			"children": [0, 1, 2, 3, 4, 5, 6, 7, 8, 9, 10, 11, 12, 13, 14, 15, 16, 17, 18, 19, 20, 21, 22, 23, 24, 25, 26, 27, 28, 29, 30, 31, 32, 33, 34, 35, 36, 37, 38, 39, 40, 41, 42, 43, 44, 45, 46, 47, 48, 49, 50, 51, 52, 53, 54, 55, 56, 57, 58, 59, 60, 61, 62, 63, 64, 65, 66, 67, 68]
		},
		{
			"name": "birch_button",
			"isOpen": true,
			"shade": true,
			"display": {
				"visibility": true,
				"autouv": true
			},
			"children": [69, 70]
		}
	]
}