{
	"parent": "block/block",
	"textures": {
		"0": "_custom/steel",
		"1": "block/purpur_pillar",
		"particle": "_custom/steel"
	},
	"elements": [
		{
			"from": [0, 0, 14],
			"to": [2, 16, 16],
			"faces": {
				"north": {"uv": [0, 0, 2, 16], "texture": "#0"},
				"east": {"uv": [0, 0, 2, 16], "texture": "#0"},
				"south": {"uv": [0, 0, 2, 16], "texture": "#0"},
				"west": {"uv": [0, 0, 2, 16], "texture": "#0"},
				"up": {"uv": [0, 0, 2, 2], "texture": "#0", "rotation": 270},
				"down": {"uv": [0, 0, 2, 2], "texture": "#0", "rotation": 90}
			}
		},
		{
			"from": [-0.25, 0.5, 14.5],
			"to": [0, 1.5, 15.5],
			"faces": {
				"north": {"uv": [4, 13, 5, 14], "texture": "#0"},
				"east": {"uv": [4, 13, 5, 14], "texture": "#0"},
				"south": {"uv": [4, 13, 5, 14], "texture": "#0"},
				"west": {"uv": [0, 0, 1, 1], "texture": "#0"},
				"up": {"uv": [4, 13, 5, 14], "texture": "#0", "rotation": 270},
				"down": {"uv": [4, 13, 5, 14], "texture": "#0", "rotation": 90}
			}
		},
		{
			"from": [-0.25, 14.5, 14.5],
			"to": [0, 15.5, 15.5],
			"faces": {
				"north": {"uv": [4, 13, 5, 14], "texture": "#0"},
				"east": {"uv": [4, 13, 5, 14], "texture": "#0"},
				"south": {"uv": [4, 13, 5, 14], "texture": "#0"},
				"west": {"uv": [0, 0, 1, 1], "texture": "#0"},
				"up": {"uv": [4, 13, 5, 14], "texture": "#0", "rotation": 270},
				"down": {"uv": [4, 13, 5, 14], "texture": "#0", "rotation": 90}
			}
		},
		{
			"from": [0.5, 14.5, 16],
			"to": [1.5, 15.5, 16.25],
			"faces": {
				"north": {"uv": [4, 13, 5, 14], "texture": "#0"},
				"east": {"uv": [4, 13, 5, 14], "texture": "#0"},
				"south": {"uv": [0, 0, 1, 1], "texture": "#0"},
				"west": {"uv": [4, 13, 5, 14], "texture": "#0"},
				"up": {"uv": [4, 13, 5, 14], "texture": "#0", "rotation": 180},
				"down": {"uv": [4, 13, 5, 14], "texture": "#0", "rotation": 180}
			}
		},
		{
			"from": [0.5, 0.5, 16],
			"to": [1.5, 1.5, 16.25],
			"faces": {
				"north": {"uv": [4, 13, 5, 14], "texture": "#0"},
				"east": {"uv": [4, 13, 5, 14], "texture": "#0"},
				"south": {"uv": [0, 0, 1, 1], "texture": "#0"},
				"west": {"uv": [4, 13, 5, 14], "texture": "#0"},
				"up": {"uv": [4, 13, 5, 14], "texture": "#0", "rotation": 180},
				"down": {"uv": [4, 13, 5, 14], "texture": "#0", "rotation": 180}
			}
		},
		{
			"from": [0.36, 7.5, -0.25],
			"to": [1.61, 8.5, 16.25],
			"rotation": {"angle": 45, "axis": "x", "origin": [1.01, 8, 7.75]},
			"faces": {
				"north": {"uv": [6, 0, 7, 1], "texture": "#1", "rotation": 90},
				"east": {"uv": [6, 0, 8, 14], "texture": "#1", "rotation": 90},
				"south": {"uv": [6, 0, 8, 14], "texture": "#1", "rotation": 90},
				"west": {"uv": [6, 0, 8, 14], "texture": "#1", "rotation": 90},
				"up": {"uv": [6, 0, 8, 14], "texture": "#1", "rotation": 180},
				"down": {"uv": [6, 0, 8, 14], "texture": "#1"}
			}
		},
		{
			"from": [0.4, 7.5, -0.25],
			"to": [1.6, 8.5, 16.5],
			"rotation": {"angle": -45, "axis": "x", "origin": [1, 8, 7.75]},
			"faces": {
				"north": {"uv": [6, 0, 7, 1], "texture": "#1", "rotation": 90},
				"east": {"uv": [6, 0, 8, 14], "texture": "#1", "rotation": 90},
				"south": {"uv": [6, 0, 8, 14], "texture": "#1", "rotation": 90},
				"west": {"uv": [6, 0, 8, 14], "texture": "#1", "rotation": 90},
				"up": {"uv": [6, 0, 8, 14], "texture": "#1", "rotation": 180},
				"down": {"uv": [6, 0, 8, 16], "texture": "#1"}
			}
		},
		{
			"from": [0, 0, 0],
			"to": [2, 16, 2],
			"faces": {
				"north": {"uv": [0, 0, 2, 16], "texture": "#0"},
				"east": {"uv": [0, 0, 2, 16], "texture": "#0"},
				"south": {"uv": [0, 0, 2, 16], "texture": "#0"},
				"west": {"uv": [0, 0, 2, 16], "texture": "#0"},
				"up": {"uv": [0, 0, 2, 2], "texture": "#0"},
				"down": {"uv": [0, 0, 2, 2], "texture": "#0"}
			}
		},
		{
			"from": [2, 0, 0.5],
			"to": [2.5, 16, 1.5],
			"faces": {
				"north": {"uv": [6, 2, 8, 14], "texture": "#1"},
				"east": {"uv": [6, 2, 8, 14], "texture": "#1"},
				"south": {"uv": [6, 2, 8, 14], "texture": "#1"},
				"west": {"uv": [6, 2, 8, 14], "texture": "#1"},
				"up": {"uv": [6, 2, 8, 14], "texture": "#1"},
				"down": {"uv": [6, 2, 8, 14], "texture": "#1"}
			}
		},
		{
			"from": [0.5, 0.5, -0.25],
			"to": [1.5, 1.5, 0],
			"faces": {
				"north": {"uv": [0, 0, 1, 1], "texture": "#0"},
				"east": {"uv": [4, 13, 5, 14], "texture": "#0"},
				"south": {"uv": [4, 13, 5, 14], "texture": "#0"},
				"west": {"uv": [4, 13, 5, 14], "texture": "#0"},
				"up": {"uv": [4, 13, 5, 14], "texture": "#0"},
				"down": {"uv": [4, 13, 5, 14], "texture": "#0"}
			}
		},
		{
			"from": [0.5, 14.5, -0.25],
			"to": [1.5, 15.5, 0],
			"faces": {
				"north": {"uv": [0, 0, 1, 1], "texture": "#0"},
				"east": {"uv": [4, 13, 5, 14], "texture": "#0"},
				"south": {"uv": [4, 13, 5, 14], "texture": "#0"},
				"west": {"uv": [4, 13, 5, 14], "texture": "#0"},
				"up": {"uv": [4, 13, 5, 14], "texture": "#0"},
				"down": {"uv": [4, 13, 5, 14], "texture": "#0"}
			}
		},
		{
			"from": [-0.25, 14.5, 0.5],
			"to": [0, 15.5, 1.5],
			"faces": {
				"north": {"uv": [4, 13, 5, 14], "texture": "#0"},
				"east": {"uv": [4, 13, 5, 14], "texture": "#0"},
				"south": {"uv": [4, 13, 5, 14], "texture": "#0"},
				"west": {"uv": [0, 0, 1, 1], "texture": "#0"},
				"up": {"uv": [4, 13, 5, 14], "texture": "#0", "rotation": 270},
				"down": {"uv": [4, 13, 5, 14], "texture": "#0", "rotation": 90}
			}
		},
		{
			"from": [-0.25, 0.5, 0.5],
			"to": [0, 1.5, 1.5],
			"faces": {
				"north": {"uv": [4, 13, 5, 14], "texture": "#0"},
				"east": {"uv": [4, 13, 5, 14], "texture": "#0"},
				"south": {"uv": [4, 13, 5, 14], "texture": "#0"},
				"west": {"uv": [0, 0, 1, 1], "texture": "#0"},
				"up": {"uv": [4, 13, 5, 14], "texture": "#0", "rotation": 270},
				"down": {"uv": [4, 13, 5, 14], "texture": "#0", "rotation": 90}
			}
		},
		{
			"from": [-0.25, 7.5, 0.36],
			"to": [16.25, 8.5, 1.61],
			"rotation": {"angle": 45, "axis": "z", "origin": [8.25, 8, 1.01]},
			"faces": {
				"north": {"uv": [6, 0, 8, 14], "texture": "#1", "rotation": 90},
				"east": {"uv": [6, 0, 7, 1], "texture": "#1", "rotation": 90},
				"south": {"uv": [6, 0, 8, 14], "texture": "#1", "rotation": 90},
				"west": {"uv": [6, 0, 8, 14], "texture": "#1", "rotation": 90},
				"up": {"uv": [6, 0, 8, 14], "texture": "#1", "rotation": 270},
				"down": {"uv": [6, 0, 8, 14], "texture": "#1", "rotation": 270}
			}
		},
		{
			"from": [-0.5, 7.5, 0.4],
			"to": [16.25, 8.5, 1.6],
			"rotation": {"angle": -45, "axis": "z", "origin": [8.25, 8, 1]},
			"faces": {
				"north": {"uv": [6, 0, 8, 14], "texture": "#1", "rotation": 90},
				"east": {"uv": [6, 0, 7, 1], "texture": "#1", "rotation": 90},
				"south": {"uv": [6, 0, 8, 14], "texture": "#1", "rotation": 90},
				"west": {"uv": [6, 0, 8, 14], "texture": "#1", "rotation": 90},
				"up": {"uv": [6, 0, 8, 14], "texture": "#1", "rotation": 270},
				"down": {"uv": [6, 0, 8, 16], "texture": "#1", "rotation": 270}
			}
		},
		{
			"from": [14, 0, 0],
			"to": [16, 16, 2],
			"faces": {
				"north": {"uv": [0, 0, 2, 16], "texture": "#0"},
				"east": {"uv": [0, 0, 2, 16], "texture": "#0"},
				"south": {"uv": [0, 0, 2, 16], "texture": "#0"},
				"west": {"uv": [0, 0, 2, 16], "texture": "#0"},
				"up": {"uv": [0, 0, 2, 2], "texture": "#0", "rotation": 90},
				"down": {"uv": [0, 0, 2, 2], "texture": "#0", "rotation": 270}
			}
		},
		{
			"from": [16, 0.5, 0.5],
			"to": [16.25, 1.5, 1.5],
			"faces": {
				"north": {"uv": [4, 13, 5, 14], "texture": "#0"},
				"east": {"uv": [0, 0, 1, 1], "texture": "#0"},
				"south": {"uv": [4, 13, 5, 14], "texture": "#0"},
				"west": {"uv": [4, 13, 5, 14], "texture": "#0"},
				"up": {"uv": [4, 13, 5, 14], "texture": "#0", "rotation": 90},
				"down": {"uv": [4, 13, 5, 14], "texture": "#0", "rotation": 270}
			}
		},
		{
			"from": [16, 14.5, 0.5],
			"to": [16.25, 15.5, 1.5],
			"faces": {
				"north": {"uv": [4, 13, 5, 14], "texture": "#0"},
				"east": {"uv": [0, 0, 1, 1], "texture": "#0"},
				"south": {"uv": [4, 13, 5, 14], "texture": "#0"},
				"west": {"uv": [4, 13, 5, 14], "texture": "#0"},
				"up": {"uv": [4, 13, 5, 14], "texture": "#0", "rotation": 90},
				"down": {"uv": [4, 13, 5, 14], "texture": "#0", "rotation": 270}
			}
		},
		{
			"from": [14.5, 14.5, -0.25],
			"to": [15.5, 15.5, 0],
			"faces": {
				"north": {"uv": [0, 0, 1, 1], "texture": "#0"},
				"east": {"uv": [4, 13, 5, 14], "texture": "#0"},
				"south": {"uv": [4, 13, 5, 14], "texture": "#0"},
				"west": {"uv": [4, 13, 5, 14], "texture": "#0"},
				"up": {"uv": [4, 13, 5, 14], "texture": "#0"},
				"down": {"uv": [4, 13, 5, 14], "texture": "#0"}
			}
		},
		{
			"from": [14.5, 0.5, -0.25],
			"to": [15.5, 1.5, 0],
			"faces": {
				"north": {"uv": [0, 0, 1, 1], "texture": "#0"},
				"east": {"uv": [4, 13, 5, 14], "texture": "#0"},
				"south": {"uv": [4, 13, 5, 14], "texture": "#0"},
				"west": {"uv": [4, 13, 5, 14], "texture": "#0"},
				"up": {"uv": [4, 13, 5, 14], "texture": "#0"},
				"down": {"uv": [4, 13, 5, 14], "texture": "#0"}
			}
		},
		{
			"from": [14.39, 7.5, -0.25],
			"to": [15.64, 8.5, 16.25],
			"rotation": {"angle": -45, "axis": "x", "origin": [14.99, 8, 8.25]},
			"faces": {
				"north": {"uv": [6, 0, 8, 14], "texture": "#1", "rotation": 90},
				"east": {"uv": [6, 0, 8, 14], "texture": "#1", "rotation": 90},
				"south": {"uv": [6, 0, 7, 1], "texture": "#1", "rotation": 90},
				"west": {"uv": [6, 0, 8, 14], "texture": "#1", "rotation": 90},
				"up": {"uv": [6, 0, 8, 14], "texture": "#1"},
				"down": {"uv": [6, 0, 8, 14], "texture": "#1", "rotation": 180}
			}
		},
		{
			"from": [14.4, 7.5, -0.5],
			"to": [15.6, 8.5, 16.25],
			"rotation": {"angle": 45, "axis": "x", "origin": [15, 8, 8.25]},
			"faces": {
				"north": {"uv": [6, 0, 8, 14], "texture": "#1", "rotation": 90},
				"east": {"uv": [6, 0, 8, 14], "texture": "#1", "rotation": 90},
				"south": {"uv": [6, 0, 7, 1], "texture": "#1", "rotation": 90},
				"west": {"uv": [6, 0, 8, 14], "texture": "#1", "rotation": 90},
				"up": {"uv": [6, 0, 8, 14], "texture": "#1"},
				"down": {"uv": [6, 0, 8, 16], "texture": "#1", "rotation": 180}
			}
		},
		{
			"from": [14, 0, 14],
			"to": [16, 16, 16],
			"faces": {
				"north": {"uv": [0, 0, 2, 16], "texture": "#0"},
				"east": {"uv": [0, 0, 2, 16], "texture": "#0"},
				"south": {"uv": [0, 0, 2, 16], "texture": "#0"},
				"west": {"uv": [0, 0, 2, 16], "texture": "#0"},
				"up": {"uv": [0, 0, 2, 2], "texture": "#0", "rotation": 180},
				"down": {"uv": [0, 0, 2, 2], "texture": "#0", "rotation": 180}
			}
		},
		{
			"from": [14.5, 0.5, 16],
			"to": [15.5, 1.5, 16.25],
			"faces": {
				"north": {"uv": [4, 13, 5, 14], "texture": "#0"},
				"east": {"uv": [4, 13, 5, 14], "texture": "#0"},
				"south": {"uv": [0, 0, 1, 1], "texture": "#0"},
				"west": {"uv": [4, 13, 5, 14], "texture": "#0"},
				"up": {"uv": [4, 13, 5, 14], "texture": "#0", "rotation": 180},
				"down": {"uv": [4, 13, 5, 14], "texture": "#0", "rotation": 180}
			}
		},
		{
			"from": [14.5, 14.5, 16],
			"to": [15.5, 15.5, 16.25],
			"faces": {
				"north": {"uv": [4, 13, 5, 14], "texture": "#0"},
				"east": {"uv": [4, 13, 5, 14], "texture": "#0"},
				"south": {"uv": [0, 0, 1, 1], "texture": "#0"},
				"west": {"uv": [4, 13, 5, 14], "texture": "#0"},
				"up": {"uv": [4, 13, 5, 14], "texture": "#0", "rotation": 180},
				"down": {"uv": [4, 13, 5, 14], "texture": "#0", "rotation": 180}
			}
		},
		{
			"from": [16, 14.5, 14.5],
			"to": [16.25, 15.5, 15.5],
			"faces": {
				"north": {"uv": [4, 13, 5, 14], "texture": "#0"},
				"east": {"uv": [0, 0, 1, 1], "texture": "#0"},
				"south": {"uv": [4, 13, 5, 14], "texture": "#0"},
				"west": {"uv": [4, 13, 5, 14], "texture": "#0"},
				"up": {"uv": [4, 13, 5, 14], "texture": "#0", "rotation": 90},
				"down": {"uv": [4, 13, 5, 14], "texture": "#0", "rotation": 270}
			}
		},
		{
			"from": [16, 0.5, 14.5],
			"to": [16.25, 1.5, 15.5],
			"faces": {
				"north": {"uv": [4, 13, 5, 14], "texture": "#0"},
				"east": {"uv": [0, 0, 1, 1], "texture": "#0"},
				"south": {"uv": [4, 13, 5, 14], "texture": "#0"},
				"west": {"uv": [4, 13, 5, 14], "texture": "#0"},
				"up": {"uv": [4, 13, 5, 14], "texture": "#0", "rotation": 90},
				"down": {"uv": [4, 13, 5, 14], "texture": "#0", "rotation": 270}
			}
		},
		{
			"from": [-0.25, 7.5, 14.39],
			"to": [16.25, 8.5, 15.64],
			"rotation": {"angle": -45, "axis": "z", "origin": [7.75, 8, 14.99]},
			"faces": {
				"north": {"uv": [6, 0, 8, 14], "texture": "#1", "rotation": 90},
				"east": {"uv": [6, 0, 8, 14], "texture": "#1", "rotation": 90},
				"south": {"uv": [6, 0, 8, 14], "texture": "#1", "rotation": 90},
				"west": {"uv": [6, 0, 7, 1], "texture": "#1", "rotation": 90},
				"up": {"uv": [6, 0, 8, 14], "texture": "#1", "rotation": 90},
				"down": {"uv": [6, 0, 8, 14], "texture": "#1", "rotation": 90}
			}
		},
		{
			"from": [-0.25, 7.5, 14.4],
			"to": [16.5, 8.5, 15.6],
			"rotation": {"angle": 45, "axis": "z", "origin": [7.75, 8, 15]},
			"faces": {
				"north": {"uv": [6, 0, 8, 14], "texture": "#1", "rotation": 90},
				"east": {"uv": [6, 0, 8, 14], "texture": "#1", "rotation": 90},
				"south": {"uv": [6, 0, 8, 14], "texture": "#1", "rotation": 90},
				"west": {"uv": [6, 0, 7, 1], "texture": "#1", "rotation": 90},
				"up": {"uv": [6, 0, 8, 14], "texture": "#1", "rotation": 90},
				"down": {"uv": [6, 0, 8, 16], "texture": "#1", "rotation": 90}
			}
		},
		{
			"from": [13.5, 0, 0.5],
			"to": [14, 16, 1.5],
			"faces": {
				"north": {"uv": [8, 2, 6, 14], "texture": "#1"},
				"east": {"uv": [8, 2, 6, 14], "texture": "#1"},
				"south": {"uv": [8, 2, 6, 14], "texture": "#1"},
				"west": {"uv": [8, 2, 6, 14], "texture": "#1"},
				"up": {"uv": [8, 2, 6, 14], "texture": "#1"},
				"down": {"uv": [8, 2, 6, 14], "texture": "#1"}
			}
		},
		{
			"from": [14.5, 0, 2],
			"to": [15.5, 16, 2.5],
			"faces": {
				"north": {"uv": [6, 2, 8, 14], "texture": "#1"},
				"east": {"uv": [6, 2, 8, 14], "texture": "#1"},
				"south": {"uv": [6, 2, 8, 14], "texture": "#1"},
				"west": {"uv": [6, 2, 8, 14], "texture": "#1"},
				"up": {"uv": [6, 2, 8, 14], "texture": "#1", "rotation": 90},
				"down": {"uv": [6, 2, 8, 14], "texture": "#1", "rotation": 270}
			}
		},
		{
			"from": [14.5, 0, 13.5],
			"to": [15.5, 16, 14],
			"faces": {
				"north": {"uv": [8, 2, 6, 14], "texture": "#1"},
				"east": {"uv": [8, 2, 6, 14], "texture": "#1"},
				"south": {"uv": [8, 2, 6, 14], "texture": "#1"},
				"west": {"uv": [8, 2, 6, 14], "texture": "#1"},
				"up": {"uv": [8, 2, 6, 14], "texture": "#1", "rotation": 90},
				"down": {"uv": [8, 2, 6, 14], "texture": "#1", "rotation": 270}
			}
		},
		{
			"from": [13.5, 0, 14.5],
			"to": [14, 16, 15.5],
			"faces": {
				"north": {"uv": [6, 2, 8, 14], "texture": "#1"},
				"east": {"uv": [6, 2, 8, 14], "texture": "#1"},
				"south": {"uv": [6, 2, 8, 14], "texture": "#1"},
				"west": {"uv": [6, 2, 8, 14], "texture": "#1"},
				"up": {"uv": [6, 2, 8, 14], "texture": "#1", "rotation": 180},
				"down": {"uv": [6, 2, 8, 14], "texture": "#1", "rotation": 180}
			}
		},
		{
			"from": [2, 0, 14.5],
			"to": [2.5, 16, 15.5],
			"faces": {
				"north": {"uv": [8, 2, 6, 14], "texture": "#1"},
				"east": {"uv": [8, 2, 6, 14], "texture": "#1"},
				"south": {"uv": [8, 2, 6, 14], "texture": "#1"},
				"west": {"uv": [8, 2, 6, 14], "texture": "#1"},
				"up": {"uv": [8, 2, 6, 14], "texture": "#1", "rotation": 180},
				"down": {"uv": [8, 2, 6, 14], "texture": "#1", "rotation": 180}
			}
		},
		{
			"from": [0.5, 0, 13.5],
			"to": [1.5, 16, 14],
			"faces": {
				"north": {"uv": [6, 2, 8, 14], "texture": "#1"},
				"east": {"uv": [6, 2, 8, 14], "texture": "#1"},
				"south": {"uv": [6, 2, 8, 14], "texture": "#1"},
				"west": {"uv": [6, 2, 8, 14], "texture": "#1"},
				"up": {"uv": [6, 2, 8, 14], "texture": "#1", "rotation": 270},
				"down": {"uv": [6, 2, 8, 14], "texture": "#1", "rotation": 90}
			}
		},
		{
			"from": [0.5, 0, 2],
			"to": [1.5, 16, 2.5],
			"faces": {
				"north": {"uv": [8, 2, 6, 14], "texture": "#1"},
				"east": {"uv": [8, 2, 6, 14], "texture": "#1"},
				"south": {"uv": [8, 2, 6, 14], "texture": "#1"},
				"west": {"uv": [8, 2, 6, 14], "texture": "#1"},
				"up": {"uv": [8, 2, 6, 14], "texture": "#1", "rotation": 270},
				"down": {"uv": [8, 2, 6, 14], "texture": "#1", "rotation": 90}
			}
		}
	]
}