{
	"parent": "block/block_mini",
	"textures": {
		"0": "block/green_terracotta",
		"1": "block/black_terracotta",
		"3": "block/grid2",
		"6": "block/light_gray_concrete",
		"8": "block/magenta_concrete",
		"particle": "block/green_terracotta"
	},
	"elements": [
		{
			"name": "hexadecagon",
			"from": [3.2261, -16, -16],
			"to": [12.7739, -13, 32],
			"rotation": {"angle": -45, "axis": "y", "origin": [8, -15.5, 8]},
			"faces": {
				"north": {"uv": [2, 5, 12, 8], "texture": "#1"},
				"east": {"uv": [6, 7, 16, 10], "texture": "#1"},
				"south": {"uv": [2, 7, 12, 10], "texture": "#1"},
				"west": {"uv": [6, 7, 16, 10], "texture": "#1"},
				"up": {"uv": [6, 2, 7, 8], "texture": "#1", "rotation": 90},
				"down": {"uv": [6, 7, 7, 8], "texture": "#1"}
			}
		},
		{
			"name": "hexadecagon",
			"from": [3.2261, -16, -16],
			"to": [12.7739, -12.98, 32],
			"rotation": {"angle": -22.5, "axis": "y", "origin": [8, -15.5, 8]},
			"faces": {
				"north": {"uv": [2, 11, 12, 14], "texture": "#1"},
				"east": {"uv": [6, 7, 16, 10], "texture": "#1"},
				"south": {"uv": [2, 5, 12, 8], "texture": "#1"},
				"west": {"uv": [6, 7, 16, 10], "texture": "#1"},
				"up": {"uv": [6, 3, 7, 9], "texture": "#1", "rotation": 90},
				"down": {"uv": [6, 7, 7, 8], "texture": "#1"}
			}
		},
		{
			"name": "hexadecagon",
			"from": [3.2261, -16, -16],
			"to": [12.7739, -12.98, 32],
			"rotation": {"angle": 22.5, "axis": "y", "origin": [8, -15.5, 8]},
			"faces": {
				"north": {"uv": [2, 5, 12, 8], "texture": "#1"},
				"east": {"uv": [6, 7, 16, 10], "texture": "#1"},
				"south": {"uv": [4, 7, 14, 10], "texture": "#1"},
				"west": {"uv": [6, 7, 16, 10], "texture": "#1"},
				"up": {"uv": [6, 3, 7, 9], "texture": "#1", "rotation": 90},
				"down": {"uv": [6, 7, 7, 8], "texture": "#1"}
			}
		},
		{
			"name": "hexadecagon",
			"from": [3.2261, -16, -16],
			"to": [12.7739, -13, 32],
			"rotation": {"angle": 45, "axis": "y", "origin": [8, -15.5, 8]},
			"faces": {
				"north": {"uv": [4, 5, 14, 8], "texture": "#1"},
				"east": {"uv": [6, 7, 16, 10], "texture": "#1"},
				"south": {"uv": [2, 9, 12, 12], "texture": "#1"},
				"west": {"uv": [6, 7, 16, 10], "texture": "#1"},
				"up": {"uv": [6, 2, 7, 8], "texture": "#1", "rotation": 90},
				"down": {"uv": [6, 7, 7, 8], "texture": "#1"}
			}
		},
		{
			"name": "hexadecagon",
			"from": [-16, -16, 3.2261],
			"to": [32, -12.98, 12.7739],
			"rotation": {"angle": -22.5, "axis": "y", "origin": [8, -15.5, 8]},
			"faces": {
				"north": {"uv": [6, 7, 16, 10], "texture": "#1"},
				"east": {"uv": [2, 11, 12, 14], "texture": "#1"},
				"south": {"uv": [6, 7, 16, 10], "texture": "#1"},
				"west": {"uv": [6, 7, 16, 10], "texture": "#1"},
				"up": {"uv": [6, 3, 7, 9], "texture": "#1"},
				"down": {"uv": [6, 7, 7, 8], "texture": "#1"}
			}
		},
		{
			"name": "hexadecagon",
			"from": [-16, -16, 3.2261],
			"to": [32, -12.98, 12.7739],
			"rotation": {"angle": 22.5, "axis": "y", "origin": [8, -15.5, 8]},
			"faces": {
				"north": {"uv": [6, 7, 16, 10], "texture": "#1"},
				"east": {"uv": [2, 7, 12, 10], "texture": "#1"},
				"south": {"uv": [6, 7, 16, 10], "texture": "#1"},
				"west": {"uv": [3, 9, 13, 12], "texture": "#1", "rotation": 180},
				"up": {"uv": [7, 3, 8, 9], "texture": "#1"},
				"down": {"uv": [6, 7, 7, 8], "texture": "#1"}
			}
		},
		{
			"name": "hexadecagon",
			"from": [3.2261, -16, -16],
			"to": [12.7739, -13, 32],
			"rotation": {"angle": 0, "axis": "y", "origin": [8, -15.5, 8]},
			"faces": {
				"north": {"uv": [3, 5, 13, 8], "texture": "#1"},
				"east": {"uv": [6, 7, 16, 10], "texture": "#1"},
				"south": {"uv": [4, 5, 14, 8], "texture": "#1", "rotation": 180},
				"west": {"uv": [6, 7, 16, 10], "texture": "#1"},
				"up": {"uv": [6, 2, 7, 8], "texture": "#1", "rotation": 270},
				"down": {"uv": [6, 7, 7, 8], "texture": "#1", "rotation": 180}
			}
		},
		{
			"name": "hexadecagon",
			"from": [-16, -16, 3.2261],
			"to": [32, -13, 12.7739],
			"rotation": {"angle": 0, "axis": "y", "origin": [8, -15.5, 8]},
			"faces": {
				"north": {"uv": [6, 7, 16, 10], "texture": "#1"},
				"east": {"uv": [3, 5, 13, 8], "texture": "#1"},
				"south": {"uv": [6, 7, 16, 10], "texture": "#1"},
				"west": {"uv": [4, 5, 14, 8], "texture": "#1", "rotation": 180},
				"up": {"uv": [6, 2, 7, 8], "texture": "#1", "rotation": 180},
				"down": {"uv": [6, 7, 7, 8], "texture": "#1", "rotation": 90}
			}
		},
		{
			"name": "hexadecagon",
			"from": [7.2261, -13, -13],
			"to": [8.7739, -2, 29],
			"rotation": {"angle": 45, "axis": "y", "origin": [8, -12.5, 8]},
			"faces": {
				"north": {"uv": [7, 3, 8, 10], "texture": "#1"},
				"east": {"uv": [7, 3, 8, 10], "texture": "#1"},
				"south": {"uv": [7, 3, 8, 10], "texture": "#1"},
				"west": {"uv": [7, 3, 8, 10], "texture": "#1"},
				"up": {"uv": [6, 0, 7, 16], "texture": "#1"},
				"down": {"uv": [7, 3, 8, 10], "texture": "#1"}
			}
		},
		{
			"name": "hexadecagon",
			"from": [7.2261, -13, -13],
			"to": [8.7739, -2, 29],
			"rotation": {"angle": 0, "axis": "y", "origin": [8, -12.5, 8]},
			"faces": {
				"north": {"uv": [7, 4, 8, 12], "texture": "#1", "rotation": 180},
				"east": {"uv": [7, 4, 8, 12], "texture": "#1", "rotation": 180},
				"south": {"uv": [7, 4, 8, 12], "texture": "#1", "rotation": 180},
				"west": {"uv": [7, 4, 8, 12], "texture": "#1", "rotation": 180},
				"up": {"uv": [7, 0, 8, 16], "texture": "#1", "rotation": 180},
				"down": {"uv": [7, 4, 8, 12], "texture": "#1", "rotation": 180}
			}
		},
		{
			"name": "hexadecagon",
			"from": [-13, -13, 7.2261],
			"to": [29, -2, 8.7739],
			"rotation": {"angle": 45, "axis": "y", "origin": [8, -12.5, 8]},
			"faces": {
				"north": {"uv": [7, 3, 8, 10], "texture": "#1"},
				"east": {"uv": [7, 3, 8, 10], "texture": "#1"},
				"south": {"uv": [7, 3, 8, 10], "texture": "#1"},
				"west": {"uv": [7, 3, 8, 10], "texture": "#1"},
				"up": {"uv": [6, 0, 7, 16], "texture": "#1", "rotation": 90},
				"down": {"uv": [7, 3, 8, 10], "texture": "#1", "rotation": 270}
			}
		},
		{
			"name": "hexadecagon",
			"from": [-13, -13, 7.2261],
			"to": [29, -2, 8.7739],
			"rotation": {"angle": 0, "axis": "y", "origin": [8, -12.5, 8]},
			"faces": {
				"north": {"uv": [7, 4, 8, 12], "texture": "#1", "rotation": 180},
				"east": {"uv": [7, 4, 8, 12], "texture": "#1", "rotation": 180},
				"south": {"uv": [7, 4, 8, 12], "texture": "#1", "rotation": 180},
				"west": {"uv": [7, 4, 8, 12], "texture": "#1", "rotation": 180},
				"up": {"uv": [7, 0, 8, 16], "texture": "#1", "rotation": 270},
				"down": {"uv": [7, 4, 8, 12], "texture": "#1", "rotation": 90}
			}
		},
		{
			"name": "hexadecagon",
			"from": [4.02175, -13, -12],
			"to": [11.97825, -3, 28],
			"rotation": {"angle": -45, "axis": "y", "origin": [8, -12.5, 8]},
			"faces": {
				"north": {"uv": [1, 4, 10, 16], "texture": "#6"},
				"east": {"uv": [0, 4, 9, 16], "texture": "#6"},
				"south": {"uv": [1, 4, 10, 16], "texture": "#6"},
				"west": {"uv": [0, 4, 9, 16], "texture": "#6"},
				"up": {"uv": [3, 15, 12, 16], "texture": "#6", "rotation": 180},
				"down": {"uv": [7, 15, 8, 16], "texture": "#6"}
			}
		},
		{
			"name": "hexadecagon",
			"from": [4.02175, -13, -12],
			"to": [11.97825, -2.99, 28],
			"rotation": {"angle": -22.5, "axis": "y", "origin": [8, -12.5, 8]},
			"faces": {
				"north": {"uv": [6, 0, 15, 12], "texture": "#6", "rotation": 180},
				"east": {"uv": [0, 4, 9, 16], "texture": "#6"},
				"south": {"uv": [0, 4, 9, 16], "texture": "#6"},
				"west": {"uv": [0, 4, 9, 16], "texture": "#6"},
				"up": {"uv": [6, 0, 15, 1], "texture": "#6"},
				"down": {"uv": [7, 15, 8, 16], "texture": "#6"}
			}
		},
		{
			"name": "hexadecagon",
			"from": [4.02175, -13, -12],
			"to": [11.97825, -3, 28],
			"rotation": {"angle": 0, "axis": "y", "origin": [8, -12.5, 8]},
			"faces": {
				"north": {"uv": [7, 4, 16, 16], "texture": "#6"},
				"east": {"uv": [0, 4, 9, 16], "texture": "#6"},
				"south": {"uv": [7, 4, 16, 16], "texture": "#6"},
				"west": {"uv": [0, 4, 9, 16], "texture": "#6"},
				"up": {"uv": [1, 0, 10, 1], "texture": "#6"},
				"down": {"uv": [7, 15, 8, 16], "texture": "#6"}
			}
		},
		{
			"name": "hexadecagon",
			"from": [4.02175, -13, -12],
			"to": [11.97825, -2.99, 28],
			"rotation": {"angle": 22.5, "axis": "y", "origin": [8, -12.5, 8]},
			"faces": {
				"north": {"uv": [2, 4, 11, 16], "texture": "#6"},
				"east": {"uv": [0, 4, 9, 16], "texture": "#6"},
				"south": {"uv": [0, 0, 9, 12], "texture": "#6", "rotation": 180},
				"west": {"uv": [0, 4, 9, 16], "texture": "#6"},
				"up": {"uv": [3, 0, 12, 1], "texture": "#6"},
				"down": {"uv": [7, 15, 8, 16], "texture": "#6"}
			}
		},
		{
			"name": "hexadecagon",
			"from": [4.02175, -13, -12],
			"to": [11.97825, -3, 28],
			"rotation": {"angle": 45, "axis": "y", "origin": [8, -12.5, 8]},
			"faces": {
				"north": {"uv": [7, 4, 16, 16], "texture": "#6"},
				"east": {"uv": [0, 4, 9, 16], "texture": "#6"},
				"south": {"uv": [1, 4, 10, 16], "texture": "#6"},
				"west": {"uv": [0, 4, 9, 16], "texture": "#6"},
				"up": {"uv": [3, 0, 12, 1], "texture": "#6"},
				"down": {"uv": [7, 15, 8, 16], "texture": "#6"}
			}
		},
		{
			"name": "hexadecagon",
			"from": [-12, -13, 4.02175],
			"to": [28, -2.99, 11.97825],
			"rotation": {"angle": -22.5, "axis": "y", "origin": [8, -12.5, 8]},
			"faces": {
				"north": {"uv": [0, 4, 9, 16], "texture": "#6"},
				"east": {"uv": [5, 4, 14, 16], "texture": "#6"},
				"south": {"uv": [0, 4, 9, 16], "texture": "#6"},
				"west": {"uv": [0, 0, 9, 12], "texture": "#6", "rotation": 180},
				"up": {"uv": [3, 0, 12, 1], "texture": "#6", "rotation": 90},
				"down": {"uv": [7, 15, 8, 16], "texture": "#6"}
			}
		},
		{
			"name": "hexadecagon",
			"from": [-12, -13, 4.02175],
			"to": [28, -3, 11.97825],
			"rotation": {"angle": 0, "axis": "y", "origin": [8, -12.5, 8]},
			"faces": {
				"north": {"uv": [0, 4, 9, 16], "texture": "#6"},
				"east": {"uv": [2, 4, 11, 16], "texture": "#6"},
				"south": {"uv": [0, 4, 9, 16], "texture": "#6"},
				"west": {"uv": [1, 4, 10, 16], "texture": "#6"},
				"up": {"uv": [1, 15, 10, 16], "texture": "#6", "rotation": 90},
				"down": {"uv": [7, 15, 8, 16], "texture": "#6"}
			}
		},
		{
			"name": "hexadecagon",
			"from": [-12, -13, 4.02175],
			"to": [28, -2.99, 11.97825],
			"rotation": {"angle": 22.5, "axis": "y", "origin": [8, -12.5, 8]},
			"faces": {
				"north": {"uv": [0, 4, 9, 16], "texture": "#6"},
				"east": {"uv": [7, 4, 16, 16], "texture": "#6"},
				"south": {"uv": [0, 4, 9, 16], "texture": "#6"},
				"west": {"uv": [4, 0, 13, 12], "texture": "#6", "rotation": 180},
				"up": {"uv": [3, 15, 12, 16], "texture": "#6", "rotation": 90},
				"down": {"uv": [7, 15, 8, 16], "texture": "#6"}
			}
		},
		{
			"name": "octagon",
			"from": [0.75126, -3, -9.5],
			"to": [15.24874, 3, 25.5],
			"rotation": {"angle": 45, "axis": "y", "origin": [8, -2.5, 8]},
			"faces": {
				"north": {"uv": [0, 0, 16, 6], "texture": "#3"},
				"east": {"uv": [0, 0, 16, 6], "texture": "#3"},
				"south": {"uv": [0, 0, 16, 6], "texture": "#3"},
				"west": {"uv": [0, 0, 16, 6], "texture": "#3"},
				"up": {"uv": [0, 0, 1, 1], "texture": "#3"},
				"down": {"uv": [0, 0, 1, 1], "texture": "#3"}
			}
		},
		{
			"name": "octagon",
			"from": [0.75126, -3, -9.5],
			"to": [15.24874, 3, 25.5],
			"rotation": {"angle": 0, "axis": "y", "origin": [8, -2.5, 8]},
			"faces": {
				"north": {"uv": [0, 0, 16, 6], "texture": "#3"},
				"east": {"uv": [0, 0, 16, 6], "texture": "#3"},
				"south": {"uv": [0, 0, 16, 6], "texture": "#3"},
				"west": {"uv": [0, 0, 16, 6], "texture": "#3"},
				"up": {"uv": [0, 0, 1, 1], "texture": "#3"},
				"down": {"uv": [0, 0, 1, 1], "texture": "#3"}
			}
		},
		{
			"name": "octagon",
			"from": [-9.5, -3, 0.75126],
			"to": [25.5, 3, 15.24874],
			"rotation": {"angle": 45, "axis": "y", "origin": [8, -2.5, 8]},
			"faces": {
				"north": {"uv": [0, 0, 16, 6], "texture": "#3"},
				"east": {"uv": [0, 0, 16, 6], "texture": "#3"},
				"south": {"uv": [0, 0, 16, 6], "texture": "#3"},
				"west": {"uv": [0, 0, 16, 6], "texture": "#3"},
				"up": {"uv": [0, 0, 1, 1], "texture": "#3"},
				"down": {"uv": [0, 0, 1, 1], "texture": "#3"}
			}
		},
		{
			"name": "octagon",
			"from": [-9.5, -3, 0.75126],
			"to": [25.5, 3, 15.24874],
			"rotation": {"angle": 0, "axis": "y", "origin": [8, -2.5, 8]},
			"faces": {
				"north": {"uv": [0, 0, 16, 6], "texture": "#3"},
				"east": {"uv": [0, 0, 16, 6], "texture": "#3"},
				"south": {"uv": [0, 0, 16, 6], "texture": "#3"},
				"west": {"uv": [0, 0, 16, 6], "texture": "#3"},
				"up": {"uv": [0, 0, 1, 1], "texture": "#3"},
				"down": {"uv": [0, 0, 1, 1], "texture": "#3"}
			}
		},
		{
			"name": "octagon",
			"from": [0.33705, 3, -10.5],
			"to": [15.66295, 4.01, 26.5],
			"rotation": {"angle": 45, "axis": "y", "origin": [8, 3.5, 8]},
			"faces": {
				"north": {"uv": [0, 12, 15, 13], "texture": "#0"},
				"east": {"uv": [0, 12, 15, 13], "texture": "#0"},
				"south": {"uv": [0, 12, 15, 13], "texture": "#0"},
				"west": {"uv": [0, 12, 15, 13], "texture": "#0"},
				"up": {"uv": [0, 12, 15, 13], "texture": "#0"},
				"down": {"uv": [0, 12, 15, 13], "texture": "#0"}
			}
		},
		{
			"name": "octagon",
			"from": [0.33705, 3, -10.5],
			"to": [15.66295, 4, 26.5],
			"rotation": {"angle": 0, "axis": "y", "origin": [8, 3.5, 8]},
			"faces": {
				"north": {"uv": [0, 12, 15, 13], "texture": "#0"},
				"east": {"uv": [0, 12, 15, 13], "texture": "#0"},
				"south": {"uv": [0, 12, 15, 13], "texture": "#0"},
				"west": {"uv": [0, 12, 15, 13], "texture": "#0"},
				"up": {"uv": [0, 12, 15, 13], "texture": "#0"},
				"down": {"uv": [0, 12, 15, 13], "texture": "#0"}
			}
		},
		{
			"name": "octagon",
			"from": [-10.5, 3, 0.33705],
			"to": [26.5, 4.01, 15.66295],
			"rotation": {"angle": 45, "axis": "y", "origin": [8, 3.5, 8]},
			"faces": {
				"north": {"uv": [0, 12, 15, 13], "texture": "#0"},
				"east": {"uv": [0, 12, 15, 13], "texture": "#0"},
				"south": {"uv": [0, 12, 15, 13], "texture": "#0"},
				"west": {"uv": [0, 12, 15, 13], "texture": "#0"},
				"up": {"uv": [0, 12, 15, 13], "texture": "#0", "rotation": 90},
				"down": {"uv": [0, 12, 15, 13], "texture": "#0"}
			}
		},
		{
			"name": "octagon",
			"from": [-10.5, 3, 0.33705],
			"to": [26.5, 4, 15.66295],
			"rotation": {"angle": 0, "axis": "y", "origin": [8, 3.5, 8]},
			"faces": {
				"north": {"uv": [0, 12, 15, 13], "texture": "#0"},
				"east": {"uv": [0, 12, 15, 13], "texture": "#0"},
				"south": {"uv": [0, 12, 15, 13], "texture": "#0"},
				"west": {"uv": [0, 12, 15, 13], "texture": "#0"},
				"up": {"uv": [0, 12, 15, 13], "texture": "#0", "rotation": 90},
				"down": {"uv": [0, 12, 15, 13], "texture": "#0"}
			}
		},
		{
			"name": "octagon",
			"from": [1.7868, 4, -7],
			"to": [14.2132, 5.01, 23],
			"rotation": {"angle": 45, "axis": "y", "origin": [8, 4.5, 8]},
			"faces": {
				"north": {"uv": [3, 0.5, 16, 1], "texture": "#3"},
				"east": {"uv": [3, 0.5, 16, 1], "texture": "#3"},
				"south": {"uv": [3, 0.5, 16, 1], "texture": "#3"},
				"west": {"uv": [3, 0.5, 16, 1], "texture": "#3"},
				"up": {"uv": [3, 0.5, 16, 1], "texture": "#3"},
				"down": {"uv": [3, 0.5, 16, 1], "texture": "#3"}
			}
		},
		{
			"name": "octagon",
			"from": [1.7868, 4, -7],
			"to": [14.2132, 5, 23],
			"rotation": {"angle": 0, "axis": "y", "origin": [8, 4.5, 8]},
			"faces": {
				"north": {"uv": [3, 15, 16, 15.5], "texture": "#3"},
				"east": {"uv": [3, 15, 16, 15.5], "texture": "#3"},
				"south": {"uv": [3, 15, 16, 15.5], "texture": "#3"},
				"west": {"uv": [3, 15, 16, 15.5], "texture": "#3"},
				"up": {"uv": [3, 15, 16, 15.5], "texture": "#3"},
				"down": {"uv": [3, 15, 16, 15.5], "texture": "#3"}
			}
		},
		{
			"name": "octagon",
			"from": [-7, 4, 1.7868],
			"to": [23, 5.01, 14.2132],
			"rotation": {"angle": 45, "axis": "y", "origin": [8, 4.5, 8]},
			"faces": {
				"north": {"uv": [0, 15, 13, 15.5], "texture": "#3", "rotation": 90},
				"east": {"uv": [0, 15, 13, 15.5], "texture": "#3"},
				"south": {"uv": [0, 15, 13, 15.5], "texture": "#3", "rotation": 90},
				"west": {"uv": [0, 15, 13, 15.5], "texture": "#3"},
				"up": {"uv": [0, 15, 13, 15.5], "texture": "#3", "rotation": 90},
				"down": {"uv": [0, 15, 13, 15.5], "texture": "#3", "rotation": 90}
			}
		},
		{
			"name": "octagon",
			"from": [-7, 4, 1.7868],
			"to": [23, 5, 14.2132],
			"rotation": {"angle": 0, "axis": "y", "origin": [8, 4.5, 8]},
			"faces": {
				"north": {"uv": [2, 15, 15, 15.5], "texture": "#3", "rotation": 90},
				"east": {"uv": [2, 15, 15, 15.5], "texture": "#3"},
				"south": {"uv": [2, 15, 15, 15.5], "texture": "#3", "rotation": 90},
				"west": {"uv": [2, 15, 15, 15.5], "texture": "#3"},
				"up": {"uv": [2, 15, 15, 15.5], "texture": "#3", "rotation": 90},
				"down": {"uv": [2, 15, 15, 15.5], "texture": "#3", "rotation": 90}
			}
		},
		{
			"name": "octagon",
			"from": [1.6868, 5, 1.8],
			"to": [14.3132, 5.02, 14.2],
			"rotation": {"angle": 45, "axis": "y", "origin": [8, 5.5, 8]},
			"faces": {
				"north": {"uv": [0, 0, 1, 1], "texture": "#3"},
				"east": {"uv": [0, 0, 1, 1], "texture": "#3"},
				"south": {"uv": [0, 0, 1, 1], "texture": "#3"},
				"west": {"uv": [0, 0, 1, 1], "texture": "#3"},
				"up": {"uv": [0, 0, 1, 1], "texture": "#3"},
				"down": {"uv": [0, 0, 1, 1], "texture": "#3"}
			}
		},
		{
			"name": "octagon",
			"from": [1.37258, 5, -8],
			"to": [14.62742, 11, 24],
			"rotation": {"angle": 45, "axis": "y", "origin": [8, 5.5, 8]},
			"faces": {
				"north": {"uv": [0, 0, 12, 7], "texture": "#8"},
				"east": {"uv": [0, 0, 12, 7], "texture": "#8"},
				"south": {"uv": [0, 0, 12, 7], "texture": "#8"},
				"west": {"uv": [0, 0, 12, 7], "texture": "#8"},
				"up": {"uv": [1, 0, 13, 15], "texture": "#8"},
				"down": {"uv": [0, 0, 1, 1], "texture": "#8"}
			}
		},
		{
			"name": "octagon",
			"from": [1.37258, 5, -8],
			"to": [14.62742, 11, 24],
			"rotation": {"angle": 0, "axis": "y", "origin": [8, 5.5, 8]},
			"faces": {
				"north": {"uv": [4, 0, 16, 7], "texture": "#8"},
				"east": {"uv": [0, 0, 12, 7], "texture": "#8"},
				"south": {"uv": [0, 0, 12, 7], "texture": "#8"},
				"west": {"uv": [0, 0, 12, 7], "texture": "#8"},
				"up": {"uv": [0, 0, 1, 1], "texture": "#8"},
				"down": {"uv": [0, 0, 1, 1], "texture": "#8"}
			}
		},
		{
			"name": "octagon",
			"from": [-8, 5, 1.37258],
			"to": [24, 11, 14.62742],
			"rotation": {"angle": 45, "axis": "y", "origin": [8, 5.5, 8]},
			"faces": {
				"north": {"uv": [0, 0, 12, 7], "texture": "#8"},
				"east": {"uv": [0, 0, 12, 7], "texture": "#8"},
				"south": {"uv": [0, 0, 12, 7], "texture": "#8"},
				"west": {"uv": [4, 0, 16, 7], "texture": "#8"},
				"up": {"uv": [0, 0, 10, 16], "texture": "#8", "rotation": 90},
				"down": {"uv": [0, 0, 1, 1], "texture": "#8"}
			}
		},
		{
			"name": "octagon",
			"from": [-8, 5, 1.37258],
			"to": [24, 11, 14.62742],
			"rotation": {"angle": 0, "axis": "y", "origin": [8, 5.5, 8]},
			"faces": {
				"north": {"uv": [0, 0, 12, 7], "texture": "#8"},
				"east": {"uv": [4, 0, 16, 7], "texture": "#8"},
				"south": {"uv": [0, 0, 12, 7], "texture": "#8"},
				"west": {"uv": [0, 0, 12, 7], "texture": "#8"},
				"up": {"uv": [0, 0, 1, 1], "texture": "#8"},
				"down": {"uv": [0, 0, 1, 1], "texture": "#8"}
			}
		},
		{
			"name": "octagon",
			"from": [1.37258, -0.46016, -12.33274],
			"to": [14.62742, 8.53984, -2.33274],
			"rotation": {"angle": 45, "axis": "x", "origin": [8, 0.03984, 3.66726]},
			"faces": {
				"north": {"uv": [4, 7, 16, 16], "texture": "#8"},
				"east": {"uv": [10, 7, 16, 16], "texture": "#8", "rotation": 180},
				"south": {"uv": [4, 7, 16, 16], "texture": "#8"},
				"west": {"uv": [10, 7, 16, 16], "texture": "#8"},
				"up": {"uv": [15, 15, 16, 16], "texture": "#8"},
				"down": {"uv": [4, 7, 16, 16], "texture": "#8"}
			}
		},
		{
			"name": "octagon",
			"from": [1.37258, -0.46016, 18.33274],
			"to": [14.62742, 8.53984, 28.33274],
			"rotation": {"angle": -45, "axis": "x", "origin": [8, 0.03984, 12.33274]},
			"faces": {
				"north": {"uv": [16, 7, 4, 16], "texture": "#8"},
				"east": {"uv": [16, 7, 10, 16], "texture": "#8", "rotation": 180},
				"south": {"uv": [16, 7, 4, 16], "texture": "#8"},
				"west": {"uv": [16, 7, 10, 16], "texture": "#8"},
				"up": {"uv": [16, 15, 15, 16], "texture": "#8"},
				"down": {"uv": [16, 7, 4, 16], "texture": "#8"}
			}
		},
		{
			"name": "octagon",
			"from": [-12.33274, -0.46015, 1.37258],
			"to": [-2.33274, 8.53985, 14.62742],
			"rotation": {"angle": -45, "axis": "z", "origin": [3.66726, 0.03985, 8]},
			"faces": {
				"north": {"uv": [16, 7, 10, 16], "texture": "#8"},
				"east": {"uv": [16, 7, 4, 16], "texture": "#8"},
				"south": {"uv": [16, 7, 10, 16], "texture": "#8", "rotation": 180},
				"west": {"uv": [16, 7, 4, 16], "texture": "#8"},
				"up": {"uv": [16, 15, 15, 16], "texture": "#8", "rotation": 90},
				"down": {"uv": [16, 7, 4, 16], "texture": "#8", "rotation": 270}
			}
		},
		{
			"name": "octagon",
			"from": [18.33274, -0.46016, 1.37258],
			"to": [28.33274, 8.53984, 14.62742],
			"rotation": {"angle": 45, "axis": "z", "origin": [12.33274, 0.03984, 8]},
			"faces": {
				"north": {"uv": [10, 7, 16, 16], "texture": "#8"},
				"east": {"uv": [4, 7, 16, 16], "texture": "#8"},
				"south": {"uv": [10, 7, 16, 16], "texture": "#8", "rotation": 180},
				"west": {"uv": [4, 7, 16, 16], "texture": "#8"},
				"up": {"uv": [15, 15, 16, 16], "texture": "#8", "rotation": 90},
				"down": {"uv": [4, 7, 16, 16], "texture": "#8", "rotation": 270}
			}
		},
		{
			"name": "octagon",
			"from": [-3.5, 11, 5.87258],
			"to": [19.5, 17.36396, 10.12742],
			"rotation": {"angle": 45, "axis": "y", "origin": [8, 11.5, 8]},
			"faces": {
				"north": {"uv": [15, 0, 16, 1], "texture": "#8"},
				"east": {"uv": [13, 0, 16, 4], "texture": "#8"},
				"south": {"uv": [15, 0, 16, 1], "texture": "#8"},
				"west": {"uv": [13, 0, 16, 4], "texture": "#8"},
				"up": {"uv": [0, 0, 3, 16], "texture": "#8", "rotation": 90},
				"down": {"uv": [15, 0, 16, 1], "texture": "#8"}
			}
		},
		{
			"name": "octagon",
			"from": [5.87258, 11, -3.5],
			"to": [10.12742, 17.36396, 19.5],
			"rotation": {"angle": 45, "axis": "y", "origin": [8, 11.5, 8]},
			"faces": {
				"north": {"uv": [13, 0, 16, 4], "texture": "#8"},
				"east": {"uv": [15, 0, 16, 1], "texture": "#8"},
				"south": {"uv": [13, 0, 16, 4], "texture": "#8"},
				"west": {"uv": [15, 0, 16, 1], "texture": "#8"},
				"up": {"uv": [13, 0, 16, 16], "texture": "#8"},
				"down": {"uv": [15, 0, 16, 1], "texture": "#8", "rotation": 270}
			}
		},
		{
			"name": "octagon",
			"from": [1.37258, 16.36396, -1.63604],
			"to": [14.62742, 17.40396, 17.63604],
			"rotation": {"angle": 0, "axis": "x", "origin": [8, 8.86396, 14.36396]},
			"faces": {
				"north": {"uv": [4, 7, 16, 16], "texture": "#8"},
				"east": {"uv": [10, 7, 16, 16], "texture": "#8", "rotation": 180},
				"south": {"uv": [4, 7, 16, 16], "texture": "#8"},
				"west": {"uv": [10, 7, 16, 16], "texture": "#8"},
				"up": {"uv": [3, 0, 15, 16], "texture": "#8"},
				"down": {"uv": [4, 7, 16, 16], "texture": "#8"}
			}
		},
		{
			"name": "octagon",
			"from": [-1.63604, 16.35396, 1.37258],
			"to": [17.63604, 17.37396, 14.62742],
			"rotation": {"angle": 0, "axis": "z", "origin": [1.63604, 8.85396, 8]},
			"faces": {
				"north": {"uv": [10, 7, 16, 16], "texture": "#8"},
				"east": {"uv": [4, 7, 16, 16], "texture": "#8"},
				"south": {"uv": [10, 7, 16, 16], "texture": "#8", "rotation": 180},
				"west": {"uv": [4, 7, 16, 16], "texture": "#8"},
				"up": {"uv": [3, 0, 15, 16], "texture": "#8", "rotation": 90},
				"down": {"uv": [4, 7, 16, 16], "texture": "#8", "rotation": 270}
			}
		},
		{
			"name": "octagon",
			"from": [1.37258, 17.36396, 1.36396],
			"to": [14.62742, 18.40396, 14.63604],
			"rotation": {"angle": 0, "axis": "x", "origin": [8, 9.86396, 14.36396]},
			"faces": {
				"north": {"uv": [4, 15, 16, 16], "texture": "#8"},
				"east": {"uv": [4, 15, 16, 16], "texture": "#8", "rotation": 180},
				"south": {"uv": [4, 15, 16, 16], "texture": "#8"},
				"west": {"uv": [4, 15, 16, 16], "texture": "#8"},
				"up": {"uv": [1, 1, 13, 13], "texture": "#8"},
				"down": {"uv": [4, 15, 16, 16], "texture": "#8"}
			}
		},
		{
			"name": "octagon",
			"from": [1.16548, 6, -8.5],
			"to": [14.83452, 9, 24.5],
			"rotation": {"angle": 45, "axis": "y", "origin": [8, 10, 8]},
			"faces": {
				"north": {"uv": [0, 0, 16, 4], "texture": "#3"},
				"east": {"uv": [0, 0, 16, 4], "texture": "#3"},
				"south": {"uv": [0, 0, 16, 4], "texture": "#3"},
				"west": {"uv": [0, 0, 16, 4], "texture": "#3"},
				"up": {"uv": [0, 0, 16, 4], "texture": "#3"},
				"down": {"uv": [0, 0, 16, 4], "texture": "#3"}
			}
		},
		{
			"name": "octagon",
			"from": [1.16548, 6, -8.5],
			"to": [14.83452, 9, 24.5],
			"rotation": {"angle": 0, "axis": "y", "origin": [8, 10, 8]},
			"faces": {
				"north": {"uv": [0, 0, 16, 4], "texture": "#3"},
				"east": {"uv": [0, 0, 16, 4], "texture": "#3"},
				"south": {"uv": [0, 0, 16, 4], "texture": "#3"},
				"west": {"uv": [0, 0, 16, 4], "texture": "#3"},
				"up": {"uv": [0, 0, 16, 4], "texture": "#3"},
				"down": {"uv": [0, 0, 16, 4], "texture": "#3"}
			}
		},
		{
			"name": "octagon",
			"from": [-8.5, 6, 1.16548],
			"to": [24.5, 9, 14.83452],
			"rotation": {"angle": 45, "axis": "y", "origin": [8, 10, 8]},
			"faces": {
				"north": {"uv": [0, 0, 16, 4], "texture": "#3"},
				"east": {"uv": [0, 0, 16, 4], "texture": "#3"},
				"south": {"uv": [0, 0, 16, 4], "texture": "#3"},
				"west": {"uv": [0, 0, 16, 4], "texture": "#3"},
				"up": {"uv": [0, 0, 16, 4], "texture": "#3"},
				"down": {"uv": [0, 0, 16, 4], "texture": "#3"}
			}
		},
		{
			"name": "octagon",
			"from": [-8.5, 6, 1.16548],
			"to": [24.5, 9, 14.83452],
			"rotation": {"angle": 0, "axis": "y", "origin": [8, 10, 8]},
			"faces": {
				"north": {"uv": [0, 0, 16, 4], "texture": "#3"},
				"east": {"uv": [0, 0, 16, 4], "texture": "#3"},
				"south": {"uv": [0, 0, 16, 4], "texture": "#3"},
				"west": {"uv": [0, 0, 16, 4], "texture": "#3"},
				"up": {"uv": [0, 0, 16, 4], "texture": "#3"},
				"down": {"uv": [0, 0, 16, 4], "texture": "#3"}
			}
		},
		{
			"name": "octagon",
			"from": [2.20101, 10.5, -6.25],
			"to": [13.79899, 11.5, 22.25],
			"rotation": {"angle": 45, "axis": "y", "origin": [8, 11, 8]},
			"faces": {
				"north": {"uv": [12, 15, 16, 16], "texture": "#3"},
				"east": {"uv": [12, 1, 16, 3], "texture": "#3", "rotation": 90},
				"south": {"uv": [12, 15, 16, 16], "texture": "#3"},
				"west": {"uv": [12, 1, 16, 3], "texture": "#3", "rotation": 90},
				"up": {"uv": [12, 0, 16, 16], "texture": "#3"},
				"down": {"uv": [12, 1, 16, 3], "texture": "#3", "rotation": 90}
			}
		},
		{
			"name": "octagon",
			"from": [-6.25, 10.5, 2.20101],
			"to": [22.5, 11.5, 13.79899],
			"rotation": {"angle": 45, "axis": "y", "origin": [8, 11, 8]},
			"faces": {
				"north": {"uv": [12, 0, 16, 16], "texture": "#3", "rotation": 90},
				"east": {"uv": [12, 15, 16, 16], "texture": "#3"},
				"south": {"uv": [12, 0, 16, 16], "texture": "#3", "rotation": 90},
				"west": {"uv": [12, 15, 16, 16], "texture": "#3"},
				"up": {"uv": [12, 0, 16, 16], "texture": "#3", "rotation": 90},
				"down": {"uv": [12, 0, 16, 16], "texture": "#3", "rotation": 90}
			}
		}
	],
	"groups": [
		{
			"name": "hexadecagon",
			"isOpen": true,
			"shade": true,
			"display": {
				"visibility": true,
				"autouv": false
			},
			"children": [0, 1, 2, 3, 4, 5, 6, 7, 8, 9, 10, 11]
		},
		{
			"name": "hexadecagon",
			"isOpen": true,
			"shade": true,
			"display": {
				"visibility": true,
				"autouv": false
			},
			"children": [12, 13, 14, 15, 16, 17, 18, 19]
		},
		{
			"name": "octagon",
			"isOpen": true,
			"shade": true,
			"display": {
				"visibility": true,
				"autouv": false
			},
			"children": [20, 21, 22, 23]
		},
		{
			"name": "octagon",
			"isOpen": true,
			"shade": true,
			"display": {
				"visibility": true,
				"autouv": false
			},
			"children": [24, 25, 26, 27]
		},
		{
			"name": "octagon",
			"isOpen": true,
			"shade": true,
			"display": {
				"visibility": true,
				"autouv": false
			},
			"children": [28, 29, 30, 31, 32]
		},
		{
			"name": "octagon",
			"isOpen": true,
			"shade": true,
			"display": {
				"visibility": true,
				"autouv": false
			},
			"children": [33, 34, 35, 36, 37, 38, 39, 40, 41, 42, 43, 44, 45]
		},
		{
			"name": "octagon",
			"isOpen": true,
			"shade": true,
			"display": {
				"visibility": true,
				"autouv": false
			},
			"children": [46, 47, 48, 49]
		},
		{
			"name": "octagon",
			"isOpen": true,
			"shade": true,
			"display": {
				"visibility": true,
				"autouv": false
			},
			"children": [50, 51]
		}
	]
}