{
	"parent": "block/block",
	"textures": {
		"0": "_custom/factory_block_side_rotated",
		"1": "block/purpur_block4",
		"3": "block/orange_glazed_terracotta",
		"particle": "_custom/factory_block_side_rotated"
	},
	"elements": [
		{
			"from": [0, 0, 14],
			"to": [16, 0.1, 16],
			"faces": {
				"north": {"uv": [0, 0.5, 16, 0.59988], "texture": "#0", "rotation": 180},
				"east": {"uv": [0, 0, 2, 0.1], "texture": "#0"},
				"south": {"uv": [0, 0, 16, 0.1], "texture": "#0", "rotation": 180},
				"west": {"uv": [0.5, 0, 2.5, 0.09988], "texture": "#0"},
				"up": {"uv": [0, 0, 16, 2], "texture": "#0", "rotation": 180},
				"down": {"uv": [0, 0, 16, 2], "texture": "#3"}
			}
		},
		{
			"from": [0, 0, 0],
			"to": [16, 0.1, 2],
			"faces": {
				"north": {"uv": [0, 0.5, 16, 0.59988], "texture": "#0", "rotation": 180},
				"east": {"uv": [0, 0, 2, 0.1], "texture": "#0"},
				"south": {"uv": [0, 0, 16, 0.1], "texture": "#0", "rotation": 180},
				"west": {"uv": [0.5, 0, 2.5, 0.09988], "texture": "#0"},
				"up": {"uv": [0, 0, 16, 2], "texture": "#0", "rotation": 180},
				"down": {"uv": [0, 0, 16, 2], "texture": "#3"}
			}
		},
		{
			"from": [0, 1.14805, 1.77164],
			"to": [16, 1.24805, 5.27164],
			"rotation": {"angle": -22.5, "axis": "x", "origin": [8, 1.24805, 4.77164]},
			"faces": {
				"north": {"uv": [0, 0, 1, 1], "texture": "#1"},
				"east": {"uv": [0, 0, 1, 1], "texture": "#1"},
				"south": {"uv": [0, 0, 1, 1], "texture": "#1"},
				"west": {"uv": [0, 0, 1, 1], "texture": "#1"},
				"up": {"uv": [0, 0, 5, 16], "texture": "#1", "rotation": 90},
				"down": {"uv": [0, 0, 1, 1], "texture": "#1", "rotation": 270}
			}
		},
		{
			"from": [0, 1.33939, 5.23358],
			"to": [16, 1.43939, 10.76642],
			"rotation": {"angle": 0, "axis": "x", "origin": [8, 1.43939, 10.26642]},
			"faces": {
				"north": {"uv": [0, 0, 1, 1], "texture": "#1"},
				"east": {"uv": [0, 0, 1, 1], "texture": "#1"},
				"south": {"uv": [0, 0, 1, 1], "texture": "#1"},
				"west": {"uv": [0, 0, 1, 1], "texture": "#1"},
				"up": {"uv": [4, 0, 11, 16], "texture": "#1", "rotation": 90},
				"down": {"uv": [0, 0, 1, 1], "texture": "#1", "rotation": 270}
			}
		},
		{
			"from": [0, 1.14805, 10.72836],
			"to": [16, 1.24805, 14.22836],
			"rotation": {"angle": 22.5, "axis": "x", "origin": [8, 1.24805, 11.22836]},
			"faces": {
				"north": {"uv": [1, 0, 0, 1], "texture": "#1"},
				"east": {"uv": [1, 0, 0, 1], "texture": "#1"},
				"south": {"uv": [1, 0, 0, 1], "texture": "#1"},
				"west": {"uv": [1, 0, 0, 1], "texture": "#1"},
				"up": {"uv": [5, 0, 0, 16], "texture": "#1", "rotation": 90},
				"down": {"uv": [1, 0, 0, 1], "texture": "#1", "rotation": 270}
			}
		}
	]
}