{
	"textures": {
		"0": "_custom/iron_plate",
		"particle": "_custom/iron_plate"
	},
	"elements": [
		{
			"from": [-3.21016, 0, 7.75],
			"to": [19.41726, 16, 8.04289],
			"rotation": {"angle": 45, "axis": "y", "origin": [8.10355, 8, 7.89645]},
			"faces": {
				"north": {"uv": [2, 0, 9.66328, 5.33047], "texture": "#0"},
				"east": {"uv": [0, 0, 0.33211, 6.3318], "texture": "#0"},
				"south": {"uv": [4.66641, 0, 12.33125, 5.33125], "texture": "#0"},
				"west": {"uv": [0, 0, 0.33211, 6.3318], "texture": "#0"},
				"up": {"uv": [0, 0, 0.33211, 6.3318], "texture": "#0", "rotation": 90},
				"down": {"uv": [0, 0, 0.33211, 6.3318], "texture": "#0", "rotation": 270}
			}
		}
	]
}