{
	"parent": "block/block_mini",
	"textures": {
		"0": "_custom/iron_plate_orange",
		"1": "_custom/dark_steel_large",
		"2": "block/purpur_block4",
		"3": "_custom/iron_plate_red",
		"4": "_custom/iron_plate",
		"5": "_custom/container_text2",
		"particle": "_custom/iron_plate"
	},
	"elements": [
		{
			"from": [-16, -14.5, -12.9],
			"to": [31.25, -14, 28.8],
			"faces": {
				"north": {"uv": [0, 0, 16, 0.33303], "texture": "#4"},
				"east": {"uv": [0, 15.66667, 16, 15.99877], "texture": "#4"},
				"south": {"uv": [0, 0, 16, 0.33303], "texture": "#4"},
				"west": {"uv": [0, 0, 16, 0.33303], "texture": "#4"},
				"up": {"uv": [0, 0, 16, 16], "texture": "#4", "rotation": 90},
				"down": {"uv": [0, 0, 16, 16], "texture": "#4", "rotation": 270}
			}
		},
		{
			"from": [-16, -15.5, -12],
			"to": [31, -14.5, 28],
			"faces": {
				"north": {"uv": [0, 0, 16, 0.33303], "texture": "#1"},
				"east": {"uv": [0, 0, 16, 0.33211], "texture": "#1"},
				"south": {"uv": [0, 0, 16, 0.33303], "texture": "#1"},
				"west": {"uv": [0, 0, 16, 0.33303], "texture": "#1"},
				"up": {"uv": [0, 0, 16, 16], "texture": "#1", "rotation": 90},
				"down": {"uv": [0, 0, 16, 16], "texture": "#1", "rotation": 270}
			}
		},
		{
			"from": [31, -16, 26],
			"to": [32, -13.9, 29],
			"faces": {
				"north": {"uv": [4, 3, 5, 5], "texture": "#2"},
				"east": {"uv": [4, 3, 7, 5], "texture": "#2"},
				"south": {"uv": [4, 3, 5, 5], "texture": "#2"},
				"west": {"uv": [4, 3, 7, 5], "texture": "#2"},
				"up": {"uv": [4, 4, 7, 5], "texture": "#2", "rotation": 90},
				"down": {"uv": [4, 4, 7, 5], "texture": "#2", "rotation": 270}
			}
		},
		{
			"from": [31, -16, -13],
			"to": [32, -13.9, -10],
			"faces": {
				"north": {"uv": [4, 3, 5, 5], "texture": "#2"},
				"east": {"uv": [4, 3, 7, 5], "texture": "#2"},
				"south": {"uv": [4, 3, 5, 5], "texture": "#2"},
				"west": {"uv": [4, 3, 7, 5], "texture": "#2"},
				"up": {"uv": [4, 4, 7, 5], "texture": "#2", "rotation": 90},
				"down": {"uv": [4, 4, 7, 5], "texture": "#2", "rotation": 270}
			}
		},
		{
			"from": [31, -15.5, -10],
			"to": [31.25, -14.5, 26],
			"faces": {
				"north": {"uv": [4, 2.66641, 4.66563, 3.33203], "texture": "#3"},
				"east": {"uv": [4, 3, 15.33333, 3.33333], "texture": "#4"},
				"south": {"uv": [4, 2.66641, 4.66563, 3.33203], "texture": "#3"},
				"west": {"uv": [4, 3, 15.33333, 3.33333], "texture": "#3"},
				"up": {"uv": [4, 3, 15.33333, 3.33333], "texture": "#3", "rotation": 90},
				"down": {"uv": [4, 3, 15.33333, 3.33333], "texture": "#3", "rotation": 270}
			}
		},
		{
			"from": [-16, -14, 27],
			"to": [31, 31.5, 28.5],
			"faces": {
				"north": {"uv": [0, 0, 16, 16], "texture": "#0", "rotation": 270},
				"east": {"uv": [0, 15.66667, 16, 15.99877], "texture": "#0", "rotation": 90},
				"south": {"uv": [0, 0, 16, 16], "texture": "#0", "rotation": 270},
				"west": {"uv": [0, 0, 16, 0.33303], "texture": "#0", "rotation": 270},
				"up": {"uv": [0, 0, 16, 0.33303], "texture": "#0"},
				"down": {"uv": [0, 0, 16, 0.33303], "texture": "#0", "rotation": 180}
			}
		},
		{
			"from": [-16, -14, -12.5],
			"to": [31, 31.5, -11],
			"faces": {
				"north": {"uv": [0, 0, 16, 16], "texture": "#0", "rotation": 270},
				"east": {"uv": [0, 15.66667, 16, 15.99877], "texture": "#0", "rotation": 90},
				"south": {"uv": [0, 0, 16, 16], "texture": "#0", "rotation": 270},
				"west": {"uv": [0, 0, 16, 0.33303], "texture": "#0", "rotation": 270},
				"up": {"uv": [0, 0, 16, 0.33303], "texture": "#0"},
				"down": {"uv": [0, 0, 16, 0.33303], "texture": "#0", "rotation": 180}
			}
		},
		{
			"from": [-16, 31.5, -13],
			"to": [31, 32, 29],
			"faces": {
				"north": {"uv": [0, 0, 16, 0.33303], "texture": "#0"},
				"east": {"uv": [0, 15.66667, 16, 15.99877], "texture": "#0"},
				"south": {"uv": [0, 0, 16, 0.33303], "texture": "#0"},
				"west": {"uv": [0, 0, 16, 0.33303], "texture": "#0"},
				"up": {"uv": [0, 0, 16, 16], "texture": "#0", "rotation": 90},
				"down": {"uv": [0, 0, 16, 16], "texture": "#0", "rotation": 270}
			}
		},
		{
			"from": [30, 2, -11],
			"to": [30.5, 13.5, 27],
			"faces": {
				"north": {"uv": [0, 0, 16, 0.33303], "texture": "#0", "rotation": 90},
				"east": {"uv": [0, 7, 16, 11.33281], "texture": "#0", "rotation": 180},
				"south": {"uv": [0, 0, 16, 0.33303], "texture": "#0", "rotation": 270},
				"west": {"uv": [0, 0, 16, 16], "texture": "#0"},
				"up": {"uv": [0, 15.66667, 16, 15.99877], "texture": "#0", "rotation": 270},
				"down": {"uv": [0, 0, 16, 0.33303], "texture": "#0", "rotation": 270}
			}
		},
		{
			"from": [31, 30, 26],
			"to": [32, 32, 29],
			"faces": {
				"north": {"uv": [4, 3, 5, 5], "texture": "#2"},
				"east": {"uv": [4, 3, 7, 5], "texture": "#2"},
				"south": {"uv": [4, 3, 5, 5], "texture": "#2"},
				"west": {"uv": [4, 3, 7, 5], "texture": "#2"},
				"up": {"uv": [4, 4, 7, 5], "texture": "#2", "rotation": 90},
				"down": {"uv": [4, 4, 7, 5], "texture": "#2", "rotation": 270}
			}
		},
		{
			"from": [31, 30, -13],
			"to": [32, 32, -10],
			"faces": {
				"north": {"uv": [4, 3, 5, 5], "texture": "#2"},
				"east": {"uv": [4, 3, 7, 5], "texture": "#2"},
				"south": {"uv": [4, 3, 5, 5], "texture": "#2"},
				"west": {"uv": [4, 3, 7, 5], "texture": "#2"},
				"up": {"uv": [4, 4, 7, 5], "texture": "#2", "rotation": 90},
				"down": {"uv": [4, 4, 7, 5], "texture": "#2", "rotation": 270}
			}
		},
		{
			"from": [31.25, -14, 27],
			"to": [31.75, 30, 28],
			"faces": {
				"north": {"uv": [0, 0, 0.33333, 16], "texture": "#1"},
				"east": {"uv": [0, 0, 0.33333, 16], "texture": "#1"},
				"south": {"uv": [0, 0, 0.33333, 16], "texture": "#1"},
				"west": {"uv": [0, 0, 0.33333, 16], "texture": "#1"},
				"up": {"uv": [0, 0, 0.66563, 0.66641], "texture": "#1", "rotation": 90},
				"down": {"uv": [0, 0, 0.66563, 0.66641], "texture": "#1", "rotation": 270}
			}
		},
		{
			"from": [31.25, -14, -12],
			"to": [31.75, 30, -11],
			"faces": {
				"north": {"uv": [0, 0, 0.33333, 16], "texture": "#1"},
				"east": {"uv": [0, 0, 0.33333, 16], "texture": "#1"},
				"south": {"uv": [0, 0, 0.33333, 16], "texture": "#1"},
				"west": {"uv": [0, 0, 0.33333, 16], "texture": "#1"},
				"up": {"uv": [0, 0, 0.66563, 0.66641], "texture": "#1", "rotation": 90},
				"down": {"uv": [0, 0, 0.66563, 0.66641], "texture": "#1", "rotation": 270}
			}
		},
		{
			"from": [30.5, 30.5, -10],
			"to": [31.25, 31.5, 26],
			"faces": {
				"north": {"uv": [4, 3, 15.33333, 3.33333], "texture": "#4"},
				"east": {"uv": [4, 3, 15.33333, 3.33333], "texture": "#4"},
				"south": {"uv": [4, 3, 15.33333, 3.33333], "texture": "#4"},
				"west": {"uv": [4, 3, 15.33333, 3.33333], "texture": "#4"},
				"up": {"uv": [4, 3, 15.33333, 3.33333], "texture": "#4", "rotation": 90},
				"down": {"uv": [4, 3, 15.33333, 3.33333], "texture": "#4", "rotation": 270}
			}
		},
		{
			"from": [30, -14, -11],
			"to": [30.9, -3.4, 27],
			"faces": {
				"north": {"uv": [0, 0, 16, 0.33303], "texture": "#0", "rotation": 90},
				"east": {"uv": [0, 11.66641, 16, 15.99922], "texture": "#0", "rotation": 180},
				"south": {"uv": [0, 0, 16, 0.33303], "texture": "#0", "rotation": 270},
				"west": {"uv": [0, 0, 16, 16], "texture": "#0"},
				"up": {"uv": [0, 15.66667, 16, 15.99877], "texture": "#0", "rotation": 270},
				"down": {"uv": [0, 0, 16, 0.33303], "texture": "#0", "rotation": 270}
			}
		},
		{
			"from": [30, 19, -11],
			"to": [31, 30.5, 27],
			"faces": {
				"north": {"uv": [0, 0.33303, 16, 0], "texture": "#0", "rotation": 90},
				"east": {"uv": [0, 15.99922, 16, 11.66641], "texture": "#0", "rotation": 180},
				"south": {"uv": [0, 0.33303, 16, 0], "texture": "#0", "rotation": 270},
				"west": {"uv": [0, 16, 16, 0], "texture": "#0"},
				"up": {"uv": [0, 0.33303, 16, 0], "texture": "#0", "rotation": 90},
				"down": {"uv": [0, 15.99877, 16, 15.66667], "texture": "#0", "rotation": 90}
			}
		},
		{
			"from": [29.5, -14, -11],
			"to": [30, 31.5, 27],
			"faces": {
				"north": {"uv": [0, 0, 16, 0.33303], "texture": "#0", "rotation": 90},
				"east": {"uv": [0, 0, 16, 16], "texture": "#0", "rotation": 180},
				"south": {"uv": [0, 0, 16, 0.33303], "texture": "#0", "rotation": 270},
				"west": {"uv": [0, 0, 16, 16], "texture": "#0"},
				"up": {"uv": [0, 15.66667, 16, 15.99877], "texture": "#0", "rotation": 270},
				"down": {"uv": [0, 0, 16, 0.33303], "texture": "#0", "rotation": 270}
			}
		},
		{
			"from": [-16, 30.5, 29],
			"to": [32, 31.5, 29.25],
			"faces": {
				"north": {"uv": [0, 2.99939, 15.99969, 3.33272], "texture": "#4"},
				"east": {"uv": [0, 2.99884, 0.33275, 3.3316], "texture": "#4"},
				"south": {"uv": [0, 2.99939, 15.99969, 3.33272], "texture": "#4"},
				"west": {"uv": [0, 2.99913, 0.33275, 3.33218], "texture": "#4"},
				"up": {"uv": [0, 2.99939, 15.99969, 3.33272], "texture": "#4", "rotation": 180},
				"down": {"uv": [0, 2.99939, 15.99969, 3.33272], "texture": "#4", "rotation": 180}
			}
		},
		{
			"from": [30.75, -14, 12.5],
			"to": [31.25, 30.5, 13.5],
			"faces": {
				"north": {"uv": [0, 2.99969, 15.99969, 3.33303], "texture": "#4", "rotation": 270},
				"east": {"uv": [0, 2.99969, 15.99969, 3.33303], "texture": "#4", "rotation": 270},
				"south": {"uv": [0, 2.99969, 15.99969, 3.33303], "texture": "#4", "rotation": 270},
				"west": {"uv": [0, 2.99969, 15.99969, 3.33303], "texture": "#4", "rotation": 270},
				"up": {"uv": [0, 2.99969, 15.99969, 3.33303], "texture": "#4", "rotation": 270},
				"down": {"uv": [0, 2.99969, 15.99969, 3.33303], "texture": "#4", "rotation": 270}
			}
		},
		{
			"from": [30.75, -14, 2.5],
			"to": [31.25, 30.5, 3.5],
			"faces": {
				"north": {"uv": [15.99969, 2.99969, 0, 3.33303], "texture": "#4", "rotation": 270},
				"east": {"uv": [15.99969, 2.99969, 0, 3.33303], "texture": "#4", "rotation": 270},
				"south": {"uv": [15.99969, 2.99969, 0, 3.33303], "texture": "#4", "rotation": 270},
				"west": {"uv": [15.99969, 2.99969, 0, 3.33303], "texture": "#4", "rotation": 270},
				"up": {"uv": [15.99969, 2.99969, 0, 3.33303], "texture": "#4", "rotation": 270},
				"down": {"uv": [15.99969, 2.99969, 0, 3.33303], "texture": "#4", "rotation": 270}
			}
		},
		{
			"from": [28.75, -14, 8.25],
			"to": [31.25, 30.5, 10.25],
			"faces": {
				"north": {"uv": [0, 2.99948, 15.99948, 3.66615], "texture": "#0", "rotation": 90},
				"east": {"uv": [0, 2.99948, 15.99948, 3.66615], "texture": "#0", "rotation": 270},
				"south": {"uv": [0, 2.99948, 15.99948, 3.66615], "texture": "#0", "rotation": 270},
				"west": {"uv": [0, 2.99948, 15.99948, 3.66615], "texture": "#0", "rotation": 270},
				"up": {"uv": [0, 2.99948, 15.99948, 3.66615], "texture": "#0", "rotation": 270},
				"down": {"uv": [0, 2.99948, 15.99948, 3.66615], "texture": "#0", "rotation": 270}
			}
		},
		{
			"from": [28.75, -14, 5.75],
			"to": [31.25, 30.5, 7.75],
			"faces": {
				"north": {"uv": [0, 2.99948, 15.99948, 3.66615], "texture": "#0", "rotation": 90},
				"east": {"uv": [0, 2.99948, 15.99948, 3.66615], "texture": "#0", "rotation": 270},
				"south": {"uv": [0, 2.99948, 15.99948, 3.66615], "texture": "#0", "rotation": 270},
				"west": {"uv": [0, 2.99948, 15.99948, 3.66615], "texture": "#0", "rotation": 270},
				"up": {"uv": [0, 2.99948, 15.99948, 3.66615], "texture": "#0", "rotation": 270},
				"down": {"uv": [0, 2.99948, 15.99948, 3.66615], "texture": "#0", "rotation": 270}
			}
		},
		{
			"from": [30.5, -14, 7.75],
			"to": [31.2, 30.5, 8.25],
			"faces": {
				"north": {"uv": [0, 2.99969, 15.99969, 3.33303], "texture": "#1", "rotation": 270},
				"east": {"uv": [0, 0, 15.99939, 0.33333], "texture": "#1", "rotation": 270},
				"south": {"uv": [0, 2.99969, 15.99969, 3.33303], "texture": "#1", "rotation": 270},
				"west": {"uv": [0, 2.99969, 15.99969, 3.33303], "texture": "#1", "rotation": 270},
				"up": {"uv": [0, 2.99969, 15.99969, 3.33303], "texture": "#1", "rotation": 270},
				"down": {"uv": [0, 2.99969, 15.99969, 3.33303], "texture": "#1", "rotation": 270}
			}
		},
		{
			"from": [29, 4, 6],
			"to": [32, 6.5, 9.75],
			"faces": {
				"north": {"uv": [15.33333, 2.99948, 15.99948, 3.66615], "texture": "#0", "rotation": 180},
				"east": {"uv": [5.33333, 3, 6.33229, 3.66667], "texture": "#0", "rotation": 180},
				"south": {"uv": [0, 2.99948, 0.66615, 3.66615], "texture": "#0", "rotation": 180},
				"west": {"uv": [0, 2.99948, 15.99948, 3.66615], "texture": "#0", "rotation": 270},
				"up": {"uv": [0, 2.99922, 0.66563, 3.66563], "texture": "#0", "rotation": 270},
				"down": {"uv": [0, 2.99922, 0.66563, 3.66563], "texture": "#0", "rotation": 270}
			}
		},
		{
			"from": [-16, -16, -12.9],
			"to": [31.25, -15.5, 28.8],
			"faces": {
				"north": {"uv": [0, 0, 16, 0.33303], "texture": "#4"},
				"east": {"uv": [0, 15.66667, 16, 15.99877], "texture": "#4"},
				"south": {"uv": [0, 0, 16, 0.33303], "texture": "#4"},
				"west": {"uv": [0, 0, 16, 0.33303], "texture": "#4"},
				"up": {"uv": [0, 0, 16, 16], "texture": "#4", "rotation": 90},
				"down": {"uv": [0, 0, 16, 16], "texture": "#4", "rotation": 270}
			}
		},
		{
			"from": [29, 7, 6],
			"to": [32, 9.5, 9.75],
			"faces": {
				"north": {"uv": [15.33333, 2.99948, 15.99948, 3.66615], "texture": "#0", "rotation": 180},
				"east": {"uv": [5.33333, 3, 6.33229, 3.66667], "texture": "#0", "rotation": 180},
				"south": {"uv": [0, 2.99948, 0.66615, 3.66615], "texture": "#0", "rotation": 180},
				"west": {"uv": [0, 2.99948, 15.99948, 3.66615], "texture": "#0", "rotation": 270},
				"up": {"uv": [0, 2.99922, 0.66563, 3.66563], "texture": "#0", "rotation": 270},
				"down": {"uv": [0, 2.99922, 0.66563, 3.66563], "texture": "#0", "rotation": 270}
			}
		},
		{
			"from": [-16, 30.5, -13.25],
			"to": [32, 31.5, -13],
			"faces": {
				"north": {"uv": [15.99969, 2.99939, 0, 3.33272], "texture": "#4"},
				"east": {"uv": [0.33275, 2.99884, 0, 3.3316], "texture": "#4"},
				"south": {"uv": [15.99969, 2.99939, 0, 3.33272], "texture": "#4"},
				"west": {"uv": [0.33275, 2.99913, 0, 3.33218], "texture": "#4"},
				"up": {"uv": [0, 3.33272, 15.99969, 2.99939], "texture": "#4", "rotation": 180},
				"down": {"uv": [0, 3.33272, 15.99969, 2.99939], "texture": "#4", "rotation": 180}
			}
		},
		{
			"from": [30.75, -3, 0.5],
			"to": [31.25, -1.25, 2.5],
			"faces": {
				"north": {"uv": [0.66609, 2.99942, 0, 3.33275], "texture": "#4", "rotation": 270},
				"east": {"uv": [0.66609, 2.99942, 0, 3.33275], "texture": "#4", "rotation": 270},
				"south": {"uv": [0.66609, 2.99942, 0, 3.33275], "texture": "#4", "rotation": 270},
				"west": {"uv": [0.66609, 2.99942, 0, 3.33275], "texture": "#4", "rotation": 270},
				"up": {"uv": [0.33275, 2.99942, 0, 3.33275], "texture": "#4", "rotation": 270},
				"down": {"uv": [0.66609, 2.99942, 0.33276, 3.33275], "texture": "#4", "rotation": 270}
			}
		},
		{
			"from": [30.75, -3, -0.5],
			"to": [31.25, -2, 0.5],
			"faces": {
				"north": {"uv": [0.66609, 2.99942, 0.33276, 3.33275], "texture": "#4", "rotation": 270},
				"east": {"uv": [0.66609, 2.99942, 0.33276, 3.33275], "texture": "#4", "rotation": 270},
				"south": {"uv": [0.66609, 2.99942, 0.33276, 3.33275], "texture": "#4", "rotation": 270},
				"west": {"uv": [0.66609, 2.99942, 0.33276, 3.33275], "texture": "#4", "rotation": 270},
				"up": {"uv": [0.66609, 2.99942, 0.33276, 3.33275], "texture": "#4", "rotation": 270},
				"down": {"uv": [0.66609, 2.99942, 0.33276, 3.33275], "texture": "#4", "rotation": 270}
			}
		},
		{
			"from": [31.25, -2.75, -0.5],
			"to": [31.75, -2.25, 3],
			"faces": {
				"north": {"uv": [0.66609, 2.99942, 0.33276, 3.33275], "texture": "#4", "rotation": 270},
				"east": {"uv": [0.66609, 2.99942, 0.33276, 3.33275], "texture": "#4", "rotation": 270},
				"south": {"uv": [0.66609, 2.99942, 0.33276, 3.33275], "texture": "#4", "rotation": 270},
				"west": {"uv": [0.66609, 2.99942, 0.33276, 3.33275], "texture": "#4", "rotation": 270},
				"up": {"uv": [0.66609, 2.99942, 0.33276, 3.33275], "texture": "#4", "rotation": 270},
				"down": {"uv": [0.66609, 2.99942, 0.33276, 3.33275], "texture": "#4", "rotation": 270}
			}
		},
		{
			"from": [31.25, -2.75, 13],
			"to": [31.75, -2.25, 16.5],
			"faces": {
				"north": {"uv": [0.33276, 2.99942, 0.66609, 3.33275], "texture": "#4", "rotation": 270},
				"east": {"uv": [0.33276, 2.99942, 0.66609, 3.33275], "texture": "#4", "rotation": 270},
				"south": {"uv": [0.33276, 2.99942, 0.66609, 3.33275], "texture": "#4", "rotation": 270},
				"west": {"uv": [0.33276, 2.99942, 0.66609, 3.33275], "texture": "#4", "rotation": 270},
				"up": {"uv": [0.66609, 3.33275, 0.33276, 2.99942], "texture": "#4", "rotation": 270},
				"down": {"uv": [0.66609, 3.33275, 0.33276, 2.99942], "texture": "#4", "rotation": 270}
			}
		},
		{
			"from": [30.75, -3, 15.5],
			"to": [31.25, -2, 16.5],
			"faces": {
				"north": {"uv": [0.33276, 2.99942, 0.66609, 3.33275], "texture": "#4", "rotation": 270},
				"east": {"uv": [0.33276, 2.99942, 0.66609, 3.33275], "texture": "#4", "rotation": 270},
				"south": {"uv": [0.33276, 2.99942, 0.66609, 3.33275], "texture": "#4", "rotation": 270},
				"west": {"uv": [0.33276, 2.99942, 0.66609, 3.33275], "texture": "#4", "rotation": 270},
				"up": {"uv": [0.66609, 3.33275, 0.33276, 2.99942], "texture": "#4", "rotation": 270},
				"down": {"uv": [0.66609, 3.33275, 0.33276, 2.99942], "texture": "#4", "rotation": 270}
			}
		},
		{
			"from": [30.75, -3, 13.5],
			"to": [31.25, -1.25, 15.5],
			"faces": {
				"north": {"uv": [0, 2.99942, 0.66609, 3.33275], "texture": "#4", "rotation": 90},
				"east": {"uv": [0, 2.99942, 0.66609, 3.33275], "texture": "#4", "rotation": 90},
				"south": {"uv": [0, 2.99942, 0.66609, 3.33275], "texture": "#4", "rotation": 90},
				"west": {"uv": [0, 2.99942, 0.66609, 3.33275], "texture": "#4", "rotation": 90},
				"up": {"uv": [0.33275, 3.33275, 0, 2.99942], "texture": "#4", "rotation": 270},
				"down": {"uv": [0.66609, 3.33275, 0.33276, 2.99942], "texture": "#4", "rotation": 270}
			}
		},
		{
			"from": [30.5, 6.5, -10.25],
			"to": [30.55, 12.6, 2.5],
			"faces": {
				"north": {"uv": [15.25, 15.5, 15.79063, 16.20833], "texture": "#5", "rotation": 270},
				"east": {"uv": [1.16641, 1.16562, 9.36016, 4.66563], "texture": "#5"},
				"south": {"uv": [15.25, 15.5, 15.79063, 16.20833], "texture": "#5", "rotation": 270},
				"west": {"uv": [15.25, 15.5, 15.79063, 16.20833], "texture": "#5", "rotation": 270},
				"up": {"uv": [15.08281, 15, 15.78984, 15.54063], "texture": "#5", "rotation": 270},
				"down": {"uv": [15.08281, 14.83281, 15.95625, 15.37344], "texture": "#5", "rotation": 270}
			}
		},
		{
			"from": [30.5, -0.5, -10.25],
			"to": [30.55, 5.6, 2.5],
			"faces": {
				"north": {"uv": [15.25, 15.5, 15.79063, 16.20833], "texture": "#5", "rotation": 270},
				"east": {"uv": [1.33281, 5.16641, 9.52656, 8.66641], "texture": "#5"},
				"south": {"uv": [15.25, 15.5, 15.79063, 16.20833], "texture": "#5", "rotation": 270},
				"west": {"uv": [15.25, 15.5, 15.79063, 16.20833], "texture": "#5", "rotation": 270},
				"up": {"uv": [15.25, 14.83281, 15.79063, 15.37344], "texture": "#5", "rotation": 270},
				"down": {"uv": [15.25, 14.5, 15.79063, 15.04063], "texture": "#5", "rotation": 270}
			}
		},
		{
			"from": [30.5, 27.5, -11],
			"to": [31.15, 28.5, 27],
			"faces": {
				"north": {"uv": [4, 3, 15.33333, 3.33333], "texture": "#4"},
				"east": {"uv": [3.33333, 2.99969, 15.33303, 3.33303], "texture": "#4"},
				"south": {"uv": [4, 3, 15.33333, 3.33333], "texture": "#4"},
				"west": {"uv": [4, 3, 15.33333, 3.33333], "texture": "#4"},
				"up": {"uv": [4, 3, 15.33333, 3.33333], "texture": "#4", "rotation": 90},
				"down": {"uv": [4, 3, 15.33333, 3.33333], "texture": "#4", "rotation": 270}
			}
		},
		{
			"from": [30.5, -0.5, 13.5],
			"to": [30.55, 3.6, 26.25],
			"faces": {
				"north": {"uv": [15.25, 15.5, 15.79063, 16.20833], "texture": "#5", "rotation": 270},
				"east": {"uv": [1.5, 13.16563, 9.69375, 15.83203], "texture": "#5"},
				"south": {"uv": [15.25, 15.5, 15.79063, 16.20833], "texture": "#5", "rotation": 270},
				"west": {"uv": [15.25, 15.5, 15.79063, 16.20833], "texture": "#5", "rotation": 270},
				"up": {"uv": [14.91641, 14.83281, 15.45625, 15.37344], "texture": "#5", "rotation": 270},
				"down": {"uv": [15.08281, 14.5, 15.62266, 15.04063], "texture": "#5", "rotation": 270}
			}
		},
		{
			"from": [30.5, 6.5, 13.5],
			"to": [30.55, 12.6, 26.25],
			"faces": {
				"north": {"uv": [15.25, 15.5, 15.79063, 16.20833], "texture": "#5", "rotation": 270},
				"east": {"uv": [1.33281, 9.66641, 9.52656, 13.16641], "texture": "#5"},
				"south": {"uv": [15.25, 15.5, 15.79063, 16.20833], "texture": "#5", "rotation": 270},
				"west": {"uv": [15.25, 15.5, 15.79063, 16.20833], "texture": "#5", "rotation": 270},
				"up": {"uv": [14.91641, 14.66641, 15.45625, 15.20703], "texture": "#5", "rotation": 270},
				"down": {"uv": [14.91641, 14.83281, 15.45625, 15.37344], "texture": "#5", "rotation": 270}
			}
		}
	]
}