{
	"textures": {
		"0": "block/black_terracotta",
		"particle": "block/black_terracotta"
	},
	"elements": [
		{
			"from": [0, 8, 0],
			"to": [16, 16, 16],
			"faces": {
				"north": {"uv": [0, 0, 16, 8], "texture": "#0"},
				"east": {"uv": [0, 0, 16, 8], "texture": "#0"},
				"south": {"uv": [0, 0, 16, 8], "texture": "#0"},
				"west": {"uv": [0, 0, 16, 8], "texture": "#0"},
				"up": {"uv": [0, 0, 16, 16], "texture": "#0"},
				"down": {"uv": [0, 0, 16, 16], "texture": "#0"}
			}
		},
		{
			"from": [2, 7, 10],
			"to": [6, 8, 14],
			"faces": {
				"north": {"uv": [5, 7, 9, 8], "texture": "#0"},
				"east": {"uv": [9, 7, 10, 11], "texture": "#0", "rotation": 90},
				"south": {"uv": [4, 4, 8, 5], "texture": "#0"},
				"west": {"uv": [9, 4, 10, 8], "texture": "#0", "rotation": 90},
				"up": {"uv": [4, 5, 8, 9], "texture": "#0"},
				"down": {"uv": [5, 6, 9, 10], "texture": "#0"}
			}
		},
		{
			"from": [2, 7, 2],
			"to": [6, 8, 6],
			"faces": {
				"north": {"uv": [8, 5, 12, 6], "texture": "#0"},
				"east": {"uv": [9, 7, 10, 11], "texture": "#0", "rotation": 90},
				"south": {"uv": [0, 0, 4, 1], "texture": "#0"},
				"west": {"uv": [9, 4, 10, 8], "texture": "#0", "rotation": 90},
				"up": {"uv": [4, 5, 8, 9], "texture": "#0"},
				"down": {"uv": [5, 6, 9, 10], "texture": "#0"}
			}
		},
		{
			"from": [10, 7, 2],
			"to": [14, 8, 6],
			"faces": {
				"north": {"uv": [4, 5, 8, 6], "texture": "#0"},
				"east": {"uv": [9, 11, 10, 15], "texture": "#0", "rotation": 90},
				"south": {"uv": [9, 14, 13, 15], "texture": "#0"},
				"west": {"uv": [6, 8, 7, 12], "texture": "#0", "rotation": 90},
				"up": {"uv": [4, 5, 8, 9], "texture": "#0"},
				"down": {"uv": [5, 6, 9, 10], "texture": "#0"}
			}
		},
		{
			"from": [10, 7, 10],
			"to": [14, 8, 14],
			"faces": {
				"north": {"uv": [5, 7, 9, 8], "texture": "#0"},
				"east": {"uv": [9, 7, 10, 11], "texture": "#0", "rotation": 90},
				"south": {"uv": [4, 4, 8, 5], "texture": "#0"},
				"west": {"uv": [9, 4, 10, 8], "texture": "#0", "rotation": 90},
				"up": {"uv": [4, 5, 8, 9], "texture": "#0"},
				"down": {"uv": [5, 6, 9, 10], "texture": "#0"}
			}
		}
	]
}