{
    "parent": "block/block",
	"textures": {
		"0": "_custom/vent",
		"1": "block/purpur_block",
		"particle": "_custom/vent"
	},
	"elements": [
		{
			"from": [0, 0, 0],
			"to": [16, 16, 15],
			"faces": {
				"north": {"uv": [0, 0, 16, 16], "texture": "#1"},
				"east": {"uv": [0, 0, 15, 16], "texture": "#1"},
				"south": {"uv": [0, 0, 16, 16], "texture": "#0"},
				"west": {"uv": [0, 0, 15, 16], "texture": "#1"},
				"up": {"uv": [0, 0, 16, 15], "texture": "#1"},
				"down": {"uv": [0, 1, 16, 16], "texture": "#1"}
			}
		},
		{
			"from": [0, 0, 15],
			"to": [16, 1, 16],
			"faces": {
				"north": {"uv": [0, 15, 16, 16], "texture": "#1"},
				"east": {"uv": [0, 15, 1, 16], "texture": "#1"},
				"south": {"uv": [0, 0, 16, 1], "texture": "#1"},
				"west": {"uv": [0, 15, 1, 16], "texture": "#1"},
				"up": {"uv": [0, 15, 16, 16], "texture": "#1"},
				"down": {"uv": [0, 15, 16, 16], "texture": "#1"}
			}
		},
		{
			"from": [0, 15, 15],
			"to": [16, 16, 16],
			"faces": {
				"north": {"uv": [0, 15, 16, 16], "texture": "#1"},
				"east": {"uv": [0, 0, 1, 1], "texture": "#1"},
				"south": {"uv": [0, 0, 16, 1], "texture": "#1"},
				"west": {"uv": [0, 0, 1, 1], "texture": "#1"},
				"up": {"uv": [0, 0, 16, 1], "texture": "#1"},
				"down": {"uv": [0, 0, 16, 1], "texture": "#1"}
			}
		},
		{
			"from": [0, 1, 15],
			"to": [1, 15, 16],
			"faces": {
				"north": {"uv": [0, 1, 1, 15], "texture": "#1"},
				"east": {"uv": [0, 1, 1, 15], "texture": "#1"},
				"south": {"uv": [0, 1, 1, 15], "texture": "#1"},
				"west": {"uv": [0, 1, 1, 15], "texture": "#1"},
				"up": {"uv": [0, 1, 1, 2], "texture": "#1"},
				"down": {"uv": [0, 1, 1, 2], "texture": "#1"}
			}
		},
		{
			"from": [15, 1, 15],
			"to": [16, 15, 16],
			"faces": {
				"north": {"uv": [0, 1, 1, 15], "texture": "#1"},
				"east": {"uv": [0, 1, 1, 15], "texture": "#1"},
				"south": {"uv": [0, 1, 1, 15], "texture": "#1"},
				"west": {"uv": [0, 1, 1, 15], "texture": "#1"},
				"up": {"uv": [0, 1, 1, 2], "texture": "#1"},
				"down": {"uv": [0, 1, 1, 2], "texture": "#1"}
			}
		},
		{
			"from": [1, 3, 15],
			"to": [15, 4, 16],
			"faces": {
				"north": {"uv": [1, 12, 15, 13], "texture": "#1"},
				"east": {"uv": [1, 12, 15, 13], "texture": "#1"},
				"south": {"uv": [1, 12, 15, 13], "texture": "#1"},
				"west": {"uv": [1, 12, 15, 13], "texture": "#1"},
				"up": {"uv": [1, 12, 15, 13], "texture": "#1"},
				"down": {"uv": [1, 12, 15, 13], "texture": "#1"}
			}
		},
		{
			"from": [1, 6, 15],
			"to": [15, 7, 16],
			"faces": {
				"north": {"uv": [1, 9, 15, 10], "texture": "#1"},
				"east": {"uv": [1, 9, 15, 10], "texture": "#1"},
				"south": {"uv": [1, 9, 15, 10], "texture": "#1"},
				"west": {"uv": [1, 9, 15, 10], "texture": "#1"},
				"up": {"uv": [1, 9, 15, 10], "texture": "#1"},
				"down": {"uv": [1, 9, 15, 10], "texture": "#1"}
			}
		},
		{
			"from": [1, 9, 15],
			"to": [15, 10, 16],
			"faces": {
				"north": {"uv": [1, 6, 15, 7], "texture": "#1"},
				"east": {"uv": [1, 6, 15, 7], "texture": "#1"},
				"south": {"uv": [1, 6, 15, 7], "texture": "#1"},
				"west": {"uv": [1, 6, 15, 7], "texture": "#1"},
				"up": {"uv": [1, 6, 15, 7], "texture": "#1"},
				"down": {"uv": [1, 6, 15, 7], "texture": "#1"}
			}
		},
		{
			"from": [1, 12, 15],
			"to": [15, 13, 16],
			"faces": {
				"north": {"uv": [1, 4, 15, 5], "texture": "#1"},
				"east": {"uv": [1, 4, 15, 5], "texture": "#1"},
				"south": {"uv": [1, 4, 15, 5], "texture": "#1"},
				"west": {"uv": [1, 4, 15, 5], "texture": "#1"},
				"up": {"uv": [1, 4, 15, 5], "texture": "#1"},
				"down": {"uv": [1, 4, 15, 5], "texture": "#1"}
			}
		},
		{
			"from": [1, 1, 15],
			"to": [2, 2, 16],
			"faces": {
				"north": {"uv": [1, 14, 2, 15], "texture": "#1"},
				"east": {"uv": [1, 14, 2, 15], "texture": "#1"},
				"south": {"uv": [1, 14, 2, 15], "texture": "#1"},
				"west": {"uv": [1, 14, 2, 15], "texture": "#1"},
				"up": {"uv": [1, 14, 2, 15], "texture": "#1"},
				"down": {"uv": [1, 14, 2, 15], "texture": "#1"}
			}
		},
		{
			"from": [1, 4, 15],
			"to": [2, 5, 16],
			"faces": {
				"north": {"uv": [1, 11, 2, 12], "texture": "#1"},
				"east": {"uv": [1, 11, 2, 12], "texture": "#1"},
				"south": {"uv": [1, 11, 2, 12], "texture": "#1"},
				"west": {"uv": [1, 11, 2, 12], "texture": "#1"},
				"up": {"uv": [1, 11, 2, 12], "texture": "#1"},
				"down": {"uv": [1, 11, 2, 12], "texture": "#1"}
			}
		},
		{
			"from": [1, 7, 15],
			"to": [2, 8, 16],
			"faces": {
				"north": {"uv": [1, 8, 2, 9], "texture": "#1"},
				"east": {"uv": [1, 8, 2, 9], "texture": "#1"},
				"south": {"uv": [1, 8, 2, 9], "texture": "#1"},
				"west": {"uv": [1, 8, 2, 9], "texture": "#1"},
				"up": {"uv": [1, 8, 2, 9], "texture": "#1"},
				"down": {"uv": [1, 8, 2, 9], "texture": "#1"}
			}
		},
		{
			"from": [1, 10, 15],
			"to": [2, 11, 16],
			"faces": {
				"north": {"uv": [1, 5, 2, 6], "texture": "#1"},
				"east": {"uv": [1, 5, 2, 6], "texture": "#1"},
				"south": {"uv": [1, 5, 2, 6], "texture": "#1"},
				"west": {"uv": [1, 5, 2, 6], "texture": "#1"},
				"up": {"uv": [1, 5, 2, 6], "texture": "#1"},
				"down": {"uv": [1, 5, 2, 6], "texture": "#1"}
			}
		},
		{
			"from": [1, 13, 15],
			"to": [2, 14, 16],
			"faces": {
				"north": {"uv": [1, 2, 2, 3], "texture": "#1"},
				"east": {"uv": [1, 2, 2, 3], "texture": "#1"},
				"south": {"uv": [1, 2, 2, 3], "texture": "#1"},
				"west": {"uv": [1, 2, 2, 3], "texture": "#1"},
				"up": {"uv": [1, 2, 2, 3], "texture": "#1"},
				"down": {"uv": [1, 2, 2, 3], "texture": "#1"}
			}
		},
		{
			"from": [14, 1, 15],
			"to": [15, 2, 16],
			"faces": {
				"north": {"uv": [14, 14, 15, 15], "texture": "#1"},
				"east": {"uv": [14, 14, 15, 15], "texture": "#1"},
				"south": {"uv": [14, 14, 15, 15], "texture": "#1"},
				"west": {"uv": [14, 14, 15, 15], "texture": "#1"},
				"up": {"uv": [14, 14, 15, 15], "texture": "#1"},
				"down": {"uv": [14, 14, 15, 15], "texture": "#1"}
			}
		},
		{
			"from": [14, 7, 15],
			"to": [15, 8, 16],
			"faces": {
				"north": {"uv": [14, 8, 15, 9], "texture": "#1"},
				"east": {"uv": [14, 8, 15, 9], "texture": "#1"},
				"south": {"uv": [14, 8, 15, 9], "texture": "#1"},
				"west": {"uv": [14, 8, 15, 9], "texture": "#1"},
				"up": {"uv": [14, 8, 15, 9], "texture": "#1"},
				"down": {"uv": [14, 8, 15, 9], "texture": "#1"}
			}
		},
		{
			"from": [14, 10, 15],
			"to": [15, 11, 16],
			"faces": {
				"north": {"uv": [14, 5, 15, 6], "texture": "#1"},
				"east": {"uv": [14, 5, 15, 6], "texture": "#1"},
				"south": {"uv": [14, 5, 15, 6], "texture": "#1"},
				"west": {"uv": [14, 5, 15, 6], "texture": "#1"},
				"up": {"uv": [14, 5, 15, 6], "texture": "#1"},
				"down": {"uv": [14, 5, 15, 6], "texture": "#1"}
			}
		},
		{
			"from": [14, 13, 15],
			"to": [15, 14, 16],
			"faces": {
				"north": {"uv": [14, 2, 15, 3], "texture": "#1"},
				"east": {"uv": [14, 2, 15, 3], "texture": "#1"},
				"south": {"uv": [14, 2, 15, 3], "texture": "#1"},
				"west": {"uv": [14, 2, 15, 3], "texture": "#1"},
				"up": {"uv": [14, 2, 15, 3], "texture": "#1"},
				"down": {"uv": [14, 2, 15, 3], "texture": "#1"}
			}
		},
		{
			"from": [14, 4, 15],
			"to": [15, 5, 16],
			"faces": {
				"north": {"uv": [14, 11, 15, 12], "texture": "#1"},
				"east": {"uv": [14, 11, 15, 12], "texture": "#1"},
				"south": {"uv": [14, 11, 15, 12], "texture": "#1"},
				"west": {"uv": [14, 11, 15, 12], "texture": "#1"},
				"up": {"uv": [14, 11, 15, 12], "texture": "#1"},
				"down": {"uv": [14, 11, 15, 12], "texture": "#1"}
			}
		}
	]
}