{
	"parent": "block/block",
	"textures": {
		"0": "_custom/purpur_block_dark",
		"2": "_custom/light_steel",
		"particle": "_custom/purpur_block_dark"
	},
	"elements": [
		{
			"from": [5, 8, 0],
			"to": [8, 11, 16],
			"faces": {
				"north": {"uv": [6, 6, 9, 9], "texture": "#0"},
				"east": {"uv": [0, 6, 16, 9], "texture": "#0"},
				"south": {"uv": [6, 6, 9, 9], "texture": "#0"},
				"west": {"uv": [0, 6, 16, 9], "texture": "#0"},
				"up": {"uv": [0, 6, 16, 9], "texture": "#0", "rotation": 90},
				"down": {"uv": [0, 6, 16, 9], "texture": "#0", "rotation": 90}
			}
		},
		{
			"from": [4.5, 7.5, 13],
			"to": [8.5, 11.5, 15],
			"faces": {
				"north": {"uv": [5, 7, 9, 11], "texture": "#2"},
				"east": {"uv": [5, 7, 7, 10], "texture": "#2"},
				"south": {"uv": [5, 7, 9, 11], "texture": "#2"},
				"west": {"uv": [5, 7, 7, 10], "texture": "#2"},
				"up": {"uv": [5, 7, 7, 10], "texture": "#2", "rotation": 90},
				"down": {"uv": [5, 7, 7, 10], "texture": "#2", "rotation": 90}
			}
		},
		{
			"from": [4.5, 7.5, 1],
			"to": [8.5, 11.5, 3],
			"faces": {
				"north": {"uv": [5, 7, 9, 11], "texture": "#2"},
				"east": {"uv": [5, 7, 7, 10], "texture": "#2"},
				"south": {"uv": [5, 7, 9, 11], "texture": "#2"},
				"west": {"uv": [5, 7, 7, 10], "texture": "#2"},
				"up": {"uv": [5, 7, 7, 10], "texture": "#2", "rotation": 90},
				"down": {"uv": [5, 7, 7, 10], "texture": "#2", "rotation": 90}
			}
		},
		{
			"from": [11.5, 6.5, 1],
			"to": [15.5, 10.5, 3],
			"faces": {
				"north": {"uv": [5, 7, 9, 11], "texture": "#2"},
				"east": {"uv": [5, 7, 7, 10], "texture": "#2"},
				"south": {"uv": [5, 7, 9, 11], "texture": "#2"},
				"west": {"uv": [5, 7, 7, 10], "texture": "#2"},
				"up": {"uv": [5, 7, 7, 10], "texture": "#2", "rotation": 90},
				"down": {"uv": [5, 7, 7, 10], "texture": "#2", "rotation": 90}
			}
		},
		{
			"from": [12, 7, 0],
			"to": [15, 10, 16],
			"faces": {
				"north": {"uv": [6, 6, 9, 9], "texture": "#0"},
				"east": {"uv": [0, 6, 16, 9], "texture": "#0"},
				"south": {"uv": [6, 6, 9, 9], "texture": "#0"},
				"west": {"uv": [0, 6, 16, 9], "texture": "#0"},
				"up": {"uv": [0, 6, 16, 9], "texture": "#0", "rotation": 90},
				"down": {"uv": [0, 6, 16, 9], "texture": "#0", "rotation": 90}
			}
		},
		{
			"from": [11.5, 6.5, 13],
			"to": [15.5, 10.5, 15],
			"faces": {
				"north": {"uv": [5, 7, 9, 11], "texture": "#2"},
				"east": {"uv": [5, 7, 7, 10], "texture": "#2"},
				"south": {"uv": [5, 7, 9, 11], "texture": "#2"},
				"west": {"uv": [5, 7, 7, 10], "texture": "#2"},
				"up": {"uv": [5, 7, 7, 10], "texture": "#2", "rotation": 90},
				"down": {"uv": [5, 7, 7, 10], "texture": "#2", "rotation": 90}
			}
		}
	]
}