{
	"textures": {
		"0": "block/purpur_pillar",
		"1": "block/purpur_block",
		"2": "_custom/light_steel",
		"3": "block/yellow_terracotta",
		"particle": "block/purpur_pillar"
	},
	"elements": [
		{
			"from": [0, 0, 0],
			"to": [16, 16, 16],
			"faces": {
				"north": {"uv": [0, 0, 16, 16], "texture": "#0"},
				"east": {"uv": [0, 0, 16, 16], "texture": "#0"},
				"south": {"uv": [0, 0, 16, 16], "texture": "#0"},
				"west": {"uv": [0, 0, 16, 16], "texture": "#0"},
				"up": {"uv": [0, 0, 16, 16], "texture": "#1"},
				"down": {"uv": [0, 0, 16, 16], "texture": "#1"}
			}
		},
		{
			"from": [0, 2.5, -1],
			"to": [3, 5.5, 0],
			"faces": {
				"north": {"uv": [0, 5, 3, 8], "texture": "#2"},
				"east": {"uv": [0, 0, 1, 3], "texture": "#2"},
				"south": {"uv": [0, 0, 1, 3], "texture": "#2"},
				"west": {"uv": [0, 0, 1, 3], "texture": "#2"},
				"up": {"uv": [3, 0, 4, 3], "texture": "#2", "rotation": 90},
				"down": {"uv": [1, 3, 2, 6], "texture": "#2", "rotation": 90}
			}
		},
		{
			"from": [-1, 2.5, -1],
			"to": [0, 5.5, 3],
			"faces": {
				"north": {"uv": [4, 5, 5, 8], "texture": "#2", "rotation": 180},
				"east": {"uv": [3, 0, 4, 4], "texture": "#2", "rotation": 180},
				"south": {"uv": [8, 3, 9, 6], "texture": "#2", "rotation": 180},
				"west": {"uv": [5, 7, 9, 10], "texture": "#2", "rotation": 180},
				"up": {"uv": [3, 0, 4, 4], "texture": "#2", "rotation": 180},
				"down": {"uv": [3, 0, 4, 4], "texture": "#2", "rotation": 180}
			}
		},
		{
			"from": [0, 10.5, -1],
			"to": [3, 13.5, 0],
			"faces": {
				"north": {"uv": [10, 4, 13, 7], "texture": "#2"},
				"east": {"uv": [0, 0, 1, 3], "texture": "#2"},
				"south": {"uv": [0, 0, 1, 3], "texture": "#2"},
				"west": {"uv": [0, 0, 1, 3], "texture": "#2"},
				"up": {"uv": [3, 0, 4, 3], "texture": "#2", "rotation": 90},
				"down": {"uv": [1, 3, 2, 6], "texture": "#2", "rotation": 90}
			}
		},
		{
			"from": [-1, 10.5, -1],
			"to": [0, 13.5, 3],
			"faces": {
				"north": {"uv": [4, 5, 5, 8], "texture": "#2", "rotation": 180},
				"east": {"uv": [3, 0, 4, 4], "texture": "#2", "rotation": 180},
				"south": {"uv": [8, 3, 9, 6], "texture": "#2", "rotation": 180},
				"west": {"uv": [6, 3, 10, 6], "texture": "#2", "rotation": 180},
				"up": {"uv": [3, 0, 4, 4], "texture": "#2", "rotation": 180},
				"down": {"uv": [3, 0, 4, 4], "texture": "#2", "rotation": 180}
			}
		},
		{
			"from": [-1, 5.5, 1],
			"to": [0, 10.5, 2],
			"faces": {
				"north": {"uv": [4, 4, 5, 9], "texture": "#2"},
				"east": {"uv": [4, 4, 5, 9], "texture": "#2"},
				"south": {"uv": [4, 4, 5, 9], "texture": "#2"},
				"west": {"uv": [4, 4, 5, 9], "texture": "#2"},
				"up": {"uv": [4, 4, 5, 9], "texture": "#2", "rotation": 90},
				"down": {"uv": [4, 4, 5, 9], "texture": "#2", "rotation": 90}
			}
		},
		{
			"from": [1, 5.5, -1],
			"to": [2, 10.5, 0],
			"faces": {
				"north": {"uv": [10, 4, 11, 9], "texture": "#2"},
				"east": {"uv": [10, 4, 11, 9], "texture": "#2"},
				"south": {"uv": [10, 4, 11, 9], "texture": "#2"},
				"west": {"uv": [10, 4, 11, 9], "texture": "#2"},
				"up": {"uv": [10, 4, 11, 9], "texture": "#2", "rotation": 90},
				"down": {"uv": [10, 4, 11, 9], "texture": "#2", "rotation": 90}
			}
		},
		{
			"from": [-1, 12.5, 3],
			"to": [0, 13.5, 13],
			"faces": {
				"north": {"uv": [4, 4, 14, 5], "texture": "#2"},
				"east": {"uv": [4, 4, 14, 5], "texture": "#2"},
				"south": {"uv": [4, 4, 14, 5], "texture": "#2"},
				"west": {"uv": [4, 4, 14, 5], "texture": "#2"},
				"up": {"uv": [4, 4, 14, 5], "texture": "#2", "rotation": 90},
				"down": {"uv": [4, 4, 14, 5], "texture": "#2", "rotation": 90}
			}
		},
		{
			"from": [-1, 2.5, 3],
			"to": [0, 3.5, 13],
			"faces": {
				"north": {"uv": [4, 4, 14, 5], "texture": "#2"},
				"east": {"uv": [4, 4, 14, 5], "texture": "#2"},
				"south": {"uv": [4, 4, 14, 5], "texture": "#2"},
				"west": {"uv": [4, 4, 14, 5], "texture": "#2"},
				"up": {"uv": [4, 4, 14, 5], "texture": "#2", "rotation": 90},
				"down": {"uv": [4, 4, 14, 5], "texture": "#2", "rotation": 90}
			}
		},
		{
			"from": [3, 2.5, -1],
			"to": [13, 3.5, 0],
			"faces": {
				"north": {"uv": [4, 4, 14, 5], "texture": "#2"},
				"east": {"uv": [4, 4, 14, 5], "texture": "#2"},
				"south": {"uv": [4, 4, 14, 5], "texture": "#2"},
				"west": {"uv": [4, 4, 14, 5], "texture": "#2"},
				"up": {"uv": [4, 4, 14, 5], "texture": "#2", "rotation": 180},
				"down": {"uv": [4, 4, 14, 5], "texture": "#2"}
			}
		},
		{
			"from": [13, 2.5, -1],
			"to": [17, 5.5, 0],
			"faces": {
				"north": {"uv": [5, 7, 9, 10], "texture": "#2", "rotation": 180},
				"east": {"uv": [4, 5, 5, 8], "texture": "#2", "rotation": 180},
				"south": {"uv": [3, 0, 4, 4], "texture": "#2", "rotation": 180},
				"west": {"uv": [8, 3, 9, 6], "texture": "#2", "rotation": 180},
				"up": {"uv": [3, 0, 4, 4], "texture": "#2", "rotation": 270},
				"down": {"uv": [3, 0, 4, 4], "texture": "#2", "rotation": 90}
			}
		},
		{
			"from": [14, 5.5, -1],
			"to": [15, 10.5, 0],
			"faces": {
				"north": {"uv": [4, 4, 5, 9], "texture": "#2"},
				"east": {"uv": [4, 4, 5, 9], "texture": "#2"},
				"south": {"uv": [4, 4, 5, 9], "texture": "#2"},
				"west": {"uv": [4, 4, 5, 9], "texture": "#2"},
				"up": {"uv": [4, 4, 5, 9], "texture": "#2", "rotation": 180},
				"down": {"uv": [4, 4, 5, 9], "texture": "#2"}
			}
		},
		{
			"from": [16, 5.5, 1],
			"to": [17, 10.5, 2],
			"faces": {
				"north": {"uv": [10, 4, 11, 9], "texture": "#2"},
				"east": {"uv": [10, 4, 11, 9], "texture": "#2"},
				"south": {"uv": [10, 4, 11, 9], "texture": "#2"},
				"west": {"uv": [10, 4, 11, 9], "texture": "#2"},
				"up": {"uv": [10, 4, 11, 9], "texture": "#2", "rotation": 180},
				"down": {"uv": [10, 4, 11, 9], "texture": "#2"}
			}
		},
		{
			"from": [16, 2.5, 0],
			"to": [17, 5.5, 3],
			"faces": {
				"north": {"uv": [0, 0, 1, 3], "texture": "#2"},
				"east": {"uv": [0, 5, 3, 8], "texture": "#2"},
				"south": {"uv": [0, 0, 1, 3], "texture": "#2"},
				"west": {"uv": [0, 0, 1, 3], "texture": "#2"},
				"up": {"uv": [3, 0, 4, 3], "texture": "#2", "rotation": 180},
				"down": {"uv": [1, 3, 2, 6], "texture": "#2"}
			}
		},
		{
			"from": [13, 10.5, -1],
			"to": [17, 13.5, 0],
			"faces": {
				"north": {"uv": [6, 3, 10, 6], "texture": "#2", "rotation": 180},
				"east": {"uv": [4, 5, 5, 8], "texture": "#2", "rotation": 180},
				"south": {"uv": [3, 0, 4, 4], "texture": "#2", "rotation": 180},
				"west": {"uv": [8, 3, 9, 6], "texture": "#2", "rotation": 180},
				"up": {"uv": [3, 0, 4, 4], "texture": "#2", "rotation": 270},
				"down": {"uv": [3, 0, 4, 4], "texture": "#2", "rotation": 90}
			}
		},
		{
			"from": [16, 10.5, 0],
			"to": [17, 13.5, 3],
			"faces": {
				"north": {"uv": [0, 0, 1, 3], "texture": "#2"},
				"east": {"uv": [10, 4, 13, 7], "texture": "#2"},
				"south": {"uv": [0, 0, 1, 3], "texture": "#2"},
				"west": {"uv": [0, 0, 1, 3], "texture": "#2"},
				"up": {"uv": [3, 0, 4, 3], "texture": "#2", "rotation": 180},
				"down": {"uv": [1, 3, 2, 6], "texture": "#2"}
			}
		},
		{
			"from": [3, 12.5, -1],
			"to": [13, 13.5, 0],
			"faces": {
				"north": {"uv": [4, 4, 14, 5], "texture": "#2"},
				"east": {"uv": [4, 4, 14, 5], "texture": "#2"},
				"south": {"uv": [4, 4, 14, 5], "texture": "#2"},
				"west": {"uv": [4, 4, 14, 5], "texture": "#2"},
				"up": {"uv": [4, 4, 14, 5], "texture": "#2", "rotation": 180},
				"down": {"uv": [4, 4, 14, 5], "texture": "#2"}
			}
		},
		{
			"from": [16, 2.5, 3],
			"to": [17, 3.5, 13],
			"faces": {
				"north": {"uv": [4, 4, 14, 5], "texture": "#2"},
				"east": {"uv": [4, 4, 14, 5], "texture": "#2"},
				"south": {"uv": [4, 4, 14, 5], "texture": "#2"},
				"west": {"uv": [4, 4, 14, 5], "texture": "#2"},
				"up": {"uv": [4, 4, 14, 5], "texture": "#2", "rotation": 270},
				"down": {"uv": [4, 4, 14, 5], "texture": "#2", "rotation": 270}
			}
		},
		{
			"from": [16, 2.5, 13],
			"to": [17, 5.5, 17],
			"faces": {
				"north": {"uv": [8, 3, 9, 6], "texture": "#2", "rotation": 180},
				"east": {"uv": [5, 7, 9, 10], "texture": "#2", "rotation": 180},
				"south": {"uv": [4, 5, 5, 8], "texture": "#2", "rotation": 180},
				"west": {"uv": [3, 0, 4, 4], "texture": "#2", "rotation": 180},
				"up": {"uv": [3, 0, 4, 4], "texture": "#2"},
				"down": {"uv": [3, 0, 4, 4], "texture": "#2"}
			}
		},
		{
			"from": [16, 5.5, 14],
			"to": [17, 10.5, 15],
			"faces": {
				"north": {"uv": [4, 4, 5, 9], "texture": "#2"},
				"east": {"uv": [4, 4, 5, 9], "texture": "#2"},
				"south": {"uv": [4, 4, 5, 9], "texture": "#2"},
				"west": {"uv": [4, 4, 5, 9], "texture": "#2"},
				"up": {"uv": [4, 4, 5, 9], "texture": "#2", "rotation": 270},
				"down": {"uv": [4, 4, 5, 9], "texture": "#2", "rotation": 270}
			}
		},
		{
			"from": [14, 5.5, 16],
			"to": [15, 10.5, 17],
			"faces": {
				"north": {"uv": [10, 4, 11, 9], "texture": "#2"},
				"east": {"uv": [10, 4, 11, 9], "texture": "#2"},
				"south": {"uv": [10, 4, 11, 9], "texture": "#2"},
				"west": {"uv": [10, 4, 11, 9], "texture": "#2"},
				"up": {"uv": [10, 4, 11, 9], "texture": "#2", "rotation": 270},
				"down": {"uv": [10, 4, 11, 9], "texture": "#2", "rotation": 270}
			}
		},
		{
			"from": [13, 2.5, 16],
			"to": [16, 5.5, 17],
			"faces": {
				"north": {"uv": [0, 0, 1, 3], "texture": "#2"},
				"east": {"uv": [0, 0, 1, 3], "texture": "#2"},
				"south": {"uv": [0, 5, 3, 8], "texture": "#2"},
				"west": {"uv": [0, 0, 1, 3], "texture": "#2"},
				"up": {"uv": [3, 0, 4, 3], "texture": "#2", "rotation": 270},
				"down": {"uv": [1, 3, 2, 6], "texture": "#2", "rotation": 270}
			}
		},
		{
			"from": [16, 10.5, 13],
			"to": [17, 13.5, 17],
			"faces": {
				"north": {"uv": [8, 3, 9, 6], "texture": "#2", "rotation": 180},
				"east": {"uv": [6, 3, 10, 6], "texture": "#2", "rotation": 180},
				"south": {"uv": [4, 5, 5, 8], "texture": "#2", "rotation": 180},
				"west": {"uv": [3, 0, 4, 4], "texture": "#2", "rotation": 180},
				"up": {"uv": [3, 0, 4, 4], "texture": "#2"},
				"down": {"uv": [3, 0, 4, 4], "texture": "#2"}
			}
		},
		{
			"from": [13, 10.5, 16],
			"to": [16, 13.5, 17],
			"faces": {
				"north": {"uv": [0, 0, 1, 3], "texture": "#2"},
				"east": {"uv": [0, 0, 1, 3], "texture": "#2"},
				"south": {"uv": [10, 4, 13, 7], "texture": "#2"},
				"west": {"uv": [0, 0, 1, 3], "texture": "#2"},
				"up": {"uv": [3, 0, 4, 3], "texture": "#2", "rotation": 270},
				"down": {"uv": [1, 3, 2, 6], "texture": "#2", "rotation": 270}
			}
		},
		{
			"from": [16, 12.5, 3],
			"to": [17, 13.5, 13],
			"faces": {
				"north": {"uv": [4, 4, 14, 5], "texture": "#2"},
				"east": {"uv": [4, 4, 14, 5], "texture": "#2"},
				"south": {"uv": [4, 4, 14, 5], "texture": "#2"},
				"west": {"uv": [4, 4, 14, 5], "texture": "#2"},
				"up": {"uv": [4, 4, 14, 5], "texture": "#2", "rotation": 270},
				"down": {"uv": [4, 4, 14, 5], "texture": "#2", "rotation": 270}
			}
		},
		{
			"from": [3, 2.5, 16],
			"to": [13, 3.5, 17],
			"faces": {
				"north": {"uv": [4, 4, 14, 5], "texture": "#2"},
				"east": {"uv": [4, 4, 14, 5], "texture": "#2"},
				"south": {"uv": [4, 4, 14, 5], "texture": "#2"},
				"west": {"uv": [4, 4, 14, 5], "texture": "#2"},
				"up": {"uv": [4, 4, 14, 5], "texture": "#2"},
				"down": {"uv": [4, 4, 14, 5], "texture": "#2", "rotation": 180}
			}
		},
		{
			"from": [-1, 2.5, 16],
			"to": [3, 5.5, 17],
			"faces": {
				"north": {"uv": [3, 0, 4, 4], "texture": "#2", "rotation": 180},
				"east": {"uv": [8, 3, 9, 6], "texture": "#2", "rotation": 180},
				"south": {"uv": [5, 7, 9, 10], "texture": "#2", "rotation": 180},
				"west": {"uv": [4, 5, 5, 8], "texture": "#2", "rotation": 180},
				"up": {"uv": [3, 0, 4, 4], "texture": "#2", "rotation": 90},
				"down": {"uv": [3, 0, 4, 4], "texture": "#2", "rotation": 270}
			}
		},
		{
			"from": [1, 5.5, 16],
			"to": [2, 10.5, 17],
			"faces": {
				"north": {"uv": [4, 4, 5, 9], "texture": "#2"},
				"east": {"uv": [4, 4, 5, 9], "texture": "#2"},
				"south": {"uv": [4, 4, 5, 9], "texture": "#2"},
				"west": {"uv": [4, 4, 5, 9], "texture": "#2"},
				"up": {"uv": [4, 4, 5, 9], "texture": "#2"},
				"down": {"uv": [4, 4, 5, 9], "texture": "#2", "rotation": 180}
			}
		},
		{
			"from": [-1, 5.5, 14],
			"to": [0, 10.5, 15],
			"faces": {
				"north": {"uv": [10, 4, 11, 9], "texture": "#2"},
				"east": {"uv": [10, 4, 11, 9], "texture": "#2"},
				"south": {"uv": [10, 4, 11, 9], "texture": "#2"},
				"west": {"uv": [10, 4, 11, 9], "texture": "#2"},
				"up": {"uv": [10, 4, 11, 9], "texture": "#2"},
				"down": {"uv": [10, 4, 11, 9], "texture": "#2", "rotation": 180}
			}
		},
		{
			"from": [-1, 2.5, 13],
			"to": [0, 5.5, 16],
			"faces": {
				"north": {"uv": [0, 0, 1, 3], "texture": "#2"},
				"east": {"uv": [0, 0, 1, 3], "texture": "#2"},
				"south": {"uv": [0, 0, 1, 3], "texture": "#2"},
				"west": {"uv": [0, 5, 3, 8], "texture": "#2"},
				"up": {"uv": [3, 0, 4, 3], "texture": "#2"},
				"down": {"uv": [1, 3, 2, 6], "texture": "#2", "rotation": 180}
			}
		},
		{
			"from": [-1, 10.5, 16],
			"to": [3, 13.5, 17],
			"faces": {
				"north": {"uv": [3, 0, 4, 4], "texture": "#2", "rotation": 180},
				"east": {"uv": [8, 3, 9, 6], "texture": "#2", "rotation": 180},
				"south": {"uv": [6, 3, 10, 6], "texture": "#2", "rotation": 180},
				"west": {"uv": [4, 5, 5, 8], "texture": "#2", "rotation": 180},
				"up": {"uv": [3, 0, 4, 4], "texture": "#2", "rotation": 90},
				"down": {"uv": [3, 0, 4, 4], "texture": "#2", "rotation": 270}
			}
		},
		{
			"from": [-1, 10.5, 13],
			"to": [0, 13.5, 16],
			"faces": {
				"north": {"uv": [0, 0, 1, 3], "texture": "#2"},
				"east": {"uv": [0, 0, 1, 3], "texture": "#2"},
				"south": {"uv": [0, 0, 1, 3], "texture": "#2"},
				"west": {"uv": [10, 4, 13, 7], "texture": "#2"},
				"up": {"uv": [3, 0, 4, 3], "texture": "#2"},
				"down": {"uv": [1, 3, 2, 6], "texture": "#2", "rotation": 180}
			}
		},
		{
			"from": [3, 12.5, 16],
			"to": [13, 13.5, 17],
			"faces": {
				"north": {"uv": [4, 4, 14, 5], "texture": "#2"},
				"east": {"uv": [4, 4, 14, 5], "texture": "#2"},
				"south": {"uv": [4, 4, 14, 5], "texture": "#2"},
				"west": {"uv": [4, 4, 14, 5], "texture": "#2"},
				"up": {"uv": [4, 4, 14, 5], "texture": "#2"},
				"down": {"uv": [4, 4, 14, 5], "texture": "#2", "rotation": 180}
			}
		},
		{
			"from": [2, 9, -1],
			"to": [14, 10, 0],
			"faces": {
				"north": {"uv": [1, 7, 13, 8], "texture": "#2"},
				"east": {"uv": [1, 7, 13, 8], "texture": "#2"},
				"south": {"uv": [1, 7, 13, 8], "texture": "#2"},
				"west": {"uv": [1, 7, 13, 8], "texture": "#2"},
				"up": {"uv": [1, 7, 13, 8], "texture": "#2", "rotation": 180},
				"down": {"uv": [1, 7, 13, 8], "texture": "#2"}
			}
		},
		{
			"from": [2, 6, -1],
			"to": [14, 7, 0],
			"faces": {
				"north": {"uv": [1, 7, 13, 8], "texture": "#2"},
				"east": {"uv": [1, 7, 13, 8], "texture": "#2"},
				"south": {"uv": [1, 7, 13, 8], "texture": "#2"},
				"west": {"uv": [1, 7, 13, 8], "texture": "#2"},
				"up": {"uv": [1, 7, 13, 8], "texture": "#2", "rotation": 180},
				"down": {"uv": [1, 7, 13, 8], "texture": "#2"}
			}
		},
		{
			"from": [2, 7, -0.75],
			"to": [14, 9, 0],
			"faces": {
				"north": {"uv": [0, 0, 12, 2], "texture": "#3"},
				"east": {"uv": [1, 7, 13, 8], "texture": "#2"},
				"south": {"uv": [1, 7, 13, 8], "texture": "#2"},
				"west": {"uv": [1, 7, 13, 8], "texture": "#2"},
				"up": {"uv": [1, 7, 13, 8], "texture": "#2", "rotation": 180},
				"down": {"uv": [1, 7, 13, 8], "texture": "#2"}
			}
		},
		{
			"from": [16, 6, 2],
			"to": [17, 7, 14],
			"faces": {
				"north": {"uv": [1, 7, 13, 8], "texture": "#2"},
				"east": {"uv": [1, 7, 13, 8], "texture": "#2"},
				"south": {"uv": [1, 7, 13, 8], "texture": "#2"},
				"west": {"uv": [1, 7, 13, 8], "texture": "#2"},
				"up": {"uv": [1, 7, 13, 8], "texture": "#2", "rotation": 270},
				"down": {"uv": [1, 7, 13, 8], "texture": "#2", "rotation": 270}
			}
		},
		{
			"from": [16, 9, 2],
			"to": [17, 10, 14],
			"faces": {
				"north": {"uv": [1, 7, 13, 8], "texture": "#2"},
				"east": {"uv": [1, 7, 13, 8], "texture": "#2"},
				"south": {"uv": [1, 7, 13, 8], "texture": "#2"},
				"west": {"uv": [1, 7, 13, 8], "texture": "#2"},
				"up": {"uv": [1, 7, 13, 8], "texture": "#2", "rotation": 270},
				"down": {"uv": [1, 7, 13, 8], "texture": "#2", "rotation": 270}
			}
		},
		{
			"from": [16, 7, 2],
			"to": [16.75, 9, 14],
			"faces": {
				"north": {"uv": [1, 7, 13, 8], "texture": "#2"},
				"east": {"uv": [0, 0, 12, 2], "texture": "#3"},
				"south": {"uv": [1, 7, 13, 8], "texture": "#2"},
				"west": {"uv": [1, 7, 13, 8], "texture": "#2"},
				"up": {"uv": [1, 7, 13, 8], "texture": "#2", "rotation": 270},
				"down": {"uv": [1, 7, 13, 8], "texture": "#2", "rotation": 270}
			}
		},
		{
			"from": [2, 6, 16],
			"to": [14, 7, 17],
			"faces": {
				"north": {"uv": [1, 7, 13, 8], "texture": "#2"},
				"east": {"uv": [1, 7, 13, 8], "texture": "#2"},
				"south": {"uv": [1, 7, 13, 8], "texture": "#2"},
				"west": {"uv": [1, 7, 13, 8], "texture": "#2"},
				"up": {"uv": [1, 7, 13, 8], "texture": "#2"},
				"down": {"uv": [1, 7, 13, 8], "texture": "#2", "rotation": 180}
			}
		},
		{
			"from": [2, 9, 16],
			"to": [14, 10, 17],
			"faces": {
				"north": {"uv": [1, 7, 13, 8], "texture": "#2"},
				"east": {"uv": [1, 7, 13, 8], "texture": "#2"},
				"south": {"uv": [1, 7, 13, 8], "texture": "#2"},
				"west": {"uv": [1, 7, 13, 8], "texture": "#2"},
				"up": {"uv": [1, 7, 13, 8], "texture": "#2"},
				"down": {"uv": [1, 7, 13, 8], "texture": "#2", "rotation": 180}
			}
		},
		{
			"from": [2, 7, 16],
			"to": [14, 9, 16.75],
			"faces": {
				"north": {"uv": [1, 7, 13, 8], "texture": "#2"},
				"east": {"uv": [1, 7, 13, 8], "texture": "#2"},
				"south": {"uv": [0, 0, 12, 2], "texture": "#3"},
				"west": {"uv": [1, 7, 13, 8], "texture": "#2"},
				"up": {"uv": [1, 7, 13, 8], "texture": "#2"},
				"down": {"uv": [1, 7, 13, 8], "texture": "#2", "rotation": 180}
			}
		},
		{
			"from": [-1, 6, 2],
			"to": [0, 7, 14],
			"faces": {
				"north": {"uv": [1, 7, 13, 8], "texture": "#2"},
				"east": {"uv": [1, 7, 13, 8], "texture": "#2"},
				"south": {"uv": [1, 7, 13, 8], "texture": "#2"},
				"west": {"uv": [1, 7, 13, 8], "texture": "#2"},
				"up": {"uv": [1, 7, 13, 8], "texture": "#2", "rotation": 90},
				"down": {"uv": [1, 7, 13, 8], "texture": "#2", "rotation": 90}
			}
		},
		{
			"from": [-1, 9, 2],
			"to": [0, 10, 14],
			"faces": {
				"north": {"uv": [1, 7, 13, 8], "texture": "#2"},
				"east": {"uv": [1, 7, 13, 8], "texture": "#2"},
				"south": {"uv": [1, 7, 13, 8], "texture": "#2"},
				"west": {"uv": [1, 7, 13, 8], "texture": "#2"},
				"up": {"uv": [1, 7, 13, 8], "texture": "#2", "rotation": 90},
				"down": {"uv": [1, 7, 13, 8], "texture": "#2", "rotation": 90}
			}
		},
		{
			"from": [-0.75, 7, 2],
			"to": [0, 9, 14],
			"faces": {
				"north": {"uv": [1, 7, 13, 8], "texture": "#2"},
				"east": {"uv": [1, 7, 13, 8], "texture": "#2"},
				"south": {"uv": [1, 7, 13, 8], "texture": "#2"},
				"west": {"uv": [0, 0, 12, 2], "texture": "#3"},
				"up": {"uv": [1, 7, 13, 8], "texture": "#2", "rotation": 90},
				"down": {"uv": [1, 7, 13, 8], "texture": "#2", "rotation": 90}
			}
		}
	]
}