{
    "parent": "block/block",
	"textures": {
		"0": "block/purpur_block",
		"particle": "block/purpur_block"
	},
	"elements": [
		{
			"from": [13, 0, 4],
			"to": [15, 16, 12],
			"faces": {
				"north": {"uv": [6, 0, 7, 16], "texture": "#0", "rotation": 180},
				"east": {"uv": [2, 0, 10, 16], "texture": "#0", "rotation": 180},
				"south": {"uv": [0, 0, 16, 1], "texture": "#0", "rotation": 270},
				"west": {"uv": [4, 0, 12, 16], "texture": "#0"},
				"up": {"uv": [3, 14, 11, 16], "texture": "#0", "rotation": 270},
				"down": {"uv": [4, 14, 12, 16], "texture": "#0", "rotation": 270}
			}
		},
		{
			"from": [12, 0, 2],
			"to": [14, 16, 4],
			"faces": {
				"north": {"uv": [9, 0, 11, 16], "texture": "#0", "rotation": 180},
				"east": {"uv": [9, 0, 11, 16], "texture": "#0", "rotation": 180},
				"south": {"uv": [9, 0, 11, 16], "texture": "#0"},
				"west": {"uv": [9, 0, 11, 16], "texture": "#0"},
				"up": {"uv": [14, 14, 16, 16], "texture": "#0", "rotation": 270},
				"down": {"uv": [0, 14, 2, 16], "texture": "#0", "rotation": 270}
			}
		},
		{
			"from": [4, 0, 13],
			"to": [12, 16, 15],
			"faces": {
				"north": {"uv": [4, 0, 12, 16], "texture": "#0"},
				"east": {"uv": [6, 0, 7, 16], "texture": "#0", "rotation": 180},
				"south": {"uv": [2, 0, 10, 16], "texture": "#0", "rotation": 180},
				"west": {"uv": [0, 0, 16, 1], "texture": "#0", "rotation": 270},
				"up": {"uv": [3, 14, 11, 16], "texture": "#0"},
				"down": {"uv": [4, 14, 12, 16], "texture": "#0", "rotation": 180}
			}
		},
		{
			"from": [12, 0, 12],
			"to": [14, 16, 14],
			"faces": {
				"north": {"uv": [9, 0, 11, 16], "texture": "#0"},
				"east": {"uv": [9, 0, 11, 16], "texture": "#0", "rotation": 180},
				"south": {"uv": [9, 0, 11, 16], "texture": "#0", "rotation": 180},
				"west": {"uv": [9, 0, 11, 16], "texture": "#0"},
				"up": {"uv": [14, 14, 16, 16], "texture": "#0"},
				"down": {"uv": [0, 14, 2, 16], "texture": "#0", "rotation": 180}
			}
		},
		{
			"from": [1, 0, 4],
			"to": [3, 16, 12],
			"faces": {
				"north": {"uv": [0, 0, 16, 1], "texture": "#0", "rotation": 270},
				"east": {"uv": [4, 0, 12, 16], "texture": "#0"},
				"south": {"uv": [6, 0, 7, 16], "texture": "#0", "rotation": 180},
				"west": {"uv": [2, 0, 10, 16], "texture": "#0", "rotation": 180},
				"up": {"uv": [3, 14, 11, 16], "texture": "#0", "rotation": 90},
				"down": {"uv": [4, 14, 12, 16], "texture": "#0", "rotation": 90}
			}
		},
		{
			"from": [2, 0, 12],
			"to": [4, 16, 14],
			"faces": {
				"north": {"uv": [9, 0, 11, 16], "texture": "#0"},
				"east": {"uv": [9, 0, 11, 16], "texture": "#0"},
				"south": {"uv": [9, 0, 11, 16], "texture": "#0", "rotation": 180},
				"west": {"uv": [9, 0, 11, 16], "texture": "#0", "rotation": 180},
				"up": {"uv": [14, 14, 16, 16], "texture": "#0", "rotation": 90},
				"down": {"uv": [0, 14, 2, 16], "texture": "#0", "rotation": 90}
			}
		},
		{
			"from": [4, 0, 1],
			"to": [12, 16, 3],
			"faces": {
				"north": {"uv": [2, 0, 10, 16], "texture": "#0", "rotation": 180},
				"east": {"uv": [0, 0, 16, 1], "texture": "#0", "rotation": 270},
				"south": {"uv": [4, 0, 12, 16], "texture": "#0"},
				"west": {"uv": [6, 0, 7, 16], "texture": "#0", "rotation": 180},
				"up": {"uv": [3, 14, 11, 16], "texture": "#0", "rotation": 180},
				"down": {"uv": [4, 14, 12, 16], "texture": "#0"}
			}
		},
		{
			"from": [2, 0, 2],
			"to": [4, 16, 4],
			"faces": {
				"north": {"uv": [9, 0, 11, 16], "texture": "#0", "rotation": 180},
				"east": {"uv": [9, 0, 11, 16], "texture": "#0"},
				"south": {"uv": [9, 0, 11, 16], "texture": "#0"},
				"west": {"uv": [9, 0, 11, 16], "texture": "#0", "rotation": 180},
				"up": {"uv": [14, 0, 16, 2], "texture": "#0", "rotation": 270},
				"down": {"uv": [0, 14, 2, 16], "texture": "#0"}
			}
		}
	]
}