{
	"parent": "block/block_mini",
	"textures": {
		"0": "block/purpur_block",
		"1": "_custom/steel",
		"3": "_custom/fade",
		"particle": "block/purpur_block"
	},
	"elements": [
		{
			"from": [-16, -13, -4],
			"to": [32, -7, 20],
			"faces": {
				"north": {"uv": [6, 0, 7, 16], "texture": "#0", "rotation": 90},
				"east": {"uv": [3, 14, 11, 16], "texture": "#0"},
				"south": {"uv": [0, 0, 16, 1], "texture": "#0"},
				"west": {"uv": [4, 14, 12, 16], "texture": "#0"},
				"up": {"uv": [4, 0, 12, 16], "texture": "#3", "rotation": 90},
				"down": {"uv": [2, 0, 10, 16], "texture": "#0", "rotation": 270}
			}
		},
		{
			"from": [-16, -10, -10],
			"to": [32, -4, -4],
			"faces": {
				"north": {"uv": [9, 0, 11, 16], "texture": "#0", "rotation": 90},
				"east": {"uv": [14, 14, 16, 16], "texture": "#0"},
				"south": {"uv": [5, 0, 7, 16], "texture": "#3", "rotation": 90},
				"west": {"uv": [0, 14, 2, 16], "texture": "#0"},
				"up": {"uv": [9, 0, 11, 16], "texture": "#3", "rotation": 90},
				"down": {"uv": [9, 0, 11, 16], "texture": "#0", "rotation": 270}
			}
		},
		{
			"from": [-16, -4, 23],
			"to": [32, 20, 29],
			"faces": {
				"north": {"uv": [2, 0, 10, 16], "texture": "#3", "rotation": 270},
				"east": {"uv": [3, 14, 11, 16], "texture": "#0", "rotation": 90},
				"south": {"uv": [2, 0, 10, 16], "texture": "#0", "rotation": 270},
				"west": {"uv": [4, 14, 12, 16], "texture": "#0", "rotation": 270},
				"up": {"uv": [0, 0, 16, 1], "texture": "#0"},
				"down": {"uv": [6, 0, 7, 16], "texture": "#0", "rotation": 270}
			}
		},
		{
			"from": [-16, -10, 20],
			"to": [32, -4, 26],
			"faces": {
				"north": {"uv": [11, 0, 13, 16], "texture": "#3", "rotation": 270},
				"east": {"uv": [14, 14, 16, 16], "texture": "#0", "rotation": 90},
				"south": {"uv": [9, 0, 11, 16], "texture": "#0", "rotation": 270},
				"west": {"uv": [0, 14, 2, 16], "texture": "#0", "rotation": 270},
				"up": {"uv": [3, 0, 5, 16], "texture": "#3", "rotation": 90},
				"down": {"uv": [9, 0, 11, 16], "texture": "#0", "rotation": 270}
			}
		},
		{
			"from": [-16, 23, -4],
			"to": [32, 29, 20],
			"faces": {
				"north": {"uv": [0, 0, 16, 1], "texture": "#0", "rotation": 180},
				"east": {"uv": [3, 14, 11, 16], "texture": "#0", "rotation": 180},
				"south": {"uv": [6, 0, 7, 16], "texture": "#0", "rotation": 270},
				"west": {"uv": [4, 14, 12, 16], "texture": "#0", "rotation": 180},
				"up": {"uv": [2, 0, 10, 16], "texture": "#0", "rotation": 270},
				"down": {"uv": [4, 0, 12, 16], "texture": "#3", "rotation": 90}
			}
		},
		{
			"from": [-16, 20, 20],
			"to": [32, 26, 26],
			"faces": {
				"north": {"uv": [9, 0, 11, 16], "texture": "#3", "rotation": 270},
				"east": {"uv": [14, 14, 16, 16], "texture": "#0", "rotation": 180},
				"south": {"uv": [9, 0, 11, 16], "texture": "#0", "rotation": 270},
				"west": {"uv": [0, 14, 2, 16], "texture": "#0", "rotation": 180},
				"up": {"uv": [9, 0, 11, 16], "texture": "#0", "rotation": 270},
				"down": {"uv": [9, 0, 11, 16], "texture": "#3", "rotation": 90}
			}
		},
		{
			"from": [-16, -4, -13],
			"to": [32, 20, -7],
			"faces": {
				"north": {"uv": [2, 0, 10, 16], "texture": "#0", "rotation": 90},
				"east": {"uv": [3, 14, 11, 16], "texture": "#0", "rotation": 270},
				"south": {"uv": [4, 0, 12, 16], "texture": "#3", "rotation": 90},
				"west": {"uv": [4, 14, 12, 16], "texture": "#0", "rotation": 90},
				"up": {"uv": [6, 0, 7, 16], "texture": "#0", "rotation": 270},
				"down": {"uv": [0, 0, 16, 1], "texture": "#0"}
			}
		},
		{
			"from": [-16, 20, -10],
			"to": [32, 26, -4],
			"faces": {
				"north": {"uv": [9, 0, 11, 16], "texture": "#0", "rotation": 90},
				"east": {"uv": [14, 0, 16, 2], "texture": "#0"},
				"south": {"uv": [9, 0, 11, 16], "texture": "#3", "rotation": 90},
				"west": {"uv": [0, 14, 2, 16], "texture": "#0", "rotation": 90},
				"up": {"uv": [9, 0, 11, 16], "texture": "#0", "rotation": 270},
				"down": {"uv": [9, 0, 11, 16], "texture": "#3", "rotation": 90}
			}
		},
		{
			"from": [31, -7, -7],
			"to": [31.9, 23, 23],
			"faces": {
				"north": {"uv": [4, 0, 5, 1], "texture": "#3"},
				"east": {"uv": [4, 0, 5, 1], "texture": "#3"},
				"south": {"uv": [4, 0, 5, 1], "texture": "#3"},
				"west": {"uv": [4, 0, 5, 1], "texture": "#3"},
				"up": {"uv": [4, 0, 5, 1], "texture": "#3", "rotation": 90},
				"down": {"uv": [4, 0, 5, 1], "texture": "#3", "rotation": 270}
			}
		},
		{
			"from": [-15, 2.75, -7],
			"to": [-14, 4.25, 23],
			"faces": {
				"north": {"uv": [0, 0, 16, 1], "texture": "#1"},
				"east": {"uv": [0, 0, 16, 1], "texture": "#1"},
				"south": {"uv": [0, 0, 16, 1], "texture": "#1"},
				"west": {"uv": [0, 0, 16, 1], "texture": "#1"},
				"up": {"uv": [0, 0, 16, 1], "texture": "#1"},
				"down": {"uv": [0, 0, 16, 1], "texture": "#1"}
			}
		},
		{
			"from": [-15, 5.75, -7],
			"to": [-14, 7.25, 23],
			"faces": {
				"north": {"uv": [0, 10, 16, 11], "texture": "#1"},
				"east": {"uv": [0, 10, 16, 11], "texture": "#1"},
				"south": {"uv": [0, 10, 16, 11], "texture": "#1"},
				"west": {"uv": [0, 10, 16, 11], "texture": "#1"},
				"up": {"uv": [0, 10, 16, 11], "texture": "#1"},
				"down": {"uv": [0, 10, 16, 11], "texture": "#1"}
			}
		},
		{
			"from": [-15, 8.75, -7],
			"to": [-14, 10.25, 23],
			"faces": {
				"north": {"uv": [0, 15, 16, 16], "texture": "#1"},
				"east": {"uv": [0, 15, 16, 16], "texture": "#1"},
				"south": {"uv": [0, 15, 16, 16], "texture": "#1"},
				"west": {"uv": [0, 15, 16, 16], "texture": "#1"},
				"up": {"uv": [0, 15, 16, 16], "texture": "#1"},
				"down": {"uv": [0, 15, 16, 16], "texture": "#1"}
			}
		},
		{
			"from": [-15, 11.75, -7],
			"to": [-14, 13.25, 23],
			"faces": {
				"north": {"uv": [0, 3, 16, 4], "texture": "#1"},
				"east": {"uv": [0, 3, 16, 4], "texture": "#1"},
				"south": {"uv": [0, 3, 16, 4], "texture": "#1"},
				"west": {"uv": [0, 3, 16, 4], "texture": "#1"},
				"up": {"uv": [0, 3, 16, 4], "texture": "#1"},
				"down": {"uv": [0, 3, 16, 4], "texture": "#1"}
			}
		},
		{
			"from": [-15, 14.75, -7],
			"to": [-14, 16.25, 23],
			"faces": {
				"north": {"uv": [0, 13, 16, 14], "texture": "#1"},
				"east": {"uv": [0, 13, 16, 14], "texture": "#1"},
				"south": {"uv": [0, 13, 16, 14], "texture": "#1"},
				"west": {"uv": [0, 13, 16, 14], "texture": "#1"},
				"up": {"uv": [0, 13, 16, 14], "texture": "#1"},
				"down": {"uv": [0, 13, 16, 14], "texture": "#1"}
			}
		},
		{
			"from": [-15, 17.75, -7],
			"to": [-14, 19.25, 23],
			"faces": {
				"north": {"uv": [0, 3, 16, 4], "texture": "#1"},
				"east": {"uv": [0, 3, 16, 4], "texture": "#1"},
				"south": {"uv": [0, 3, 16, 4], "texture": "#1"},
				"west": {"uv": [0, 3, 16, 4], "texture": "#1"},
				"up": {"uv": [0, 3, 16, 4], "texture": "#1"},
				"down": {"uv": [0, 3, 16, 4], "texture": "#1"}
			}
		},
		{
			"from": [-15, 20.75, -7],
			"to": [-14, 22.25, 23],
			"faces": {
				"north": {"uv": [0, 11, 16, 12], "texture": "#1"},
				"east": {"uv": [0, 11, 16, 12], "texture": "#1"},
				"south": {"uv": [0, 11, 16, 12], "texture": "#1"},
				"west": {"uv": [0, 11, 16, 12], "texture": "#1"},
				"up": {"uv": [0, 11, 16, 12], "texture": "#1"},
				"down": {"uv": [0, 11, 16, 12], "texture": "#1"}
			}
		}
	]
}