{
	"parent": "block/block",
	"textures": {
		"0": "_custom/iron_plate",
		"1": "block/light_blue_terracotta",
		"3": "_custom/lamp_cover",
		"4": "_custom/lamp_main",
		"particle": "_custom/iron_plate"
	},
	"elements": [
		{
			"from": [-16, 15, 5.25],
			"to": [32, 16, 10.75],
			"rotation": {"angle": 0, "axis": "x", "origin": [8, 15.5, 8]},
			"faces": {
				"north": {"uv": [0, 0, 16, 0.33333], "texture": "#0"},
				"east": {"uv": [2, 1, 14, 2], "texture": "#1"},
				"south": {"uv": [0, 0, 16, 0.33333], "texture": "#0", "rotation": 180},
				"west": {"uv": [2, 1, 14, 2], "texture": "#1", "rotation": 180},
				"up": {"uv": [0, 5, 16, 7], "texture": "#0", "rotation": 180},
				"down": {"uv": [0, 5, 16, 7], "texture": "#0"}
			}
		},
		{
			"from": [-15, 14.5, 5.75],
			"to": [31, 15.5, 10.25],
			"rotation": {"angle": 0, "axis": "x", "origin": [8, 15, 8]},
			"faces": {
				"north": {"uv": [0, 5, 16, 8], "texture": "#3", "rotation": 90},
				"east": {"uv": [0, 5, 16, 8], "texture": "#3"},
				"south": {"uv": [0, 5, 16, 8], "texture": "#3", "rotation": 180},
				"west": {"uv": [0, 5, 16, 8], "texture": "#3", "rotation": 180},
				"up": {"uv": [0, 5, 16, 8], "texture": "#3", "rotation": 180},
				"down": {"uv": [0, 5, 16, 8], "texture": "#3"}
			}
		},
		{
			"from": [-14, 14.15, 8.25],
			"to": [30, 14.6, 9.25],
			"rotation": {"angle": 0, "axis": "x", "origin": [8, 15.125, 8.75]},
			"faces": {
				"north": {"uv": [0, 5, 16, 8], "texture": "#4", "rotation": 90},
				"east": {"uv": [0, 5, 16, 8], "texture": "#4"},
				"south": {"uv": [0, 5, 16, 8], "texture": "#4", "rotation": 180},
				"west": {"uv": [0, 5, 16, 8], "texture": "#4", "rotation": 180},
				"up": {"uv": [0, 5, 16, 8], "texture": "#4", "rotation": 180},
				"down": {"uv": [0, 5, 16, 8], "texture": "#4"}
			}
		},
		{
			"from": [-14, 14.25, 6.75],
			"to": [30, 15, 7.75],
			"rotation": {"angle": 0, "axis": "x", "origin": [8, 14.625, 7.25]},
			"faces": {
				"north": {"uv": [0, 5, 16, 8], "texture": "#4", "rotation": 90},
				"east": {"uv": [0, 5, 16, 8], "texture": "#4"},
				"south": {"uv": [0, 5, 16, 8], "texture": "#4", "rotation": 180},
				"west": {"uv": [0, 5, 16, 8], "texture": "#4", "rotation": 180},
				"up": {"uv": [0, 5, 16, 8], "texture": "#4", "rotation": 180},
				"down": {"uv": [0, 5, 16, 8], "texture": "#4"}
			}
		},
		{
			"from": [-15.5, 14.5, 6.75],
			"to": [-15, 15.5, 9.25],
			"rotation": {"angle": 0, "axis": "x", "origin": [-15.25, 15, 8]},
			"faces": {
				"north": {"uv": [0, 5, 16, 8], "texture": "#3", "rotation": 90},
				"east": {"uv": [0, 5, 16, 8], "texture": "#3"},
				"south": {"uv": [0, 5, 16, 8], "texture": "#3", "rotation": 180},
				"west": {"uv": [0, 5, 16, 8], "texture": "#3", "rotation": 180},
				"up": {"uv": [0, 5, 16, 8], "texture": "#3", "rotation": 180},
				"down": {"uv": [0, 5, 16, 8], "texture": "#3"}
			}
		},
		{
			"from": [31, 14.5, 6.75],
			"to": [31.5, 15.5, 9.25],
			"rotation": {"angle": 0, "axis": "x", "origin": [31.25, 15, 8]},
			"faces": {
				"north": {"uv": [0, 5, 16, 8], "texture": "#3", "rotation": 90},
				"east": {"uv": [0, 5, 16, 8], "texture": "#3"},
				"south": {"uv": [0, 5, 16, 8], "texture": "#3", "rotation": 180},
				"west": {"uv": [0, 5, 16, 8], "texture": "#3", "rotation": 180},
				"up": {"uv": [0, 5, 16, 8], "texture": "#3", "rotation": 180},
				"down": {"uv": [0, 5, 16, 8], "texture": "#3"}
			}
		}
	]
}