{
	"parent": "block/block",
	"textures": {
		"0": "_custom/steel",
		"particle": "_custom/steel"
	},
	"elements": [
		{
			"from": [6.5, 0, 0],
			"to": [7.5, 1, 16],
			"faces": {
				"north": {"uv": [0, 0, 1, 1], "texture": "#0"},
				"east": {"uv": [13, 0, 14, 16], "texture": "#0", "rotation": 90},
				"south": {"uv": [0, 0, 1, 1], "texture": "#0"},
				"west": {"uv": [7, 0, 8, 16], "texture": "#0", "rotation": 270},
				"up": {"uv": [0, 0, 1, 16], "texture": "#0"},
				"down": {"uv": [8, 0, 9, 16], "texture": "#0"}
			}
		},
		{
			"from": [8.5, 0, 0],
			"to": [9.5, 1, 16],
			"faces": {
				"north": {"uv": [0, 0, 1, 1], "texture": "#0"},
				"east": {"uv": [13, 0, 14, 16], "texture": "#0", "rotation": 90},
				"south": {"uv": [0, 0, 1, 1], "texture": "#0"},
				"west": {"uv": [7, 0, 8, 16], "texture": "#0", "rotation": 270},
				"up": {"uv": [0, 0, 1, 16], "texture": "#0"},
				"down": {"uv": [8, 0, 9, 16], "texture": "#0"}
			}
		}
	]
}