{
	"parent": "block/block",
	"textures": {
		"0": "_custom/light_steel",
		"1": "_custom/steel",
		"particle": "_custom/light_steel"
	},
	"elements": [
		{
			"from": [-1, 2.25, 5],
			"to": [16, 3.25, 6],
			"rotation": {"angle": -22.5, "axis": "z", "origin": [15, 1, 6.5]},
			"faces": {
				"north": {"uv": [0, 10, 16, 11], "texture": "#0"},
				"east": {"uv": [0, 10, 1, 11], "texture": "#0"},
				"south": {"uv": [0, 10, 16, 11], "texture": "#0"},
				"west": {"uv": [0, 10, 1, 11], "texture": "#0"},
				"up": {"uv": [0, 10, 16, 11], "texture": "#1"},
				"down": {"uv": [0, 10, 16, 11], "texture": "#0"}
			}
		},
		{
			"from": [-1, 2.25, 2],
			"to": [16, 3.25, 3],
			"rotation": {"angle": -22.5, "axis": "z", "origin": [15, 1, 3.5]},
			"faces": {
				"north": {"uv": [0, 10, 16, 11], "texture": "#0"},
				"east": {"uv": [0, 10, 1, 11], "texture": "#0"},
				"south": {"uv": [0, 10, 16, 11], "texture": "#0"},
				"west": {"uv": [0, 10, 1, 11], "texture": "#0"},
				"up": {"uv": [0, 10, 16, 11], "texture": "#0"},
				"down": {"uv": [0, 10, 16, 11], "texture": "#0"}
			}
		},
		{
			"from": [14, 6, 0],
			"to": [16, 8, 8],
			"faces": {
				"north": {"uv": [5, 10, 7, 12], "texture": "#1"},
				"east": {"uv": [5, 10, 13, 12], "texture": "#1"},
				"south": {"uv": [5, 10, 7, 12], "texture": "#1"},
				"west": {"uv": [5, 10, 13, 12], "texture": "#1"},
				"up": {"uv": [5, 10, 13, 12], "texture": "#1", "rotation": 90},
				"down": {"uv": [5, 10, 13, 12], "texture": "#1", "rotation": 90}
			}
		},
		{
			"from": [0, 2.25, 1],
			"to": [17, 3.25, 2],
			"rotation": {"angle": 22.5, "axis": "z", "origin": [1, 1, 2.5]},
			"faces": {
				"north": {"uv": [16, 10, 0, 11], "texture": "#0"},
				"east": {"uv": [1, 10, 0, 11], "texture": "#0"},
				"south": {"uv": [16, 10, 0, 11], "texture": "#0"},
				"west": {"uv": [1, 10, 0, 11], "texture": "#0"},
				"up": {"uv": [16, 10, 0, 11], "texture": "#0"},
				"down": {"uv": [16, 10, 0, 11], "texture": "#0"}
			}
		},
		{
			"from": [0, 2.25, 4],
			"to": [17, 3.25, 5],
			"rotation": {"angle": 22.5, "axis": "z", "origin": [1, 1, 5.5]},
			"faces": {
				"north": {"uv": [16, 10, 0, 11], "texture": "#0"},
				"east": {"uv": [1, 10, 0, 11], "texture": "#0"},
				"south": {"uv": [16, 10, 0, 11], "texture": "#0"},
				"west": {"uv": [1, 10, 0, 11], "texture": "#0"},
				"up": {"uv": [16, 10, 0, 11], "texture": "#0"},
				"down": {"uv": [16, 10, 0, 11], "texture": "#0"}
			}
		},
		{
			"from": [14, 0, 0],
			"to": [16, 2, 8],
			"faces": {
				"north": {"uv": [5, 10, 7, 12], "texture": "#1"},
				"east": {"uv": [5, 10, 13, 12], "texture": "#1"},
				"south": {"uv": [5, 10, 7, 12], "texture": "#1"},
				"west": {"uv": [5, 10, 13, 12], "texture": "#1"},
				"up": {"uv": [5, 10, 13, 12], "texture": "#1", "rotation": 90},
				"down": {"uv": [5, 10, 13, 12], "texture": "#1", "rotation": 90}
			}
		},
		{
			"from": [0, 0, 0],
			"to": [2, 2, 8],
			"faces": {
				"north": {"uv": [5, 10, 7, 12], "texture": "#1"},
				"east": {"uv": [5, 10, 13, 12], "texture": "#1"},
				"south": {"uv": [5, 10, 7, 12], "texture": "#1"},
				"west": {"uv": [5, 10, 13, 12], "texture": "#1"},
				"up": {"uv": [5, 10, 13, 12], "texture": "#1", "rotation": 90},
				"down": {"uv": [5, 10, 13, 12], "texture": "#1", "rotation": 90}
			}
		},
		{
			"from": [0, 6, 0],
			"to": [2, 8, 8],
			"faces": {
				"north": {"uv": [5, 10, 7, 12], "texture": "#1"},
				"east": {"uv": [5, 10, 13, 12], "texture": "#1"},
				"south": {"uv": [5, 10, 7, 12], "texture": "#1"},
				"west": {"uv": [5, 10, 13, 12], "texture": "#1"},
				"up": {"uv": [5, 10, 13, 12], "texture": "#1", "rotation": 90},
				"down": {"uv": [5, 10, 13, 12], "texture": "#1", "rotation": 90}
			}
		}
	]
}