{
	"textures": {
		"0": "_custom/lamp_cover",
		"1": "_custom/offline",
		"particle": "_custom/lamp_cover"
	},
	"elements": [
		{
			"from": [5.5, 3.25, 15],
			"to": [10.5, 11.75, 16],
			"faces": {
				"north": {"uv": [0, 0, 6, 10], "texture": "#0"},
				"east": {"uv": [0, 0, 6, 10], "texture": "#0"},
				"south": {"uv": [0, 0, 6, 10], "texture": "#0"},
				"west": {"uv": [0, 0, 6, 10], "texture": "#0"},
				"up": {"uv": [0, 0, 6, 10], "texture": "#0"},
				"down": {"uv": [0, 0, 6, 10], "texture": "#0"}
			}
		},
		{
			"from": [6, 3.75, 14.75],
			"to": [10, 11.25, 15],
			"faces": {
				"north": {"uv": [0, 0, 6, 10], "texture": "#0"},
				"east": {"uv": [0, 0, 6, 10], "texture": "#0"},
				"south": {"uv": [0, 0, 6, 10], "texture": "#0"},
				"west": {"uv": [0, 0, 6, 10], "texture": "#0"},
				"up": {"uv": [0, 0, 6, 10], "texture": "#0"},
				"down": {"uv": [0, 0, 6, 10], "texture": "#0"}
			}
		},
		{
			"from": [7.75, 6.5, 14.64],
			"to": [8.25, 6.75, 14.84],
			"faces": {
				"north": {"uv": [1.5, 7, 1, 7.5], "texture": "#1"},
				"east": {"uv": [1.5, 7, 1, 7.5], "texture": "#1"},
				"south": {"uv": [1.5, 7, 1, 7.5], "texture": "#1"},
				"west": {"uv": [1.5, 7, 1, 7.5], "texture": "#1"},
				"up": {"uv": [1.5, 7, 1, 7.5], "texture": "#1"},
				"down": {"uv": [1.5, 7, 1, 7.5], "texture": "#1"}
			}
		},
		{
			"from": [7.75, 4.75, 14.64],
			"to": [8.25, 5, 14.84],
			"faces": {
				"north": {"uv": [1.5, 7, 1, 7.5], "texture": "#1"},
				"east": {"uv": [1.5, 7, 1, 7.5], "texture": "#1"},
				"south": {"uv": [1.5, 7, 1, 7.5], "texture": "#1"},
				"west": {"uv": [1.5, 7, 1, 7.5], "texture": "#1"},
				"up": {"uv": [1.5, 7, 1, 7.5], "texture": "#1"},
				"down": {"uv": [1.5, 7, 1, 7.5], "texture": "#1"}
			}
		},
		{
			"from": [7.35, 5.6, 14.74],
			"to": [7.75, 6, 14.84],
			"faces": {
				"north": {"uv": [0.5, 0, 0, 0.5], "texture": "#1"},
				"east": {"uv": [0.5, 0, 0, 0.5], "texture": "#1"},
				"south": {"uv": [0.5, 0, 0, 0.5], "texture": "#1"},
				"west": {"uv": [0.5, 0, 0, 0.5], "texture": "#1"},
				"up": {"uv": [0.5, 0, 0, 0.5], "texture": "#1"},
				"down": {"uv": [0.5, 0, 0, 0.5], "texture": "#1"}
			}
		},
		{
			"from": [7.5, 6.75, 14.5],
			"to": [8.5, 7.25, 14.75],
			"faces": {
				"north": {"uv": [6, 0, 0, 10], "texture": "#0"},
				"east": {"uv": [6, 0, 0, 10], "texture": "#0"},
				"south": {"uv": [6, 0, 0, 10], "texture": "#0"},
				"west": {"uv": [6, 0, 0, 10], "texture": "#0"},
				"up": {"uv": [6, 0, 0, 10], "texture": "#0"},
				"down": {"uv": [6, 0, 0, 10], "texture": "#0"}
			}
		},
		{
			"from": [8.25, 5.6, 14.74],
			"to": [8.65, 6, 14.84],
			"faces": {
				"north": {"uv": [0.5, 0, 0, 0.5], "texture": "#1"},
				"east": {"uv": [0.5, 0, 0, 0.5], "texture": "#1"},
				"south": {"uv": [0.5, 0, 0, 0.5], "texture": "#1"},
				"west": {"uv": [0.5, 0, 0, 0.5], "texture": "#1"},
				"up": {"uv": [0.5, 0, 0, 0.5], "texture": "#1"},
				"down": {"uv": [0.5, 0, 0, 0.5], "texture": "#1"}
			}
		},
		{
			"from": [7.5, 4.25, 14.5],
			"to": [8.5, 4.75, 14.75],
			"faces": {
				"north": {"uv": [6, 0, 0, 10], "texture": "#0"},
				"east": {"uv": [6, 0, 0, 10], "texture": "#0"},
				"south": {"uv": [6, 0, 0, 10], "texture": "#0"},
				"west": {"uv": [6, 0, 0, 10], "texture": "#0"},
				"up": {"uv": [6, 0, 0, 10], "texture": "#0"},
				"down": {"uv": [6, 0, 0, 10], "texture": "#0"}
			}
		},
		{
			"from": [8.5, 6.25, 14.5],
			"to": [9, 7.25, 14.75],
			"faces": {
				"north": {"uv": [6, 0, 0, 10], "texture": "#0"},
				"east": {"uv": [6, 0, 0, 10], "texture": "#0"},
				"south": {"uv": [6, 0, 0, 10], "texture": "#0"},
				"west": {"uv": [6, 0, 0, 10], "texture": "#0"},
				"up": {"uv": [6, 0, 0, 10], "texture": "#0"},
				"down": {"uv": [6, 0, 0, 10], "texture": "#0"}
			}
		},
		{
			"from": [9, 4.75, 14.5],
			"to": [9.5, 6.75, 14.75],
			"faces": {
				"north": {"uv": [6, 0, 0, 10], "texture": "#0"},
				"east": {"uv": [6, 0, 0, 10], "texture": "#0"},
				"south": {"uv": [6, 0, 0, 10], "texture": "#0"},
				"west": {"uv": [6, 0, 0, 10], "texture": "#0"},
				"up": {"uv": [6, 0, 0, 10], "texture": "#0"},
				"down": {"uv": [6, 0, 0, 10], "texture": "#0"}
			}
		},
		{
			"from": [8.5, 4.25, 14.5],
			"to": [9, 5.25, 14.75],
			"faces": {
				"north": {"uv": [6, 0, 0, 10], "texture": "#0"},
				"east": {"uv": [6, 0, 0, 10], "texture": "#0"},
				"south": {"uv": [6, 0, 0, 10], "texture": "#0"},
				"west": {"uv": [6, 0, 0, 10], "texture": "#0"},
				"up": {"uv": [6, 0, 0, 10], "texture": "#0"},
				"down": {"uv": [6, 0, 0, 10], "texture": "#0"}
			}
		},
		{
			"from": [7, 4.25, 14.5],
			"to": [7.5, 5.25, 14.75],
			"faces": {
				"north": {"uv": [0, 0, 6, 10], "texture": "#0"},
				"east": {"uv": [0, 0, 6, 10], "texture": "#0"},
				"south": {"uv": [0, 0, 6, 10], "texture": "#0"},
				"west": {"uv": [0, 0, 6, 10], "texture": "#0"},
				"up": {"uv": [0, 0, 6, 10], "texture": "#0"},
				"down": {"uv": [0, 0, 6, 10], "texture": "#0"}
			}
		},
		{
			"from": [7, 6.25, 14.5],
			"to": [7.5, 7.25, 14.75],
			"faces": {
				"north": {"uv": [0, 0, 6, 10], "texture": "#0"},
				"east": {"uv": [0, 0, 6, 10], "texture": "#0"},
				"south": {"uv": [0, 0, 6, 10], "texture": "#0"},
				"west": {"uv": [0, 0, 6, 10], "texture": "#0"},
				"up": {"uv": [0, 0, 6, 10], "texture": "#0"},
				"down": {"uv": [0, 0, 6, 10], "texture": "#0"}
			}
		},
		{
			"from": [6.5, 4.75, 14.5],
			"to": [7, 6.75, 14.75],
			"faces": {
				"north": {"uv": [0, 0, 6, 10], "texture": "#0"},
				"east": {"uv": [0, 0, 6, 10], "texture": "#0"},
				"south": {"uv": [0, 0, 6, 10], "texture": "#0"},
				"west": {"uv": [0, 0, 6, 10], "texture": "#0"},
				"up": {"uv": [0, 0, 6, 10], "texture": "#0"},
				"down": {"uv": [0, 0, 6, 10], "texture": "#0"}
			}
		},
		{
			"from": [7.5, 7.75, 14.5],
			"to": [8.5, 8.25, 14.75],
			"faces": {
				"north": {"uv": [6, 0, 0, 10], "texture": "#0"},
				"east": {"uv": [6, 0, 0, 10], "texture": "#0"},
				"south": {"uv": [6, 0, 0, 10], "texture": "#0"},
				"west": {"uv": [6, 0, 0, 10], "texture": "#0"},
				"up": {"uv": [6, 0, 0, 10], "texture": "#0"},
				"down": {"uv": [6, 0, 0, 10], "texture": "#0"}
			}
		},
		{
			"from": [7, 7.75, 14.5],
			"to": [7.5, 8.75, 14.75],
			"faces": {
				"north": {"uv": [0, 0, 6, 10], "texture": "#0"},
				"east": {"uv": [0, 0, 6, 10], "texture": "#0"},
				"south": {"uv": [0, 0, 6, 10], "texture": "#0"},
				"west": {"uv": [0, 0, 6, 10], "texture": "#0"},
				"up": {"uv": [0, 0, 6, 10], "texture": "#0"},
				"down": {"uv": [0, 0, 6, 10], "texture": "#0"}
			}
		},
		{
			"from": [6.5, 8.25, 14.5],
			"to": [7, 10.25, 14.75],
			"faces": {
				"north": {"uv": [0, 0, 6, 10], "texture": "#0"},
				"east": {"uv": [0, 0, 6, 10], "texture": "#0"},
				"south": {"uv": [0, 0, 6, 10], "texture": "#0"},
				"west": {"uv": [0, 0, 6, 10], "texture": "#0"},
				"up": {"uv": [0, 0, 6, 10], "texture": "#0"},
				"down": {"uv": [0, 0, 6, 10], "texture": "#0"}
			}
		},
		{
			"from": [7, 9.75, 14.5],
			"to": [7.5, 10.75, 14.75],
			"faces": {
				"north": {"uv": [0, 0, 6, 10], "texture": "#0"},
				"east": {"uv": [0, 0, 6, 10], "texture": "#0"},
				"south": {"uv": [0, 0, 6, 10], "texture": "#0"},
				"west": {"uv": [0, 0, 6, 10], "texture": "#0"},
				"up": {"uv": [0, 0, 6, 10], "texture": "#0"},
				"down": {"uv": [0, 0, 6, 10], "texture": "#0"}
			}
		},
		{
			"from": [7.5, 10.25, 14.5],
			"to": [8.5, 10.75, 14.75],
			"faces": {
				"north": {"uv": [6, 0, 0, 10], "texture": "#0"},
				"east": {"uv": [6, 0, 0, 10], "texture": "#0"},
				"south": {"uv": [6, 0, 0, 10], "texture": "#0"},
				"west": {"uv": [6, 0, 0, 10], "texture": "#0"},
				"up": {"uv": [6, 0, 0, 10], "texture": "#0"},
				"down": {"uv": [6, 0, 0, 10], "texture": "#0"}
			}
		},
		{
			"from": [9, 8.25, 14.5],
			"to": [9.5, 10.25, 14.75],
			"faces": {
				"north": {"uv": [6, 0, 0, 10], "texture": "#0"},
				"east": {"uv": [6, 0, 0, 10], "texture": "#0"},
				"south": {"uv": [6, 0, 0, 10], "texture": "#0"},
				"west": {"uv": [6, 0, 0, 10], "texture": "#0"},
				"up": {"uv": [6, 0, 0, 10], "texture": "#0"},
				"down": {"uv": [6, 0, 0, 10], "texture": "#0"}
			}
		},
		{
			"from": [8.5, 9.75, 14.5],
			"to": [9, 10.75, 14.75],
			"faces": {
				"north": {"uv": [6, 0, 0, 10], "texture": "#0"},
				"east": {"uv": [6, 0, 0, 10], "texture": "#0"},
				"south": {"uv": [6, 0, 0, 10], "texture": "#0"},
				"west": {"uv": [6, 0, 0, 10], "texture": "#0"},
				"up": {"uv": [6, 0, 0, 10], "texture": "#0"},
				"down": {"uv": [6, 0, 0, 10], "texture": "#0"}
			}
		},
		{
			"from": [8.5, 7.75, 14.5],
			"to": [9, 8.75, 14.75],
			"faces": {
				"north": {"uv": [6, 0, 0, 10], "texture": "#0"},
				"east": {"uv": [6, 0, 0, 10], "texture": "#0"},
				"south": {"uv": [6, 0, 0, 10], "texture": "#0"},
				"west": {"uv": [6, 0, 0, 10], "texture": "#0"},
				"up": {"uv": [6, 0, 0, 10], "texture": "#0"},
				"down": {"uv": [6, 0, 0, 10], "texture": "#0"}
			}
		},
		{
			"from": [7.75, 8.25, 14.64],
			"to": [8.25, 8.5, 14.84],
			"faces": {
				"north": {"uv": [1.5, 7, 1, 7.5], "texture": "#1"},
				"east": {"uv": [1.5, 7, 1, 7.5], "texture": "#1"},
				"south": {"uv": [1.5, 7, 1, 7.5], "texture": "#1"},
				"west": {"uv": [1.5, 7, 1, 7.5], "texture": "#1"},
				"up": {"uv": [1.5, 7, 1, 7.5], "texture": "#1"},
				"down": {"uv": [1.5, 7, 1, 7.5], "texture": "#1"}
			}
		},
		{
			"from": [8.25, 9.1, 14.74],
			"to": [8.65, 9.5, 14.84],
			"faces": {
				"north": {"uv": [0.5, 0, 0, 0.5], "texture": "#1"},
				"east": {"uv": [0.5, 0, 0, 0.5], "texture": "#1"},
				"south": {"uv": [0.5, 0, 0, 0.5], "texture": "#1"},
				"west": {"uv": [0.5, 0, 0, 0.5], "texture": "#1"},
				"up": {"uv": [0.5, 0, 0, 0.5], "texture": "#1"},
				"down": {"uv": [0.5, 0, 0, 0.5], "texture": "#1"}
			}
		},
		{
			"from": [7.35, 9.1, 14.74],
			"to": [7.75, 9.5, 14.84],
			"faces": {
				"north": {"uv": [0.5, 0, 0, 0.5], "texture": "#1"},
				"east": {"uv": [0.5, 0, 0, 0.5], "texture": "#1"},
				"south": {"uv": [0.5, 0, 0, 0.5], "texture": "#1"},
				"west": {"uv": [0.5, 0, 0, 0.5], "texture": "#1"},
				"up": {"uv": [0.5, 0, 0, 0.5], "texture": "#1"},
				"down": {"uv": [0.5, 0, 0, 0.5], "texture": "#1"}
			}
		},
		{
			"from": [7.75, 10, 14.64],
			"to": [8.25, 10.25, 14.84],
			"faces": {
				"north": {"uv": [1.5, 7, 1, 7.5], "texture": "#1"},
				"east": {"uv": [1.5, 7, 1, 7.5], "texture": "#1"},
				"south": {"uv": [1.5, 7, 1, 7.5], "texture": "#1"},
				"west": {"uv": [1.5, 7, 1, 7.5], "texture": "#1"},
				"up": {"uv": [1.5, 7, 1, 7.5], "texture": "#1"},
				"down": {"uv": [1.5, 7, 1, 7.5], "texture": "#1"}
			}
		}
	]
}