{
	"parent": "block/block",
	"textures": {
		"2": "_custom/steel"
	},
	"elements": [
		{
			"from": [0, 13.5, 13.8],
			"to": [1, 30, 14.8],
			"rotation": {"angle": -22.5, "axis": "z", "origin": [0.5, 16.25, 15.8]},
			"faces": {
				"north": {"uv": [0, 0, 1, 16], "texture": "#2"},
				"east": {"uv": [0, 0, 1, 16], "texture": "#2"},
				"south": {"uv": [0, 0, 1, 16], "texture": "#2"},
				"west": {"uv": [0, 0, 1, 16], "texture": "#2"},
				"up": {"uv": [0, 0, 1, 1], "texture": "#2", "rotation": 90},
				"down": {"uv": [0, 0, 1, 1], "texture": "#2"}
			}
		},
		{
			"from": [0.95, 13.15, 13.8],
			"to": [1.95, 30.65, 14.8],
			"rotation": {"angle": -45, "axis": "z", "origin": [1.45, 15.9, 15.8]},
			"faces": {
				"north": {"uv": [0, 0, 1, 16], "texture": "#2"},
				"east": {"uv": [0, 0, 1, 16], "texture": "#2"},
				"south": {"uv": [0, 0, 1, 16], "texture": "#2"},
				"west": {"uv": [0, 0, 1, 16], "texture": "#2"},
				"up": {"uv": [0, 0, 1, 1], "texture": "#2", "rotation": 90},
				"down": {"uv": [0, 0, 1, 1], "texture": "#2"}
			}
		},
		{
			"from": [0, 30, 13.8],
			"to": [1, 32, 14.8],
			"rotation": {"angle": -22.5, "axis": "z", "origin": [0.5, 16.25, 15.8]},
			"faces": {
				"north": {"uv": [0, 0, 1, 2], "texture": "#2", "rotation": 90},
				"east": {"uv": [0, 0, 1, 2], "texture": "#2"},
				"south": {"uv": [0, 0, 1, 2], "texture": "#2"},
				"west": {"uv": [0, 0, 1, 2], "texture": "#2"},
				"up": {"uv": [0, 0, 1, 1], "texture": "#2", "rotation": 90},
				"down": {"uv": [0, 0, 1, 1], "texture": "#2"}
			}
		},
		{
			"from": [11.23338, 25.97627, 13.81],
			"to": [12.23338, 31.75, 14.79],
			"rotation": {"angle": 0, "axis": "z", "origin": [11.73338, 28.72627, 15.8]},
			"faces": {
				"north": {"uv": [2, 3, 3, 9.02344], "texture": "#2"},
				"east": {"uv": [2, 3, 3, 9.02344], "texture": "#2"},
				"south": {"uv": [2, 3, 3, 9.02344], "texture": "#2"},
				"west": {"uv": [2, 3, 3, 9.02344], "texture": "#2"},
				"up": {"uv": [2, 3, 3, 4.02344], "texture": "#2", "rotation": 90},
				"down": {"uv": [2, 3, 3, 4.02344], "texture": "#2"}
			}
		},
		{
			"from": [5.9892, 30.60976, 13.82],
			"to": [6.9892, 31.75, 14.8],
			"rotation": {"angle": 0, "axis": "z", "origin": [6.4892, 33.35976, 15.81]},
			"faces": {
				"north": {"uv": [2, 4, 3, 5.02344], "texture": "#2"},
				"east": {"uv": [2, 4, 3, 5.02344], "texture": "#2"},
				"south": {"uv": [2, 4, 3, 5.02344], "texture": "#2"},
				"west": {"uv": [2, 4, 3, 5.02344], "texture": "#2"},
				"up": {"uv": [2, 4, 3, 5.02344], "texture": "#2", "rotation": 90},
				"down": {"uv": [2, 4, 3, 5.02344], "texture": "#2"}
			}
		},
		{
			"from": [-0.54035, 28.22627, 13.81],
			"to": [5.48338, 29.22627, 14.79],
			"rotation": {"angle": 0, "axis": "z", "origin": [2.73338, 28.72627, 15.8]},
			"faces": {
				"north": {"uv": [7, 1, 8, 7.02344], "texture": "#2", "rotation": 270},
				"east": {"uv": [7, 1, 8, 7.02344], "texture": "#2", "rotation": 270},
				"south": {"uv": [7, 1, 8, 7.02344], "texture": "#2", "rotation": 270},
				"west": {"uv": [7, 1, 8, 2.02344], "texture": "#2", "rotation": 270},
				"up": {"uv": [7, 1, 8, 7.02344], "texture": "#2", "rotation": 270},
				"down": {"uv": [7, 1, 8, 7.02344], "texture": "#2", "rotation": 270}
			}
		},
		{
			"from": [-0.54035, 25.22627, 13.81],
			"to": [11.23338, 26.22627, 14.79],
			"rotation": {"angle": 0, "axis": "z", "origin": [2.73338, 25.72627, 15.8]},
			"faces": {
				"north": {"uv": [0, 0, 11.77373, 1], "texture": "#2", "rotation": 180},
				"east": {"uv": [0, 0, 11.77373, 1], "texture": "#2", "rotation": 180},
				"south": {"uv": [0, 0, 11.77373, 1], "texture": "#2", "rotation": 180},
				"west": {"uv": [0, 0, 0.77344, 1], "texture": "#2", "rotation": 180},
				"up": {"uv": [0, 0, 11.77373, 1], "texture": "#2", "rotation": 180},
				"down": {"uv": [0, 0, 11.77373, 1], "texture": "#2", "rotation": 180}
			}
		},
		{
			"from": [0, 13.5, 1.2],
			"to": [1, 30, 2.2],
			"rotation": {"angle": -22.5, "axis": "z", "origin": [0.5, 16.25, 0.2]},
			"faces": {
				"north": {"uv": [1, 0, 0, 16], "texture": "#2"},
				"east": {"uv": [1, 0, 0, 16], "texture": "#2"},
				"south": {"uv": [1, 0, 0, 16], "texture": "#2"},
				"west": {"uv": [1, 0, 0, 16], "texture": "#2"},
				"up": {"uv": [0, 1, 1, 0], "texture": "#2", "rotation": 90},
				"down": {"uv": [0, 1, 1, 0], "texture": "#2"}
			}
		},
		{
			"from": [0.95, 13.15, 1.2],
			"to": [1.95, 30.65, 2.2],
			"rotation": {"angle": -45, "axis": "z", "origin": [1.45, 15.9, 0.2]},
			"faces": {
				"north": {"uv": [1, 0, 0, 16], "texture": "#2"},
				"east": {"uv": [1, 0, 0, 16], "texture": "#2"},
				"south": {"uv": [1, 0, 0, 16], "texture": "#2"},
				"west": {"uv": [1, 0, 0, 16], "texture": "#2"},
				"up": {"uv": [0, 1, 1, 0], "texture": "#2", "rotation": 90},
				"down": {"uv": [0, 1, 1, 0], "texture": "#2"}
			}
		},
		{
			"from": [0, 30, 1.2],
			"to": [1, 32, 2.2],
			"rotation": {"angle": -22.5, "axis": "z", "origin": [0.5, 16.25, 0.2]},
			"faces": {
				"north": {"uv": [1, 0, 0, 2], "texture": "#2"},
				"east": {"uv": [1, 0, 0, 2], "texture": "#2"},
				"south": {"uv": [1, 0, 0, 2], "texture": "#2", "rotation": 90},
				"west": {"uv": [1, 0, 0, 2], "texture": "#2"},
				"up": {"uv": [0, 1, 1, 0], "texture": "#2", "rotation": 90},
				"down": {"uv": [0, 1, 1, 0], "texture": "#2"}
			}
		},
		{
			"from": [11.23338, 25.97627, 1.21],
			"to": [12.23338, 31.75, 2.19],
			"rotation": {"angle": 0, "axis": "z", "origin": [11.73338, 28.72627, 0.2]},
			"faces": {
				"north": {"uv": [3, 3, 2, 9.02344], "texture": "#2"},
				"east": {"uv": [3, 3, 2, 9.02344], "texture": "#2"},
				"south": {"uv": [3, 3, 2, 9.02344], "texture": "#2"},
				"west": {"uv": [3, 3, 2, 9.02344], "texture": "#2"},
				"up": {"uv": [2, 4.02344, 3, 3], "texture": "#2", "rotation": 90},
				"down": {"uv": [2, 4.02344, 3, 3], "texture": "#2"}
			}
		},
		{
			"from": [5.9892, 30.60976, 1.2],
			"to": [6.9892, 31.75, 2.18],
			"rotation": {"angle": 0, "axis": "z", "origin": [6.4892, 33.35976, 0.19]},
			"faces": {
				"north": {"uv": [3, 4, 2, 5.02344], "texture": "#2"},
				"east": {"uv": [3, 4, 2, 5.02344], "texture": "#2"},
				"south": {"uv": [3, 4, 2, 5.02344], "texture": "#2"},
				"west": {"uv": [3, 4, 2, 5.02344], "texture": "#2"},
				"up": {"uv": [2, 5.02344, 3, 4], "texture": "#2", "rotation": 90},
				"down": {"uv": [2, 5.02344, 3, 4], "texture": "#2"}
			}
		},
		{
			"from": [-0.54035, 28.22627, 1.21],
			"to": [5.48338, 29.22627, 2.19],
			"rotation": {"angle": 0, "axis": "z", "origin": [2.73338, 28.72627, 0.2]},
			"faces": {
				"north": {"uv": [8, 1, 7, 7.02344], "texture": "#2", "rotation": 270},
				"east": {"uv": [8, 1, 7, 7.02344], "texture": "#2", "rotation": 270},
				"south": {"uv": [8, 1, 7, 7.02344], "texture": "#2", "rotation": 270},
				"west": {"uv": [8, 1, 7, 2.02344], "texture": "#2", "rotation": 270},
				"up": {"uv": [7, 7.02344, 8, 1], "texture": "#2", "rotation": 270},
				"down": {"uv": [7, 7.02344, 8, 1], "texture": "#2", "rotation": 270}
			}
		},
		{
			"from": [-0.54035, 25.22627, 1.21],
			"to": [11.23338, 26.22627, 2.19],
			"rotation": {"angle": 0, "axis": "z", "origin": [2.73338, 25.72627, 0.2]},
			"faces": {
				"north": {"uv": [11.77373, 0, 0, 1], "texture": "#2", "rotation": 180},
				"east": {"uv": [11.77373, 0, 0, 1], "texture": "#2", "rotation": 180},
				"south": {"uv": [11.77373, 0, 0, 1], "texture": "#2", "rotation": 180},
				"west": {"uv": [0.77344, 0, 0, 1], "texture": "#2", "rotation": 180},
				"up": {"uv": [0, 1, 11.77373, 0], "texture": "#2", "rotation": 180},
				"down": {"uv": [0, 1, 11.77373, 0], "texture": "#2", "rotation": 180}
			}
		},
		{
			"from": [11.25338, 25.97627, 2.23627],
			"to": [12.23338, 26.97627, 13.81],
			"rotation": {"angle": 0, "axis": "x", "origin": [10.24338, 26.47627, 5.31]},
			"faces": {
				"north": {"uv": [3, 8, 14.77344, 9], "texture": "#2", "rotation": 180},
				"east": {"uv": [3, 8, 14.77344, 9], "texture": "#2", "rotation": 180},
				"south": {"uv": [3, 8, 14.77344, 9], "texture": "#2", "rotation": 180},
				"west": {"uv": [3, 8, 14.77344, 9], "texture": "#2", "rotation": 180},
				"up": {"uv": [3, 8, 14.77344, 9], "texture": "#2", "rotation": 90},
				"down": {"uv": [3, 8, 14.77344, 9], "texture": "#2", "rotation": 270}
			}
		},
		{
			"from": [-0.80583, 21.16963, 2.2],
			"to": [-0.02583, 22.16963, 13.87373],
			"rotation": {"angle": -45, "axis": "z", "origin": [-1.91583, 14.66963, 5.27373]},
			"faces": {
				"north": {"uv": [2, 7, 13.77344, 8], "texture": "#2", "rotation": 180},
				"east": {"uv": [2, 7, 13.77344, 8], "texture": "#2", "rotation": 180},
				"south": {"uv": [2, 7, 13.77344, 8], "texture": "#2", "rotation": 180},
				"west": {"uv": [2, 7, 13.77344, 8], "texture": "#2", "rotation": 180},
				"up": {"uv": [2, 7, 13.77344, 8], "texture": "#2", "rotation": 90},
				"down": {"uv": [2, 7, 13.77344, 8], "texture": "#2", "rotation": 270}
			}
		}
	]
}