{
	"parent": "block/block",
	"textures": {
		"0": "block/pink_glazed_terracotta",
		"1": "block/purpur_block",
		"2": "block/anvil",
		"particle": "block/purpur_block"
	},
	"elements": [
		{
			"from": [0, 0, 0],
			"to": [16, 13, 16],
			"faces": {
				"north": {"uv": [0, 3, 16, 16], "texture": "#1"},
				"east": {"uv": [0, 3, 16, 16], "texture": "#1"},
				"south": {"uv": [0, 0, 16, 13], "texture": "#1", "rotation": 180},
				"west": {"uv": [0, 4, 16, 16], "texture": "#1"},
				"up": {"uv": [0, 0, 16, 16], "texture": "#0"},
				"down": {"uv": [0, 0, 16, 16], "texture": "#1", "rotation": 180}
			}
		},
		{
			"from": [1, 13, 15],
			"to": [16, 16, 16],
			"faces": {
				"north": {"uv": [0, 0, 15, 3], "texture": "#1"},
				"east": {"uv": [0, 0, 3, 1], "texture": "#1", "rotation": 90},
				"south": {"uv": [0, 13, 15, 16], "texture": "#1", "rotation": 180},
				"west": {"uv": [0, 0, 3, 1], "texture": "#1", "rotation": 270},
				"up": {"uv": [1, 0, 16, 1], "texture": "#1"},
				"down": {"uv": [0, 0, 15, 3], "texture": "#1", "rotation": 180}
			}
		},
		{
			"from": [0, 13, 1],
			"to": [1, 16, 16],
			"faces": {
				"north": {"uv": [0, 0, 3, 1], "texture": "#1", "rotation": 270},
				"east": {"uv": [0, 0, 15, 3], "texture": "#1"},
				"south": {"uv": [0, 0, 3, 1], "texture": "#1", "rotation": 90},
				"west": {"uv": [1, 0, 16, 3], "texture": "#1"},
				"up": {"uv": [1, 0, 16, 1], "texture": "#1", "rotation": 90},
				"down": {"uv": [0, 0, 15, 3], "texture": "#1", "rotation": 90}
			}
		},
		{
			"from": [0, 13, 0],
			"to": [15, 16, 1],
			"faces": {
				"north": {"uv": [1, 0, 16, 3], "texture": "#1"},
				"east": {"uv": [0, 0, 3, 1], "texture": "#1", "rotation": 270},
				"south": {"uv": [0, 0, 15, 3], "texture": "#1"},
				"west": {"uv": [0, 0, 3, 1], "texture": "#1", "rotation": 90},
				"up": {"uv": [1, 0, 16, 1], "texture": "#1", "rotation": 180},
				"down": {"uv": [0, 0, 15, 3], "texture": "#1"}
			}
		},
		{
			"from": [15, 13, 0],
			"to": [16, 16, 15],
			"faces": {
				"north": {"uv": [0, 0, 3, 1], "texture": "#1", "rotation": 90},
				"east": {"uv": [1, 0, 16, 3], "texture": "#1"},
				"south": {"uv": [0, 0, 3, 1], "texture": "#1", "rotation": 270},
				"west": {"uv": [0, 0, 15, 3], "texture": "#1"},
				"up": {"uv": [1, 0, 16, 1], "texture": "#1", "rotation": 270},
				"down": {"uv": [0, 0, 15, 3], "texture": "#1", "rotation": 270}
			}
		},
		{
			"from": [12, 15, 1],
			"to": [13, 16, 15],
			"faces": {
				"north": {"uv": [14, 0, 15, 1], "texture": "#2", "rotation": 90},
				"east": {"uv": [1, 0, 15, 1], "texture": "#2", "rotation": 180},
				"south": {"uv": [14, 0, 15, 1], "texture": "#2", "rotation": 270},
				"west": {"uv": [1, 0, 15, 1], "texture": "#2"},
				"up": {"uv": [1, 0, 15, 1], "texture": "#2", "rotation": 90},
				"down": {"uv": [1, 0, 15, 1], "texture": "#2", "rotation": 270}
			}
		},
		{
			"from": [9, 15, 1],
			"to": [10, 16, 15],
			"faces": {
				"north": {"uv": [14, 0, 15, 1], "texture": "#2", "rotation": 90},
				"east": {"uv": [1, 0, 15, 1], "texture": "#2", "rotation": 180},
				"south": {"uv": [14, 0, 15, 1], "texture": "#2", "rotation": 270},
				"west": {"uv": [1, 0, 15, 1], "texture": "#2"},
				"up": {"uv": [2, 4, 16, 5], "texture": "#2", "rotation": 90},
				"down": {"uv": [1, 0, 15, 1], "texture": "#2", "rotation": 270}
			}
		},
		{
			"from": [6, 15, 1],
			"to": [7, 16, 15],
			"faces": {
				"north": {"uv": [14, 0, 15, 1], "texture": "#2", "rotation": 90},
				"east": {"uv": [1, 0, 15, 1], "texture": "#2", "rotation": 180},
				"south": {"uv": [14, 0, 15, 1], "texture": "#2", "rotation": 270},
				"west": {"uv": [1, 0, 15, 1], "texture": "#2"},
				"up": {"uv": [0, 8, 14, 9], "texture": "#2", "rotation": 90},
				"down": {"uv": [1, 0, 15, 1], "texture": "#2", "rotation": 270}
			}
		},
		{
			"from": [3, 15, 1],
			"to": [4, 16, 15],
			"faces": {
				"north": {"uv": [14, 0, 15, 1], "texture": "#2", "rotation": 90},
				"east": {"uv": [1, 0, 15, 1], "texture": "#2", "rotation": 180},
				"south": {"uv": [14, 0, 15, 1], "texture": "#2", "rotation": 270},
				"west": {"uv": [1, 0, 15, 1], "texture": "#2"},
				"up": {"uv": [1, 12, 15, 13], "texture": "#2", "rotation": 90},
				"down": {"uv": [1, 0, 15, 1], "texture": "#2", "rotation": 270}
			}
		},
		{
			"from": [1, 14.9, 3],
			"to": [15, 15.9, 4],
			"faces": {
				"north": {"uv": [1, 0, 15, 1], "texture": "#2"},
				"east": {"uv": [14, 0, 15, 1], "texture": "#2", "rotation": 90},
				"south": {"uv": [1, 0, 15, 1], "texture": "#2", "rotation": 180},
				"west": {"uv": [14, 0, 15, 1], "texture": "#2", "rotation": 270},
				"up": {"uv": [1, 12, 15, 13], "texture": "#2", "rotation": 180},
				"down": {"uv": [1, 0, 15, 1], "texture": "#2", "rotation": 180}
			}
		},
		{
			"from": [1, 14.9, 6],
			"to": [15, 15.9, 7],
			"faces": {
				"north": {"uv": [1, 0, 15, 1], "texture": "#2"},
				"east": {"uv": [14, 0, 15, 1], "texture": "#2", "rotation": 90},
				"south": {"uv": [1, 0, 15, 1], "texture": "#2", "rotation": 180},
				"west": {"uv": [14, 0, 15, 1], "texture": "#2", "rotation": 270},
				"up": {"uv": [0, 8, 14, 9], "texture": "#2", "rotation": 180},
				"down": {"uv": [1, 0, 15, 1], "texture": "#2", "rotation": 180}
			}
		},
		{
			"from": [1, 14.9, 9],
			"to": [15, 15.9, 10],
			"faces": {
				"north": {"uv": [1, 0, 15, 1], "texture": "#2"},
				"east": {"uv": [14, 0, 15, 1], "texture": "#2", "rotation": 90},
				"south": {"uv": [1, 0, 15, 1], "texture": "#2", "rotation": 180},
				"west": {"uv": [14, 0, 15, 1], "texture": "#2", "rotation": 270},
				"up": {"uv": [2, 4, 16, 5], "texture": "#2", "rotation": 180},
				"down": {"uv": [1, 0, 15, 1], "texture": "#2", "rotation": 180}
			}
		},
		{
			"from": [1, 14.9, 12],
			"to": [15, 15.9, 13],
			"faces": {
				"north": {"uv": [1, 0, 15, 1], "texture": "#2"},
				"east": {"uv": [14, 0, 15, 1], "texture": "#2", "rotation": 90},
				"south": {"uv": [1, 0, 15, 1], "texture": "#2", "rotation": 180},
				"west": {"uv": [14, 0, 15, 1], "texture": "#2", "rotation": 270},
				"up": {"uv": [1, 0, 15, 1], "texture": "#2", "rotation": 180},
				"down": {"uv": [1, 0, 15, 1], "texture": "#2", "rotation": 180}
			}
		}
	]
}