{
	"parent": "block/block",
	"textures": {
		"0": "_custom/factory_block_side_rotated",
		"1": "block/purpur_block4",
		"3": "block/orange_glazed_terracotta",
		"particle": "_custom/factory_block_side_rotated"
	},
	"elements": [
		{
			"from": [14, 0, 0],
			"to": [16, 0.1, 16],
			"faces": {
				"north": {"uv": [0, 0, 2, 0.1], "texture": "#0"},
				"east": {"uv": [0, 0, 16, 0.1], "texture": "#0", "rotation": 180},
				"south": {"uv": [0.5, 0, 2.5, 0.09988], "texture": "#0"},
				"west": {"uv": [0, 0.5, 16, 0.59988], "texture": "#0", "rotation": 180},
				"up": {"uv": [0, 0, 16, 2], "texture": "#0", "rotation": 90},
				"down": {"uv": [0, 0, 16, 2], "texture": "#3", "rotation": 90}
			}
		},
		{
			"from": [0, 0, 0],
			"to": [2, 0.1, 16],
			"faces": {
				"north": {"uv": [0, 0, 2, 0.1], "texture": "#0"},
				"east": {"uv": [0, 0, 16, 0.1], "texture": "#0", "rotation": 180},
				"south": {"uv": [0.5, 0, 2.5, 0.09988], "texture": "#0"},
				"west": {"uv": [0, 0.5, 16, 0.59988], "texture": "#0", "rotation": 180},
				"up": {"uv": [0, 0, 16, 2], "texture": "#0", "rotation": 90},
				"down": {"uv": [0, 0, 16, 2], "texture": "#3", "rotation": 90}
			}
		},
		{
			"from": [1.77164, 1.14805, 0],
			"to": [5.27164, 1.24805, 16],
			"rotation": {"angle": 22.5, "axis": "z", "origin": [4.77164, 1.24805, 8]},
			"faces": {
				"north": {"uv": [0, 0, 1, 1], "texture": "#1"},
				"east": {"uv": [0, 0, 1, 1], "texture": "#1"},
				"south": {"uv": [0, 0, 1, 1], "texture": "#1"},
				"west": {"uv": [0, 0, 1, 1], "texture": "#1"},
				"up": {"uv": [0, 0, 5, 16], "texture": "#1"},
				"down": {"uv": [0, 0, 1, 1], "texture": "#1"}
			}
		},
		{
			"from": [5.23358, 1.33939, 0],
			"to": [10.76642, 1.43939, 16],
			"rotation": {"angle": 0, "axis": "z", "origin": [10.26642, 1.43939, 8]},
			"faces": {
				"north": {"uv": [0, 0, 1, 1], "texture": "#1"},
				"east": {"uv": [0, 0, 1, 1], "texture": "#1"},
				"south": {"uv": [0, 0, 1, 1], "texture": "#1"},
				"west": {"uv": [0, 0, 1, 1], "texture": "#1"},
				"up": {"uv": [4, 0, 11, 16], "texture": "#1"},
				"down": {"uv": [0, 0, 1, 1], "texture": "#1"}
			}
		},
		{
			"from": [10.72836, 1.14805, 0],
			"to": [14.22836, 1.24805, 16],
			"rotation": {"angle": -22.5, "axis": "z", "origin": [11.22836, 1.24805, 8]},
			"faces": {
				"north": {"uv": [1, 0, 0, 1], "texture": "#1"},
				"east": {"uv": [1, 0, 0, 1], "texture": "#1"},
				"south": {"uv": [1, 0, 0, 1], "texture": "#1"},
				"west": {"uv": [1, 0, 0, 1], "texture": "#1"},
				"up": {"uv": [5, 0, 0, 16], "texture": "#1"},
				"down": {"uv": [1, 0, 0, 1], "texture": "#1"}
			}
		}
	]
}