{
	"parent": "block/block_mini",
	"textures": {
		"0": "block/green_terracotta",
		"1": "block/black_terracotta",
		"2": "block/brown_terracotta",
		"3": "block/grid2",
		"4": "block/pink_concrete",
		"5": "block/purpur_block4",
		"particle": "block/green_terracotta"
	},
	"elements": [
		{
			"name": "hexadecagon",
			"from": [3.2261, -16, -16],
			"to": [12.7739, -13, 32],
			"rotation": {"angle": -45, "axis": "y", "origin": [8, -15.5, 8]},
			"faces": {
				"north": {"uv": [2, 5, 12, 8], "texture": "#1"},
				"east": {"uv": [6, 7, 16, 10], "texture": "#1"},
				"south": {"uv": [2, 7, 12, 10], "texture": "#1"},
				"west": {"uv": [6, 7, 16, 10], "texture": "#1"},
				"up": {"uv": [6, 2, 7, 8], "texture": "#1", "rotation": 90},
				"down": {"uv": [6, 7, 7, 8], "texture": "#1"}
			}
		},
		{
			"name": "hexadecagon",
			"from": [3.2261, -16, -16],
			"to": [12.7739, -12.98, 32],
			"rotation": {"angle": -22.5, "axis": "y", "origin": [8, -15.5, 8]},
			"faces": {
				"north": {"uv": [2, 11, 12, 14], "texture": "#1"},
				"east": {"uv": [6, 7, 16, 10], "texture": "#1"},
				"south": {"uv": [2, 5, 12, 8], "texture": "#1"},
				"west": {"uv": [6, 7, 16, 10], "texture": "#1"},
				"up": {"uv": [6, 2, 7, 8], "texture": "#1", "rotation": 90},
				"down": {"uv": [6, 7, 7, 8], "texture": "#1"}
			}
		},
		{
			"name": "hexadecagon",
			"from": [3.2261, -16, -16],
			"to": [12.7739, -12.98, 32],
			"rotation": {"angle": 22.5, "axis": "y", "origin": [8, -15.5, 8]},
			"faces": {
				"north": {"uv": [2, 5, 12, 8], "texture": "#1"},
				"east": {"uv": [6, 7, 16, 10], "texture": "#1"},
				"south": {"uv": [4, 7, 14, 10], "texture": "#1"},
				"west": {"uv": [6, 7, 16, 10], "texture": "#1"},
				"up": {"uv": [6, 2, 7, 8], "texture": "#1", "rotation": 90},
				"down": {"uv": [6, 7, 7, 8], "texture": "#1"}
			}
		},
		{
			"name": "hexadecagon",
			"from": [3.2261, -16, -16],
			"to": [12.7739, -13, 32],
			"rotation": {"angle": 45, "axis": "y", "origin": [8, -15.5, 8]},
			"faces": {
				"north": {"uv": [4, 5, 14, 8], "texture": "#1"},
				"east": {"uv": [6, 7, 16, 10], "texture": "#1"},
				"south": {"uv": [2, 9, 12, 12], "texture": "#1"},
				"west": {"uv": [6, 7, 16, 10], "texture": "#1"},
				"up": {"uv": [6, 2, 7, 8], "texture": "#1", "rotation": 90},
				"down": {"uv": [6, 7, 7, 8], "texture": "#1"}
			}
		},
		{
			"name": "hexadecagon",
			"from": [-16, -16, 3.2261],
			"to": [32, -12.98, 12.7739],
			"rotation": {"angle": -22.5, "axis": "y", "origin": [8, -15.5, 8]},
			"faces": {
				"north": {"uv": [6, 7, 16, 10], "texture": "#1"},
				"east": {"uv": [2, 11, 12, 14], "texture": "#1"},
				"south": {"uv": [6, 7, 16, 10], "texture": "#1"},
				"west": {"uv": [6, 7, 16, 10], "texture": "#1"},
				"up": {"uv": [6, 2, 7, 8], "texture": "#1"},
				"down": {"uv": [6, 7, 7, 8], "texture": "#1"}
			}
		},
		{
			"name": "hexadecagon",
			"from": [-16, -16, 3.2261],
			"to": [32, -12.98, 12.7739],
			"rotation": {"angle": 22.5, "axis": "y", "origin": [8, -15.5, 8]},
			"faces": {
				"north": {"uv": [6, 7, 16, 10], "texture": "#1"},
				"east": {"uv": [2, 7, 12, 10], "texture": "#1"},
				"south": {"uv": [6, 7, 16, 10], "texture": "#1"},
				"west": {"uv": [3, 9, 13, 12], "texture": "#1", "rotation": 180},
				"up": {"uv": [6, 3, 7, 9], "texture": "#1"},
				"down": {"uv": [6, 7, 7, 8], "texture": "#1"}
			}
		},
		{
			"name": "hexadecagon",
			"from": [3.2261, -16, -16],
			"to": [12.7739, -13, 32],
			"rotation": {"angle": 0, "axis": "y", "origin": [8, -15.5, 8]},
			"faces": {
				"north": {"uv": [3, 5, 13, 8], "texture": "#1"},
				"east": {"uv": [6, 7, 16, 10], "texture": "#1"},
				"south": {"uv": [4, 5, 14, 8], "texture": "#1", "rotation": 180},
				"west": {"uv": [6, 7, 16, 10], "texture": "#1"},
				"up": {"uv": [6, 2, 7, 8], "texture": "#1", "rotation": 270},
				"down": {"uv": [6, 7, 7, 8], "texture": "#1", "rotation": 180}
			}
		},
		{
			"name": "hexadecagon",
			"from": [3.2261, -2, -16],
			"to": [12.7739, 1, 32],
			"rotation": {"angle": -45, "axis": "y", "origin": [8, -1.5, 8]},
			"faces": {
				"north": {"uv": [2, 5, 12, 8], "texture": "#1"},
				"east": {"uv": [6, 7, 16, 10], "texture": "#1"},
				"south": {"uv": [2, 7, 12, 10], "texture": "#1"},
				"west": {"uv": [6, 7, 16, 10], "texture": "#1"},
				"up": {"uv": [10, 5, 11, 6], "texture": "#1"},
				"down": {"uv": [6, 7, 7, 8], "texture": "#1"}
			}
		},
		{
			"name": "hexadecagon",
			"from": [3.2261, -2, -16],
			"to": [12.7739, 1, 32],
			"rotation": {"angle": -22.5, "axis": "y", "origin": [8, -1.5, 8]},
			"faces": {
				"north": {"uv": [2, 11, 12, 14], "texture": "#1"},
				"east": {"uv": [6, 7, 16, 10], "texture": "#1"},
				"south": {"uv": [2, 5, 12, 8], "texture": "#1"},
				"west": {"uv": [6, 7, 16, 10], "texture": "#1"},
				"up": {"uv": [10, 5, 11, 6], "texture": "#1"},
				"down": {"uv": [6, 7, 7, 8], "texture": "#1"}
			}
		},
		{
			"name": "hexadecagon",
			"from": [3.2261, -2, -16],
			"to": [12.7739, 1, 32],
			"rotation": {"angle": 22.5, "axis": "y", "origin": [8, -1.5, 8]},
			"faces": {
				"north": {"uv": [2, 5, 12, 8], "texture": "#1"},
				"east": {"uv": [6, 7, 16, 10], "texture": "#1"},
				"south": {"uv": [4, 7, 14, 10], "texture": "#1"},
				"west": {"uv": [6, 7, 16, 10], "texture": "#1"},
				"up": {"uv": [10, 5, 11, 6], "texture": "#1"},
				"down": {"uv": [6, 7, 7, 8], "texture": "#1"}
			}
		},
		{
			"name": "hexadecagon",
			"from": [3.2261, -2, -16],
			"to": [12.7739, 1, 32],
			"rotation": {"angle": 45, "axis": "y", "origin": [8, -1.5, 8]},
			"faces": {
				"north": {"uv": [4, 5, 14, 8], "texture": "#1"},
				"east": {"uv": [6, 7, 16, 10], "texture": "#1"},
				"south": {"uv": [2, 9, 12, 12], "texture": "#1"},
				"west": {"uv": [6, 7, 16, 10], "texture": "#1"},
				"up": {"uv": [10, 5, 11, 6], "texture": "#1"},
				"down": {"uv": [6, 7, 7, 8], "texture": "#1"}
			}
		},
		{
			"name": "hexadecagon",
			"from": [-16, -2, 3.2261],
			"to": [32, 1, 12.7739],
			"rotation": {"angle": -22.5, "axis": "y", "origin": [8, -1.5, 8]},
			"faces": {
				"north": {"uv": [6, 7, 16, 10], "texture": "#1"},
				"east": {"uv": [2, 11, 12, 14], "texture": "#1"},
				"south": {"uv": [6, 7, 16, 10], "texture": "#1"},
				"west": {"uv": [6, 7, 16, 10], "texture": "#1"},
				"up": {"uv": [10, 5, 11, 6], "texture": "#1", "rotation": 90},
				"down": {"uv": [6, 7, 7, 8], "texture": "#1"}
			}
		},
		{
			"name": "hexadecagon",
			"from": [-16, -2, 3.2261],
			"to": [32, 1, 12.7739],
			"rotation": {"angle": 22.5, "axis": "y", "origin": [8, -1.5, 8]},
			"faces": {
				"north": {"uv": [6, 7, 16, 10], "texture": "#1"},
				"east": {"uv": [2, 7, 12, 10], "texture": "#1"},
				"south": {"uv": [6, 7, 16, 10], "texture": "#1"},
				"west": {"uv": [3, 9, 13, 12], "texture": "#1", "rotation": 180},
				"up": {"uv": [10, 5, 11, 6], "texture": "#1", "rotation": 90},
				"down": {"uv": [6, 7, 7, 8], "texture": "#1"}
			}
		},
		{
			"name": "hexadecagon",
			"from": [-16, -2, 3.2261],
			"to": [32, 1, 12.7739],
			"rotation": {"angle": 0, "axis": "y", "origin": [8, -1.5, 8]},
			"faces": {
				"north": {"uv": [6, 7, 16, 10], "texture": "#1"},
				"east": {"uv": [3, 5, 13, 8], "texture": "#1"},
				"south": {"uv": [6, 7, 16, 10], "texture": "#1"},
				"west": {"uv": [4, 5, 14, 8], "texture": "#1", "rotation": 180},
				"up": {"uv": [10, 5, 11, 6], "texture": "#1", "rotation": 270},
				"down": {"uv": [6, 7, 7, 8], "texture": "#1", "rotation": 90}
			}
		},
		{
			"name": "hexadecagon",
			"from": [3.2261, -2, -16],
			"to": [12.7739, 1, 32],
			"rotation": {"angle": 0, "axis": "y", "origin": [8, -1.5, 8]},
			"faces": {
				"north": {"uv": [14, 5, 4, 8], "texture": "#1", "rotation": 180},
				"east": {"uv": [16, 7, 6, 10], "texture": "#1"},
				"south": {"uv": [13, 5, 3, 8], "texture": "#1"},
				"west": {"uv": [16, 7, 6, 10], "texture": "#1"},
				"up": {"uv": [10, 5, 11, 6], "texture": "#1", "rotation": 180},
				"down": {"uv": [6, 8, 7, 7], "texture": "#1", "rotation": 180}
			}
		},
		{
			"name": "hexadecagon",
			"from": [-16, -16, 3.2261],
			"to": [32, -13, 12.7739],
			"rotation": {"angle": 0, "axis": "y", "origin": [8, -15.5, 8]},
			"faces": {
				"north": {"uv": [6, 7, 16, 10], "texture": "#1"},
				"east": {"uv": [3, 5, 13, 8], "texture": "#1"},
				"south": {"uv": [6, 7, 16, 10], "texture": "#1"},
				"west": {"uv": [4, 5, 14, 8], "texture": "#1", "rotation": 180},
				"up": {"uv": [6, 2, 7, 8], "texture": "#1", "rotation": 180},
				"down": {"uv": [6, 7, 7, 8], "texture": "#1", "rotation": 90}
			}
		},
		{
			"from": [3.2261, -13.15328, -14.7706],
			"to": [12.7739, -6.15328, -12],
			"rotation": {"angle": 22.5, "axis": "x", "origin": [8, -12.5, -14.5]},
			"faces": {
				"north": {"uv": [3, 6, 12, 13], "texture": "#0"},
				"east": {"uv": [3, 8, 4, 9], "texture": "#0"},
				"south": {"uv": [3, 7, 4, 8], "texture": "#2"},
				"west": {"uv": [3, 8, 4, 9], "texture": "#0"},
				"up": {"uv": [3, 7, 4, 8], "texture": "#2"},
				"down": {"uv": [3, 7, 4, 8], "texture": "#2"}
			}
		},
		{
			"from": [3.2261, -8.4029, -12.9745],
			"to": [12.7739, -1.4029, -10.2039],
			"rotation": {"angle": -22.5, "axis": "x", "origin": [8, -6.74962, -12.7039]},
			"faces": {
				"north": {"uv": [3, 4, 12, 11], "texture": "#0"},
				"east": {"uv": [3, 8, 4, 9], "texture": "#0"},
				"south": {"uv": [3, 7, 4, 8], "texture": "#2"},
				"west": {"uv": [3, 8, 4, 9], "texture": "#0"},
				"up": {"uv": [3, 7, 4, 8], "texture": "#2"},
				"down": {"uv": [3, 7, 4, 8], "texture": "#2"}
			}
		},
		{
			"name": "hexadecagon",
			"from": [4.02175, -13, -12],
			"to": [11.97825, -1, 28],
			"rotation": {"angle": -45, "axis": "y", "origin": [8, -12.5, 8]},
			"faces": {
				"north": {"uv": [6, 0, 14, 12], "texture": "#3"},
				"east": {"uv": [6, 0, 14, 12], "texture": "#4"},
				"south": {"uv": [5, 0, 13, 12], "texture": "#4"},
				"west": {"uv": [6, 0, 14, 12], "texture": "#4"},
				"up": {"uv": [6, 0, 7, 1], "texture": "#4"},
				"down": {"uv": [6, 0, 7, 1], "texture": "#4"}
			}
		},
		{
			"name": "hexadecagon",
			"from": [4.02175, -13, -12],
			"to": [11.97825, -1, 28],
			"rotation": {"angle": -22.5, "axis": "y", "origin": [8, -12.5, 8]},
			"faces": {
				"north": {"uv": [8, 3, 16, 15], "texture": "#4"},
				"east": {"uv": [6, 0, 14, 12], "texture": "#4"},
				"south": {"uv": [4, 0, 12, 12], "texture": "#3"},
				"west": {"uv": [6, 0, 14, 12], "texture": "#4"},
				"up": {"uv": [6, 0, 7, 1], "texture": "#4"},
				"down": {"uv": [6, 0, 7, 1], "texture": "#4"}
			}
		},
		{
			"name": "hexadecagon",
			"from": [4.02175, -13, -12],
			"to": [11.97825, -1, 28],
			"rotation": {"angle": 0, "axis": "y", "origin": [8, -12.5, 8]},
			"faces": {
				"north": {"uv": [6, 0, 14, 12], "texture": "#4"},
				"east": {"uv": [6, 0, 14, 12], "texture": "#4"},
				"south": {"uv": [6, 0, 14, 12], "texture": "#4"},
				"west": {"uv": [6, 0, 14, 12], "texture": "#4"},
				"up": {"uv": [6, 0, 7, 1], "texture": "#4"},
				"down": {"uv": [6, 0, 7, 1], "texture": "#4"}
			}
		},
		{
			"name": "hexadecagon",
			"from": [4.02175, -13, -12],
			"to": [11.97825, -1, 28],
			"rotation": {"angle": 22.5, "axis": "y", "origin": [8, -12.5, 8]},
			"faces": {
				"north": {"uv": [6, 0, 14, 12], "texture": "#4"},
				"east": {"uv": [6, 0, 14, 12], "texture": "#4"},
				"south": {"uv": [7, 0, 15, 12], "texture": "#3"},
				"west": {"uv": [6, 0, 14, 12], "texture": "#4"},
				"up": {"uv": [6, 0, 7, 1], "texture": "#4"},
				"down": {"uv": [6, 0, 7, 1], "texture": "#4"}
			}
		},
		{
			"name": "hexadecagon",
			"from": [4.02175, -13, -12],
			"to": [11.97825, -1, 28],
			"rotation": {"angle": 45, "axis": "y", "origin": [8, -12.5, 8]},
			"faces": {
				"north": {"uv": [2, 0, 10, 12], "texture": "#3"},
				"east": {"uv": [6, 0, 14, 12], "texture": "#4"},
				"south": {"uv": [6, 0, 14, 12], "texture": "#4"},
				"west": {"uv": [6, 0, 14, 12], "texture": "#4"},
				"up": {"uv": [6, 0, 7, 1], "texture": "#4"},
				"down": {"uv": [6, 0, 7, 1], "texture": "#4"}
			}
		},
		{
			"name": "hexadecagon",
			"from": [-12, -13, 4.02175],
			"to": [28, -1, 11.97825],
			"rotation": {"angle": -22.5, "axis": "y", "origin": [8, -12.5, 8]},
			"faces": {
				"north": {"uv": [6, 0, 14, 12], "texture": "#4"},
				"east": {"uv": [5, 0, 13, 12], "texture": "#4"},
				"south": {"uv": [6, 0, 14, 12], "texture": "#4"},
				"west": {"uv": [7, 0, 15, 12], "texture": "#4"},
				"up": {"uv": [6, 0, 7, 1], "texture": "#4"},
				"down": {"uv": [6, 0, 7, 1], "texture": "#4"}
			}
		},
		{
			"name": "hexadecagon",
			"from": [-12, -13, 4.02175],
			"to": [28, -1, 11.97825],
			"rotation": {"angle": 0, "axis": "y", "origin": [8, -12.5, 8]},
			"faces": {
				"north": {"uv": [6, 0, 14, 12], "texture": "#4"},
				"east": {"uv": [6, 0, 14, 12], "texture": "#4"},
				"south": {"uv": [6, 0, 14, 12], "texture": "#4"},
				"west": {"uv": [6, 0, 14, 12], "texture": "#4"},
				"up": {"uv": [6, 0, 7, 1], "texture": "#4"},
				"down": {"uv": [6, 0, 7, 1], "texture": "#4"}
			}
		},
		{
			"name": "hexadecagon",
			"from": [-12, -13, 4.02175],
			"to": [28, -1, 11.97825],
			"rotation": {"angle": 22.5, "axis": "y", "origin": [8, -12.5, 8]},
			"faces": {
				"north": {"uv": [6, 0, 14, 12], "texture": "#4"},
				"east": {"uv": [1, 3, 9, 15], "texture": "#3"},
				"south": {"uv": [6, 0, 14, 12], "texture": "#4"},
				"west": {"uv": [6, 0, 14, 12], "texture": "#3"},
				"up": {"uv": [6, 0, 7, 1], "texture": "#4"},
				"down": {"uv": [6, 0, 7, 1], "texture": "#4"}
			}
		},
		{
			"name": "hexadecagon",
			"from": [2.2261, -13, -12.25],
			"to": [13.7739, -1, -11],
			"rotation": {"angle": 0, "axis": "y", "origin": [8, -15.5, 8]},
			"faces": {
				"north": {"uv": [3, 5, 13, 14], "texture": "#0"},
				"east": {"uv": [3, 5, 4, 6], "texture": "#0"},
				"south": {"uv": [3, 5, 4, 6], "texture": "#0", "rotation": 180},
				"west": {"uv": [3, 5, 4, 6], "texture": "#0"},
				"up": {"uv": [3, 5, 4, 6], "texture": "#0", "rotation": 180},
				"down": {"uv": [3, 5, 4, 6], "texture": "#0", "rotation": 180}
			}
		},
		{
			"from": [0, 1, 0],
			"to": [16, 2, 16],
			"rotation": {"angle": -22.5, "axis": "y", "origin": [8, 1.5, 8]},
			"faces": {
				"north": {"uv": [0, 0, 1, 1], "texture": "#3"},
				"east": {"uv": [0, 0, 1, 1], "texture": "#3"},
				"south": {"uv": [0, 0, 1, 1], "texture": "#3"},
				"west": {"uv": [0, 0, 1, 1], "texture": "#3"},
				"up": {"uv": [0, 0, 1, 1], "texture": "#3", "rotation": 270},
				"down": {"uv": [0, 0, 1, 1], "texture": "#3", "rotation": 90}
			}
		},
		{
			"from": [0, 1, 0],
			"to": [16, 2, 16],
			"rotation": {"angle": 45, "axis": "y", "origin": [8, 1.5, 8]},
			"faces": {
				"north": {"uv": [0, 0, 1, 1], "texture": "#3"},
				"east": {"uv": [0, 0, 1, 1], "texture": "#3"},
				"south": {"uv": [0, 0, 1, 1], "texture": "#3"},
				"west": {"uv": [0, 0, 1, 1], "texture": "#3"},
				"up": {"uv": [0, 0, 1, 1], "texture": "#3"},
				"down": {"uv": [0, 0, 1, 1], "texture": "#3"}
			}
		},
		{
			"from": [0, 1, 0],
			"to": [16, 2, 16],
			"rotation": {"angle": 22.5, "axis": "y", "origin": [8, 1.5, 8]},
			"faces": {
				"north": {"uv": [0, 0, 1, 1], "texture": "#3"},
				"east": {"uv": [0, 0, 1, 1], "texture": "#3"},
				"south": {"uv": [0, 0, 1, 1], "texture": "#3"},
				"west": {"uv": [0, 0, 1, 1], "texture": "#3"},
				"up": {"uv": [0, 0, 1, 1], "texture": "#3"},
				"down": {"uv": [0, 0, 1, 1], "texture": "#3"}
			}
		},
		{
			"from": [0, 1, 0],
			"to": [16, 2, 16],
			"faces": {
				"north": {"uv": [0, 0, 1, 1], "texture": "#3"},
				"east": {"uv": [0, 0, 1, 1], "texture": "#3"},
				"south": {"uv": [0, 0, 1, 1], "texture": "#3"},
				"west": {"uv": [0, 0, 1, 1], "texture": "#3"},
				"up": {"uv": [0, 0, 1, 1], "texture": "#3"},
				"down": {"uv": [0, 0, 1, 1], "texture": "#3"}
			}
		},
		{
			"from": [-14, 1, 6],
			"to": [30, 1.5, 7],
			"faces": {
				"north": {"uv": [0, 0, 1, 1], "texture": "#3"},
				"east": {"uv": [0, 0, 1, 1], "texture": "#3"},
				"south": {"uv": [0, 0, 1, 1], "texture": "#3"},
				"west": {"uv": [0, 0, 1, 1], "texture": "#3"},
				"up": {"uv": [0, 0, 1, 1], "texture": "#3"},
				"down": {"uv": [0, 0, 1, 1], "texture": "#3"}
			}
		},
		{
			"from": [-14, 1, 9],
			"to": [30, 1.5, 10],
			"faces": {
				"north": {"uv": [0, 0, 1, 1], "texture": "#3"},
				"east": {"uv": [0, 0, 1, 1], "texture": "#3"},
				"south": {"uv": [0, 0, 1, 1], "texture": "#3"},
				"west": {"uv": [0, 0, 1, 1], "texture": "#3"},
				"up": {"uv": [0, 0, 1, 1], "texture": "#3"},
				"down": {"uv": [0, 0, 1, 1], "texture": "#3"}
			}
		},
		{
			"from": [6, 1, -14],
			"to": [7, 1.5, 30],
			"faces": {
				"north": {"uv": [0, 0, 1, 1], "texture": "#3"},
				"east": {"uv": [0, 0, 1, 1], "texture": "#3"},
				"south": {"uv": [0, 0, 1, 1], "texture": "#3"},
				"west": {"uv": [0, 0, 1, 1], "texture": "#3"},
				"up": {"uv": [0, 0, 1, 1], "texture": "#3", "rotation": 90},
				"down": {"uv": [0, 0, 1, 1], "texture": "#3", "rotation": 270}
			}
		},
		{
			"from": [9, 1, -14],
			"to": [10, 1.5, 30],
			"faces": {
				"north": {"uv": [0, 0, 1, 1], "texture": "#3"},
				"east": {"uv": [0, 0, 1, 1], "texture": "#3"},
				"south": {"uv": [0, 0, 1, 1], "texture": "#3"},
				"west": {"uv": [0, 0, 1, 1], "texture": "#3"},
				"up": {"uv": [0, 0, 1, 1], "texture": "#3", "rotation": 90},
				"down": {"uv": [0, 0, 1, 1], "texture": "#3", "rotation": 270}
			}
		},
		{
			"from": [3.2261, -13.15328, -14.7706],
			"to": [12.7739, -6.15328, -12],
			"rotation": {"angle": 22.5, "axis": "x", "origin": [8, -12.5, -14.5]},
			"faces": {
				"north": {"uv": [3, 6, 12, 13], "texture": "#0"},
				"east": {"uv": [3, 8, 4, 9], "texture": "#0"},
				"south": {"uv": [3, 7, 4, 8], "texture": "#2"},
				"west": {"uv": [3, 8, 4, 9], "texture": "#0"},
				"up": {"uv": [3, 7, 4, 8], "texture": "#2"},
				"down": {"uv": [3, 7, 4, 8], "texture": "#2"}
			}
		},
		{
			"from": [3.2261, -8.4029, -12.9745],
			"to": [12.7739, -1.4029, -10.2039],
			"rotation": {"angle": -22.5, "axis": "x", "origin": [8, -6.74962, -12.7039]},
			"faces": {
				"north": {"uv": [3, 4, 12, 11], "texture": "#0"},
				"east": {"uv": [3, 8, 4, 9], "texture": "#0"},
				"south": {"uv": [3, 7, 4, 8], "texture": "#2"},
				"west": {"uv": [3, 8, 4, 9], "texture": "#0"},
				"up": {"uv": [3, 7, 4, 8], "texture": "#2"},
				"down": {"uv": [3, 7, 4, 8], "texture": "#2"}
			}
		},
		{
			"name": "hexadecagon",
			"from": [2.2261, -13, -12.25],
			"to": [13.7739, -1, -11],
			"rotation": {"angle": 0, "axis": "y", "origin": [8, -15.5, 8]},
			"faces": {
				"north": {"uv": [3, 5, 13, 14], "texture": "#0"},
				"east": {"uv": [3, 5, 4, 6], "texture": "#0"},
				"south": {"uv": [3, 5, 4, 6], "texture": "#0", "rotation": 180},
				"west": {"uv": [3, 5, 4, 6], "texture": "#0"},
				"up": {"uv": [3, 5, 4, 6], "texture": "#0", "rotation": 180},
				"down": {"uv": [3, 5, 4, 6], "texture": "#0", "rotation": 180}
			}
		},
		{
			"from": [3.2261, -13.15328, 28],
			"to": [12.7739, -6.15328, 30.7706],
			"rotation": {"angle": -22.5, "axis": "x", "origin": [8, -12.5, 30.5]},
			"faces": {
				"north": {"uv": [4, 7, 3, 8], "texture": "#2"},
				"east": {"uv": [4, 8, 3, 9], "texture": "#0"},
				"south": {"uv": [12, 6, 3, 13], "texture": "#0"},
				"west": {"uv": [4, 8, 3, 9], "texture": "#0"},
				"up": {"uv": [3, 8, 4, 7], "texture": "#2"},
				"down": {"uv": [3, 8, 4, 7], "texture": "#2"}
			}
		},
		{
			"from": [3.2261, -8.4029, 26.2039],
			"to": [12.7739, -1.4029, 28.9745],
			"rotation": {"angle": 22.5, "axis": "x", "origin": [8, -6.74962, 28.7039]},
			"faces": {
				"north": {"uv": [4, 7, 3, 8], "texture": "#2"},
				"east": {"uv": [4, 8, 3, 9], "texture": "#0"},
				"south": {"uv": [12, 4, 3, 11], "texture": "#0"},
				"west": {"uv": [4, 8, 3, 9], "texture": "#0"},
				"up": {"uv": [3, 8, 4, 7], "texture": "#2"},
				"down": {"uv": [3, 8, 4, 7], "texture": "#2"}
			}
		},
		{
			"name": "hexadecagon",
			"from": [2.2261, -13, 27],
			"to": [13.7739, -1, 28.25],
			"rotation": {"angle": 0, "axis": "y", "origin": [8, -15.5, 8]},
			"faces": {
				"north": {"uv": [4, 5, 3, 6], "texture": "#0", "rotation": 180},
				"east": {"uv": [4, 5, 3, 6], "texture": "#0"},
				"south": {"uv": [13, 5, 3, 14], "texture": "#0"},
				"west": {"uv": [4, 5, 3, 6], "texture": "#0"},
				"up": {"uv": [3, 6, 4, 5], "texture": "#0", "rotation": 180},
				"down": {"uv": [3, 6, 4, 5], "texture": "#0", "rotation": 180}
			}
		},
		{
			"from": [-14.7706, -13.15328, 3.2261],
			"to": [-12, -6.15328, 12.7739],
			"rotation": {"angle": -22.5, "axis": "z", "origin": [-14.5, -12.5, 8]},
			"faces": {
				"north": {"uv": [4, 8, 3, 9], "texture": "#0"},
				"east": {"uv": [4, 7, 3, 8], "texture": "#2"},
				"south": {"uv": [4, 8, 3, 9], "texture": "#0"},
				"west": {"uv": [12, 6, 3, 13], "texture": "#0"},
				"up": {"uv": [3, 8, 4, 7], "texture": "#2", "rotation": 90},
				"down": {"uv": [3, 8, 4, 7], "texture": "#2", "rotation": 270}
			}
		},
		{
			"from": [-12.9745, -8.4029, 3.2261],
			"to": [-10.2039, -1.4029, 12.7739],
			"rotation": {"angle": 22.5, "axis": "z", "origin": [-12.7039, -6.74962, 8]},
			"faces": {
				"north": {"uv": [4, 8, 3, 9], "texture": "#0"},
				"east": {"uv": [4, 7, 3, 8], "texture": "#2"},
				"south": {"uv": [4, 8, 3, 9], "texture": "#0"},
				"west": {"uv": [12, 4, 3, 11], "texture": "#0"},
				"up": {"uv": [3, 8, 4, 7], "texture": "#2", "rotation": 90},
				"down": {"uv": [3, 8, 4, 7], "texture": "#2", "rotation": 270}
			}
		},
		{
			"name": "hexadecagon",
			"from": [-12.25, -13, 2.2261],
			"to": [-11, -1, 13.7739],
			"rotation": {"angle": 0, "axis": "y", "origin": [8, -15.5, 8]},
			"faces": {
				"north": {"uv": [4, 5, 3, 6], "texture": "#0"},
				"east": {"uv": [4, 5, 3, 6], "texture": "#0", "rotation": 180},
				"south": {"uv": [4, 5, 3, 6], "texture": "#0"},
				"west": {"uv": [13, 5, 3, 14], "texture": "#0"},
				"up": {"uv": [3, 6, 4, 5], "texture": "#0", "rotation": 270},
				"down": {"uv": [3, 6, 4, 5], "texture": "#0", "rotation": 90}
			}
		},
		{
			"from": [28, -13.15328, 3.2261],
			"to": [30.7706, -6.15328, 12.7739],
			"rotation": {"angle": 22.5, "axis": "z", "origin": [30.5, -12.5, 8]},
			"faces": {
				"north": {"uv": [3, 8, 4, 9], "texture": "#0"},
				"east": {"uv": [3, 6, 12, 13], "texture": "#0"},
				"south": {"uv": [3, 8, 4, 9], "texture": "#0"},
				"west": {"uv": [3, 7, 4, 8], "texture": "#2"},
				"up": {"uv": [4, 8, 3, 7], "texture": "#2", "rotation": 90},
				"down": {"uv": [4, 8, 3, 7], "texture": "#2", "rotation": 270}
			}
		},
		{
			"from": [26.2039, -8.4029, 3.2261],
			"to": [28.9745, -1.4029, 12.7739],
			"rotation": {"angle": -22.5, "axis": "z", "origin": [28.7039, -6.74962, 8]},
			"faces": {
				"north": {"uv": [3, 8, 4, 9], "texture": "#0"},
				"east": {"uv": [3, 4, 12, 11], "texture": "#0"},
				"south": {"uv": [3, 8, 4, 9], "texture": "#0"},
				"west": {"uv": [3, 7, 4, 8], "texture": "#2"},
				"up": {"uv": [4, 8, 3, 7], "texture": "#2", "rotation": 90},
				"down": {"uv": [4, 8, 3, 7], "texture": "#2", "rotation": 270}
			}
		},
		{
			"name": "hexadecagon",
			"from": [27, -13, 2.2261],
			"to": [28.25, -1, 13.7739],
			"rotation": {"angle": 0, "axis": "y", "origin": [8, -15.5, 8]},
			"faces": {
				"north": {"uv": [3, 5, 4, 6], "texture": "#0"},
				"east": {"uv": [3, 5, 13, 14], "texture": "#0"},
				"south": {"uv": [3, 5, 4, 6], "texture": "#0"},
				"west": {"uv": [3, 5, 4, 6], "texture": "#0", "rotation": 180},
				"up": {"uv": [4, 6, 3, 5], "texture": "#0", "rotation": 270},
				"down": {"uv": [4, 6, 3, 5], "texture": "#0", "rotation": 90}
			}
		},
		{
			"name": "hexadecagon",
			"from": [3.42502, 1, -15],
			"to": [12.57498, 2, -14],
			"rotation": {"angle": -45, "axis": "y", "origin": [8, 1.5, 8]},
			"faces": {
				"north": {"uv": [3, 15, 12, 16], "texture": "#5"},
				"east": {"uv": [3, 15, 12, 16], "texture": "#5"},
				"south": {"uv": [3, 15, 12, 16], "texture": "#5"},
				"west": {"uv": [3, 15, 12, 16], "texture": "#5"},
				"up": {"uv": [3, 15, 12, 16], "texture": "#5"},
				"down": {"uv": [3, 15, 12, 16], "texture": "#5"}
			}
		},
		{
			"name": "hexadecagon",
			"from": [3.42502, 1, -15],
			"to": [12.57498, 2, -14],
			"rotation": {"angle": -22.5, "axis": "y", "origin": [8, 1.5, 8]},
			"faces": {
				"north": {"uv": [3, 15, 12, 16], "texture": "#5"},
				"east": {"uv": [3, 15, 12, 16], "texture": "#5"},
				"south": {"uv": [3, 15, 12, 16], "texture": "#5"},
				"west": {"uv": [3, 15, 12, 16], "texture": "#5"},
				"up": {"uv": [3, 15, 12, 16], "texture": "#5"},
				"down": {"uv": [3, 15, 12, 16], "texture": "#5"}
			}
		},
		{
			"name": "hexadecagon",
			"from": [3.42502, 1, -15],
			"to": [12.57498, 2, -14],
			"rotation": {"angle": 0, "axis": "y", "origin": [8, 1.5, 8]},
			"faces": {
				"north": {"uv": [3, 15, 12, 16], "texture": "#5"},
				"east": {"uv": [3, 15, 12, 16], "texture": "#5"},
				"south": {"uv": [3, 15, 12, 16], "texture": "#5"},
				"west": {"uv": [3, 15, 12, 16], "texture": "#5"},
				"up": {"uv": [3, 15, 12, 16], "texture": "#5"},
				"down": {"uv": [3, 15, 12, 16], "texture": "#5"}
			}
		},
		{
			"name": "hexadecagon",
			"from": [3.42502, 1, -15],
			"to": [12.57498, 2, -14],
			"rotation": {"angle": 22.5, "axis": "y", "origin": [8, 1.5, 8]},
			"faces": {
				"north": {"uv": [3, 15, 12, 16], "texture": "#5"},
				"east": {"uv": [3, 15, 12, 16], "texture": "#5"},
				"south": {"uv": [3, 15, 12, 16], "texture": "#5"},
				"west": {"uv": [3, 15, 12, 16], "texture": "#5"},
				"up": {"uv": [3, 15, 12, 16], "texture": "#5"},
				"down": {"uv": [3, 15, 12, 16], "texture": "#5"}
			}
		},
		{
			"name": "hexadecagon",
			"from": [3.42502, 1, -15],
			"to": [12.57498, 2, -14],
			"rotation": {"angle": 45, "axis": "y", "origin": [8, 1.5, 8]},
			"faces": {
				"north": {"uv": [3, 15, 12, 16], "texture": "#5"},
				"east": {"uv": [3, 15, 12, 16], "texture": "#5"},
				"south": {"uv": [3, 15, 12, 16], "texture": "#5"},
				"west": {"uv": [3, 15, 12, 16], "texture": "#5"},
				"up": {"uv": [3, 15, 12, 16], "texture": "#5"},
				"down": {"uv": [3, 15, 12, 16], "texture": "#5"}
			}
		},
		{
			"name": "hexadecagon",
			"from": [3.42502, 1, 30],
			"to": [12.57498, 2, 31],
			"rotation": {"angle": -45, "axis": "y", "origin": [8, 1.5, 8]},
			"faces": {
				"north": {"uv": [3, 15, 12, 16], "texture": "#5"},
				"east": {"uv": [3, 15, 12, 16], "texture": "#5"},
				"south": {"uv": [3, 15, 12, 16], "texture": "#5"},
				"west": {"uv": [3, 15, 12, 16], "texture": "#5"},
				"up": {"uv": [3, 15, 12, 16], "texture": "#5"},
				"down": {"uv": [3, 15, 12, 16], "texture": "#5"}
			}
		},
		{
			"name": "hexadecagon",
			"from": [3.42502, 1, 30],
			"to": [12.57498, 2, 31],
			"rotation": {"angle": -22.5, "axis": "y", "origin": [8, 1.5, 8]},
			"faces": {
				"north": {"uv": [3, 15, 12, 16], "texture": "#5"},
				"east": {"uv": [3, 15, 12, 16], "texture": "#5"},
				"south": {"uv": [3, 15, 12, 16], "texture": "#5"},
				"west": {"uv": [3, 15, 12, 16], "texture": "#5"},
				"up": {"uv": [3, 15, 12, 16], "texture": "#5"},
				"down": {"uv": [3, 15, 12, 16], "texture": "#5"}
			}
		},
		{
			"name": "hexadecagon",
			"from": [3.42502, 1, 30],
			"to": [12.57498, 2, 31],
			"rotation": {"angle": 0, "axis": "y", "origin": [8, 1.5, 8]},
			"faces": {
				"north": {"uv": [3, 15, 12, 16], "texture": "#5"},
				"east": {"uv": [3, 15, 12, 16], "texture": "#5"},
				"south": {"uv": [3, 15, 12, 16], "texture": "#5"},
				"west": {"uv": [3, 15, 12, 16], "texture": "#5"},
				"up": {"uv": [3, 15, 12, 16], "texture": "#5"},
				"down": {"uv": [3, 15, 12, 16], "texture": "#5"}
			}
		},
		{
			"name": "hexadecagon",
			"from": [3.42502, 1, 30],
			"to": [12.57498, 2, 31],
			"rotation": {"angle": 22.5, "axis": "y", "origin": [8, 1.5, 8]},
			"faces": {
				"north": {"uv": [3, 15, 12, 16], "texture": "#5"},
				"east": {"uv": [3, 15, 12, 16], "texture": "#5"},
				"south": {"uv": [3, 15, 12, 16], "texture": "#5"},
				"west": {"uv": [3, 15, 12, 16], "texture": "#5"},
				"up": {"uv": [3, 15, 12, 16], "texture": "#5"},
				"down": {"uv": [3, 15, 12, 16], "texture": "#5"}
			}
		},
		{
			"name": "hexadecagon",
			"from": [3.42502, 1, 30],
			"to": [12.57498, 2, 31],
			"rotation": {"angle": 45, "axis": "y", "origin": [8, 1.5, 8]},
			"faces": {
				"north": {"uv": [3, 15, 12, 16], "texture": "#5"},
				"east": {"uv": [3, 15, 12, 16], "texture": "#5"},
				"south": {"uv": [3, 15, 12, 16], "texture": "#5"},
				"west": {"uv": [3, 15, 12, 16], "texture": "#5"},
				"up": {"uv": [3, 15, 12, 16], "texture": "#5"},
				"down": {"uv": [3, 15, 12, 16], "texture": "#5"}
			}
		},
		{
			"name": "hexadecagon",
			"from": [-15, 1, 3.42502],
			"to": [-14, 2, 12.57498],
			"rotation": {"angle": -22.5, "axis": "y", "origin": [8, 1.5, 8]},
			"faces": {
				"north": {"uv": [3, 15, 12, 16], "texture": "#5"},
				"east": {"uv": [3, 15, 12, 16], "texture": "#5"},
				"south": {"uv": [3, 15, 12, 16], "texture": "#5"},
				"west": {"uv": [3, 15, 12, 16], "texture": "#5"},
				"up": {"uv": [3, 15, 12, 16], "texture": "#5", "rotation": 90},
				"down": {"uv": [3, 15, 12, 16], "texture": "#5"}
			}
		},
		{
			"name": "hexadecagon",
			"from": [-15, 1, 3.42502],
			"to": [-14, 2, 12.57498],
			"rotation": {"angle": 0, "axis": "y", "origin": [8, 1.5, 8]},
			"faces": {
				"north": {"uv": [3, 15, 12, 16], "texture": "#5"},
				"east": {"uv": [3, 15, 12, 16], "texture": "#5"},
				"south": {"uv": [3, 15, 12, 16], "texture": "#5"},
				"west": {"uv": [3, 15, 12, 16], "texture": "#5"},
				"up": {"uv": [3, 15, 12, 16], "texture": "#5", "rotation": 90},
				"down": {"uv": [3, 15, 12, 16], "texture": "#5"}
			}
		},
		{
			"name": "hexadecagon",
			"from": [-15, 1, 3.42502],
			"to": [-14, 2, 12.57498],
			"rotation": {"angle": 22.5, "axis": "y", "origin": [8, 1.5, 8]},
			"faces": {
				"north": {"uv": [3, 15, 12, 16], "texture": "#5"},
				"east": {"uv": [3, 15, 12, 16], "texture": "#5"},
				"south": {"uv": [3, 15, 12, 16], "texture": "#5"},
				"west": {"uv": [3, 15, 12, 16], "texture": "#5"},
				"up": {"uv": [3, 15, 12, 16], "texture": "#5", "rotation": 90},
				"down": {"uv": [3, 15, 12, 16], "texture": "#5"}
			}
		},
		{
			"name": "hexadecagon",
			"from": [30, 1, 3.42502],
			"to": [31, 2, 12.57498],
			"rotation": {"angle": -22.5, "axis": "y", "origin": [8, 1.5, 8]},
			"faces": {
				"north": {"uv": [3, 15, 12, 16], "texture": "#5"},
				"east": {"uv": [3, 15, 12, 16], "texture": "#5"},
				"south": {"uv": [3, 15, 12, 16], "texture": "#5"},
				"west": {"uv": [3, 15, 12, 16], "texture": "#5"},
				"up": {"uv": [3, 15, 12, 16], "texture": "#5", "rotation": 90},
				"down": {"uv": [3, 15, 12, 16], "texture": "#5"}
			}
		},
		{
			"name": "hexadecagon",
			"from": [30, 1, 3.42502],
			"to": [31, 2, 12.57498],
			"rotation": {"angle": 0, "axis": "y", "origin": [8, 1.5, 8]},
			"faces": {
				"north": {"uv": [3, 15, 12, 16], "texture": "#5"},
				"east": {"uv": [3, 15, 12, 16], "texture": "#5"},
				"south": {"uv": [3, 15, 12, 16], "texture": "#5"},
				"west": {"uv": [3, 15, 12, 16], "texture": "#5"},
				"up": {"uv": [3, 15, 12, 16], "texture": "#5", "rotation": 90},
				"down": {"uv": [3, 15, 12, 16], "texture": "#5"}
			}
		},
		{
			"name": "hexadecagon",
			"from": [30, 1, 3.42502],
			"to": [31, 2, 12.57498],
			"rotation": {"angle": 22.5, "axis": "y", "origin": [8, 1.5, 8]},
			"faces": {
				"north": {"uv": [3, 15, 12, 16], "texture": "#5"},
				"east": {"uv": [3, 15, 12, 16], "texture": "#5"},
				"south": {"uv": [3, 15, 12, 16], "texture": "#5"},
				"west": {"uv": [3, 15, 12, 16], "texture": "#5"},
				"up": {"uv": [3, 15, 12, 16], "texture": "#5", "rotation": 90},
				"down": {"uv": [3, 15, 12, 16], "texture": "#5"}
			}
		},
		{
			"name": "hexadecagon",
			"from": [3.42502, 11, -15],
			"to": [12.57498, 12, -14],
			"rotation": {"angle": -45, "axis": "y", "origin": [8, 11.5, 8]},
			"faces": {
				"north": {"uv": [3, 15, 12, 16], "texture": "#5"},
				"east": {"uv": [3, 15, 12, 16], "texture": "#5"},
				"south": {"uv": [3, 15, 12, 16], "texture": "#5"},
				"west": {"uv": [3, 15, 12, 16], "texture": "#5"},
				"up": {"uv": [3, 15, 12, 16], "texture": "#5"},
				"down": {"uv": [3, 15, 12, 16], "texture": "#5"}
			}
		},
		{
			"name": "hexadecagon",
			"from": [3.42502, 11, -15],
			"to": [12.57498, 12, -14],
			"rotation": {"angle": -22.5, "axis": "y", "origin": [8, 11.5, 8]},
			"faces": {
				"north": {"uv": [3, 15, 12, 16], "texture": "#5"},
				"east": {"uv": [3, 15, 12, 16], "texture": "#5"},
				"south": {"uv": [3, 15, 12, 16], "texture": "#5"},
				"west": {"uv": [3, 15, 12, 16], "texture": "#5"},
				"up": {"uv": [3, 15, 12, 16], "texture": "#5"},
				"down": {"uv": [3, 15, 12, 16], "texture": "#5"}
			}
		},
		{
			"name": "hexadecagon",
			"from": [3.42502, 11, -15],
			"to": [12.57498, 12, -14],
			"rotation": {"angle": 0, "axis": "y", "origin": [8, 11.5, 8]},
			"faces": {
				"north": {"uv": [3, 15, 12, 16], "texture": "#5"},
				"east": {"uv": [3, 15, 12, 16], "texture": "#5"},
				"south": {"uv": [3, 15, 12, 16], "texture": "#5"},
				"west": {"uv": [3, 15, 12, 16], "texture": "#5"},
				"up": {"uv": [3, 15, 12, 16], "texture": "#5"},
				"down": {"uv": [3, 15, 12, 16], "texture": "#5"}
			}
		},
		{
			"name": "hexadecagon",
			"from": [3.42502, 11, -15],
			"to": [12.57498, 12, -14],
			"rotation": {"angle": 22.5, "axis": "y", "origin": [8, 11.5, 8]},
			"faces": {
				"north": {"uv": [3, 15, 12, 16], "texture": "#5"},
				"east": {"uv": [3, 15, 12, 16], "texture": "#5"},
				"south": {"uv": [3, 15, 12, 16], "texture": "#5"},
				"west": {"uv": [3, 15, 12, 16], "texture": "#5"},
				"up": {"uv": [3, 15, 12, 16], "texture": "#5"},
				"down": {"uv": [3, 15, 12, 16], "texture": "#5"}
			}
		},
		{
			"name": "hexadecagon",
			"from": [3.42502, 11, -15],
			"to": [12.57498, 12, -14],
			"rotation": {"angle": 45, "axis": "y", "origin": [8, 11.5, 8]},
			"faces": {
				"north": {"uv": [3, 15, 12, 16], "texture": "#5"},
				"east": {"uv": [3, 15, 12, 16], "texture": "#5"},
				"south": {"uv": [3, 15, 12, 16], "texture": "#5"},
				"west": {"uv": [3, 15, 12, 16], "texture": "#5"},
				"up": {"uv": [3, 15, 12, 16], "texture": "#5"},
				"down": {"uv": [3, 15, 12, 16], "texture": "#5"}
			}
		},
		{
			"name": "hexadecagon",
			"from": [3.42502, 11, 30],
			"to": [12.57498, 12, 31],
			"rotation": {"angle": -45, "axis": "y", "origin": [8, 11.5, 8]},
			"faces": {
				"north": {"uv": [3, 15, 12, 16], "texture": "#5"},
				"east": {"uv": [3, 15, 12, 16], "texture": "#5"},
				"south": {"uv": [3, 15, 12, 16], "texture": "#5"},
				"west": {"uv": [3, 15, 12, 16], "texture": "#5"},
				"up": {"uv": [3, 15, 12, 16], "texture": "#5"},
				"down": {"uv": [3, 15, 12, 16], "texture": "#5"}
			}
		},
		{
			"name": "hexadecagon",
			"from": [3.42502, 11, 30],
			"to": [12.57498, 12, 31],
			"rotation": {"angle": -22.5, "axis": "y", "origin": [8, 11.5, 8]},
			"faces": {
				"north": {"uv": [3, 15, 12, 16], "texture": "#5"},
				"east": {"uv": [3, 15, 12, 16], "texture": "#5"},
				"south": {"uv": [3, 15, 12, 16], "texture": "#5"},
				"west": {"uv": [3, 15, 12, 16], "texture": "#5"},
				"up": {"uv": [3, 15, 12, 16], "texture": "#5"},
				"down": {"uv": [3, 15, 12, 16], "texture": "#5"}
			}
		},
		{
			"name": "hexadecagon",
			"from": [3.42502, 11, 30],
			"to": [12.57498, 12, 31],
			"rotation": {"angle": 0, "axis": "y", "origin": [8, 11.5, 8]},
			"faces": {
				"north": {"uv": [3, 15, 12, 16], "texture": "#5"},
				"east": {"uv": [3, 15, 12, 16], "texture": "#5"},
				"south": {"uv": [3, 15, 12, 16], "texture": "#5"},
				"west": {"uv": [3, 15, 12, 16], "texture": "#5"},
				"up": {"uv": [3, 15, 12, 16], "texture": "#5"},
				"down": {"uv": [3, 15, 12, 16], "texture": "#5"}
			}
		},
		{
			"name": "hexadecagon",
			"from": [3.42502, 11, 30],
			"to": [12.57498, 12, 31],
			"rotation": {"angle": 22.5, "axis": "y", "origin": [8, 11.5, 8]},
			"faces": {
				"north": {"uv": [3, 15, 12, 16], "texture": "#5"},
				"east": {"uv": [3, 15, 12, 16], "texture": "#5"},
				"south": {"uv": [3, 15, 12, 16], "texture": "#5"},
				"west": {"uv": [3, 15, 12, 16], "texture": "#5"},
				"up": {"uv": [3, 15, 12, 16], "texture": "#5"},
				"down": {"uv": [3, 15, 12, 16], "texture": "#5"}
			}
		},
		{
			"name": "hexadecagon",
			"from": [3.42502, 11, 30],
			"to": [12.57498, 12, 31],
			"rotation": {"angle": 45, "axis": "y", "origin": [8, 11.5, 8]},
			"faces": {
				"north": {"uv": [3, 15, 12, 16], "texture": "#5"},
				"east": {"uv": [3, 15, 12, 16], "texture": "#5"},
				"south": {"uv": [3, 15, 12, 16], "texture": "#5"},
				"west": {"uv": [3, 15, 12, 16], "texture": "#5"},
				"up": {"uv": [3, 15, 12, 16], "texture": "#5"},
				"down": {"uv": [3, 15, 12, 16], "texture": "#5"}
			}
		},
		{
			"name": "hexadecagon",
			"from": [-15, 11, 3.42502],
			"to": [-14, 12, 12.57498],
			"rotation": {"angle": -22.5, "axis": "y", "origin": [8, 11.5, 8]},
			"faces": {
				"north": {"uv": [3, 15, 12, 16], "texture": "#5"},
				"east": {"uv": [3, 15, 12, 16], "texture": "#5"},
				"south": {"uv": [3, 15, 12, 16], "texture": "#5"},
				"west": {"uv": [3, 15, 12, 16], "texture": "#5"},
				"up": {"uv": [3, 15, 12, 16], "texture": "#5", "rotation": 90},
				"down": {"uv": [3, 15, 12, 16], "texture": "#5"}
			}
		},
		{
			"name": "hexadecagon",
			"from": [-15, 11, 3.42502],
			"to": [-14, 12, 12.57498],
			"rotation": {"angle": 0, "axis": "y", "origin": [8, 11.5, 8]},
			"faces": {
				"north": {"uv": [3, 15, 12, 16], "texture": "#5"},
				"east": {"uv": [3, 15, 12, 16], "texture": "#5"},
				"south": {"uv": [3, 15, 12, 16], "texture": "#5"},
				"west": {"uv": [3, 15, 12, 16], "texture": "#5"},
				"up": {"uv": [3, 15, 12, 16], "texture": "#5", "rotation": 90},
				"down": {"uv": [3, 15, 12, 16], "texture": "#5"}
			}
		},
		{
			"name": "hexadecagon",
			"from": [-15, 11, 3.42502],
			"to": [-14, 12, 12.57498],
			"rotation": {"angle": 22.5, "axis": "y", "origin": [8, 11.5, 8]},
			"faces": {
				"north": {"uv": [3, 15, 12, 16], "texture": "#5"},
				"east": {"uv": [3, 15, 12, 16], "texture": "#5"},
				"south": {"uv": [3, 15, 12, 16], "texture": "#5"},
				"west": {"uv": [3, 15, 12, 16], "texture": "#5"},
				"up": {"uv": [3, 15, 12, 16], "texture": "#5", "rotation": 90},
				"down": {"uv": [3, 15, 12, 16], "texture": "#5"}
			}
		},
		{
			"name": "hexadecagon",
			"from": [30, 11, 3.42502],
			"to": [31, 12, 12.57498],
			"rotation": {"angle": -22.5, "axis": "y", "origin": [8, 11.5, 8]},
			"faces": {
				"north": {"uv": [3, 15, 12, 16], "texture": "#5"},
				"east": {"uv": [3, 15, 12, 16], "texture": "#5"},
				"south": {"uv": [3, 15, 12, 16], "texture": "#5"},
				"west": {"uv": [3, 15, 12, 16], "texture": "#5"},
				"up": {"uv": [3, 15, 12, 16], "texture": "#5", "rotation": 90},
				"down": {"uv": [3, 15, 12, 16], "texture": "#5"}
			}
		},
		{
			"name": "hexadecagon",
			"from": [30, 11, 3.42502],
			"to": [31, 12, 12.57498],
			"rotation": {"angle": 0, "axis": "y", "origin": [8, 11.5, 8]},
			"faces": {
				"north": {"uv": [3, 15, 12, 16], "texture": "#5"},
				"east": {"uv": [3, 15, 12, 16], "texture": "#5"},
				"south": {"uv": [3, 15, 12, 16], "texture": "#5"},
				"west": {"uv": [3, 15, 12, 16], "texture": "#5"},
				"up": {"uv": [3, 15, 12, 16], "texture": "#5", "rotation": 90},
				"down": {"uv": [3, 15, 12, 16], "texture": "#5"}
			}
		},
		{
			"name": "hexadecagon",
			"from": [30, 11, 3.42502],
			"to": [31, 12, 12.57498],
			"rotation": {"angle": 22.5, "axis": "y", "origin": [8, 11.5, 8]},
			"faces": {
				"north": {"uv": [3, 15, 12, 16], "texture": "#5"},
				"east": {"uv": [3, 15, 12, 16], "texture": "#5"},
				"south": {"uv": [3, 15, 12, 16], "texture": "#5"},
				"west": {"uv": [3, 15, 12, 16], "texture": "#5"},
				"up": {"uv": [3, 15, 12, 16], "texture": "#5", "rotation": 90},
				"down": {"uv": [3, 15, 12, 16], "texture": "#5"}
			}
		},
		{
			"name": "hexadecagon",
			"from": [3.42502, 22, -15],
			"to": [12.57498, 23, -14],
			"rotation": {"angle": -45, "axis": "y", "origin": [8, 22.5, 8]},
			"faces": {
				"north": {"uv": [3, 15, 12, 16], "texture": "#5"},
				"east": {"uv": [3, 15, 12, 16], "texture": "#5"},
				"south": {"uv": [3, 15, 12, 16], "texture": "#5"},
				"west": {"uv": [3, 15, 12, 16], "texture": "#5"},
				"up": {"uv": [3, 15, 12, 16], "texture": "#5"},
				"down": {"uv": [3, 15, 12, 16], "texture": "#5"}
			}
		},
		{
			"name": "hexadecagon",
			"from": [3.42502, 22, -15],
			"to": [12.57498, 23, -14],
			"rotation": {"angle": -22.5, "axis": "y", "origin": [8, 22.5, 8]},
			"faces": {
				"north": {"uv": [3, 15, 12, 16], "texture": "#5"},
				"east": {"uv": [3, 15, 12, 16], "texture": "#5"},
				"south": {"uv": [3, 15, 12, 16], "texture": "#5"},
				"west": {"uv": [3, 15, 12, 16], "texture": "#5"},
				"up": {"uv": [3, 15, 12, 16], "texture": "#5"},
				"down": {"uv": [3, 15, 12, 16], "texture": "#5"}
			}
		},
		{
			"name": "hexadecagon",
			"from": [3.42502, 22, -15],
			"to": [12.57498, 23, -14],
			"rotation": {"angle": 0, "axis": "y", "origin": [8, 22.5, 8]},
			"faces": {
				"north": {"uv": [3, 15, 12, 16], "texture": "#5"},
				"east": {"uv": [3, 15, 12, 16], "texture": "#5"},
				"south": {"uv": [3, 15, 12, 16], "texture": "#5"},
				"west": {"uv": [3, 15, 12, 16], "texture": "#5"},
				"up": {"uv": [3, 15, 12, 16], "texture": "#5"},
				"down": {"uv": [3, 15, 12, 16], "texture": "#5"}
			}
		},
		{
			"name": "hexadecagon",
			"from": [3.42502, 22, -15],
			"to": [12.57498, 23, -14],
			"rotation": {"angle": 22.5, "axis": "y", "origin": [8, 22.5, 8]},
			"faces": {
				"north": {"uv": [3, 15, 12, 16], "texture": "#5"},
				"east": {"uv": [3, 15, 12, 16], "texture": "#5"},
				"south": {"uv": [3, 15, 12, 16], "texture": "#5"},
				"west": {"uv": [3, 15, 12, 16], "texture": "#5"},
				"up": {"uv": [3, 15, 12, 16], "texture": "#5"},
				"down": {"uv": [3, 15, 12, 16], "texture": "#5"}
			}
		},
		{
			"name": "hexadecagon",
			"from": [3.42502, 22, -15],
			"to": [12.57498, 23, -14],
			"rotation": {"angle": 45, "axis": "y", "origin": [8, 22.5, 8]},
			"faces": {
				"north": {"uv": [3, 15, 12, 16], "texture": "#5"},
				"east": {"uv": [3, 15, 12, 16], "texture": "#5"},
				"south": {"uv": [3, 15, 12, 16], "texture": "#5"},
				"west": {"uv": [3, 15, 12, 16], "texture": "#5"},
				"up": {"uv": [3, 15, 12, 16], "texture": "#5"},
				"down": {"uv": [3, 15, 12, 16], "texture": "#5"}
			}
		},
		{
			"name": "hexadecagon",
			"from": [3.42502, 22, 30],
			"to": [12.57498, 23, 31],
			"rotation": {"angle": -45, "axis": "y", "origin": [8, 22.5, 8]},
			"faces": {
				"north": {"uv": [3, 15, 12, 16], "texture": "#5"},
				"east": {"uv": [3, 15, 12, 16], "texture": "#5"},
				"south": {"uv": [3, 15, 12, 16], "texture": "#5"},
				"west": {"uv": [3, 15, 12, 16], "texture": "#5"},
				"up": {"uv": [3, 15, 12, 16], "texture": "#5"},
				"down": {"uv": [3, 15, 12, 16], "texture": "#5"}
			}
		},
		{
			"name": "hexadecagon",
			"from": [3.42502, 22, 30],
			"to": [12.57498, 23, 31],
			"rotation": {"angle": -22.5, "axis": "y", "origin": [8, 22.5, 8]},
			"faces": {
				"north": {"uv": [3, 15, 12, 16], "texture": "#5"},
				"east": {"uv": [3, 15, 12, 16], "texture": "#5"},
				"south": {"uv": [3, 15, 12, 16], "texture": "#5"},
				"west": {"uv": [3, 15, 12, 16], "texture": "#5"},
				"up": {"uv": [3, 15, 12, 16], "texture": "#5"},
				"down": {"uv": [3, 15, 12, 16], "texture": "#5"}
			}
		},
		{
			"name": "hexadecagon",
			"from": [3.42502, 22, 30],
			"to": [12.57498, 23, 31],
			"rotation": {"angle": 0, "axis": "y", "origin": [8, 22.5, 8]},
			"faces": {
				"north": {"uv": [3, 15, 12, 16], "texture": "#5"},
				"east": {"uv": [3, 15, 12, 16], "texture": "#5"},
				"south": {"uv": [3, 15, 12, 16], "texture": "#5"},
				"west": {"uv": [3, 15, 12, 16], "texture": "#5"},
				"up": {"uv": [3, 15, 12, 16], "texture": "#5"},
				"down": {"uv": [3, 15, 12, 16], "texture": "#5"}
			}
		},
		{
			"name": "hexadecagon",
			"from": [3.42502, 22, 30],
			"to": [12.57498, 23, 31],
			"rotation": {"angle": 22.5, "axis": "y", "origin": [8, 22.5, 8]},
			"faces": {
				"north": {"uv": [3, 15, 12, 16], "texture": "#5"},
				"east": {"uv": [3, 15, 12, 16], "texture": "#5"},
				"south": {"uv": [3, 15, 12, 16], "texture": "#5"},
				"west": {"uv": [3, 15, 12, 16], "texture": "#5"},
				"up": {"uv": [3, 15, 12, 16], "texture": "#5"},
				"down": {"uv": [3, 15, 12, 16], "texture": "#5"}
			}
		},
		{
			"name": "hexadecagon",
			"from": [3.42502, 22, 30],
			"to": [12.57498, 23, 31],
			"rotation": {"angle": 45, "axis": "y", "origin": [8, 22.5, 8]},
			"faces": {
				"north": {"uv": [3, 15, 12, 16], "texture": "#5"},
				"east": {"uv": [3, 15, 12, 16], "texture": "#5"},
				"south": {"uv": [3, 15, 12, 16], "texture": "#5"},
				"west": {"uv": [3, 15, 12, 16], "texture": "#5"},
				"up": {"uv": [3, 15, 12, 16], "texture": "#5"},
				"down": {"uv": [3, 15, 12, 16], "texture": "#5"}
			}
		},
		{
			"name": "hexadecagon",
			"from": [-15, 22, 3.42502],
			"to": [-14, 23, 12.57498],
			"rotation": {"angle": -22.5, "axis": "y", "origin": [8, 22.5, 8]},
			"faces": {
				"north": {"uv": [3, 15, 12, 16], "texture": "#5"},
				"east": {"uv": [3, 15, 12, 16], "texture": "#5"},
				"south": {"uv": [3, 15, 12, 16], "texture": "#5"},
				"west": {"uv": [3, 15, 12, 16], "texture": "#5"},
				"up": {"uv": [3, 15, 12, 16], "texture": "#5", "rotation": 90},
				"down": {"uv": [3, 15, 12, 16], "texture": "#5"}
			}
		},
		{
			"name": "hexadecagon",
			"from": [-15, 22, 3.42502],
			"to": [-14, 23, 12.57498],
			"rotation": {"angle": 0, "axis": "y", "origin": [8, 22.5, 8]},
			"faces": {
				"north": {"uv": [3, 15, 12, 16], "texture": "#5"},
				"east": {"uv": [3, 15, 12, 16], "texture": "#5"},
				"south": {"uv": [3, 15, 12, 16], "texture": "#5"},
				"west": {"uv": [3, 15, 12, 16], "texture": "#5"},
				"up": {"uv": [3, 15, 12, 16], "texture": "#5", "rotation": 90},
				"down": {"uv": [3, 15, 12, 16], "texture": "#5"}
			}
		},
		{
			"name": "hexadecagon",
			"from": [-15, 22, 3.42502],
			"to": [-14, 23, 12.57498],
			"rotation": {"angle": 22.5, "axis": "y", "origin": [8, 22.5, 8]},
			"faces": {
				"north": {"uv": [3, 15, 12, 16], "texture": "#5"},
				"east": {"uv": [3, 15, 12, 16], "texture": "#5"},
				"south": {"uv": [3, 15, 12, 16], "texture": "#5"},
				"west": {"uv": [3, 15, 12, 16], "texture": "#5"},
				"up": {"uv": [3, 15, 12, 16], "texture": "#5", "rotation": 90},
				"down": {"uv": [3, 15, 12, 16], "texture": "#5"}
			}
		},
		{
			"name": "hexadecagon",
			"from": [30, 22, 3.42502],
			"to": [31, 23, 12.57498],
			"rotation": {"angle": -22.5, "axis": "y", "origin": [8, 22.5, 8]},
			"faces": {
				"north": {"uv": [3, 15, 12, 16], "texture": "#5"},
				"east": {"uv": [3, 15, 12, 16], "texture": "#5"},
				"south": {"uv": [3, 15, 12, 16], "texture": "#5"},
				"west": {"uv": [3, 15, 12, 16], "texture": "#5"},
				"up": {"uv": [3, 15, 12, 16], "texture": "#5", "rotation": 90},
				"down": {"uv": [3, 15, 12, 16], "texture": "#5"}
			}
		},
		{
			"name": "hexadecagon",
			"from": [30, 22, 3.42502],
			"to": [31, 23, 12.57498],
			"rotation": {"angle": 0, "axis": "y", "origin": [8, 22.5, 8]},
			"faces": {
				"north": {"uv": [3, 15, 12, 16], "texture": "#5"},
				"east": {"uv": [3, 15, 12, 16], "texture": "#5"},
				"south": {"uv": [3, 15, 12, 16], "texture": "#5"},
				"west": {"uv": [3, 15, 12, 16], "texture": "#5"},
				"up": {"uv": [3, 15, 12, 16], "texture": "#5", "rotation": 90},
				"down": {"uv": [3, 15, 12, 16], "texture": "#5"}
			}
		},
		{
			"name": "hexadecagon",
			"from": [30, 22, 3.42502],
			"to": [31, 23, 12.57498],
			"rotation": {"angle": 22.5, "axis": "y", "origin": [8, 22.5, 8]},
			"faces": {
				"north": {"uv": [3, 15, 12, 16], "texture": "#5"},
				"east": {"uv": [3, 15, 12, 16], "texture": "#5"},
				"south": {"uv": [3, 15, 12, 16], "texture": "#5"},
				"west": {"uv": [3, 15, 12, 16], "texture": "#5"},
				"up": {"uv": [3, 15, 12, 16], "texture": "#5", "rotation": 90},
				"down": {"uv": [3, 15, 12, 16], "texture": "#5"}
			}
		},
		{
			"name": "hexadecagon",
			"from": [3.42502, 31, 30],
			"to": [12.57498, 32, 31],
			"rotation": {"angle": 45, "axis": "y", "origin": [8, 31.5, 8]},
			"faces": {
				"north": {"uv": [3, 15, 12, 16], "texture": "#5"},
				"east": {"uv": [3, 15, 12, 16], "texture": "#5"},
				"south": {"uv": [3, 15, 12, 16], "texture": "#5"},
				"west": {"uv": [3, 15, 12, 16], "texture": "#5"},
				"up": {"uv": [3, 15, 12, 16], "texture": "#5"},
				"down": {"uv": [3, 15, 12, 16], "texture": "#5"}
			}
		},
		{
			"name": "hexadecagon",
			"from": [3.42502, 31, 30],
			"to": [12.57498, 32, 31],
			"rotation": {"angle": 22.5, "axis": "y", "origin": [8, 31.5, 8]},
			"faces": {
				"north": {"uv": [3, 15, 12, 16], "texture": "#5"},
				"east": {"uv": [3, 15, 12, 16], "texture": "#5"},
				"south": {"uv": [3, 15, 12, 16], "texture": "#5"},
				"west": {"uv": [3, 15, 12, 16], "texture": "#5"},
				"up": {"uv": [3, 15, 12, 16], "texture": "#5"},
				"down": {"uv": [3, 15, 12, 16], "texture": "#5"}
			}
		},
		{
			"name": "hexadecagon",
			"from": [3.42502, 31, 30],
			"to": [12.57498, 32, 31],
			"rotation": {"angle": 0, "axis": "y", "origin": [8, 31.5, 8]},
			"faces": {
				"north": {"uv": [3, 15, 12, 16], "texture": "#5"},
				"east": {"uv": [3, 15, 12, 16], "texture": "#5"},
				"south": {"uv": [3, 15, 12, 16], "texture": "#5"},
				"west": {"uv": [3, 15, 12, 16], "texture": "#5"},
				"up": {"uv": [3, 15, 12, 16], "texture": "#5"},
				"down": {"uv": [3, 15, 12, 16], "texture": "#5"}
			}
		},
		{
			"name": "hexadecagon",
			"from": [-15, 31, 3.42502],
			"to": [-14, 32, 12.57498],
			"rotation": {"angle": 22.5, "axis": "y", "origin": [8, 31.5, 8]},
			"faces": {
				"north": {"uv": [3, 15, 12, 16], "texture": "#5"},
				"east": {"uv": [3, 15, 12, 16], "texture": "#5"},
				"south": {"uv": [3, 15, 12, 16], "texture": "#5"},
				"west": {"uv": [3, 15, 12, 16], "texture": "#5"},
				"up": {"uv": [3, 15, 12, 16], "texture": "#5", "rotation": 90},
				"down": {"uv": [3, 15, 12, 16], "texture": "#5"}
			}
		},
		{
			"name": "hexadecagon",
			"from": [3.42502, 31, 30],
			"to": [12.57498, 32, 31],
			"rotation": {"angle": -45, "axis": "y", "origin": [8, 31.5, 8]},
			"faces": {
				"north": {"uv": [3, 15, 12, 16], "texture": "#5"},
				"east": {"uv": [3, 15, 12, 16], "texture": "#5"},
				"south": {"uv": [3, 15, 12, 16], "texture": "#5"},
				"west": {"uv": [3, 15, 12, 16], "texture": "#5"},
				"up": {"uv": [3, 15, 12, 16], "texture": "#5"},
				"down": {"uv": [3, 15, 12, 16], "texture": "#5"}
			}
		},
		{
			"name": "hexadecagon",
			"from": [3.42502, 31, 30],
			"to": [12.57498, 32, 31],
			"rotation": {"angle": -22.5, "axis": "y", "origin": [8, 31.5, 8]},
			"faces": {
				"north": {"uv": [3, 15, 12, 16], "texture": "#5"},
				"east": {"uv": [3, 15, 12, 16], "texture": "#5"},
				"south": {"uv": [3, 15, 12, 16], "texture": "#5"},
				"west": {"uv": [3, 15, 12, 16], "texture": "#5"},
				"up": {"uv": [3, 15, 12, 16], "texture": "#5"},
				"down": {"uv": [3, 15, 12, 16], "texture": "#5"}
			}
		},
		{
			"name": "hexadecagon",
			"from": [-15, 31, 3.42502],
			"to": [-14, 32, 12.57498],
			"rotation": {"angle": 0, "axis": "y", "origin": [8, 31.5, 8]},
			"faces": {
				"north": {"uv": [3, 15, 12, 16], "texture": "#5"},
				"east": {"uv": [3, 15, 12, 16], "texture": "#5"},
				"south": {"uv": [3, 15, 12, 16], "texture": "#5"},
				"west": {"uv": [3, 15, 12, 16], "texture": "#5"},
				"up": {"uv": [3, 15, 12, 16], "texture": "#5", "rotation": 90},
				"down": {"uv": [3, 15, 12, 16], "texture": "#5"}
			}
		},
		{
			"name": "hexadecagon",
			"from": [-15, 31, 3.42502],
			"to": [-14, 32, 12.57498],
			"rotation": {"angle": -22.5, "axis": "y", "origin": [8, 31.5, 8]},
			"faces": {
				"north": {"uv": [3, 15, 12, 16], "texture": "#5"},
				"east": {"uv": [3, 15, 12, 16], "texture": "#5"},
				"south": {"uv": [3, 15, 12, 16], "texture": "#5"},
				"west": {"uv": [3, 15, 12, 16], "texture": "#5"},
				"up": {"uv": [3, 15, 12, 16], "texture": "#5", "rotation": 90},
				"down": {"uv": [3, 15, 12, 16], "texture": "#5"}
			}
		},
		{
			"name": "hexadecagon",
			"from": [3.42502, 31, -15],
			"to": [12.57498, 32, -14],
			"rotation": {"angle": 45, "axis": "y", "origin": [8, 31.5, 8]},
			"faces": {
				"north": {"uv": [3, 15, 12, 16], "texture": "#5"},
				"east": {"uv": [3, 15, 12, 16], "texture": "#5"},
				"south": {"uv": [3, 15, 12, 16], "texture": "#5"},
				"west": {"uv": [3, 15, 12, 16], "texture": "#5"},
				"up": {"uv": [3, 15, 12, 16], "texture": "#5"},
				"down": {"uv": [3, 15, 12, 16], "texture": "#5"}
			}
		},
		{
			"name": "hexadecagon",
			"from": [3.42502, 31, -15],
			"to": [12.57498, 32, -14],
			"rotation": {"angle": 22.5, "axis": "y", "origin": [8, 31.5, 8]},
			"faces": {
				"north": {"uv": [3, 15, 12, 16], "texture": "#5"},
				"east": {"uv": [3, 15, 12, 16], "texture": "#5"},
				"south": {"uv": [3, 15, 12, 16], "texture": "#5"},
				"west": {"uv": [3, 15, 12, 16], "texture": "#5"},
				"up": {"uv": [3, 15, 12, 16], "texture": "#5"},
				"down": {"uv": [3, 15, 12, 16], "texture": "#5"}
			}
		},
		{
			"name": "hexadecagon",
			"from": [3.42502, 31, -15],
			"to": [12.57498, 32, -14],
			"rotation": {"angle": 0, "axis": "y", "origin": [8, 31.5, 8]},
			"faces": {
				"north": {"uv": [3, 15, 12, 16], "texture": "#5"},
				"east": {"uv": [3, 15, 12, 16], "texture": "#5"},
				"south": {"uv": [3, 15, 12, 16], "texture": "#5"},
				"west": {"uv": [3, 15, 12, 16], "texture": "#5"},
				"up": {"uv": [3, 15, 12, 16], "texture": "#5"},
				"down": {"uv": [3, 15, 12, 16], "texture": "#5"}
			}
		},
		{
			"name": "hexadecagon",
			"from": [3.42502, 31, -15],
			"to": [12.57498, 32, -14],
			"rotation": {"angle": -22.5, "axis": "y", "origin": [8, 31.5, 8]},
			"faces": {
				"north": {"uv": [3, 15, 12, 16], "texture": "#5"},
				"east": {"uv": [3, 15, 12, 16], "texture": "#5"},
				"south": {"uv": [3, 15, 12, 16], "texture": "#5"},
				"west": {"uv": [3, 15, 12, 16], "texture": "#5"},
				"up": {"uv": [3, 15, 12, 16], "texture": "#5"},
				"down": {"uv": [3, 15, 12, 16], "texture": "#5"}
			}
		},
		{
			"name": "hexadecagon",
			"from": [3.42502, 31, -15],
			"to": [12.57498, 32, -14],
			"rotation": {"angle": -45, "axis": "y", "origin": [8, 31.5, 8]},
			"faces": {
				"north": {"uv": [3, 15, 12, 16], "texture": "#5"},
				"east": {"uv": [3, 15, 12, 16], "texture": "#5"},
				"south": {"uv": [3, 15, 12, 16], "texture": "#5"},
				"west": {"uv": [3, 15, 12, 16], "texture": "#5"},
				"up": {"uv": [3, 15, 12, 16], "texture": "#5"},
				"down": {"uv": [3, 15, 12, 16], "texture": "#5"}
			}
		},
		{
			"name": "hexadecagon",
			"from": [30, 31, 3.42502],
			"to": [31, 32, 12.57498],
			"rotation": {"angle": 22.5, "axis": "y", "origin": [8, 31.5, 8]},
			"faces": {
				"north": {"uv": [3, 15, 12, 16], "texture": "#5"},
				"east": {"uv": [3, 15, 12, 16], "texture": "#5"},
				"south": {"uv": [3, 15, 12, 16], "texture": "#5"},
				"west": {"uv": [3, 15, 12, 16], "texture": "#5"},
				"up": {"uv": [3, 15, 12, 16], "texture": "#5", "rotation": 90},
				"down": {"uv": [3, 15, 12, 16], "texture": "#5"}
			}
		},
		{
			"name": "hexadecagon",
			"from": [30, 31, 3.42502],
			"to": [31, 32, 12.57498],
			"rotation": {"angle": 0, "axis": "y", "origin": [8, 31.5, 8]},
			"faces": {
				"north": {"uv": [3, 15, 12, 16], "texture": "#5"},
				"east": {"uv": [3, 15, 12, 16], "texture": "#5"},
				"south": {"uv": [3, 15, 12, 16], "texture": "#5"},
				"west": {"uv": [3, 15, 12, 16], "texture": "#5"},
				"up": {"uv": [3, 15, 12, 16], "texture": "#5", "rotation": 90},
				"down": {"uv": [3, 15, 12, 16], "texture": "#5"}
			}
		},
		{
			"name": "hexadecagon",
			"from": [30, 31, 3.42502],
			"to": [31, 32, 12.57498],
			"rotation": {"angle": -22.5, "axis": "y", "origin": [8, 31.5, 8]},
			"faces": {
				"north": {"uv": [3, 15, 12, 16], "texture": "#5"},
				"east": {"uv": [3, 15, 12, 16], "texture": "#5"},
				"south": {"uv": [3, 15, 12, 16], "texture": "#5"},
				"west": {"uv": [3, 15, 12, 16], "texture": "#5"},
				"up": {"uv": [3, 15, 12, 16], "texture": "#5", "rotation": 90},
				"down": {"uv": [3, 15, 12, 16], "texture": "#5"}
			}
		}
	],
	"groups": [
		{
			"name": "hexadecagon",
			"isOpen": true,
			"shade": true,
			"display": {
				"visibility": true,
				"autouv": false
			},
			"children": [0, 1, 2, 3, 4, 5, 6, 7, 8, 9, 10, 11, 12, 13, 14, 15]
		}, 16, 17,
		{
			"name": "ring2",
			"isOpen": true,
			"shade": true,
			"display": {
				"visibility": true,
				"autouv": false
			},
			"children": [18, 19, 20, 21, 22, 23, 24, 25]
		}, 26,
		{
			"name": "starmid",
			"isOpen": true,
			"shade": true,
			"display": {
				"visibility": true,
				"autouv": false
			},
			"children": [27, 28, 29, 30, 31, 32, 33, 34]
		}, 35, 36, 37, 38, 39, 40, 41, 42, 43, 44, 45, 46,
		{
			"name": "hexadecagon",
			"isOpen": true,
			"shade": true,
			"display": {
				"visibility": true,
				"autouv": false
			},
			"children": [47, 48, 49, 50, 51, 52, 53, 54, 55, 56, 57, 58, 59, 60, 61, 62, 63, 64, 65, 66, 67, 68, 69, 70, 71, 72, 73, 74, 75, 76, 77, 78, 79, 80, 81, 82, 83, 84, 85, 86, 87, 88, 89, 90, 91, 92, 93, 94, 95, 96, 97, 98, 99, 100, 101, 102, 103, 104, 105, 106, 107, 108, 109, 110]
		}
	]
}