{
	"textures": {
		"0": "_custom/iron_plate",
		"particle": "_custom/iron_plate"
	},
	"elements": [
		{
			"from": [10.25736, 0, -4.07716],
			"to": [10.55025, 16, 18.55025],
			"rotation": {"angle": 45, "axis": "y", "origin": [10.05025, 8, 10.34315]},
			"faces": {
				"north": {"uv": [0, 0, 0.33211, 6.3318], "texture": "#0"},
				"east": {"uv": [4.66641, 0, 12.33125, 5.33125], "texture": "#0"},
				"south": {"uv": [0, 0, 0.33211, 6.3318], "texture": "#0"},
				"west": {"uv": [2, 0, 9.66328, 5.33047], "texture": "#0"},
				"up": {"uv": [0, 0, 0.33211, 6.3318], "texture": "#0"},
				"down": {"uv": [0, 0, 0.33211, 6.3318], "texture": "#0"}
			}
		}
	]
}