{
	"parent": "block/block",
	"textures": {
		"0": "block/white_glazed_terracotta",
		"1": "block/orange_glazed_terracotta",
		"2": "block/purpur_block",
		"3": "_custom/factory_block_corner2",
		"4": "_custom/factory_block_corner2m",
		"6": "_custom/factory_block_side_rotated",
		"particle": "block/white_glazed_terracotta"
	},
	"elements": [
		{
			"from": [0, 0, 0],
			"to": [16, 16, 16],
			"faces": {
				"north": {"uv": [0, 0, 16, 16], "texture": "#6"},
				"east": {"uv": [0, 0, 16, 16], "texture": "#4"},
				"south": {"uv": [0, 0, 16, 16], "texture": "#3"},
				"west": {"uv": [0, 0, 16, 16], "texture": "#1"},
				"up": {"uv": [0, 0, 16, 16], "texture": "#0"},
				"down": {"uv": [0, 0, 16, 16], "texture": "#2"}
			}
		}
	]
}