{
    "variants": {
        "facing=north,half=bottom,open=false": { "model": "block/iron_trapdoor_bottom" },
        "facing=south,half=bottom,open=false": { "model": "block/iron_trapdoor_bottom" },
        "facing=east,half=bottom,open=false": { "model": "block/iron_trapdoor_bottom2" },
        "facing=west,half=bottom,open=false": { "model": "block/iron_trapdoor_bottom2" },
        "facing=north,half=top,open=false": { "model": "block/iron_trapdoor_top" },
        "facing=south,half=top,open=false": { "model": "block/iron_trapdoor_top2" },
        "facing=east,half=top,open=false": { "model": "block/iron_trapdoor_top" },
        "facing=west,half=top,open=false": { "model": "block/iron_trapdoor_top" },
        "facing=north,half=bottom,open=true": { "model": "block/iron_trapdoor_open" },
        "facing=south,half=bottom,open=true": { "model": "block/iron_trapdoor_open", "y": 180 },
        "facing=east,half=bottom,open=true": { "model": "block/iron_trapdoor_open2", "y": 90 },
        "facing=west,half=bottom,open=true": { "model": "block/iron_trapdoor_open2", "y": 270 },
        "facing=north,half=top,open=true": { "model": "block/iron_trapdoor_open3" },
        "facing=south,half=top,open=true": { "model": "block/iron_trapdoor_open3", "y": 180 },
        "facing=east,half=top,open=true": { "model": "block/iron_trapdoor_open3", "y": 90 },
        "facing=west,half=top,open=true": { "model": "block/iron_trapdoor_open3", "y": 270 }
    }
}
