{
	"textures": {
		"0": "_custom/steel",
		"particle": "_custom/steel"
	},
	"elements": [
		{
			"from": [9, -2.56952, 7.2446],
			"to": [10, -1.56952, 8.7446],
			"rotation": {"angle": 45, "axis": "x", "origin": [10, 4.43048, 12.7446]},
			"faces": {
				"north": {"uv": [0, 0, 0.5, 1], "texture": "#0"},
				"east": {"uv": [0, 0, 0.5, 1], "texture": "#0"},
				"south": {"uv": [0, 0, 0.5, 1], "texture": "#0"},
				"west": {"uv": [0, 0, 0.5, 1], "texture": "#0"},
				"up": {"uv": [0, 0, 0.5, 1], "texture": "#0"},
				"down": {"uv": [0, 0, 0.5, 1], "texture": "#0"}
			}
		},
		{
			"from": [7, 4.11782, 8.27612],
			"to": [8, 5.11782, 9.27612],
			"rotation": {"angle": 0, "axis": "x", "origin": [8, 11.11782, 13.27612]},
			"faces": {
				"north": {"uv": [0, 0, 0.5, 1], "texture": "#0"},
				"east": {"uv": [0, 0, 0.5, 1], "texture": "#0"},
				"south": {"uv": [0, 0, 0.5, 1], "texture": "#0"},
				"west": {"uv": [0, 0, 0.5, 1], "texture": "#0"},
				"up": {"uv": [0, 0, 0.5, 1], "texture": "#0"},
				"down": {"uv": [0, 0, 0.5, 1], "texture": "#0"}
			}
		},
		{
			"from": [7, 6.26376, 6.06449],
			"to": [8, 7.26376, 7.06449],
			"rotation": {"angle": -22.5, "axis": "x", "origin": [8, 13.26376, 13.06449]},
			"faces": {
				"north": {"uv": [0, 0, 0.5, 1], "texture": "#0"},
				"east": {"uv": [0, 0, 0.5, 1], "texture": "#0"},
				"south": {"uv": [0, 0, 0.5, 1], "texture": "#0"},
				"west": {"uv": [0, 0, 0.5, 1], "texture": "#0"},
				"up": {"uv": [0, 0, 0.5, 1], "texture": "#0"},
				"down": {"uv": [0, 0, 0.5, 1], "texture": "#0"}
			}
		},
		{
			"from": [7, 7.4, 3.2],
			"to": [8, 8.4, 4.2],
			"rotation": {"angle": -45, "axis": "x", "origin": [8, 14.4, 10.2]},
			"faces": {
				"north": {"uv": [0, 0, 0.5, 1], "texture": "#0"},
				"east": {"uv": [0, 0, 0.5, 1], "texture": "#0"},
				"south": {"uv": [0, 0, 0.5, 1], "texture": "#0"},
				"west": {"uv": [0, 0, 0.5, 1], "texture": "#0"},
				"up": {"uv": [0, 0, 0.5, 1], "texture": "#0"},
				"down": {"uv": [0, 0, 0.5, 1], "texture": "#0"}
			}
		},
		{
			"from": [7, 2, 12.1],
			"to": [8, 6, 13.1],
			"rotation": {"angle": 22.5, "axis": "x", "origin": [8, 9, 20.1]},
			"faces": {
				"north": {"uv": [0, 0, 0.5, 1], "texture": "#0"},
				"east": {"uv": [0, 0, 0.5, 1], "texture": "#0"},
				"south": {"uv": [0, 0, 0.5, 1], "texture": "#0"},
				"west": {"uv": [0, 0, 0.5, 1], "texture": "#0"},
				"up": {"uv": [0, 0, 0.5, 1], "texture": "#0"},
				"down": {"uv": [0, 0, 0.5, 1], "texture": "#0"}
			}
		},
		{
			"from": [7, 8.95, 11.45],
			"to": [8, 15.95, 12.45],
			"rotation": {"angle": 0, "axis": "x", "origin": [8, 15.95, 19.45]},
			"faces": {
				"north": {"uv": [0, 0, 0.5, 1], "texture": "#0"},
				"east": {"uv": [0, 0, 0.5, 1], "texture": "#0"},
				"south": {"uv": [0, 0, 0.5, 1], "texture": "#0"},
				"west": {"uv": [0, 0, 0.5, 1], "texture": "#0"},
				"up": {"uv": [0, 0, 0.5, 1], "texture": "#0"},
				"down": {"uv": [0, 0, 0.5, 1], "texture": "#0"}
			}
		},
		{
			"from": [9, -0.32844, 7.22654],
			"to": [10, 0.67156, 8.72654],
			"rotation": {"angle": 22.5, "axis": "x", "origin": [10, 6.67156, 12.72654]},
			"faces": {
				"north": {"uv": [0, 0, 0.5, 1], "texture": "#0"},
				"east": {"uv": [0, 0, 0.5, 1], "texture": "#0"},
				"south": {"uv": [0, 0, 0.5, 1], "texture": "#0"},
				"west": {"uv": [0, 0, 0.5, 1], "texture": "#0"},
				"up": {"uv": [0, 0, 0.5, 1], "texture": "#0"},
				"down": {"uv": [0, 0, 0.5, 1], "texture": "#0"}
			}
		},
		{
			"from": [9, 4.26376, 6.06449],
			"to": [10, 5.26376, 8.06449],
			"rotation": {"angle": -22.5, "axis": "x", "origin": [10, 11.26376, 14.06449]},
			"faces": {
				"north": {"uv": [0, 0, 0.5, 1], "texture": "#0"},
				"east": {"uv": [0, 0, 0.5, 1], "texture": "#0"},
				"south": {"uv": [0, 0, 0.5, 1], "texture": "#0"},
				"west": {"uv": [0, 0, 0.5, 1], "texture": "#0"},
				"up": {"uv": [0, 0, 0.5, 1], "texture": "#0"},
				"down": {"uv": [0, 0, 0.5, 1], "texture": "#0"}
			}
		},
		{
			"from": [9, 5.4, 4.2],
			"to": [10, 6.4, 5.2],
			"rotation": {"angle": -45, "axis": "x", "origin": [10, 12.4, 11.2]},
			"faces": {
				"north": {"uv": [0, 0, 0.5, 1], "texture": "#0"},
				"east": {"uv": [0, 0, 0.5, 1], "texture": "#0"},
				"south": {"uv": [0, 0, 0.5, 1], "texture": "#0"},
				"west": {"uv": [0, 0, 0.5, 1], "texture": "#0"},
				"up": {"uv": [0, 0, 0.5, 1], "texture": "#0"},
				"down": {"uv": [0, 0, 0.5, 1], "texture": "#0"}
			}
		},
		{
			"from": [9, 0, 13.1],
			"to": [10, 5, 14.1],
			"rotation": {"angle": 22.5, "axis": "x", "origin": [10, 7, 21.1]},
			"faces": {
				"north": {"uv": [0, 0, 0.5, 1], "texture": "#0"},
				"east": {"uv": [0, 0, 0.5, 1], "texture": "#0"},
				"south": {"uv": [0, 0, 0.5, 1], "texture": "#0"},
				"west": {"uv": [0, 0, 0.5, 1], "texture": "#0"},
				"up": {"uv": [0, 0, 0.5, 1], "texture": "#0"},
				"down": {"uv": [0, 0, 0.5, 1], "texture": "#0"}
			}
		},
		{
			"from": [9, 7.85, 12.85],
			"to": [10, 15.85, 13.85],
			"rotation": {"angle": 0, "axis": "x", "origin": [10, 14.85, 20.85]},
			"faces": {
				"north": {"uv": [0, 0, 0.5, 1], "texture": "#0"},
				"east": {"uv": [0, 0, 0.5, 1], "texture": "#0"},
				"south": {"uv": [0, 0, 0.5, 1], "texture": "#0"},
				"west": {"uv": [0, 0, 0.5, 1], "texture": "#0"},
				"up": {"uv": [0, 0, 0.5, 1], "texture": "#0"},
				"down": {"uv": [0, 0, 0.5, 1], "texture": "#0"}
			}
		},
		{
			"from": [9, 1.73514, 6.35224],
			"to": [10, 2.73514, 9.35224],
			"rotation": {"angle": 0, "axis": "x", "origin": [10, 8.73514, 13.35224]},
			"faces": {
				"north": {"uv": [0, 0, 0.5, 1], "texture": "#0"},
				"east": {"uv": [0, 0, 0.5, 1], "texture": "#0"},
				"south": {"uv": [0, 0, 0.5, 1], "texture": "#0"},
				"west": {"uv": [0, 0, 0.5, 1], "texture": "#0"},
				"up": {"uv": [0, 0, 0.5, 1], "texture": "#0"},
				"down": {"uv": [0, 0, 0.5, 1], "texture": "#0"}
			}
		},
		{
			"from": [7, -0.76086, 10.05429],
			"to": [8, 0.23914, 12.05429],
			"rotation": {"angle": 45, "axis": "x", "origin": [8, 6.23914, 16.05429]},
			"faces": {
				"north": {"uv": [0, 0, 0.5, 1], "texture": "#0"},
				"east": {"uv": [0, 0, 0.5, 1], "texture": "#0"},
				"south": {"uv": [0, 0, 0.5, 1], "texture": "#0"},
				"west": {"uv": [0, 0, 0.5, 1], "texture": "#0"},
				"up": {"uv": [0, 0, 0.5, 1], "texture": "#0"},
				"down": {"uv": [0, 0, 0.5, 1], "texture": "#0"}
			}
		},
		{
			"from": [7, 8.5153, 7.8598],
			"to": [8, 9.5153, 8.8598],
			"rotation": {"angle": -22.5, "axis": "x", "origin": [8, 4.5153, 14.8598]},
			"faces": {
				"north": {"uv": [0, 0, 0.5, 1], "texture": "#0", "rotation": 270},
				"east": {"uv": [0, 0, 0.5, 1], "texture": "#0", "rotation": 270},
				"south": {"uv": [0, 0, 0.5, 1], "texture": "#0", "rotation": 270},
				"west": {"uv": [0, 0, 0.5, 1], "texture": "#0", "rotation": 270},
				"up": {"uv": [0, 0, 0.5, 1], "texture": "#0", "rotation": 270},
				"down": {"uv": [0, 0, 0.5, 1], "texture": "#0", "rotation": 270}
			}
		},
		{
			"from": [7, 6.45591, 6.47922],
			"to": [8, 15.45591, 7.47922],
			"rotation": {"angle": 0, "axis": "x", "origin": [8, 2.45591, 13.47922]},
			"faces": {
				"north": {"uv": [0, 0, 0.5, 1], "texture": "#0", "rotation": 270},
				"east": {"uv": [0, 0, 0.5, 1], "texture": "#0", "rotation": 270},
				"south": {"uv": [0, 0, 0.5, 1], "texture": "#0", "rotation": 270},
				"west": {"uv": [0, 0, 0.5, 1], "texture": "#0", "rotation": 270},
				"up": {"uv": [0, 0, 0.5, 1], "texture": "#0", "rotation": 270},
				"down": {"uv": [0, 0, 0.5, 1], "texture": "#0", "rotation": 270}
			}
		},
		{
			"from": [9, 6.35309, 4.90365],
			"to": [10, 8.85309, 5.90365],
			"rotation": {"angle": -22.5, "axis": "x", "origin": [10, 2.35309, 11.90365]},
			"faces": {
				"north": {"uv": [0, 0, 0.5, 1], "texture": "#0", "rotation": 270},
				"east": {"uv": [0, 0, 0.5, 1], "texture": "#0", "rotation": 270},
				"south": {"uv": [0, 0, 0.5, 1], "texture": "#0", "rotation": 270},
				"west": {"uv": [0, 0, 0.5, 1], "texture": "#0", "rotation": 270},
				"up": {"uv": [0, 0, 0.5, 1], "texture": "#0", "rotation": 270},
				"down": {"uv": [0, 0, 0.5, 1], "texture": "#0", "rotation": 270}
			}
		},
		{
			"from": [9, 5.67952, 2.94905],
			"to": [10, 15.17952, 3.94905],
			"rotation": {"angle": 0, "axis": "x", "origin": [10, 1.67952, 9.94905]},
			"faces": {
				"north": {"uv": [0, 0, 0.5, 1], "texture": "#0", "rotation": 270},
				"east": {"uv": [0, 0, 0.5, 1], "texture": "#0", "rotation": 270},
				"south": {"uv": [0, 0, 0.5, 1], "texture": "#0", "rotation": 270},
				"west": {"uv": [0, 0, 0.5, 1], "texture": "#0", "rotation": 270},
				"up": {"uv": [0, 0, 0.5, 1], "texture": "#0", "rotation": 270},
				"down": {"uv": [0, 0, 0.5, 1], "texture": "#0", "rotation": 270}
			}
		}
	],
	"display": {
		"head": {
			"scale": [4, 4, 4]
		}
	}
}