{
	"textures": {
		"0": "_custom/steel",
		"1": "block/purpur_pillar",
		"2": "_custom/light_steel",
		"3": "_custom/grid",
		"particle": "_custom/steel"
	},
	"elements": [
		{
			"name": "hexadecagon",
			"from": [14.70163, 0, 1.5],
			"to": [15.29837, 3, 2.5],
			"rotation": {"angle": -45, "axis": "z", "origin": [15, 1.5, 2]},
			"faces": {
				"north": {"uv": [1, 2, 2, 3], "texture": "#0"},
				"east": {"uv": [1, 2, 2, 3], "texture": "#0"},
				"south": {"uv": [1, 2, 2, 3], "texture": "#0"},
				"west": {"uv": [1, 2, 2, 3], "texture": "#0"},
				"up": {"uv": [1, 2, 2, 3], "texture": "#0"},
				"down": {"uv": [1, 2, 2, 3], "texture": "#0"}
			}
		},
		{
			"name": "hexadecagon",
			"from": [14.70163, 0, 1.5],
			"to": [15.29837, 3, 2.5],
			"rotation": {"angle": -22.5, "axis": "z", "origin": [15, 1.5, 2]},
			"faces": {
				"north": {"uv": [1, 2, 2, 3], "texture": "#0"},
				"east": {"uv": [1, 2, 2, 3], "texture": "#0"},
				"south": {"uv": [1, 2, 2, 3], "texture": "#0"},
				"west": {"uv": [1, 2, 2, 3], "texture": "#0"},
				"up": {"uv": [1, 2, 2, 3], "texture": "#0"},
				"down": {"uv": [1, 2, 2, 3], "texture": "#0"}
			}
		},
		{
			"name": "hexadecagon",
			"from": [14.70163, 0, 1.5],
			"to": [15.29837, 3, 2.5],
			"rotation": {"angle": 0, "axis": "z", "origin": [15, 1.5, 2]},
			"faces": {
				"north": {"uv": [1, 2, 2, 3], "texture": "#0"},
				"east": {"uv": [1, 2, 2, 3], "texture": "#0"},
				"south": {"uv": [1, 2, 2, 3], "texture": "#0"},
				"west": {"uv": [1, 2, 2, 3], "texture": "#0"},
				"up": {"uv": [1, 2, 2, 3], "texture": "#0"},
				"down": {"uv": [1, 2, 2, 3], "texture": "#0"}
			}
		},
		{
			"name": "hexadecagon",
			"from": [14.70163, 0, 1.5],
			"to": [15.29837, 3, 2.5],
			"rotation": {"angle": 22.5, "axis": "z", "origin": [15, 1.5, 2]},
			"faces": {
				"north": {"uv": [1, 2, 2, 3], "texture": "#0"},
				"east": {"uv": [1, 2, 2, 3], "texture": "#0"},
				"south": {"uv": [1, 2, 2, 3], "texture": "#0"},
				"west": {"uv": [1, 2, 2, 3], "texture": "#0"},
				"up": {"uv": [1, 2, 2, 3], "texture": "#0"},
				"down": {"uv": [1, 2, 2, 3], "texture": "#0"}
			}
		},
		{
			"name": "hexadecagon",
			"from": [14.70163, 0, 1.5],
			"to": [15.29837, 3, 2.5],
			"rotation": {"angle": 45, "axis": "z", "origin": [15, 1.5, 2]},
			"faces": {
				"north": {"uv": [1, 2, 2, 3], "texture": "#0"},
				"east": {"uv": [1, 2, 2, 3], "texture": "#0"},
				"south": {"uv": [1, 2, 2, 3], "texture": "#0"},
				"west": {"uv": [1, 2, 2, 3], "texture": "#0"},
				"up": {"uv": [1, 2, 2, 3], "texture": "#0"},
				"down": {"uv": [1, 2, 2, 3], "texture": "#0"}
			}
		},
		{
			"name": "hexadecagon",
			"from": [13.5, 1.20163, 1.5],
			"to": [16.5, 1.79837, 2.5],
			"rotation": {"angle": -22.5, "axis": "z", "origin": [15, 1.5, 2]},
			"faces": {
				"north": {"uv": [1, 2, 2, 3], "texture": "#0"},
				"east": {"uv": [1, 2, 2, 3], "texture": "#0"},
				"south": {"uv": [1, 2, 2, 3], "texture": "#0"},
				"west": {"uv": [1, 2, 2, 3], "texture": "#0"},
				"up": {"uv": [1, 2, 2, 3], "texture": "#0"},
				"down": {"uv": [1, 2, 2, 3], "texture": "#0"}
			}
		},
		{
			"name": "hexadecagon",
			"from": [13.5, 1.20163, 1.5],
			"to": [16.5, 1.79837, 2.5],
			"rotation": {"angle": 0, "axis": "z", "origin": [15, 1.5, 2]},
			"faces": {
				"north": {"uv": [1, 2, 2, 3], "texture": "#0"},
				"east": {"uv": [1, 2, 2, 3], "texture": "#0"},
				"south": {"uv": [1, 2, 2, 3], "texture": "#0"},
				"west": {"uv": [1, 2, 2, 3], "texture": "#0"},
				"up": {"uv": [1, 2, 2, 3], "texture": "#0"},
				"down": {"uv": [1, 2, 2, 3], "texture": "#0"}
			}
		},
		{
			"name": "hexadecagon",
			"from": [13.5, 1.20163, 1.5],
			"to": [16.5, 1.79837, 2.5],
			"rotation": {"angle": 22.5, "axis": "z", "origin": [15, 1.5, 2]},
			"faces": {
				"north": {"uv": [1, 2, 2, 3], "texture": "#0"},
				"east": {"uv": [1, 2, 2, 3], "texture": "#0"},
				"south": {"uv": [1, 2, 2, 3], "texture": "#0"},
				"west": {"uv": [1, 2, 2, 3], "texture": "#0"},
				"up": {"uv": [1, 2, 2, 3], "texture": "#0"},
				"down": {"uv": [1, 2, 2, 3], "texture": "#0"}
			}
		},
		{
			"from": [14.5, 1, 1.25],
			"to": [15.5, 2, 2.75],
			"faces": {
				"north": {"uv": [5, 5, 6, 6], "texture": "#1"},
				"east": {"uv": [5, 5, 6, 6], "texture": "#1"},
				"south": {"uv": [5, 5, 6, 6], "texture": "#1"},
				"west": {"uv": [5, 5, 6, 6], "texture": "#1"},
				"up": {"uv": [5, 5, 6, 6], "texture": "#1"},
				"down": {"uv": [5, 5, 6, 6], "texture": "#1"}
			}
		},
		{
			"from": [14.5, 2, 1.25],
			"to": [15.25, 3.75, 1.5],
			"faces": {
				"north": {"uv": [5, 5, 6, 6], "texture": "#1"},
				"east": {"uv": [5, 5, 6, 6], "texture": "#1"},
				"south": {"uv": [5, 5, 6, 6], "texture": "#1"},
				"west": {"uv": [5, 5, 6, 6], "texture": "#1"},
				"up": {"uv": [5, 5, 6, 6], "texture": "#1"},
				"down": {"uv": [5, 5, 6, 6], "texture": "#1"}
			}
		},
		{
			"from": [14.5, 2, 2.5],
			"to": [15.25, 3.75, 2.75],
			"faces": {
				"north": {"uv": [5, 5, 6, 6], "texture": "#1"},
				"east": {"uv": [5, 5, 6, 6], "texture": "#1"},
				"south": {"uv": [5, 5, 6, 6], "texture": "#1"},
				"west": {"uv": [5, 5, 6, 6], "texture": "#1"},
				"up": {"uv": [5, 5, 6, 6], "texture": "#1"},
				"down": {"uv": [5, 5, 6, 6], "texture": "#1"}
			}
		},
		{
			"from": [14.75, 1.25, 1.15],
			"to": [15.25, 1.75, 2.85],
			"faces": {
				"north": {"uv": [4, 8, 5, 9], "texture": "#0"},
				"east": {"uv": [4, 8, 5, 9], "texture": "#0"},
				"south": {"uv": [4, 8, 5, 9], "texture": "#0"},
				"west": {"uv": [4, 8, 5, 9], "texture": "#0"},
				"up": {"uv": [4, 8, 5, 9], "texture": "#0"},
				"down": {"uv": [4, 8, 5, 9], "texture": "#0"}
			}
		},
		{
			"from": [13.5, 3.75, 1.15],
			"to": [15.75, 4, 2.85],
			"faces": {
				"north": {"uv": [4, 8, 5, 9], "texture": "#2"},
				"east": {"uv": [4, 8, 5, 9], "texture": "#2"},
				"south": {"uv": [4, 8, 5, 9], "texture": "#2"},
				"west": {"uv": [4, 8, 5, 9], "texture": "#2"},
				"up": {"uv": [4, 8, 5, 9], "texture": "#2"},
				"down": {"uv": [4, 8, 5, 9], "texture": "#2"}
			}
		},
		{
			"from": [13.75, 4, 1.4],
			"to": [14.75, 6.5, 2.6],
			"faces": {
				"north": {"uv": [4, 7, 5, 9], "texture": "#2"},
				"east": {"uv": [4, 7, 5, 9], "texture": "#2"},
				"south": {"uv": [4, 7, 5, 9], "texture": "#2"},
				"west": {"uv": [4, 7, 5, 9], "texture": "#2"},
				"up": {"uv": [4, 7, 5, 8], "texture": "#2"},
				"down": {"uv": [4, 7, 5, 8], "texture": "#2"}
			}
		},
		{
			"from": [13.5, 4.25, 1.15],
			"to": [15.75, 4.5, 2.85],
			"faces": {
				"north": {"uv": [4, 8, 5, 9], "texture": "#2"},
				"east": {"uv": [4, 8, 5, 9], "texture": "#2"},
				"south": {"uv": [4, 8, 5, 9], "texture": "#2"},
				"west": {"uv": [4, 8, 5, 9], "texture": "#2"},
				"up": {"uv": [4, 8, 5, 9], "texture": "#2"},
				"down": {"uv": [4, 8, 5, 9], "texture": "#2"}
			}
		},
		{
			"from": [15.25, 4, 1.4],
			"to": [15.5, 4.25, 2.6],
			"faces": {
				"north": {"uv": [4, 8, 5, 9], "texture": "#2"},
				"east": {"uv": [4, 8, 5, 9], "texture": "#2"},
				"south": {"uv": [4, 8, 5, 9], "texture": "#2"},
				"west": {"uv": [4, 8, 5, 9], "texture": "#2"},
				"up": {"uv": [4, 8, 5, 9], "texture": "#2"},
				"down": {"uv": [4, 8, 5, 9], "texture": "#2"}
			}
		},
		{
			"from": [14.13661, 2.07105, 1.22057],
			"to": [14.43661, 4.17105, 1.47057],
			"rotation": {"angle": 22.5, "axis": "z", "origin": [14.875, 2.875, 1.375]},
			"faces": {
				"north": {"uv": [5, 5, 6, 6], "texture": "#1"},
				"east": {"uv": [5, 5, 6, 6], "texture": "#1"},
				"south": {"uv": [5, 5, 6, 6], "texture": "#1"},
				"west": {"uv": [5, 5, 6, 6], "texture": "#1"},
				"up": {"uv": [5, 5, 6, 6], "texture": "#1"},
				"down": {"uv": [5, 5, 6, 6], "texture": "#1"}
			}
		},
		{
			"from": [14.13661, 2.07105, 2.47057],
			"to": [14.43661, 4.17105, 2.72057],
			"rotation": {"angle": 22.5, "axis": "z", "origin": [14.875, 2.875, 2.625]},
			"faces": {
				"north": {"uv": [5, 5, 6, 6], "texture": "#1"},
				"east": {"uv": [5, 5, 6, 6], "texture": "#1"},
				"south": {"uv": [5, 5, 6, 6], "texture": "#1"},
				"west": {"uv": [5, 5, 6, 6], "texture": "#1"},
				"up": {"uv": [5, 5, 6, 6], "texture": "#1"},
				"down": {"uv": [5, 5, 6, 6], "texture": "#1"}
			}
		},
		{
			"name": "hexadecagon",
			"from": [14.70163, 0, 13.5],
			"to": [15.29837, 3, 14.5],
			"rotation": {"angle": -45, "axis": "z", "origin": [15, 1.5, 14]},
			"faces": {
				"north": {"uv": [1, 2, 2, 3], "texture": "#0"},
				"east": {"uv": [1, 2, 2, 3], "texture": "#0"},
				"south": {"uv": [1, 2, 2, 3], "texture": "#0"},
				"west": {"uv": [1, 2, 2, 3], "texture": "#0"},
				"up": {"uv": [1, 2, 2, 3], "texture": "#0"},
				"down": {"uv": [1, 2, 2, 3], "texture": "#0"}
			}
		},
		{
			"name": "hexadecagon",
			"from": [14.70163, 0, 13.5],
			"to": [15.29837, 3, 14.5],
			"rotation": {"angle": -22.5, "axis": "z", "origin": [15, 1.5, 14]},
			"faces": {
				"north": {"uv": [1, 2, 2, 3], "texture": "#0"},
				"east": {"uv": [1, 2, 2, 3], "texture": "#0"},
				"south": {"uv": [1, 2, 2, 3], "texture": "#0"},
				"west": {"uv": [1, 2, 2, 3], "texture": "#0"},
				"up": {"uv": [1, 2, 2, 3], "texture": "#0"},
				"down": {"uv": [1, 2, 2, 3], "texture": "#0"}
			}
		},
		{
			"name": "hexadecagon",
			"from": [14.70163, 0, 13.5],
			"to": [15.29837, 3, 14.5],
			"rotation": {"angle": 0, "axis": "z", "origin": [15, 1.5, 14]},
			"faces": {
				"north": {"uv": [1, 2, 2, 3], "texture": "#0"},
				"east": {"uv": [1, 2, 2, 3], "texture": "#0"},
				"south": {"uv": [1, 2, 2, 3], "texture": "#0"},
				"west": {"uv": [1, 2, 2, 3], "texture": "#0"},
				"up": {"uv": [1, 2, 2, 3], "texture": "#0"},
				"down": {"uv": [1, 2, 2, 3], "texture": "#0"}
			}
		},
		{
			"name": "hexadecagon",
			"from": [14.70163, 0, 13.5],
			"to": [15.29837, 3, 14.5],
			"rotation": {"angle": 22.5, "axis": "z", "origin": [15, 1.5, 14]},
			"faces": {
				"north": {"uv": [1, 2, 2, 3], "texture": "#0"},
				"east": {"uv": [1, 2, 2, 3], "texture": "#0"},
				"south": {"uv": [1, 2, 2, 3], "texture": "#0"},
				"west": {"uv": [1, 2, 2, 3], "texture": "#0"},
				"up": {"uv": [1, 2, 2, 3], "texture": "#0"},
				"down": {"uv": [1, 2, 2, 3], "texture": "#0"}
			}
		},
		{
			"name": "hexadecagon",
			"from": [14.70163, 0, 13.5],
			"to": [15.29837, 3, 14.5],
			"rotation": {"angle": 45, "axis": "z", "origin": [15, 1.5, 14]},
			"faces": {
				"north": {"uv": [1, 2, 2, 3], "texture": "#0"},
				"east": {"uv": [1, 2, 2, 3], "texture": "#0"},
				"south": {"uv": [1, 2, 2, 3], "texture": "#0"},
				"west": {"uv": [1, 2, 2, 3], "texture": "#0"},
				"up": {"uv": [1, 2, 2, 3], "texture": "#0"},
				"down": {"uv": [1, 2, 2, 3], "texture": "#0"}
			}
		},
		{
			"name": "hexadecagon",
			"from": [13.5, 1.20163, 13.5],
			"to": [16.5, 1.79837, 14.5],
			"rotation": {"angle": -22.5, "axis": "z", "origin": [15, 1.5, 14]},
			"faces": {
				"north": {"uv": [1, 2, 2, 3], "texture": "#0"},
				"east": {"uv": [1, 2, 2, 3], "texture": "#0"},
				"south": {"uv": [1, 2, 2, 3], "texture": "#0"},
				"west": {"uv": [1, 2, 2, 3], "texture": "#0"},
				"up": {"uv": [1, 2, 2, 3], "texture": "#0"},
				"down": {"uv": [1, 2, 2, 3], "texture": "#0"}
			}
		},
		{
			"name": "hexadecagon",
			"from": [13.5, 1.20163, 13.5],
			"to": [16.5, 1.79837, 14.5],
			"rotation": {"angle": 0, "axis": "z", "origin": [15, 1.5, 14]},
			"faces": {
				"north": {"uv": [1, 2, 2, 3], "texture": "#0"},
				"east": {"uv": [1, 2, 2, 3], "texture": "#0"},
				"south": {"uv": [1, 2, 2, 3], "texture": "#0"},
				"west": {"uv": [1, 2, 2, 3], "texture": "#0"},
				"up": {"uv": [1, 2, 2, 3], "texture": "#0"},
				"down": {"uv": [1, 2, 2, 3], "texture": "#0"}
			}
		},
		{
			"name": "hexadecagon",
			"from": [13.5, 1.20163, 13.5],
			"to": [16.5, 1.79837, 14.5],
			"rotation": {"angle": 22.5, "axis": "z", "origin": [15, 1.5, 14]},
			"faces": {
				"north": {"uv": [1, 2, 2, 3], "texture": "#0"},
				"east": {"uv": [1, 2, 2, 3], "texture": "#0"},
				"south": {"uv": [1, 2, 2, 3], "texture": "#0"},
				"west": {"uv": [1, 2, 2, 3], "texture": "#0"},
				"up": {"uv": [1, 2, 2, 3], "texture": "#0"},
				"down": {"uv": [1, 2, 2, 3], "texture": "#0"}
			}
		},
		{
			"from": [14.5, 1, 13.25],
			"to": [15.5, 2, 14.75],
			"faces": {
				"north": {"uv": [5, 5, 6, 6], "texture": "#1"},
				"east": {"uv": [5, 5, 6, 6], "texture": "#1"},
				"south": {"uv": [5, 5, 6, 6], "texture": "#1"},
				"west": {"uv": [5, 5, 6, 6], "texture": "#1"},
				"up": {"uv": [5, 5, 6, 6], "texture": "#1"},
				"down": {"uv": [5, 5, 6, 6], "texture": "#1"}
			}
		},
		{
			"from": [14.5, 2, 13.25],
			"to": [15.25, 3.75, 13.5],
			"faces": {
				"north": {"uv": [5, 5, 6, 6], "texture": "#1"},
				"east": {"uv": [5, 5, 6, 6], "texture": "#1"},
				"south": {"uv": [5, 5, 6, 6], "texture": "#1"},
				"west": {"uv": [5, 5, 6, 6], "texture": "#1"},
				"up": {"uv": [5, 5, 6, 6], "texture": "#1"},
				"down": {"uv": [5, 5, 6, 6], "texture": "#1"}
			}
		},
		{
			"from": [14.5, 2, 14.5],
			"to": [15.25, 3.75, 14.75],
			"faces": {
				"north": {"uv": [5, 5, 6, 6], "texture": "#1"},
				"east": {"uv": [5, 5, 6, 6], "texture": "#1"},
				"south": {"uv": [5, 5, 6, 6], "texture": "#1"},
				"west": {"uv": [5, 5, 6, 6], "texture": "#1"},
				"up": {"uv": [5, 5, 6, 6], "texture": "#1"},
				"down": {"uv": [5, 5, 6, 6], "texture": "#1"}
			}
		},
		{
			"from": [14.75, 1.25, 13.15],
			"to": [15.25, 1.75, 14.85],
			"faces": {
				"north": {"uv": [4, 8, 5, 9], "texture": "#0"},
				"east": {"uv": [4, 8, 5, 9], "texture": "#0"},
				"south": {"uv": [4, 8, 5, 9], "texture": "#0"},
				"west": {"uv": [4, 8, 5, 9], "texture": "#0"},
				"up": {"uv": [4, 8, 5, 9], "texture": "#0"},
				"down": {"uv": [4, 8, 5, 9], "texture": "#0"}
			}
		},
		{
			"from": [13.5, 3.75, 13.15],
			"to": [15.75, 4, 14.85],
			"faces": {
				"north": {"uv": [4, 8, 5, 9], "texture": "#2"},
				"east": {"uv": [4, 8, 5, 9], "texture": "#2"},
				"south": {"uv": [4, 8, 5, 9], "texture": "#2"},
				"west": {"uv": [4, 8, 5, 9], "texture": "#2"},
				"up": {"uv": [4, 8, 5, 9], "texture": "#2"},
				"down": {"uv": [4, 8, 5, 9], "texture": "#2"}
			}
		},
		{
			"from": [13.75, 4, 13.4],
			"to": [14.75, 6.5, 14.6],
			"faces": {
				"north": {"uv": [7, 11, 8, 13], "texture": "#2"},
				"east": {"uv": [7, 11, 8, 13], "texture": "#2"},
				"south": {"uv": [7, 11, 8, 13], "texture": "#2"},
				"west": {"uv": [7, 11, 8, 13], "texture": "#2"},
				"up": {"uv": [7, 11, 8, 12], "texture": "#2"},
				"down": {"uv": [7, 11, 8, 12], "texture": "#2"}
			}
		},
		{
			"from": [13.5, 4.25, 13.15],
			"to": [15.75, 4.5, 14.85],
			"faces": {
				"north": {"uv": [4, 8, 5, 9], "texture": "#2"},
				"east": {"uv": [4, 8, 5, 9], "texture": "#2"},
				"south": {"uv": [4, 8, 5, 9], "texture": "#2"},
				"west": {"uv": [4, 8, 5, 9], "texture": "#2"},
				"up": {"uv": [4, 8, 5, 9], "texture": "#2"},
				"down": {"uv": [4, 8, 5, 9], "texture": "#2"}
			}
		},
		{
			"from": [15.25, 4, 13.4],
			"to": [15.5, 4.25, 14.6],
			"faces": {
				"north": {"uv": [4, 8, 5, 9], "texture": "#2"},
				"east": {"uv": [4, 8, 5, 9], "texture": "#2"},
				"south": {"uv": [4, 8, 5, 9], "texture": "#2"},
				"west": {"uv": [4, 8, 5, 9], "texture": "#2"},
				"up": {"uv": [4, 8, 5, 9], "texture": "#2"},
				"down": {"uv": [4, 8, 5, 9], "texture": "#2"}
			}
		},
		{
			"from": [14.13661, 2.07105, 13.22057],
			"to": [14.43661, 4.17105, 13.47057],
			"rotation": {"angle": 22.5, "axis": "z", "origin": [14.875, 2.875, 13.375]},
			"faces": {
				"north": {"uv": [5, 5, 6, 6], "texture": "#1"},
				"east": {"uv": [5, 5, 6, 6], "texture": "#1"},
				"south": {"uv": [5, 5, 6, 6], "texture": "#1"},
				"west": {"uv": [5, 5, 6, 6], "texture": "#1"},
				"up": {"uv": [5, 5, 6, 6], "texture": "#1"},
				"down": {"uv": [5, 5, 6, 6], "texture": "#1"}
			}
		},
		{
			"from": [14.13661, 2.07105, 14.47057],
			"to": [14.43661, 4.17105, 14.72057],
			"rotation": {"angle": 22.5, "axis": "z", "origin": [14.875, 2.875, 14.625]},
			"faces": {
				"north": {"uv": [5, 5, 6, 6], "texture": "#1"},
				"east": {"uv": [5, 5, 6, 6], "texture": "#1"},
				"south": {"uv": [5, 5, 6, 6], "texture": "#1"},
				"west": {"uv": [5, 5, 6, 6], "texture": "#1"},
				"up": {"uv": [5, 5, 6, 6], "texture": "#1"},
				"down": {"uv": [5, 5, 6, 6], "texture": "#1"}
			}
		},
		{
			"name": "hexadecagon",
			"from": [2.70163, 0, 13.5],
			"to": [3.29837, 3, 14.5],
			"rotation": {"angle": -45, "axis": "z", "origin": [3, 1.5, 14]},
			"faces": {
				"north": {"uv": [1, 2, 2, 3], "texture": "#0"},
				"east": {"uv": [1, 2, 2, 3], "texture": "#0"},
				"south": {"uv": [1, 2, 2, 3], "texture": "#0"},
				"west": {"uv": [1, 2, 2, 3], "texture": "#0"},
				"up": {"uv": [1, 2, 2, 3], "texture": "#0"},
				"down": {"uv": [1, 2, 2, 3], "texture": "#0"}
			}
		},
		{
			"name": "hexadecagon",
			"from": [2.70163, 0, 13.5],
			"to": [3.29837, 3, 14.5],
			"rotation": {"angle": -22.5, "axis": "z", "origin": [3, 1.5, 14]},
			"faces": {
				"north": {"uv": [1, 2, 2, 3], "texture": "#0"},
				"east": {"uv": [1, 2, 2, 3], "texture": "#0"},
				"south": {"uv": [1, 2, 2, 3], "texture": "#0"},
				"west": {"uv": [1, 2, 2, 3], "texture": "#0"},
				"up": {"uv": [1, 2, 2, 3], "texture": "#0"},
				"down": {"uv": [1, 2, 2, 3], "texture": "#0"}
			}
		},
		{
			"name": "hexadecagon",
			"from": [2.70163, 0, 13.5],
			"to": [3.29837, 3, 14.5],
			"rotation": {"angle": 0, "axis": "z", "origin": [3, 1.5, 14]},
			"faces": {
				"north": {"uv": [1, 2, 2, 3], "texture": "#0"},
				"east": {"uv": [1, 2, 2, 3], "texture": "#0"},
				"south": {"uv": [1, 2, 2, 3], "texture": "#0"},
				"west": {"uv": [1, 2, 2, 3], "texture": "#0"},
				"up": {"uv": [1, 2, 2, 3], "texture": "#0"},
				"down": {"uv": [1, 2, 2, 3], "texture": "#0"}
			}
		},
		{
			"name": "hexadecagon",
			"from": [2.70163, 0, 13.5],
			"to": [3.29837, 3, 14.5],
			"rotation": {"angle": 22.5, "axis": "z", "origin": [3, 1.5, 14]},
			"faces": {
				"north": {"uv": [1, 2, 2, 3], "texture": "#0"},
				"east": {"uv": [1, 2, 2, 3], "texture": "#0"},
				"south": {"uv": [1, 2, 2, 3], "texture": "#0"},
				"west": {"uv": [1, 2, 2, 3], "texture": "#0"},
				"up": {"uv": [1, 2, 2, 3], "texture": "#0"},
				"down": {"uv": [1, 2, 2, 3], "texture": "#0"}
			}
		},
		{
			"name": "hexadecagon",
			"from": [2.70163, 0, 13.5],
			"to": [3.29837, 3, 14.5],
			"rotation": {"angle": 45, "axis": "z", "origin": [3, 1.5, 14]},
			"faces": {
				"north": {"uv": [1, 2, 2, 3], "texture": "#0"},
				"east": {"uv": [1, 2, 2, 3], "texture": "#0"},
				"south": {"uv": [1, 2, 2, 3], "texture": "#0"},
				"west": {"uv": [1, 2, 2, 3], "texture": "#0"},
				"up": {"uv": [1, 2, 2, 3], "texture": "#0"},
				"down": {"uv": [1, 2, 2, 3], "texture": "#0"}
			}
		},
		{
			"name": "hexadecagon",
			"from": [1.5, 1.20163, 13.5],
			"to": [4.5, 1.79837, 14.5],
			"rotation": {"angle": -22.5, "axis": "z", "origin": [3, 1.5, 14]},
			"faces": {
				"north": {"uv": [1, 2, 2, 3], "texture": "#0"},
				"east": {"uv": [1, 2, 2, 3], "texture": "#0"},
				"south": {"uv": [1, 2, 2, 3], "texture": "#0"},
				"west": {"uv": [1, 2, 2, 3], "texture": "#0"},
				"up": {"uv": [1, 2, 2, 3], "texture": "#0"},
				"down": {"uv": [1, 2, 2, 3], "texture": "#0"}
			}
		},
		{
			"name": "hexadecagon",
			"from": [1.5, 1.20163, 13.5],
			"to": [4.5, 1.79837, 14.5],
			"rotation": {"angle": 0, "axis": "z", "origin": [3, 1.5, 14]},
			"faces": {
				"north": {"uv": [1, 2, 2, 3], "texture": "#0"},
				"east": {"uv": [1, 2, 2, 3], "texture": "#0"},
				"south": {"uv": [1, 2, 2, 3], "texture": "#0"},
				"west": {"uv": [1, 2, 2, 3], "texture": "#0"},
				"up": {"uv": [1, 2, 2, 3], "texture": "#0"},
				"down": {"uv": [1, 2, 2, 3], "texture": "#0"}
			}
		},
		{
			"name": "hexadecagon",
			"from": [1.5, 1.20163, 13.5],
			"to": [4.5, 1.79837, 14.5],
			"rotation": {"angle": 22.5, "axis": "z", "origin": [3, 1.5, 14]},
			"faces": {
				"north": {"uv": [1, 2, 2, 3], "texture": "#0"},
				"east": {"uv": [1, 2, 2, 3], "texture": "#0"},
				"south": {"uv": [1, 2, 2, 3], "texture": "#0"},
				"west": {"uv": [1, 2, 2, 3], "texture": "#0"},
				"up": {"uv": [1, 2, 2, 3], "texture": "#0"},
				"down": {"uv": [1, 2, 2, 3], "texture": "#0"}
			}
		},
		{
			"from": [2.5, 1, 13.25],
			"to": [3.5, 2, 14.75],
			"faces": {
				"north": {"uv": [5, 5, 6, 6], "texture": "#1"},
				"east": {"uv": [5, 5, 6, 6], "texture": "#1"},
				"south": {"uv": [5, 5, 6, 6], "texture": "#1"},
				"west": {"uv": [5, 5, 6, 6], "texture": "#1"},
				"up": {"uv": [5, 5, 6, 6], "texture": "#1"},
				"down": {"uv": [5, 5, 6, 6], "texture": "#1"}
			}
		},
		{
			"from": [2.5, 2, 13.25],
			"to": [3.25, 3.75, 13.5],
			"faces": {
				"north": {"uv": [5, 5, 6, 6], "texture": "#1"},
				"east": {"uv": [5, 5, 6, 6], "texture": "#1"},
				"south": {"uv": [5, 5, 6, 6], "texture": "#1"},
				"west": {"uv": [5, 5, 6, 6], "texture": "#1"},
				"up": {"uv": [5, 5, 6, 6], "texture": "#1"},
				"down": {"uv": [5, 5, 6, 6], "texture": "#1"}
			}
		},
		{
			"from": [2.5, 2, 14.5],
			"to": [3.25, 3.75, 14.75],
			"faces": {
				"north": {"uv": [5, 5, 6, 6], "texture": "#1"},
				"east": {"uv": [5, 5, 6, 6], "texture": "#1"},
				"south": {"uv": [5, 5, 6, 6], "texture": "#1"},
				"west": {"uv": [5, 5, 6, 6], "texture": "#1"},
				"up": {"uv": [5, 5, 6, 6], "texture": "#1"},
				"down": {"uv": [5, 5, 6, 6], "texture": "#1"}
			}
		},
		{
			"from": [2.75, 1.25, 13.15],
			"to": [3.25, 1.75, 14.85],
			"faces": {
				"north": {"uv": [4, 8, 5, 9], "texture": "#0"},
				"east": {"uv": [4, 8, 5, 9], "texture": "#0"},
				"south": {"uv": [4, 8, 5, 9], "texture": "#0"},
				"west": {"uv": [4, 8, 5, 9], "texture": "#0"},
				"up": {"uv": [4, 8, 5, 9], "texture": "#0"},
				"down": {"uv": [4, 8, 5, 9], "texture": "#0"}
			}
		},
		{
			"from": [1.5, 3.75, 13.15],
			"to": [3.75, 4, 14.85],
			"faces": {
				"north": {"uv": [4, 8, 5, 9], "texture": "#2"},
				"east": {"uv": [4, 8, 5, 9], "texture": "#2"},
				"south": {"uv": [4, 8, 5, 9], "texture": "#2"},
				"west": {"uv": [4, 8, 5, 9], "texture": "#2"},
				"up": {"uv": [4, 8, 5, 9], "texture": "#2"},
				"down": {"uv": [4, 8, 5, 9], "texture": "#2"}
			}
		},
		{
			"from": [1.75, 4, 13.4],
			"to": [2.75, 6.5, 14.6],
			"faces": {
				"north": {"uv": [9, 6, 10, 8], "texture": "#2"},
				"east": {"uv": [9, 6, 10, 8], "texture": "#2"},
				"south": {"uv": [9, 6, 10, 8], "texture": "#2"},
				"west": {"uv": [9, 6, 10, 8], "texture": "#2"},
				"up": {"uv": [9, 6, 10, 7], "texture": "#2"},
				"down": {"uv": [9, 6, 10, 7], "texture": "#2"}
			}
		},
		{
			"from": [1.5, 4.25, 13.15],
			"to": [3.75, 4.5, 14.85],
			"faces": {
				"north": {"uv": [4, 8, 5, 9], "texture": "#2"},
				"east": {"uv": [4, 8, 5, 9], "texture": "#2"},
				"south": {"uv": [4, 8, 5, 9], "texture": "#2"},
				"west": {"uv": [4, 8, 5, 9], "texture": "#2"},
				"up": {"uv": [4, 8, 5, 9], "texture": "#2"},
				"down": {"uv": [4, 8, 5, 9], "texture": "#2"}
			}
		},
		{
			"from": [3.25, 4, 13.4],
			"to": [3.5, 4.25, 14.6],
			"faces": {
				"north": {"uv": [4, 8, 5, 9], "texture": "#2"},
				"east": {"uv": [4, 8, 5, 9], "texture": "#2"},
				"south": {"uv": [4, 8, 5, 9], "texture": "#2"},
				"west": {"uv": [4, 8, 5, 9], "texture": "#2"},
				"up": {"uv": [4, 8, 5, 9], "texture": "#2"},
				"down": {"uv": [4, 8, 5, 9], "texture": "#2"}
			}
		},
		{
			"from": [2.13661, 2.07105, 13.22057],
			"to": [2.43661, 4.17105, 13.47057],
			"rotation": {"angle": 22.5, "axis": "z", "origin": [2.875, 2.875, 13.375]},
			"faces": {
				"north": {"uv": [5, 5, 6, 6], "texture": "#1"},
				"east": {"uv": [5, 5, 6, 6], "texture": "#1"},
				"south": {"uv": [5, 5, 6, 6], "texture": "#1"},
				"west": {"uv": [5, 5, 6, 6], "texture": "#1"},
				"up": {"uv": [5, 5, 6, 6], "texture": "#1"},
				"down": {"uv": [5, 5, 6, 6], "texture": "#1"}
			}
		},
		{
			"from": [2.13661, 2.07105, 14.47057],
			"to": [2.43661, 4.17105, 14.72057],
			"rotation": {"angle": 22.5, "axis": "z", "origin": [2.875, 2.875, 14.625]},
			"faces": {
				"north": {"uv": [5, 5, 6, 6], "texture": "#1"},
				"east": {"uv": [5, 5, 6, 6], "texture": "#1"},
				"south": {"uv": [5, 5, 6, 6], "texture": "#1"},
				"west": {"uv": [5, 5, 6, 6], "texture": "#1"},
				"up": {"uv": [5, 5, 6, 6], "texture": "#1"},
				"down": {"uv": [5, 5, 6, 6], "texture": "#1"}
			}
		},
		{
			"from": [1.25, 6.5, 12.9],
			"to": [3.5, 9.5, 15.15],
			"faces": {
				"north": {"uv": [12, 3, 14, 6], "texture": "#2"},
				"east": {"uv": [4, 6, 6, 9], "texture": "#2"},
				"south": {"uv": [0, 12, 2, 15], "texture": "#2"},
				"west": {"uv": [14, 10, 16, 13], "texture": "#2"},
				"up": {"uv": [4, 6, 6, 8], "texture": "#2"},
				"down": {"uv": [9, 2, 11, 4], "texture": "#2"}
			}
		},
		{
			"name": "hexadecagon",
			"from": [2.70163, 0, 1.5],
			"to": [3.29837, 3, 2.5],
			"rotation": {"angle": -45, "axis": "z", "origin": [3, 1.5, 2]},
			"faces": {
				"north": {"uv": [1, 2, 2, 3], "texture": "#0"},
				"east": {"uv": [1, 2, 2, 3], "texture": "#0"},
				"south": {"uv": [1, 2, 2, 3], "texture": "#0"},
				"west": {"uv": [1, 2, 2, 3], "texture": "#0"},
				"up": {"uv": [1, 2, 2, 3], "texture": "#0"},
				"down": {"uv": [1, 2, 2, 3], "texture": "#0"}
			}
		},
		{
			"name": "hexadecagon",
			"from": [2.70163, 0, 1.5],
			"to": [3.29837, 3, 2.5],
			"rotation": {"angle": -22.5, "axis": "z", "origin": [3, 1.5, 2]},
			"faces": {
				"north": {"uv": [1, 2, 2, 3], "texture": "#0"},
				"east": {"uv": [1, 2, 2, 3], "texture": "#0"},
				"south": {"uv": [1, 2, 2, 3], "texture": "#0"},
				"west": {"uv": [1, 2, 2, 3], "texture": "#0"},
				"up": {"uv": [1, 2, 2, 3], "texture": "#0"},
				"down": {"uv": [1, 2, 2, 3], "texture": "#0"}
			}
		},
		{
			"name": "hexadecagon",
			"from": [2.70163, 0, 1.5],
			"to": [3.29837, 3, 2.5],
			"rotation": {"angle": 0, "axis": "z", "origin": [3, 1.5, 2]},
			"faces": {
				"north": {"uv": [1, 2, 2, 3], "texture": "#0"},
				"east": {"uv": [1, 2, 2, 3], "texture": "#0"},
				"south": {"uv": [1, 2, 2, 3], "texture": "#0"},
				"west": {"uv": [1, 2, 2, 3], "texture": "#0"},
				"up": {"uv": [1, 2, 2, 3], "texture": "#0"},
				"down": {"uv": [1, 2, 2, 3], "texture": "#0"}
			}
		},
		{
			"name": "hexadecagon",
			"from": [2.70163, 0, 1.5],
			"to": [3.29837, 3, 2.5],
			"rotation": {"angle": 22.5, "axis": "z", "origin": [3, 1.5, 2]},
			"faces": {
				"north": {"uv": [1, 2, 2, 3], "texture": "#0"},
				"east": {"uv": [1, 2, 2, 3], "texture": "#0"},
				"south": {"uv": [1, 2, 2, 3], "texture": "#0"},
				"west": {"uv": [1, 2, 2, 3], "texture": "#0"},
				"up": {"uv": [1, 2, 2, 3], "texture": "#0"},
				"down": {"uv": [1, 2, 2, 3], "texture": "#0"}
			}
		},
		{
			"name": "hexadecagon",
			"from": [2.70163, 0, 1.5],
			"to": [3.29837, 3, 2.5],
			"rotation": {"angle": 45, "axis": "z", "origin": [3, 1.5, 2]},
			"faces": {
				"north": {"uv": [1, 2, 2, 3], "texture": "#0"},
				"east": {"uv": [1, 2, 2, 3], "texture": "#0"},
				"south": {"uv": [1, 2, 2, 3], "texture": "#0"},
				"west": {"uv": [1, 2, 2, 3], "texture": "#0"},
				"up": {"uv": [1, 2, 2, 3], "texture": "#0"},
				"down": {"uv": [1, 2, 2, 3], "texture": "#0"}
			}
		},
		{
			"name": "hexadecagon",
			"from": [1.5, 1.20163, 1.5],
			"to": [4.5, 1.79837, 2.5],
			"rotation": {"angle": -22.5, "axis": "z", "origin": [3, 1.5, 2]},
			"faces": {
				"north": {"uv": [1, 2, 2, 3], "texture": "#0"},
				"east": {"uv": [1, 2, 2, 3], "texture": "#0"},
				"south": {"uv": [1, 2, 2, 3], "texture": "#0"},
				"west": {"uv": [1, 2, 2, 3], "texture": "#0"},
				"up": {"uv": [1, 2, 2, 3], "texture": "#0"},
				"down": {"uv": [1, 2, 2, 3], "texture": "#0"}
			}
		},
		{
			"name": "hexadecagon",
			"from": [1.5, 1.20163, 1.5],
			"to": [4.5, 1.79837, 2.5],
			"rotation": {"angle": 0, "axis": "z", "origin": [3, 1.5, 2]},
			"faces": {
				"north": {"uv": [1, 2, 2, 3], "texture": "#0"},
				"east": {"uv": [1, 2, 2, 3], "texture": "#0"},
				"south": {"uv": [1, 2, 2, 3], "texture": "#0"},
				"west": {"uv": [1, 2, 2, 3], "texture": "#0"},
				"up": {"uv": [1, 2, 2, 3], "texture": "#0"},
				"down": {"uv": [1, 2, 2, 3], "texture": "#0"}
			}
		},
		{
			"name": "hexadecagon",
			"from": [1.5, 1.20163, 1.5],
			"to": [4.5, 1.79837, 2.5],
			"rotation": {"angle": 22.5, "axis": "z", "origin": [3, 1.5, 2]},
			"faces": {
				"north": {"uv": [1, 2, 2, 3], "texture": "#0"},
				"east": {"uv": [1, 2, 2, 3], "texture": "#0"},
				"south": {"uv": [1, 2, 2, 3], "texture": "#0"},
				"west": {"uv": [1, 2, 2, 3], "texture": "#0"},
				"up": {"uv": [1, 2, 2, 3], "texture": "#0"},
				"down": {"uv": [1, 2, 2, 3], "texture": "#0"}
			}
		},
		{
			"from": [2.5, 1, 1.25],
			"to": [3.5, 2, 2.75],
			"faces": {
				"north": {"uv": [5, 5, 6, 6], "texture": "#1"},
				"east": {"uv": [5, 5, 6, 6], "texture": "#1"},
				"south": {"uv": [5, 5, 6, 6], "texture": "#1"},
				"west": {"uv": [5, 5, 6, 6], "texture": "#1"},
				"up": {"uv": [5, 5, 6, 6], "texture": "#1"},
				"down": {"uv": [5, 5, 6, 6], "texture": "#1"}
			}
		},
		{
			"from": [2.5, 2, 1.25],
			"to": [3.25, 3.75, 1.5],
			"faces": {
				"north": {"uv": [5, 5, 6, 6], "texture": "#1"},
				"east": {"uv": [5, 5, 6, 6], "texture": "#1"},
				"south": {"uv": [5, 5, 6, 6], "texture": "#1"},
				"west": {"uv": [5, 5, 6, 6], "texture": "#1"},
				"up": {"uv": [5, 5, 6, 6], "texture": "#1"},
				"down": {"uv": [5, 5, 6, 6], "texture": "#1"}
			}
		},
		{
			"from": [2.5, 2, 2.5],
			"to": [3.25, 3.75, 2.75],
			"faces": {
				"north": {"uv": [5, 5, 6, 6], "texture": "#1"},
				"east": {"uv": [5, 5, 6, 6], "texture": "#1"},
				"south": {"uv": [5, 5, 6, 6], "texture": "#1"},
				"west": {"uv": [5, 5, 6, 6], "texture": "#1"},
				"up": {"uv": [5, 5, 6, 6], "texture": "#1"},
				"down": {"uv": [5, 5, 6, 6], "texture": "#1"}
			}
		},
		{
			"from": [2.75, 1.25, 1.15],
			"to": [3.25, 1.75, 2.85],
			"faces": {
				"north": {"uv": [4, 8, 5, 9], "texture": "#0"},
				"east": {"uv": [4, 8, 5, 9], "texture": "#0"},
				"south": {"uv": [4, 8, 5, 9], "texture": "#0"},
				"west": {"uv": [4, 8, 5, 9], "texture": "#0"},
				"up": {"uv": [4, 8, 5, 9], "texture": "#0"},
				"down": {"uv": [4, 8, 5, 9], "texture": "#0"}
			}
		},
		{
			"from": [1.5, 3.75, 1.15],
			"to": [3.75, 4, 2.85],
			"faces": {
				"north": {"uv": [4, 8, 5, 9], "texture": "#2"},
				"east": {"uv": [4, 8, 5, 9], "texture": "#2"},
				"south": {"uv": [4, 8, 5, 9], "texture": "#2"},
				"west": {"uv": [4, 8, 5, 9], "texture": "#2"},
				"up": {"uv": [4, 8, 5, 9], "texture": "#2"},
				"down": {"uv": [4, 8, 5, 9], "texture": "#2"}
			}
		},
		{
			"from": [1.75, 4, 1.4],
			"to": [2.75, 6.5, 2.6],
			"faces": {
				"north": {"uv": [4, 7, 5, 9], "texture": "#2"},
				"east": {"uv": [4, 7, 5, 9], "texture": "#2"},
				"south": {"uv": [4, 7, 5, 9], "texture": "#2"},
				"west": {"uv": [4, 7, 5, 9], "texture": "#2"},
				"up": {"uv": [4, 7, 5, 8], "texture": "#2"},
				"down": {"uv": [4, 7, 5, 8], "texture": "#2"}
			}
		},
		{
			"from": [1.5, 4.25, 1.15],
			"to": [3.75, 4.5, 2.85],
			"faces": {
				"north": {"uv": [4, 8, 5, 9], "texture": "#2"},
				"east": {"uv": [4, 8, 5, 9], "texture": "#2"},
				"south": {"uv": [4, 8, 5, 9], "texture": "#2"},
				"west": {"uv": [4, 8, 5, 9], "texture": "#2"},
				"up": {"uv": [4, 8, 5, 9], "texture": "#2"},
				"down": {"uv": [4, 8, 5, 9], "texture": "#2"}
			}
		},
		{
			"from": [3.25, 4, 1.4],
			"to": [3.5, 4.25, 2.6],
			"faces": {
				"north": {"uv": [4, 8, 5, 9], "texture": "#2"},
				"east": {"uv": [4, 8, 5, 9], "texture": "#2"},
				"south": {"uv": [4, 8, 5, 9], "texture": "#2"},
				"west": {"uv": [4, 8, 5, 9], "texture": "#2"},
				"up": {"uv": [4, 8, 5, 9], "texture": "#2"},
				"down": {"uv": [4, 8, 5, 9], "texture": "#2"}
			}
		},
		{
			"from": [2.13661, 2.07105, 1.22057],
			"to": [2.43661, 4.17105, 1.47057],
			"rotation": {"angle": 22.5, "axis": "z", "origin": [2.875, 2.875, 1.375]},
			"faces": {
				"north": {"uv": [5, 5, 6, 6], "texture": "#1"},
				"east": {"uv": [5, 5, 6, 6], "texture": "#1"},
				"south": {"uv": [5, 5, 6, 6], "texture": "#1"},
				"west": {"uv": [5, 5, 6, 6], "texture": "#1"},
				"up": {"uv": [5, 5, 6, 6], "texture": "#1"},
				"down": {"uv": [5, 5, 6, 6], "texture": "#1"}
			}
		},
		{
			"from": [2.13661, 2.07105, 2.47057],
			"to": [2.43661, 4.17105, 2.72057],
			"rotation": {"angle": 22.5, "axis": "z", "origin": [2.875, 2.875, 2.625]},
			"faces": {
				"north": {"uv": [5, 5, 6, 6], "texture": "#1"},
				"east": {"uv": [5, 5, 6, 6], "texture": "#1"},
				"south": {"uv": [5, 5, 6, 6], "texture": "#1"},
				"west": {"uv": [5, 5, 6, 6], "texture": "#1"},
				"up": {"uv": [5, 5, 6, 6], "texture": "#1"},
				"down": {"uv": [5, 5, 6, 6], "texture": "#1"}
			}
		},
		{
			"from": [3.5, 6.5, 12.9],
			"to": [13.25, 7.5, 15.15],
			"faces": {
				"north": {"uv": [0, 10, 11, 11], "texture": "#2"},
				"east": {"uv": [0, 10, 2, 11], "texture": "#2"},
				"south": {"uv": [0, 10, 11, 11], "texture": "#2"},
				"west": {"uv": [0, 10, 2, 11], "texture": "#2"},
				"up": {"uv": [3, 5, 14, 7], "texture": "#2"},
				"down": {"uv": [0, 11, 11, 13], "texture": "#2"}
			}
		},
		{
			"from": [13.25, 6.5, 0.9],
			"to": [15.5, 9.5, 3.15],
			"faces": {
				"north": {"uv": [12, 3, 14, 6], "texture": "#2"},
				"east": {"uv": [4, 6, 6, 9], "texture": "#2"},
				"south": {"uv": [0, 12, 2, 15], "texture": "#2"},
				"west": {"uv": [14, 10, 16, 13], "texture": "#2"},
				"up": {"uv": [4, 6, 6, 8], "texture": "#2"},
				"down": {"uv": [9, 2, 11, 4], "texture": "#2"}
			}
		},
		{
			"from": [1.25, 6.5, 0.9],
			"to": [3.5, 9.5, 3.15],
			"faces": {
				"north": {"uv": [12, 3, 14, 6], "texture": "#2"},
				"east": {"uv": [4, 6, 6, 9], "texture": "#2"},
				"south": {"uv": [0, 12, 2, 15], "texture": "#2"},
				"west": {"uv": [14, 10, 16, 13], "texture": "#2"},
				"up": {"uv": [4, 6, 6, 8], "texture": "#2"},
				"down": {"uv": [9, 2, 11, 4], "texture": "#2"}
			}
		},
		{
			"from": [13.25, 6.5, 12.9],
			"to": [15.5, 9.5, 15.15],
			"faces": {
				"north": {"uv": [12, 3, 14, 6], "texture": "#2"},
				"east": {"uv": [4, 6, 6, 9], "texture": "#2"},
				"south": {"uv": [0, 12, 2, 15], "texture": "#2"},
				"west": {"uv": [14, 10, 16, 13], "texture": "#2"},
				"up": {"uv": [4, 6, 6, 8], "texture": "#2"},
				"down": {"uv": [9, 2, 11, 4], "texture": "#2"}
			}
		},
		{
			"from": [1.25, 6.5, 3.15],
			"to": [3.5, 7.5, 12.9],
			"faces": {
				"north": {"uv": [0, 10, 2, 11], "texture": "#2"},
				"east": {"uv": [0, 10, 11, 11], "texture": "#2"},
				"south": {"uv": [0, 10, 2, 11], "texture": "#2"},
				"west": {"uv": [0, 10, 11, 11], "texture": "#2"},
				"up": {"uv": [3, 5, 14, 7], "texture": "#2", "rotation": 90},
				"down": {"uv": [0, 11, 11, 13], "texture": "#2", "rotation": 270}
			}
		},
		{
			"from": [3.5, 6.5, 0.85],
			"to": [13.25, 7.5, 3.1],
			"faces": {
				"north": {"uv": [11, 10, 0, 11], "texture": "#2"},
				"east": {"uv": [2, 10, 0, 11], "texture": "#2"},
				"south": {"uv": [11, 10, 0, 11], "texture": "#2"},
				"west": {"uv": [2, 10, 0, 11], "texture": "#2"},
				"up": {"uv": [3, 7, 14, 5], "texture": "#2"},
				"down": {"uv": [0, 13, 11, 11], "texture": "#2"}
			}
		},
		{
			"from": [13.25, 6.5, 3.15],
			"to": [15.5, 7.5, 12.9],
			"faces": {
				"north": {"uv": [2, 10, 0, 11], "texture": "#2"},
				"east": {"uv": [11, 10, 0, 11], "texture": "#2"},
				"south": {"uv": [2, 10, 0, 11], "texture": "#2"},
				"west": {"uv": [11, 10, 0, 11], "texture": "#2"},
				"up": {"uv": [14, 5, 3, 7], "texture": "#2", "rotation": 90},
				"down": {"uv": [11, 11, 0, 13], "texture": "#2", "rotation": 270}
			}
		},
		{
			"from": [3.5, 6.5, 3.15],
			"to": [13.25, 7.25, 12.9],
			"faces": {
				"north": {"uv": [4, 3, 13.75, 12.75], "texture": "#1", "rotation": 90},
				"east": {"uv": [4, 3, 13.75, 12.75], "texture": "#1", "rotation": 90},
				"south": {"uv": [4, 3, 13.75, 12.75], "texture": "#1", "rotation": 90},
				"west": {"uv": [4, 3, 13.75, 12.75], "texture": "#1", "rotation": 90},
				"up": {"uv": [4, 3, 13.75, 12.75], "texture": "#1", "rotation": 90},
				"down": {"uv": [4, 3, 13.75, 12.75], "texture": "#1", "rotation": 90}
			}
		},
		{
			"from": [13.25, 8.5, 3.15],
			"to": [15.25, 9.5, 12.9],
			"faces": {
				"north": {"uv": [8, 3, 9.75, 12.75], "texture": "#1"},
				"east": {"uv": [8, 3, 9.75, 12.75], "texture": "#1", "rotation": 90},
				"south": {"uv": [8, 3, 9.75, 12.75], "texture": "#1"},
				"west": {"uv": [8, 3, 9.75, 12.75], "texture": "#1", "rotation": 270},
				"up": {"uv": [8, 3, 9.75, 12.75], "texture": "#1"},
				"down": {"uv": [8, 3, 9.75, 12.75], "texture": "#1", "rotation": 180}
			}
		},
		{
			"from": [1.5, 8.5, 3.15],
			"to": [3.5, 9.5, 12.9],
			"faces": {
				"north": {"uv": [8, 3, 9.75, 12.75], "texture": "#1"},
				"east": {"uv": [8, 3, 9.75, 12.75], "texture": "#1", "rotation": 90},
				"south": {"uv": [8, 3, 9.75, 12.75], "texture": "#1"},
				"west": {"uv": [8, 3, 9.75, 12.75], "texture": "#1", "rotation": 270},
				"up": {"uv": [8, 3, 9.75, 12.75], "texture": "#1"},
				"down": {"uv": [8, 3, 9.75, 12.75], "texture": "#1", "rotation": 180}
			}
		},
		{
			"from": [3.5, 8.5, 1.15],
			"to": [13.25, 9.5, 3.15],
			"faces": {
				"north": {"uv": [8, 3, 9.75, 12.75], "texture": "#1", "rotation": 270},
				"east": {"uv": [8, 3, 9.75, 12.75], "texture": "#1"},
				"south": {"uv": [8, 3, 9.75, 12.75], "texture": "#1", "rotation": 90},
				"west": {"uv": [8, 3, 9.75, 12.75], "texture": "#1"},
				"up": {"uv": [8, 3, 9.75, 12.75], "texture": "#1", "rotation": 90},
				"down": {"uv": [8, 3, 9.75, 12.75], "texture": "#1", "rotation": 90}
			}
		},
		{
			"from": [3.5, 8.5, 12.9],
			"to": [13.25, 9.5, 14.9],
			"faces": {
				"north": {"uv": [8, 3, 9.75, 12.75], "texture": "#1", "rotation": 270},
				"east": {"uv": [8, 3, 9.75, 12.75], "texture": "#1"},
				"south": {"uv": [8, 3, 9.75, 12.75], "texture": "#1", "rotation": 90},
				"west": {"uv": [8, 3, 9.75, 12.75], "texture": "#1"},
				"up": {"uv": [8, 3, 9.75, 12.75], "texture": "#1", "rotation": 90},
				"down": {"uv": [8, 3, 9.75, 12.75], "texture": "#1", "rotation": 90}
			}
		},
		{
			"from": [1.5, 9.5, 1.15],
			"to": [2.5, 18.25, 2.15],
			"faces": {
				"north": {"uv": [8, 4, 9, 14], "texture": "#2"},
				"east": {"uv": [8, 4, 9, 14], "texture": "#2"},
				"south": {"uv": [8, 4, 9, 14], "texture": "#2"},
				"west": {"uv": [8, 4, 9, 14], "texture": "#2"},
				"up": {"uv": [8, 4, 9, 5], "texture": "#2"},
				"down": {"uv": [8, 4, 9, 5], "texture": "#2"}
			}
		},
		{
			"from": [1.5, 9.5, 13.9],
			"to": [2.5, 18.25, 14.9],
			"faces": {
				"north": {"uv": [8, 4, 9, 14], "texture": "#2"},
				"east": {"uv": [8, 4, 9, 14], "texture": "#2"},
				"south": {"uv": [8, 4, 9, 14], "texture": "#2"},
				"west": {"uv": [8, 4, 9, 14], "texture": "#2"},
				"up": {"uv": [8, 4, 9, 5], "texture": "#2"},
				"down": {"uv": [8, 4, 9, 5], "texture": "#2"}
			}
		},
		{
			"from": [14.25, 9.5, 13.9],
			"to": [15.25, 18.25, 14.9],
			"faces": {
				"north": {"uv": [8, 4, 9, 14], "texture": "#2"},
				"east": {"uv": [8, 4, 9, 14], "texture": "#2"},
				"south": {"uv": [8, 4, 9, 14], "texture": "#2"},
				"west": {"uv": [8, 4, 9, 14], "texture": "#2"},
				"up": {"uv": [8, 4, 9, 5], "texture": "#2"},
				"down": {"uv": [8, 4, 9, 5], "texture": "#2"}
			}
		},
		{
			"from": [14.25, 9.5, 1.15],
			"to": [15.25, 18.25, 2.15],
			"faces": {
				"north": {"uv": [8, 4, 9, 14], "texture": "#2"},
				"east": {"uv": [8, 4, 9, 14], "texture": "#2"},
				"south": {"uv": [8, 4, 9, 14], "texture": "#2"},
				"west": {"uv": [8, 4, 9, 14], "texture": "#2"},
				"up": {"uv": [8, 4, 9, 5], "texture": "#2"},
				"down": {"uv": [8, 4, 9, 5], "texture": "#2"}
			}
		},
		{
			"from": [2.5, 9.5, 14.399],
			"to": [14.25, 15.5, 14.4],
			"faces": {
				"north": {"uv": [0.66667, 1.33333, 0, 2], "texture": "#3"},
				"east": {"uv": [0.66667, 1.33333, 0, 2], "texture": "#3"},
				"south": {"uv": [16, 8, 0, 16], "texture": "#3"},
				"west": {"uv": [0.66667, 1.33333, 0, 2], "texture": "#3"},
				"up": {"uv": [0, 2, 0.66667, 1.33333], "texture": "#3"},
				"down": {"uv": [0, 2, 0.66667, 1.33333], "texture": "#3"}
			}
		},
		{
			"from": [3.5, 9.349, 3.25],
			"to": [13.5, 9.35, 13],
			"faces": {
				"north": {"uv": [0, 1.33333, 0.66667, 2], "texture": "#3", "rotation": 90},
				"east": {"uv": [0.66667, 2, 0, 1.33333], "texture": "#3", "rotation": 180},
				"south": {"uv": [0, 1.33333, 0.66667, 2], "texture": "#3", "rotation": 270},
				"west": {"uv": [0.66667, 2, 0, 1.33333], "texture": "#3"},
				"up": {"uv": [0, 0, 16, 16], "texture": "#3", "rotation": 270},
				"down": {"uv": [0, 1.33333, 0.66667, 2], "texture": "#3", "rotation": 270}
			}
		},
		{
			"from": [2.5, 9.5, 1.65],
			"to": [14.25, 15.5, 1.651],
			"faces": {
				"north": {"uv": [0, 8, 16, 15], "texture": "#3"},
				"east": {"uv": [0, 1.33333, 0.66667, 2], "texture": "#3"},
				"south": {"uv": [0, 1.33333, 0.66667, 2], "texture": "#3"},
				"west": {"uv": [0, 1.33333, 0.66667, 2], "texture": "#3"},
				"up": {"uv": [0, 1.33333, 0.66667, 2], "texture": "#3"},
				"down": {"uv": [0, 1.33333, 0.66667, 2], "texture": "#3"}
			}
		},
		{
			"from": [14.75, 9.5, 2.15131],
			"to": [14.76, 15.5, 14],
			"faces": {
				"north": {"uv": [0, 1.33333, 0.66667, 2], "texture": "#3"},
				"east": {"uv": [0, 8, 16, 16], "texture": "#3"},
				"south": {"uv": [0, 1.33333, 0.66667, 2], "texture": "#3"},
				"west": {"uv": [0, 1.33333, 0.66667, 2], "texture": "#3"},
				"up": {"uv": [0, 1.33333, 0.66667, 2], "texture": "#3", "rotation": 90},
				"down": {"uv": [0, 1.33333, 0.66667, 2], "texture": "#3", "rotation": 270}
			}
		},
		{
			"from": [1.99, 9.5, 2.15131],
			"to": [2, 15.5, 14],
			"faces": {
				"north": {"uv": [0.66667, 1.33333, 0, 2], "texture": "#3"},
				"east": {"uv": [0.66667, 1.33333, 0, 2], "texture": "#3"},
				"south": {"uv": [0.66667, 1.33333, 0, 2], "texture": "#3"},
				"west": {"uv": [16, 8, 0, 16], "texture": "#3"},
				"up": {"uv": [0.66667, 1.33333, 0, 2], "texture": "#3", "rotation": 90},
				"down": {"uv": [0.66667, 1.33333, 0, 2], "texture": "#3", "rotation": 270}
			}
		},
		{
			"from": [2.5, 15.5, 1.35],
			"to": [14.25, 15.75, 1.85],
			"faces": {
				"north": {"uv": [3, 6, 4, 5], "texture": "#2"},
				"east": {"uv": [3, 6, 4, 5], "texture": "#2"},
				"south": {"uv": [3, 6, 4, 5], "texture": "#2"},
				"west": {"uv": [3, 6, 4, 5], "texture": "#2"},
				"up": {"uv": [3, 6, 4, 5], "texture": "#2"},
				"down": {"uv": [3, 6, 4, 5], "texture": "#2"}
			}
		},
		{
			"from": [2.5, 15.9, 1.35],
			"to": [14.25, 16.15, 1.85],
			"faces": {
				"north": {"uv": [3, 6, 4, 5], "texture": "#2"},
				"east": {"uv": [3, 6, 4, 5], "texture": "#2"},
				"south": {"uv": [3, 6, 4, 5], "texture": "#2"},
				"west": {"uv": [3, 6, 4, 5], "texture": "#2"},
				"up": {"uv": [3, 6, 4, 5], "texture": "#2"},
				"down": {"uv": [3, 6, 4, 5], "texture": "#2"}
			}
		},
		{
			"from": [2.5, 15.9, 14.15],
			"to": [14.25, 16.15, 14.65],
			"faces": {
				"north": {"uv": [4, 6, 3, 5], "texture": "#2"},
				"east": {"uv": [4, 6, 3, 5], "texture": "#2"},
				"south": {"uv": [4, 6, 3, 5], "texture": "#2"},
				"west": {"uv": [4, 6, 3, 5], "texture": "#2"},
				"up": {"uv": [3, 5, 4, 6], "texture": "#2"},
				"down": {"uv": [3, 5, 4, 6], "texture": "#2"}
			}
		},
		{
			"from": [2.5, 15.5, 14.15],
			"to": [14.25, 15.75, 14.65],
			"faces": {
				"north": {"uv": [4, 6, 3, 5], "texture": "#2"},
				"east": {"uv": [4, 6, 3, 5], "texture": "#2"},
				"south": {"uv": [4, 6, 3, 5], "texture": "#2"},
				"west": {"uv": [4, 6, 3, 5], "texture": "#2"},
				"up": {"uv": [3, 5, 4, 6], "texture": "#2"},
				"down": {"uv": [3, 5, 4, 6], "texture": "#2"}
			}
		},
		{
			"from": [1.75, 17.65, 0.9],
			"to": [2.25, 18.15, 15.15],
			"faces": {
				"north": {"uv": [4, 6, 3, 5], "texture": "#2"},
				"east": {"uv": [4, 6, 3, 5], "texture": "#2"},
				"south": {"uv": [4, 6, 3, 5], "texture": "#2"},
				"west": {"uv": [4, 6, 3, 5], "texture": "#2"},
				"up": {"uv": [3, 5, 4, 6], "texture": "#2", "rotation": 90},
				"down": {"uv": [3, 5, 4, 6], "texture": "#2", "rotation": 270}
			}
		},
		{
			"from": [1.75, 15.5, 2.15],
			"to": [2.25, 15.75, 13.9],
			"faces": {
				"north": {"uv": [4, 6, 3, 5], "texture": "#2"},
				"east": {"uv": [4, 6, 3, 5], "texture": "#2"},
				"south": {"uv": [4, 6, 3, 5], "texture": "#2"},
				"west": {"uv": [4, 6, 3, 5], "texture": "#2"},
				"up": {"uv": [3, 5, 4, 6], "texture": "#2", "rotation": 90},
				"down": {"uv": [3, 5, 4, 6], "texture": "#2", "rotation": 270}
			}
		},
		{
			"from": [14.5, 17.65, 0.9],
			"to": [15, 18.15, 15.15],
			"faces": {
				"north": {"uv": [4, 6, 3, 5], "texture": "#2"},
				"east": {"uv": [4, 6, 3, 5], "texture": "#2"},
				"south": {"uv": [4, 6, 3, 5], "texture": "#2"},
				"west": {"uv": [4, 6, 3, 5], "texture": "#2"},
				"up": {"uv": [3, 5, 4, 6], "texture": "#2", "rotation": 90},
				"down": {"uv": [3, 5, 4, 6], "texture": "#2", "rotation": 270}
			}
		},
		{
			"from": [14.5, 15.5, 2.15],
			"to": [15, 15.75, 13.9],
			"faces": {
				"north": {"uv": [4, 6, 3, 5], "texture": "#2"},
				"east": {"uv": [4, 6, 3, 5], "texture": "#2"},
				"south": {"uv": [4, 6, 3, 5], "texture": "#2"},
				"west": {"uv": [4, 6, 3, 5], "texture": "#2"},
				"up": {"uv": [3, 5, 4, 6], "texture": "#2", "rotation": 90},
				"down": {"uv": [3, 5, 4, 6], "texture": "#2", "rotation": 270}
			}
		}
	],
	"display": {
		"head": {
			"scale": [4, 4, 4],
			"translation": [0, 0, 0]
		}
	},
	"groups": [
		{
			"name": "hexadecagon",
			"isOpen": true,
			"shade": true,
			"display": {
				"visibility": true,
				"autouv": false
			},
			"children": [0, 1, 2, 3, 4, 5, 6, 7, 8, 9, 10, 11, 12, 13, 14, 15, 16, 17, 18, 19, 20, 21, 22, 23, 24, 25, 26, 27, 28, 29, 30, 31, 32, 33, 34, 35, 36, 37, 38, 39, 40, 41, 42, 43, 44, 45, 46, 47, 48, 49, 50, 51, 52, 53, 54, 55, 56, 57, 58, 59, 60, 61, 62, 63, 64, 65, 66, 67, 68, 69, 70, 71, 72, 73, 74, 75, 76, 77, 78, 79, 80, 81, 82, 83, 84, 85, 86, 87, 88, 89, 90, 91, 92, 93, 94, 95, 96, 97, 98, 99, 100, 101]
		}
	]
}