{
	"textures": {
		"1": "_custom/yellow_glass"
	},
	"elements": [
		{
			"name": "hexadecagon",
			"from": [3.42502, -16, 30],
			"to": [12.57498, 17.5, 31],
			"rotation": {"angle": -22.5, "axis": "y", "origin": [8, 10, 8]},
			"faces": {
				"north": {"uv": [13, 10.25, 13.25, 10.75], "texture": "#1"},
				"east": {"uv": [13, 10.25, 13.25, 10.75], "texture": "#1"},
				"south": {"uv": [8, 1.25, 8.25, 1.5], "texture": "#1"},
				"west": {"uv": [13, 10.25, 13.25, 10.75], "texture": "#1"},
				"up": {"uv": [13, 10.25, 13.25, 10.75], "texture": "#1"},
				"down": {"uv": [13, 10.25, 13.25, 10.75], "texture": "#1"}
			}
		},
		{
			"name": "hexadecagon",
			"from": [3.42502, -16, 30],
			"to": [12.57498, 17.5, 31],
			"rotation": {"angle": 0, "axis": "y", "origin": [8, 10, 8]},
			"faces": {
				"north": {"uv": [13, 10.25, 13.25, 10.75], "texture": "#1"},
				"east": {"uv": [13, 10.25, 13.25, 10.75], "texture": "#1"},
				"south": {"uv": [8, 1.25, 8.25, 1.5], "texture": "#1"},
				"west": {"uv": [13, 10.25, 13.25, 10.75], "texture": "#1"},
				"up": {"uv": [13, 10.25, 13.25, 10.75], "texture": "#1"},
				"down": {"uv": [13, 10.25, 13.25, 10.75], "texture": "#1"}
			}
		},
		{
			"name": "hexadecagon",
			"from": [3.42502, -16, 30],
			"to": [12.57498, 17.5, 31],
			"rotation": {"angle": 22.5, "axis": "y", "origin": [8, 10, 8]},
			"faces": {
				"north": {"uv": [13, 10.25, 13.25, 10.75], "texture": "#1"},
				"east": {"uv": [13, 10.25, 13.25, 10.75], "texture": "#1"},
				"south": {"uv": [8, 1.25, 8.25, 1.5], "texture": "#1"},
				"west": {"uv": [13, 10.25, 13.25, 10.75], "texture": "#1"},
				"up": {"uv": [13, 10.25, 13.25, 10.75], "texture": "#1"},
				"down": {"uv": [13, 10.25, 13.25, 10.75], "texture": "#1"}
			}
		},
		{
			"name": "hexadecagon",
			"from": [3.42502, -16, 30],
			"to": [12.57498, 17.5, 31],
			"rotation": {"angle": 45, "axis": "y", "origin": [8, 10, 8]},
			"faces": {
				"north": {"uv": [13, 10.25, 13.25, 10.75], "texture": "#1"},
				"east": {"uv": [13, 10.25, 13.25, 10.75], "texture": "#1"},
				"south": {"uv": [8, 1.25, 8.25, 1.5], "texture": "#1"},
				"west": {"uv": [13, 10.25, 13.25, 10.75], "texture": "#1"},
				"up": {"uv": [13, 10.25, 13.25, 10.75], "texture": "#1"},
				"down": {"uv": [13, 10.25, 13.25, 10.75], "texture": "#1"}
			}
		},
		{
			"name": "hexadecagon",
			"from": [-15, -16, 3.42502],
			"to": [-14, 17.5, 12.57498],
			"rotation": {"angle": -22.5, "axis": "y", "origin": [8, 10, 8]},
			"faces": {
				"north": {"uv": [13, 10.25, 13.25, 10.75], "texture": "#1"},
				"east": {"uv": [13, 10.25, 13.25, 10.75], "texture": "#1"},
				"south": {"uv": [13, 10.25, 13.25, 10.75], "texture": "#1"},
				"west": {"uv": [8, 1.25, 8.25, 1.5], "texture": "#1"},
				"up": {"uv": [13, 10.25, 13.25, 10.75], "texture": "#1", "rotation": 90},
				"down": {"uv": [13, 10.25, 13.25, 10.75], "texture": "#1", "rotation": 270}
			}
		},
		{
			"name": "hexadecagon",
			"from": [-15, -16, 3.42502],
			"to": [-14, 17.5, 12.57498],
			"rotation": {"angle": 0, "axis": "y", "origin": [8, 10, 8]},
			"faces": {
				"north": {"uv": [13, 10.25, 13.25, 10.75], "texture": "#1"},
				"east": {"uv": [13, 10.25, 13.25, 10.75], "texture": "#1"},
				"south": {"uv": [13, 10.25, 13.25, 10.75], "texture": "#1"},
				"west": {"uv": [8, 1.25, 8.25, 1.5], "texture": "#1"},
				"up": {"uv": [13, 10.25, 13.25, 10.75], "texture": "#1", "rotation": 90},
				"down": {"uv": [13, 10.25, 13.25, 10.75], "texture": "#1", "rotation": 270}
			}
		},
		{
			"name": "hexadecagon",
			"from": [-15, -16, 3.42502],
			"to": [-14, 17.5, 12.57498],
			"rotation": {"angle": 22.5, "axis": "y", "origin": [8, 10, 8]},
			"faces": {
				"north": {"uv": [13, 10.25, 13.25, 10.75], "texture": "#1"},
				"east": {"uv": [13, 10.25, 13.25, 10.75], "texture": "#1"},
				"south": {"uv": [13, 10.25, 13.25, 10.75], "texture": "#1"},
				"west": {"uv": [8, 1.25, 8.25, 1.5], "texture": "#1"},
				"up": {"uv": [13, 10.25, 13.25, 10.75], "texture": "#1", "rotation": 90},
				"down": {"uv": [13, 10.25, 13.25, 10.75], "texture": "#1", "rotation": 270}
			}
		},
		{
			"name": "hexadecagon",
			"from": [-15, -16, 3.42502],
			"to": [-14, 17.5, 12.57498],
			"rotation": {"angle": 45, "axis": "y", "origin": [8, 10, 8]},
			"faces": {
				"north": {"uv": [13, 10.25, 13.25, 10.75], "texture": "#1"},
				"east": {"uv": [13, 10.25, 13.25, 10.75], "texture": "#1"},
				"south": {"uv": [13, 10.25, 13.25, 10.75], "texture": "#1"},
				"west": {"uv": [8, 1.25, 8.25, 1.5], "texture": "#1"},
				"up": {"uv": [13, 10.25, 13.25, 10.75], "texture": "#1", "rotation": 90},
				"down": {"uv": [13, 10.25, 13.25, 10.75], "texture": "#1", "rotation": 270}
			}
		},
		{
			"name": "hexadecagon",
			"from": [3.42502, -16, -15],
			"to": [12.57498, 17.5, -14],
			"rotation": {"angle": -22.5, "axis": "y", "origin": [8, 10, 8]},
			"faces": {
				"north": {"uv": [8, 1.25, 8.25, 1.5], "texture": "#1"},
				"east": {"uv": [13, 10.25, 13.25, 10.75], "texture": "#1"},
				"south": {"uv": [13, 10.25, 13.25, 10.75], "texture": "#1"},
				"west": {"uv": [13, 10.25, 13.25, 10.75], "texture": "#1"},
				"up": {"uv": [13, 10.25, 13.25, 10.75], "texture": "#1", "rotation": 180},
				"down": {"uv": [13, 10.25, 13.25, 10.75], "texture": "#1", "rotation": 180}
			}
		},
		{
			"name": "hexadecagon",
			"from": [3.42502, -16, -15],
			"to": [12.57498, 17.5, -14],
			"rotation": {"angle": 0, "axis": "y", "origin": [8, 10, 8]},
			"faces": {
				"north": {"uv": [8, 1.25, 8.25, 1.5], "texture": "#1"},
				"east": {"uv": [13, 10.25, 13.25, 10.75], "texture": "#1"},
				"south": {"uv": [13, 10.25, 13.25, 10.75], "texture": "#1"},
				"west": {"uv": [13, 10.25, 13.25, 10.75], "texture": "#1"},
				"up": {"uv": [13, 10.25, 13.25, 10.75], "texture": "#1", "rotation": 180},
				"down": {"uv": [13, 10.25, 13.25, 10.75], "texture": "#1", "rotation": 180}
			}
		},
		{
			"name": "hexadecagon",
			"from": [3.42502, -16, -15],
			"to": [12.57498, 17.5, -14],
			"rotation": {"angle": 22.5, "axis": "y", "origin": [8, 10, 8]},
			"faces": {
				"north": {"uv": [8, 1.25, 8.25, 1.5], "texture": "#1"},
				"east": {"uv": [13, 10.25, 13.25, 10.75], "texture": "#1"},
				"south": {"uv": [13, 10.25, 13.25, 10.75], "texture": "#1"},
				"west": {"uv": [13, 10.25, 13.25, 10.75], "texture": "#1"},
				"up": {"uv": [13, 10.25, 13.25, 10.75], "texture": "#1", "rotation": 180},
				"down": {"uv": [13, 10.25, 13.25, 10.75], "texture": "#1", "rotation": 180}
			}
		},
		{
			"name": "hexadecagon",
			"from": [3.42502, -16, -15],
			"to": [12.57498, 17.5, -14],
			"rotation": {"angle": 45, "axis": "y", "origin": [8, 10, 8]},
			"faces": {
				"north": {"uv": [8, 1.25, 8.25, 1.5], "texture": "#1"},
				"east": {"uv": [13, 10.25, 13.25, 10.75], "texture": "#1"},
				"south": {"uv": [13, 10.25, 13.25, 10.75], "texture": "#1"},
				"west": {"uv": [13, 10.25, 13.25, 10.75], "texture": "#1"},
				"up": {"uv": [13, 10.25, 13.25, 10.75], "texture": "#1", "rotation": 180},
				"down": {"uv": [13, 10.25, 13.25, 10.75], "texture": "#1", "rotation": 180}
			}
		},
		{
			"name": "hexadecagon",
			"from": [30, -16, 3.42502],
			"to": [31, 17.5, 12.57498],
			"rotation": {"angle": -22.5, "axis": "y", "origin": [8, 10, 8]},
			"faces": {
				"north": {"uv": [13, 10.25, 13.25, 10.75], "texture": "#1"},
				"east": {"uv": [8, 1.25, 8.25, 1.5], "texture": "#1"},
				"south": {"uv": [13, 10.25, 13.25, 10.75], "texture": "#1"},
				"west": {"uv": [13, 10.25, 13.25, 10.75], "texture": "#1"},
				"up": {"uv": [13, 10.25, 13.25, 10.75], "texture": "#1", "rotation": 270},
				"down": {"uv": [13, 10.25, 13.25, 10.75], "texture": "#1", "rotation": 90}
			}
		},
		{
			"name": "hexadecagon",
			"from": [30, -16, 3.42502],
			"to": [31, 17.5, 12.57498],
			"rotation": {"angle": 0, "axis": "y", "origin": [8, 10, 8]},
			"faces": {
				"north": {"uv": [13, 10.25, 13.25, 10.75], "texture": "#1"},
				"east": {"uv": [8, 1.25, 8.25, 1.5], "texture": "#1"},
				"south": {"uv": [13, 10.25, 13.25, 10.75], "texture": "#1"},
				"west": {"uv": [13, 10.25, 13.25, 10.75], "texture": "#1"},
				"up": {"uv": [13, 10.25, 13.25, 10.75], "texture": "#1", "rotation": 270},
				"down": {"uv": [13, 10.25, 13.25, 10.75], "texture": "#1", "rotation": 90}
			}
		},
		{
			"name": "hexadecagon",
			"from": [30, -16, 3.42502],
			"to": [31, 17.5, 12.57498],
			"rotation": {"angle": 22.5, "axis": "y", "origin": [8, 10, 8]},
			"faces": {
				"north": {"uv": [13, 10.25, 13.25, 10.75], "texture": "#1"},
				"east": {"uv": [8, 1.25, 8.25, 1.5], "texture": "#1"},
				"south": {"uv": [13, 10.25, 13.25, 10.75], "texture": "#1"},
				"west": {"uv": [13, 10.25, 13.25, 10.75], "texture": "#1"},
				"up": {"uv": [13, 10.25, 13.25, 10.75], "texture": "#1", "rotation": 270},
				"down": {"uv": [13, 10.25, 13.25, 10.75], "texture": "#1", "rotation": 90}
			}
		},
		{
			"name": "hexadecagon",
			"from": [30, -16, 3.42502],
			"to": [31, 17.5, 12.57498],
			"rotation": {"angle": 45, "axis": "y", "origin": [8, 10, 8]},
			"faces": {
				"north": {"uv": [13, 10.25, 13.25, 10.75], "texture": "#1"},
				"east": {"uv": [8, 1.25, 8.25, 1.5], "texture": "#1"},
				"south": {"uv": [13, 10.25, 13.25, 10.75], "texture": "#1"},
				"west": {"uv": [13, 10.25, 13.25, 10.75], "texture": "#1"},
				"up": {"uv": [13, 10.25, 13.25, 10.75], "texture": "#1", "rotation": 270},
				"down": {"uv": [13, 10.25, 13.25, 10.75], "texture": "#1", "rotation": 90}
			}
		}
	],
	"display": {
		"head": {
			"scale": [1.53, 1.53, 1.53],
			"translation": [0, 21, 0]
		}
	},
	"groups": [
		{
			"name": "hexadecagon",
			"isOpen": true,
			"shade": true,
			"display": {
				"visibility": true,
				"autouv": false
			},
			"children": [0, 1, 2, 3, 4, 5, 6, 7, 8, 9, 10, 11, 12, 13, 14, 15]
		}
	]
}