{
	"textures": {
		"0": "_custom/steel",
		"1": "block/light_blue_terracotta",
		"4": "_custom/pressure",
		"particle": "_custom/steel"
	},
	"elements": [
		{
			"from": [10, 0, 13],
			"to": [11, 1, 18],
			"rotation": {"angle": 22.5, "axis": "x", "origin": [10.5, 0.5, 16.5]},
			"faces": {
				"north": {"uv": [0, 3, 1, 4], "texture": "#0"},
				"east": {"uv": [0, 3, 5, 4], "texture": "#0"},
				"south": {"uv": [0, 3, 1, 4], "texture": "#0"},
				"west": {"uv": [0, 3, 5, 4], "texture": "#0"},
				"up": {"uv": [0, 3, 5, 4], "texture": "#0", "rotation": 90},
				"down": {"uv": [0, 3, 5, 4], "texture": "#0", "rotation": 270}
			}
		},
		{
			"from": [10.00282, 1.15289, 13.23037],
			"to": [11.00282, 9.15289, 14.23037],
			"rotation": {"angle": 22.5, "axis": "x", "origin": [10.50282, 1.65289, 13.73037]},
			"faces": {
				"north": {"uv": [3, 2, 4, 10], "texture": "#0", "rotation": 180},
				"east": {"uv": [3, 2, 4, 10], "texture": "#0", "rotation": 180},
				"south": {"uv": [3, 2, 4, 10], "texture": "#0", "rotation": 180},
				"west": {"uv": [3, 2, 4, 10], "texture": "#0", "rotation": 180},
				"up": {"uv": [3, 2, 4, 3], "texture": "#0", "rotation": 180},
				"down": {"uv": [3, 2, 4, 3], "texture": "#0", "rotation": 180}
			}
		},
		{
			"from": [9.99838, 7.78046, 16.15013],
			"to": [10.99838, 8.78046, 17.15013],
			"rotation": {"angle": 0, "axis": "x", "origin": [10.49838, 8.28046, 16.65013]},
			"faces": {
				"north": {"uv": [3, 8, 4, 7], "texture": "#0", "rotation": 270},
				"east": {"uv": [3, 8, 4, 7], "texture": "#0", "rotation": 270},
				"south": {"uv": [3, 8, 4, 7], "texture": "#0", "rotation": 270},
				"west": {"uv": [3, 8, 4, 7], "texture": "#0", "rotation": 270},
				"up": {"uv": [3, 8, 4, 7], "texture": "#0"},
				"down": {"uv": [3, 8, 4, 7], "texture": "#0", "rotation": 180}
			}
		},
		{
			"from": [6.00282, 1.40289, 13.48037],
			"to": [10.00282, 8.90289, 13.98037],
			"rotation": {"angle": 22.5, "axis": "x", "origin": [6.50282, 1.65289, 13.73037]},
			"faces": {
				"north": {"uv": [9, 3, 5, 13], "texture": "#1", "rotation": 180},
				"east": {"uv": [9, 3, 5, 13], "texture": "#1", "rotation": 180},
				"south": {"uv": [9, 3, 5, 13], "texture": "#1", "rotation": 180},
				"west": {"uv": [9, 3, 5, 13], "texture": "#1", "rotation": 180},
				"up": {"uv": [5, 4, 9, 3], "texture": "#1", "rotation": 180},
				"down": {"uv": [5, 4, 9, 3], "texture": "#1"}
			}
		},
		{
			"from": [6.75282, 4.65289, 13.23037],
			"to": [9.25282, 7.15289, 13.48037],
			"rotation": {"angle": 22.5, "axis": "x", "origin": [6.50282, 1.65289, 13.73037]},
			"faces": {
				"north": {"uv": [4, 7, 7, 10], "texture": "#0", "rotation": 180},
				"east": {"uv": [12, 10, 13, 11], "texture": "#0", "rotation": 180},
				"south": {"uv": [12, 10, 13, 11], "texture": "#0", "rotation": 180},
				"west": {"uv": [12, 10, 13, 11], "texture": "#0", "rotation": 180},
				"up": {"uv": [12, 10, 13, 11], "texture": "#0", "rotation": 180},
				"down": {"uv": [12, 10, 13, 11], "texture": "#0", "rotation": 180}
			}
		},
		{
			"from": [10.01627, -1.61367, 17.06248],
			"to": [11.01627, 0.38633, 18.06248],
			"rotation": {"angle": 0, "axis": "x", "origin": [10.51627, -0.11367, 17.56248]},
			"faces": {
				"north": {"uv": [0, 1, 1, 3], "texture": "#0", "rotation": 180},
				"east": {"uv": [0, 1, 1, 3], "texture": "#0", "rotation": 180},
				"south": {"uv": [0, 1, 1, 3], "texture": "#0", "rotation": 180},
				"west": {"uv": [0, 1, 1, 3], "texture": "#0", "rotation": 180},
				"up": {"uv": [0, 1, 1, 2], "texture": "#0", "rotation": 180},
				"down": {"uv": [0, 1, 1, 2], "texture": "#0", "rotation": 180}
			}
		},
		{
			"from": [7.00282, 4.90289, 12.98037],
			"to": [9.00282, 6.90289, 13.48037],
			"rotation": {"angle": 22.5, "axis": "x", "origin": [6.50282, 1.65289, 13.73037]},
			"faces": {
				"north": {"uv": [7, 12.5, 8, 13.5], "texture": "#4", "rotation": 180},
				"east": {"uv": [7, 12.5, 8, 13], "texture": "#4", "rotation": 90},
				"south": {"uv": [7, 12.5, 8, 13], "texture": "#4", "rotation": 180},
				"west": {"uv": [7, 12.5, 8, 13], "texture": "#4", "rotation": 90},
				"up": {"uv": [7, 12.5, 8, 13], "texture": "#4", "rotation": 180},
				"down": {"uv": [7, 12.5, 8, 13], "texture": "#4", "rotation": 180}
			}
		},
		{
			"from": [6, 0, 17],
			"to": [10, 1, 18],
			"rotation": {"angle": 22.5, "axis": "x", "origin": [5.5, 0.5, 16.5]},
			"faces": {
				"north": {"uv": [8, 4, 12, 5], "texture": "#0", "rotation": 180},
				"east": {"uv": [8, 4, 12, 5], "texture": "#0"},
				"south": {"uv": [8, 4, 12, 5], "texture": "#0"},
				"west": {"uv": [8, 4, 12, 5], "texture": "#0"},
				"up": {"uv": [8, 4, 12, 5], "texture": "#0"},
				"down": {"uv": [8, 4, 12, 5], "texture": "#0"}
			}
		},
		{
			"from": [5.01627, -1.61367, 17.06248],
			"to": [6.01627, 0.38633, 18.06248],
			"rotation": {"angle": 0, "axis": "x", "origin": [5.51627, -0.11367, 17.56248]},
			"faces": {
				"north": {"uv": [0, 1, 1, 3], "texture": "#0", "rotation": 180},
				"east": {"uv": [0, 1, 1, 3], "texture": "#0", "rotation": 180},
				"south": {"uv": [0, 1, 1, 3], "texture": "#0", "rotation": 180},
				"west": {"uv": [0, 1, 1, 3], "texture": "#0", "rotation": 180},
				"up": {"uv": [0, 1, 1, 2], "texture": "#0", "rotation": 180},
				"down": {"uv": [0, 1, 1, 2], "texture": "#0", "rotation": 180}
			}
		},
		{
			"from": [5, 0, 13],
			"to": [6, 1, 18],
			"rotation": {"angle": 22.5, "axis": "x", "origin": [5.5, 0.5, 16.5]},
			"faces": {
				"north": {"uv": [0, 3, 1, 4], "texture": "#0"},
				"east": {"uv": [0, 3, 5, 4], "texture": "#0"},
				"south": {"uv": [0, 3, 1, 4], "texture": "#0"},
				"west": {"uv": [0, 3, 5, 4], "texture": "#0"},
				"up": {"uv": [0, 3, 5, 4], "texture": "#0", "rotation": 90},
				"down": {"uv": [0, 3, 5, 4], "texture": "#0", "rotation": 270}
			}
		},
		{
			"from": [5.00282, 1.15289, 13.23037],
			"to": [6.00282, 9.15289, 14.23037],
			"rotation": {"angle": 22.5, "axis": "x", "origin": [5.50282, 1.65289, 13.73037]},
			"faces": {
				"north": {"uv": [3, 2, 4, 10], "texture": "#0", "rotation": 180},
				"east": {"uv": [3, 2, 4, 10], "texture": "#0", "rotation": 180},
				"south": {"uv": [3, 2, 4, 10], "texture": "#0", "rotation": 180},
				"west": {"uv": [3, 2, 4, 10], "texture": "#0", "rotation": 180},
				"up": {"uv": [3, 2, 4, 3], "texture": "#0", "rotation": 180},
				"down": {"uv": [3, 2, 4, 3], "texture": "#0", "rotation": 180}
			}
		},
		{
			"from": [4.99838, 7.78046, 16.15013],
			"to": [5.99838, 8.78046, 17.15013],
			"rotation": {"angle": 0, "axis": "x", "origin": [5.49838, 8.28046, 16.65013]},
			"faces": {
				"north": {"uv": [3, 8, 4, 7], "texture": "#0", "rotation": 270},
				"east": {"uv": [3, 8, 4, 7], "texture": "#0", "rotation": 270},
				"south": {"uv": [3, 8, 4, 7], "texture": "#0", "rotation": 270},
				"west": {"uv": [3, 8, 4, 7], "texture": "#0", "rotation": 270},
				"up": {"uv": [3, 8, 4, 7], "texture": "#0"},
				"down": {"uv": [3, 8, 4, 7], "texture": "#0", "rotation": 180}
			}
		}
	],
	"display": {
		"head": {
			"scale": [1.6, 1.6, 1.6]
		}
	}
}