{
	"textures": {
		"0": "_custom/iron_plate_red",
		"1": "block/purpur_block4",
		"2": "_custom/purpur_block_dark",
		"3": "_custom/steel",
		"4": "block/orange_glazed_terracotta",
		"5": "_custom/grid",
		"particle": "_custom/iron_plate_red"
	},
	"elements": [
		{
			"from": [13, 0, -1],
			"to": [15, 6, 17],
			"faces": {
				"north": {"uv": [6, 0, 6.33272, 0.33333], "texture": "#0"},
				"east": {"uv": [4.33281, 14, 10.33281, 16], "texture": "#0"},
				"south": {"uv": [0, 0, 0.33272, 0.33333], "texture": "#0"},
				"west": {"uv": [4.33281, 14, 10.33281, 16], "texture": "#0"},
				"up": {"uv": [0, 0, 6.33272, 0.33333], "texture": "#0", "rotation": 90},
				"down": {"uv": [0, 0, 6.33272, 0.33333], "texture": "#0", "rotation": 270}
			}
		},
		{
			"from": [13, 6, -1],
			"to": [14, 8, 17],
			"faces": {
				"north": {"uv": [6, 0, 6.33272, 0.33333], "texture": "#0"},
				"east": {"uv": [4.33281, 15.33281, 10.33281, 15.99922], "texture": "#0"},
				"south": {"uv": [0, 0, 0.33272, 0.33333], "texture": "#0"},
				"west": {"uv": [4.33281, 15.33281, 10.33281, 15.99922], "texture": "#0"},
				"up": {"uv": [0, 0, 6.33272, 0.33333], "texture": "#0", "rotation": 90},
				"down": {"uv": [0, 0, 6.33272, 0.33333], "texture": "#0", "rotation": 270}
			}
		},
		{
			"name": "hexadecagon",
			"from": [13, 8.00272, -1],
			"to": [15, 8.99728, 8],
			"rotation": {"angle": 0, "axis": "z", "origin": [12.5, 8.5, 8]},
			"faces": {
				"north": {"uv": [2, 1, 3, 2], "texture": "#1"},
				"east": {"uv": [3, 9, 12, 10], "texture": "#1"},
				"south": {"uv": [0, 0, 1, 1], "texture": "#1"},
				"west": {"uv": [0, 0, 1, 1], "texture": "#1"},
				"up": {"uv": [0, 0, 1, 1], "texture": "#1", "rotation": 90},
				"down": {"uv": [2, 3, 11, 4], "texture": "#1", "rotation": 270}
			}
		},
		{
			"name": "hexadecagon",
			"from": [13, 8.00272, -1],
			"to": [15, 8.99728, 8],
			"rotation": {"angle": 22.5, "axis": "z", "origin": [12.5, 8.5, 8]},
			"faces": {
				"north": {"uv": [2, 1, 3, 2], "texture": "#1"},
				"east": {"uv": [2, 3, 11, 4], "texture": "#1"},
				"south": {"uv": [0, 0, 1, 1], "texture": "#1"},
				"west": {"uv": [0, 0, 1, 1], "texture": "#1"},
				"up": {"uv": [0, 0, 1, 1], "texture": "#1", "rotation": 90},
				"down": {"uv": [0, 0, 1, 1], "texture": "#1", "rotation": 270}
			}
		},
		{
			"name": "hexadecagon",
			"from": [12.5, 8.00272, -1],
			"to": [15, 8.99728, 8],
			"rotation": {"angle": 45, "axis": "z", "origin": [12.5, 8.5, 8]},
			"faces": {
				"north": {"uv": [2, 1, 3, 2], "texture": "#1"},
				"east": {"uv": [4, 11, 13, 12], "texture": "#1"},
				"south": {"uv": [0, 0, 1, 1], "texture": "#1"},
				"west": {"uv": [0, 0, 1, 1], "texture": "#1"},
				"up": {"uv": [0, 0, 1, 1], "texture": "#1", "rotation": 90},
				"down": {"uv": [0, 0, 1, 1], "texture": "#1", "rotation": 270}
			}
		},
		{
			"name": "hexadecagon",
			"from": [12.00272, 8.5, -1],
			"to": [12.99728, 11, 8],
			"rotation": {"angle": -22.5, "axis": "z", "origin": [12.5, 8.5, 8]},
			"faces": {
				"north": {"uv": [2, 1, 3, 2], "texture": "#1"},
				"east": {"uv": [0, 0, 1, 1], "texture": "#1"},
				"south": {"uv": [0, 0, 1, 1], "texture": "#1"},
				"west": {"uv": [0, 0, 1, 1], "texture": "#1"},
				"up": {"uv": [4, 12, 13, 13], "texture": "#1", "rotation": 270},
				"down": {"uv": [0, 0, 1, 1], "texture": "#1", "rotation": 270}
			}
		},
		{
			"name": "hexadecagon",
			"from": [7.99728, 10, -1],
			"to": [12.99728, 11, 8],
			"rotation": {"angle": 0, "axis": "z", "origin": [12.5, 8.5, 8]},
			"faces": {
				"north": {"uv": [2, 1, 3, 2], "texture": "#1"},
				"east": {"uv": [0, 0, 1, 1], "texture": "#1"},
				"south": {"uv": [0, 0, 1, 1], "texture": "#1"},
				"west": {"uv": [0, 0, 1, 1], "texture": "#1"},
				"up": {"uv": [3, 5, 12, 10], "texture": "#1", "rotation": 90},
				"down": {"uv": [0, 0, 1, 1], "texture": "#1", "rotation": 270}
			}
		},
		{
			"name": "hexadecagon",
			"from": [8.24728, 7, 4],
			"to": [14.74728, 9, 17],
			"rotation": {"angle": 0, "axis": "z", "origin": [12.5, 6.5, 17]},
			"faces": {
				"north": {"uv": [2, 1, 3, 2], "texture": "#1"},
				"east": {"uv": [1, 7, 12, 9], "texture": "#1"},
				"south": {"uv": [0, 0, 1, 1], "texture": "#1"},
				"west": {"uv": [1, 9, 14, 11], "texture": "#1"},
				"up": {"uv": [1, 5, 12, 10], "texture": "#1", "rotation": 90},
				"down": {"uv": [1, 5, 14, 6], "texture": "#1", "rotation": 270}
			}
		},
		{
			"name": "hexadecagon",
			"from": [8.00272, 8.5, -1],
			"to": [8.99728, 11, 8],
			"rotation": {"angle": 22.5, "axis": "z", "origin": [8.5, 8.5, 8]},
			"faces": {
				"north": {"uv": [3, 1, 2, 2], "texture": "#1"},
				"east": {"uv": [1, 0, 0, 1], "texture": "#1"},
				"south": {"uv": [1, 0, 0, 1], "texture": "#1"},
				"west": {"uv": [1, 0, 0, 1], "texture": "#1"},
				"up": {"uv": [4, 13, 13, 12], "texture": "#1", "rotation": 270},
				"down": {"uv": [0, 1, 1, 0], "texture": "#1", "rotation": 270}
			}
		},
		{
			"name": "hexadecagon",
			"from": [6, 8.00272, -1],
			"to": [8.5, 8.99728, 8],
			"rotation": {"angle": -45, "axis": "z", "origin": [8.5, 8.5, 8]},
			"faces": {
				"north": {"uv": [3, 1, 2, 2], "texture": "#1"},
				"east": {"uv": [1, 0, 0, 1], "texture": "#1"},
				"south": {"uv": [1, 0, 0, 1], "texture": "#1"},
				"west": {"uv": [13, 11, 4, 12], "texture": "#1"},
				"up": {"uv": [0, 1, 1, 0], "texture": "#1", "rotation": 90},
				"down": {"uv": [0, 1, 1, 0], "texture": "#1", "rotation": 270}
			}
		},
		{
			"name": "hexadecagon",
			"from": [6, 8.00272, -1],
			"to": [8, 8.99728, 8],
			"rotation": {"angle": -22.5, "axis": "z", "origin": [8.5, 8.5, 8]},
			"faces": {
				"north": {"uv": [3, 1, 2, 2], "texture": "#1"},
				"east": {"uv": [1, 0, 0, 1], "texture": "#1"},
				"south": {"uv": [1, 0, 0, 1], "texture": "#1"},
				"west": {"uv": [11, 3, 2, 4], "texture": "#1"},
				"up": {"uv": [0, 1, 1, 0], "texture": "#1", "rotation": 90},
				"down": {"uv": [0, 1, 1, 0], "texture": "#1", "rotation": 270}
			}
		},
		{
			"name": "hexadecagon",
			"from": [6, 8.00272, -1],
			"to": [9, 8.99728, 8],
			"rotation": {"angle": 0, "axis": "z", "origin": [8.5, 8.5, 8]},
			"faces": {
				"north": {"uv": [3, 1, 2, 2], "texture": "#1"},
				"east": {"uv": [1, 0, 0, 1], "texture": "#1"},
				"south": {"uv": [1, 0, 0, 1], "texture": "#1"},
				"west": {"uv": [12, 9, 3, 10], "texture": "#1"},
				"up": {"uv": [0, 1, 1, 0], "texture": "#1", "rotation": 90},
				"down": {"uv": [0, 1, 1, 0], "texture": "#1", "rotation": 270}
			}
		},
		{
			"name": "hexadecagon",
			"from": [8.89728, 9, 7.25],
			"to": [9.14728, 10, 7.75],
			"rotation": {"angle": 0, "axis": "z", "origin": [12.4, 7.5, 7.75]},
			"faces": {
				"north": {"uv": [0, 0, 1, 1], "texture": "#2"},
				"east": {"uv": [0, 0, 1, 1], "texture": "#2"},
				"south": {"uv": [0, 0, 1, 1], "texture": "#2"},
				"west": {"uv": [0, 0, 1, 1], "texture": "#2"},
				"up": {"uv": [0, 0, 1, 1], "texture": "#2", "rotation": 90},
				"down": {"uv": [0, 0, 1, 1], "texture": "#2", "rotation": 270}
			}
		},
		{
			"name": "hexadecagon",
			"from": [9.39728, 9, 7.25],
			"to": [9.64728, 10, 7.75],
			"rotation": {"angle": 0, "axis": "z", "origin": [12.9, 7.5, 7.75]},
			"faces": {
				"north": {"uv": [0, 0, 1, 1], "texture": "#2"},
				"east": {"uv": [0, 0, 1, 1], "texture": "#2"},
				"south": {"uv": [0, 0, 1, 1], "texture": "#2"},
				"west": {"uv": [0, 0, 1, 1], "texture": "#2"},
				"up": {"uv": [0, 0, 1, 1], "texture": "#2", "rotation": 90},
				"down": {"uv": [0, 0, 1, 1], "texture": "#2", "rotation": 270}
			}
		},
		{
			"name": "hexadecagon",
			"from": [10.89728, 9, 7.25],
			"to": [11.14728, 10, 7.75],
			"rotation": {"angle": 0, "axis": "z", "origin": [14.4, 7.5, 7.75]},
			"faces": {
				"north": {"uv": [0, 0, 1, 1], "texture": "#2"},
				"east": {"uv": [0, 0, 1, 1], "texture": "#2"},
				"south": {"uv": [0, 0, 1, 1], "texture": "#2"},
				"west": {"uv": [0, 0, 1, 1], "texture": "#2"},
				"up": {"uv": [0, 0, 1, 1], "texture": "#2", "rotation": 90},
				"down": {"uv": [0, 0, 1, 1], "texture": "#2", "rotation": 270}
			}
		},
		{
			"name": "hexadecagon",
			"from": [9.89728, 9, 7.25],
			"to": [10.14728, 10, 7.75],
			"rotation": {"angle": 0, "axis": "z", "origin": [13.4, 7.5, 7.75]},
			"faces": {
				"north": {"uv": [0, 0, 1, 1], "texture": "#2"},
				"east": {"uv": [0, 0, 1, 1], "texture": "#2"},
				"south": {"uv": [0, 0, 1, 1], "texture": "#2"},
				"west": {"uv": [0, 0, 1, 1], "texture": "#2"},
				"up": {"uv": [0, 0, 1, 1], "texture": "#2", "rotation": 90},
				"down": {"uv": [0, 0, 1, 1], "texture": "#2", "rotation": 270}
			}
		},
		{
			"name": "hexadecagon",
			"from": [10.39728, 9, 7.25],
			"to": [10.64728, 10, 7.75],
			"rotation": {"angle": 0, "axis": "z", "origin": [13.9, 7.5, 7.75]},
			"faces": {
				"north": {"uv": [0, 0, 1, 1], "texture": "#2"},
				"east": {"uv": [0, 0, 1, 1], "texture": "#2"},
				"south": {"uv": [0, 0, 1, 1], "texture": "#2"},
				"west": {"uv": [0, 0, 1, 1], "texture": "#2"},
				"up": {"uv": [0, 0, 1, 1], "texture": "#2", "rotation": 90},
				"down": {"uv": [0, 0, 1, 1], "texture": "#2", "rotation": 270}
			}
		},
		{
			"name": "hexadecagon",
			"from": [11.39728, 9, 7.25],
			"to": [11.64728, 10, 7.75],
			"rotation": {"angle": 0, "axis": "z", "origin": [14.9, 7.5, 7.75]},
			"faces": {
				"north": {"uv": [0, 0, 1, 1], "texture": "#2"},
				"east": {"uv": [0, 0, 1, 1], "texture": "#2"},
				"south": {"uv": [0, 0, 1, 1], "texture": "#2"},
				"west": {"uv": [0, 0, 1, 1], "texture": "#2"},
				"up": {"uv": [0, 0, 1, 1], "texture": "#2", "rotation": 90},
				"down": {"uv": [0, 0, 1, 1], "texture": "#2", "rotation": 270}
			}
		},
		{
			"name": "hexadecagon",
			"from": [11.89728, 9, 7.25],
			"to": [12.14728, 10, 7.75],
			"rotation": {"angle": 0, "axis": "z", "origin": [15.4, 7.5, 7.75]},
			"faces": {
				"north": {"uv": [0, 0, 1, 1], "texture": "#2"},
				"east": {"uv": [0, 0, 1, 1], "texture": "#2"},
				"south": {"uv": [0, 0, 1, 1], "texture": "#2"},
				"west": {"uv": [0, 0, 1, 1], "texture": "#2"},
				"up": {"uv": [0, 0, 1, 1], "texture": "#2", "rotation": 90},
				"down": {"uv": [0, 0, 1, 1], "texture": "#2", "rotation": 270}
			}
		},
		{
			"name": "hexadecagon",
			"from": [13.9, 0.00299, 5.9],
			"to": [15.7, 9.09701, 7],
			"rotation": {"angle": 0, "axis": "z", "origin": [12.95, 8.55, 7]},
			"faces": {
				"north": {"uv": [3, 3, 5, 12], "texture": "#1"},
				"east": {"uv": [4, 0, 5, 9], "texture": "#1"},
				"south": {"uv": [0, 0, 2, 9], "texture": "#1"},
				"west": {"uv": [0, 0, 1, 9], "texture": "#1"},
				"up": {"uv": [0, 0, 1, 1], "texture": "#1", "rotation": 90},
				"down": {"uv": [0, 0, 1, 1], "texture": "#1", "rotation": 270}
			}
		},
		{
			"name": "hexadecagon",
			"from": [13.5, 8.00299, 5.9],
			"to": [15.7, 9.09701, 7],
			"rotation": {"angle": 22.5, "axis": "z", "origin": [12.95, 8.55, 7]},
			"faces": {
				"north": {"uv": [2, 1, 3, 2], "texture": "#1"},
				"east": {"uv": [0, 3, 1, 4], "texture": "#1"},
				"south": {"uv": [0, 0, 1, 1], "texture": "#1"},
				"west": {"uv": [0, 0, 1, 1], "texture": "#1"},
				"up": {"uv": [0, 0, 1, 1], "texture": "#1", "rotation": 90},
				"down": {"uv": [0, 0, 1, 1], "texture": "#1", "rotation": 270}
			}
		},
		{
			"name": "hexadecagon",
			"from": [12.95, 8.00299, 5.9],
			"to": [15.7, 9.09701, 7],
			"rotation": {"angle": 45, "axis": "z", "origin": [12.95, 8.55, 7]},
			"faces": {
				"north": {"uv": [2, 1, 3, 2], "texture": "#1"},
				"east": {"uv": [0, 11, 1, 12], "texture": "#1"},
				"south": {"uv": [0, 0, 1, 1], "texture": "#1"},
				"west": {"uv": [0, 0, 1, 1], "texture": "#1"},
				"up": {"uv": [0, 0, 1, 1], "texture": "#1", "rotation": 90},
				"down": {"uv": [0, 0, 1, 1], "texture": "#1", "rotation": 270}
			}
		},
		{
			"name": "hexadecagon",
			"from": [12.40299, 8.55, 5.9],
			"to": [13.49701, 11.3, 7],
			"rotation": {"angle": -22.5, "axis": "z", "origin": [12.95, 8.55, 7]},
			"faces": {
				"north": {"uv": [2, 1, 3, 2], "texture": "#1"},
				"east": {"uv": [0, 0, 1, 1], "texture": "#1"},
				"south": {"uv": [0, 0, 1, 1], "texture": "#1"},
				"west": {"uv": [0, 0, 1, 1], "texture": "#1"},
				"up": {"uv": [12, 12, 13, 13], "texture": "#1", "rotation": 270},
				"down": {"uv": [0, 0, 1, 1], "texture": "#1", "rotation": 270}
			}
		},
		{
			"name": "hexadecagon",
			"from": [7.99701, 10.2, 5.9],
			"to": [13.49701, 11.3, 7],
			"rotation": {"angle": 0, "axis": "z", "origin": [12.95, 8.55, 7]},
			"faces": {
				"north": {"uv": [2, 1, 3, 2], "texture": "#1"},
				"east": {"uv": [0, 0, 1, 1], "texture": "#1"},
				"south": {"uv": [0, 0, 1, 1], "texture": "#1"},
				"west": {"uv": [0, 0, 1, 1], "texture": "#1"},
				"up": {"uv": [4, 9, 9, 10], "texture": "#1", "rotation": 180},
				"down": {"uv": [0, 0, 1, 1], "texture": "#1", "rotation": 270}
			}
		},
		{
			"name": "hexadecagon",
			"from": [8.00299, 8.55, 5.9],
			"to": [9.09701, 11.3, 7],
			"rotation": {"angle": 22.5, "axis": "z", "origin": [8.55, 8.55, 7]},
			"faces": {
				"north": {"uv": [3, 1, 2, 2], "texture": "#1"},
				"east": {"uv": [1, 0, 0, 1], "texture": "#1"},
				"south": {"uv": [1, 0, 0, 1], "texture": "#1"},
				"west": {"uv": [1, 0, 0, 1], "texture": "#1"},
				"up": {"uv": [12, 12, 13, 11], "texture": "#1", "rotation": 270},
				"down": {"uv": [0, 1, 1, 0], "texture": "#1", "rotation": 270}
			}
		},
		{
			"name": "hexadecagon",
			"from": [5.8, 8.00299, 5.9],
			"to": [8.55, 9.09701, 7],
			"rotation": {"angle": -45, "axis": "z", "origin": [8.55, 8.55, 7]},
			"faces": {
				"north": {"uv": [3, 1, 2, 2], "texture": "#1"},
				"east": {"uv": [1, 0, 0, 1], "texture": "#1"},
				"south": {"uv": [1, 0, 0, 1], "texture": "#1"},
				"west": {"uv": [13, 12, 12, 13], "texture": "#1"},
				"up": {"uv": [0, 1, 1, 0], "texture": "#1", "rotation": 90},
				"down": {"uv": [0, 1, 1, 0], "texture": "#1", "rotation": 270}
			}
		},
		{
			"name": "hexadecagon",
			"from": [5.8, 8.00299, 5.9],
			"to": [8, 9.09701, 7],
			"rotation": {"angle": -22.5, "axis": "z", "origin": [8.55, 8.55, 7]},
			"faces": {
				"north": {"uv": [3, 1, 2, 2], "texture": "#1"},
				"east": {"uv": [1, 0, 0, 1], "texture": "#1"},
				"south": {"uv": [1, 0, 0, 1], "texture": "#1"},
				"west": {"uv": [1, 1, 0, 2], "texture": "#1"},
				"up": {"uv": [0, 1, 1, 0], "texture": "#1", "rotation": 90},
				"down": {"uv": [0, 1, 1, 0], "texture": "#1", "rotation": 270}
			}
		},
		{
			"name": "hexadecagon",
			"from": [5.8, 8.00299, 5.9],
			"to": [9.1, 9.09701, 7],
			"rotation": {"angle": 0, "axis": "z", "origin": [8.55, 8.55, 7]},
			"faces": {
				"north": {"uv": [3, 1, 2, 2], "texture": "#1"},
				"east": {"uv": [1, 0, 0, 1], "texture": "#1"},
				"south": {"uv": [1, 0, 0, 1], "texture": "#1"},
				"west": {"uv": [1, 6, 0, 7], "texture": "#1"},
				"up": {"uv": [0, 1, 1, 0], "texture": "#1", "rotation": 90},
				"down": {"uv": [0, 1, 1, 0], "texture": "#1", "rotation": 270}
			}
		},
		{
			"name": "hexadecagon",
			"from": [5, 6.99728, 4],
			"to": [8.25, 12.99728, 17],
			"rotation": {"angle": 0, "axis": "z", "origin": [8.5, 11.5, 17]},
			"faces": {
				"north": {"uv": [2, 1, 3, 2], "texture": "#1", "rotation": 90},
				"east": {"uv": [1, 4, 12, 9], "texture": "#1", "rotation": 180},
				"south": {"uv": [0, 0, 1, 1], "texture": "#1", "rotation": 270},
				"west": {"uv": [1, 5, 14, 10], "texture": "#1"},
				"up": {"uv": [1, 1, 14, 4], "texture": "#4", "rotation": 270},
				"down": {"uv": [1, 9, 14, 11], "texture": "#1", "rotation": 270}
			}
		},
		{
			"name": "hexadecagon",
			"from": [4.16274, 6.7704, 4.0036],
			"to": [7.41274, 11.7704, 17.0036],
			"rotation": {"angle": -22.5, "axis": "z", "origin": [7.66274, 10.27312, 17.0036]},
			"faces": {
				"north": {"uv": [2, 1, 3, 2], "texture": "#1", "rotation": 90},
				"east": {"uv": [1, 4, 12, 9], "texture": "#1", "rotation": 180},
				"south": {"uv": [0, 0, 1, 1], "texture": "#1", "rotation": 270},
				"west": {"uv": [1, 0, 14, 5], "texture": "#4"},
				"up": {"uv": [1, 7, 14, 10], "texture": "#1", "rotation": 270},
				"down": {"uv": [1, 9, 14, 11], "texture": "#1", "rotation": 270}
			}
		},
		{
			"name": "hexadecagon",
			"from": [5.1606, -2.22969, -0.99301],
			"to": [10.4106, 7.77031, 5.00699],
			"rotation": {"angle": -22.5, "axis": "z", "origin": [8.6606, 5.27303, 12.00699]},
			"faces": {
				"north": {"uv": [2, 1, 3, 2], "texture": "#1", "rotation": 90},
				"east": {"uv": [1, 4, 12, 9], "texture": "#1", "rotation": 180},
				"south": {"uv": [0, 0, 1, 1], "texture": "#1", "rotation": 270},
				"west": {"uv": [1, 4, 7, 13], "texture": "#1"},
				"up": {"uv": [1, 7, 14, 10], "texture": "#1", "rotation": 270},
				"down": {"uv": [1, 9, 14, 11], "texture": "#1", "rotation": 270}
			}
		},
		{
			"name": "hexadecagon",
			"from": [4.16274, -2.2296, 4.0036],
			"to": [7.41274, 2.7704, 17.0036],
			"rotation": {"angle": -22.5, "axis": "z", "origin": [7.66274, 10.27312, 17.0036]},
			"faces": {
				"north": {"uv": [7, 1, 10, 6], "texture": "#1"},
				"east": {"uv": [1, 4, 12, 9], "texture": "#1", "rotation": 180},
				"south": {"uv": [0, 0, 1, 1], "texture": "#1", "rotation": 270},
				"west": {"uv": [1, 9, 14, 14], "texture": "#1"},
				"up": {"uv": [1, 7, 14, 10], "texture": "#1", "rotation": 270},
				"down": {"uv": [1, 9, 14, 11], "texture": "#1", "rotation": 270}
			}
		},
		{
			"name": "hexadecagon",
			"from": [4.16274, 2.7704, 4.0036],
			"to": [7.41274, 6.7704, 5.0036],
			"rotation": {"angle": -22.5, "axis": "z", "origin": [7.66274, 10.27312, 17.0036]},
			"faces": {
				"north": {"uv": [4, 4, 7, 8], "texture": "#1"},
				"east": {"uv": [1, 4, 12, 9], "texture": "#1", "rotation": 180},
				"south": {"uv": [0, 0, 1, 1], "texture": "#1", "rotation": 270},
				"west": {"uv": [10, 6, 11, 10], "texture": "#1"},
				"up": {"uv": [1, 7, 14, 10], "texture": "#1", "rotation": 270},
				"down": {"uv": [1, 9, 14, 11], "texture": "#1", "rotation": 270}
			}
		},
		{
			"name": "hexadecagon",
			"from": [4.41274, 2.7704, 5.0036],
			"to": [4.51274, 6.7704, 15.0036],
			"rotation": {"angle": -22.5, "axis": "z", "origin": [7.66274, 10.27312, 18.0036]},
			"faces": {
				"north": {"uv": [10, 6.33333, 10.66667, 7], "texture": "#5", "rotation": 90},
				"east": {"uv": [10, 6.33333, 10.66667, 7], "texture": "#5", "rotation": 180},
				"south": {"uv": [10, 6.33333, 10.66667, 7], "texture": "#5", "rotation": 270},
				"west": {"uv": [0, 0, 16, 6.33281], "texture": "#5"},
				"up": {"uv": [10, 6.33333, 10.66667, 7], "texture": "#5", "rotation": 270},
				"down": {"uv": [10, 6.33333, 10.66667, 7], "texture": "#5", "rotation": 270}
			}
		},
		{
			"name": "hexadecagon",
			"from": [4.16274, 2.7704, 15.0036],
			"to": [7.41274, 6.7704, 17.0036],
			"rotation": {"angle": -22.5, "axis": "z", "origin": [7.66274, 10.27312, 28.0036]},
			"faces": {
				"north": {"uv": [2, 1, 3, 2], "texture": "#1", "rotation": 90},
				"east": {"uv": [1, 4, 12, 9], "texture": "#1", "rotation": 180},
				"south": {"uv": [0, 0, 1, 1], "texture": "#1", "rotation": 270},
				"west": {"uv": [9, 6, 11, 10], "texture": "#1"},
				"up": {"uv": [1, 7, 14, 10], "texture": "#1", "rotation": 270},
				"down": {"uv": [1, 9, 14, 11], "texture": "#1", "rotation": 270}
			}
		},
		{
			"name": "hexadecagon",
			"from": [3.91274, 8.7704, 4.0036],
			"to": [4.16274, 9.7704, 17.0036],
			"rotation": {"angle": -22.5, "axis": "z", "origin": [7.66274, 10.27312, 17.0036]},
			"faces": {
				"north": {"uv": [1, 2, 1.5, 2.5], "texture": "#4", "rotation": 270},
				"east": {"uv": [1, 2, 1.5, 2.5], "texture": "#4", "rotation": 270},
				"south": {"uv": [1, 2, 1.5, 2.5], "texture": "#4", "rotation": 270},
				"west": {"uv": [1, 2, 12, 3], "texture": "#4", "rotation": 180},
				"up": {"uv": [1, 2, 1.5, 2.5], "texture": "#4"},
				"down": {"uv": [1, 2, 1.5, 2.5], "texture": "#4", "rotation": 180}
			}
		},
		{
			"name": "hexadecagon",
			"from": [6.10004, 12.99525, 4.00207],
			"to": [7.15004, 13.24525, 17.00207],
			"rotation": {"angle": 0, "axis": "z", "origin": [7.50276, 9.49525, 17.00207]},
			"faces": {
				"north": {"uv": [1, 2, 1.5, 2.5], "texture": "#4", "rotation": 180},
				"east": {"uv": [1, 2, 1.5, 2.5], "texture": "#4", "rotation": 90},
				"south": {"uv": [1, 2, 1.5, 2.5], "texture": "#4"},
				"west": {"uv": [1, 2, 1.5, 2.5], "texture": "#4", "rotation": 270},
				"up": {"uv": [1, 2, 12, 3], "texture": "#4", "rotation": 270},
				"down": {"uv": [1, 2, 1.5, 2.5], "texture": "#4"}
			}
		},
		{
			"name": "hexadecagon",
			"from": [8, 0.00272, -2],
			"to": [13, 9.99728, 4],
			"rotation": {"angle": 0, "axis": "z", "origin": [10.5, 4.5, 7]},
			"faces": {
				"north": {"uv": [5, 0, 11, 12], "texture": "#1"},
				"east": {"uv": [5, 0, 11, 12], "texture": "#1"},
				"south": {"uv": [5, 0, 11, 12], "texture": "#1"},
				"west": {"uv": [5, 0, 11, 12], "texture": "#1"},
				"up": {"uv": [5, 0, 11, 5], "texture": "#1", "rotation": 180},
				"down": {"uv": [5, 0, 11, 12], "texture": "#1", "rotation": 270}
			}
		},
		{
			"name": "hexadecagon",
			"from": [4.36444, 6.07475, 3.00414],
			"to": [13.61444, 13.16932, 4.00414],
			"rotation": {"angle": -22.5, "axis": "z", "origin": [7.11444, 11.57204, 4.00414]},
			"faces": {
				"north": {"uv": [12, 1, 2, 9], "texture": "#1"},
				"east": {"uv": [1, 0, 0, 1], "texture": "#1"},
				"south": {"uv": [12, 3, 2, 9], "texture": "#1", "rotation": 180},
				"west": {"uv": [12, 0, 6, 1], "texture": "#1", "rotation": 90},
				"up": {"uv": [0, 10, 1, 0], "texture": "#1", "rotation": 90},
				"down": {"uv": [2, 3, 12, 2], "texture": "#1"}
			}
		},
		{
			"name": "hexadecagon",
			"from": [4.36444, -1.92525, 17.00414],
			"to": [13.61444, 13.16932, 18.00414],
			"rotation": {"angle": -22.5, "axis": "z", "origin": [7.11444, 11.57204, 18.00414]},
			"faces": {
				"north": {"uv": [12, 1, 2, 9], "texture": "#1"},
				"east": {"uv": [1, 0, 0, 1], "texture": "#1"},
				"south": {"uv": [12, 3, 2, 15], "texture": "#1", "rotation": 180},
				"west": {"uv": [12, 0, 6, 1], "texture": "#1", "rotation": 90},
				"up": {"uv": [0, 10, 1, 0], "texture": "#1", "rotation": 90},
				"down": {"uv": [2, 3, 12, 2], "texture": "#1"}
			}
		},
		{
			"name": "hexadecagon",
			"from": [6.35004, 12.99525, 3.00207],
			"to": [7.40004, 13.24525, 18.00207],
			"rotation": {"angle": -22.5, "axis": "z", "origin": [7.50276, 9.49525, 17.00207]},
			"faces": {
				"north": {"uv": [1, 2, 1.5, 2.5], "texture": "#4", "rotation": 180},
				"east": {"uv": [1, 2, 1.5, 2.5], "texture": "#4", "rotation": 90},
				"south": {"uv": [1, 2, 1.5, 2.5], "texture": "#4"},
				"west": {"uv": [1, 2, 1.5, 2.5], "texture": "#4", "rotation": 270},
				"up": {"uv": [1, 2, 14, 3], "texture": "#4", "rotation": 270},
				"down": {"uv": [1, 2, 1.5, 2.5], "texture": "#4"}
			}
		},
		{
			"name": "hexadecagon",
			"from": [8, 0.00272, 17],
			"to": [13, 9.99728, 20],
			"rotation": {"angle": 0, "axis": "z", "origin": [10.5, 4.5, 23]},
			"faces": {
				"north": {"uv": [5, 0, 11, 12], "texture": "#1"},
				"east": {"uv": [5, 0, 9, 12], "texture": "#1"},
				"south": {"uv": [5, 0, 11, 12], "texture": "#1", "rotation": 180},
				"west": {"uv": [4, 1, 8, 13], "texture": "#1"},
				"up": {"uv": [5, 0, 11, 4], "texture": "#1", "rotation": 180},
				"down": {"uv": [5, 0, 11, 12], "texture": "#1", "rotation": 270}
			}
		},
		{
			"name": "hexadecagon",
			"from": [12.9, 0.00299, 16.9],
			"to": [15.7, 10.59701, 19],
			"rotation": {"angle": 0, "axis": "z", "origin": [12.95, 8.55, 18]},
			"faces": {
				"north": {"uv": [3, 2, 6, 14], "texture": "#1"},
				"east": {"uv": [3, 0, 5, 12], "texture": "#1"},
				"south": {"uv": [3, 0, 6, 12], "texture": "#1"},
				"west": {"uv": [0, 0, 1, 9], "texture": "#1"},
				"up": {"uv": [0, 0, 1, 1], "texture": "#1", "rotation": 90},
				"down": {"uv": [0, 0, 1, 1], "texture": "#1", "rotation": 270}
			}
		},
		{
			"name": "octagon",
			"from": [13, 9.54289, 7.5],
			"to": [14, 9.95711, 13],
			"rotation": {"angle": 45, "axis": "z", "origin": [13.5, 9.75, 8]},
			"faces": {
				"north": {"uv": [0, 0, 1, 1], "texture": "#2"},
				"east": {"uv": [0, 0, 1, 1], "texture": "#2"},
				"south": {"uv": [0, 0, 1, 1], "texture": "#2"},
				"west": {"uv": [0, 0, 1, 1], "texture": "#2"},
				"up": {"uv": [0, 0, 1, 1], "texture": "#2", "rotation": 90},
				"down": {"uv": [0, 0, 1, 1], "texture": "#2", "rotation": 270}
			}
		},
		{
			"name": "octagon",
			"from": [13, 9.54289, 7.5],
			"to": [14, 9.95711, 13],
			"rotation": {"angle": 0, "axis": "z", "origin": [13.5, 9.75, 8]},
			"faces": {
				"north": {"uv": [0, 0, 1, 1], "texture": "#2"},
				"east": {"uv": [0, 0, 1, 1], "texture": "#2"},
				"south": {"uv": [0, 0, 1, 1], "texture": "#2"},
				"west": {"uv": [0, 0, 1, 1], "texture": "#2"},
				"up": {"uv": [0, 0, 1, 1], "texture": "#2", "rotation": 90},
				"down": {"uv": [0, 0, 1, 1], "texture": "#2", "rotation": 270}
			}
		},
		{
			"name": "octagon",
			"from": [13.29289, 9.25, 7.5],
			"to": [13.70711, 10.25, 13],
			"rotation": {"angle": 45, "axis": "z", "origin": [13.5, 9.75, 8]},
			"faces": {
				"north": {"uv": [0, 0, 1, 1], "texture": "#2"},
				"east": {"uv": [0, 0, 1, 1], "texture": "#2"},
				"south": {"uv": [0, 0, 1, 1], "texture": "#2"},
				"west": {"uv": [0, 0, 1, 1], "texture": "#2"},
				"up": {"uv": [0, 0, 1, 1], "texture": "#2", "rotation": 90},
				"down": {"uv": [0, 0, 1, 1], "texture": "#2", "rotation": 270}
			}
		},
		{
			"name": "octagon",
			"from": [13.29289, 9.25, 7.5],
			"to": [13.70711, 10.25, 13],
			"rotation": {"angle": 0, "axis": "z", "origin": [13.5, 9.75, 8]},
			"faces": {
				"north": {"uv": [0, 0, 1, 1], "texture": "#2"},
				"east": {"uv": [0, 0, 1, 1], "texture": "#2"},
				"south": {"uv": [0, 0, 1, 1], "texture": "#2"},
				"west": {"uv": [0, 0, 1, 1], "texture": "#2"},
				"up": {"uv": [0, 0, 1, 1], "texture": "#2", "rotation": 90},
				"down": {"uv": [0, 0, 1, 1], "texture": "#2", "rotation": 270}
			}
		},
		{
			"name": "octagon",
			"from": [12.75, 9.43934, 8],
			"to": [14.25, 10.06066, 8.5],
			"rotation": {"angle": 45, "axis": "z", "origin": [13.5, 9.75, 8]},
			"faces": {
				"north": {"uv": [0, 0, 1, 1], "texture": "#3"},
				"east": {"uv": [0, 0, 1, 1], "texture": "#3"},
				"south": {"uv": [0, 0, 1, 1], "texture": "#3"},
				"west": {"uv": [0, 0, 1, 1], "texture": "#3"},
				"up": {"uv": [0, 0, 1, 1], "texture": "#3", "rotation": 90},
				"down": {"uv": [0, 0, 1, 1], "texture": "#3", "rotation": 270}
			}
		},
		{
			"name": "octagon",
			"from": [12.75, 9.43934, 8],
			"to": [14.25, 10.06066, 8.5],
			"rotation": {"angle": 0, "axis": "z", "origin": [13.5, 9.75, 8]},
			"faces": {
				"north": {"uv": [0, 0, 1, 1], "texture": "#3"},
				"east": {"uv": [0, 0, 1, 1], "texture": "#3"},
				"south": {"uv": [0, 0, 1, 1], "texture": "#3"},
				"west": {"uv": [0, 0, 1, 1], "texture": "#3"},
				"up": {"uv": [0, 0, 1, 1], "texture": "#3", "rotation": 90},
				"down": {"uv": [0, 0, 1, 1], "texture": "#3", "rotation": 270}
			}
		},
		{
			"name": "octagon",
			"from": [13.18934, 9, 8],
			"to": [13.81066, 10.5, 8.5],
			"rotation": {"angle": 45, "axis": "z", "origin": [13.5, 9.75, 8]},
			"faces": {
				"north": {"uv": [0, 0, 1, 1], "texture": "#3"},
				"east": {"uv": [0, 0, 1, 1], "texture": "#3"},
				"south": {"uv": [0, 0, 1, 1], "texture": "#3"},
				"west": {"uv": [0, 0, 1, 1], "texture": "#3"},
				"up": {"uv": [0, 0, 1, 1], "texture": "#3", "rotation": 90},
				"down": {"uv": [0, 0, 1, 1], "texture": "#3", "rotation": 270}
			}
		},
		{
			"name": "octagon",
			"from": [13.18934, 9, 8],
			"to": [13.81066, 10.5, 8.5],
			"rotation": {"angle": 0, "axis": "z", "origin": [13.5, 9.75, 8]},
			"faces": {
				"north": {"uv": [0, 0, 1, 1], "texture": "#3"},
				"east": {"uv": [0, 0, 1, 1], "texture": "#3"},
				"south": {"uv": [0, 0, 1, 1], "texture": "#3"},
				"west": {"uv": [0, 0, 1, 1], "texture": "#3"},
				"up": {"uv": [0, 0, 1, 1], "texture": "#3", "rotation": 90},
				"down": {"uv": [0, 0, 1, 1], "texture": "#3", "rotation": 270}
			}
		},
		{
			"name": "octagon",
			"from": [12.75, 9.43934, 9.75],
			"to": [14.25, 10.06066, 10.75],
			"rotation": {"angle": 45, "axis": "z", "origin": [13.5, 9.75, 10.25]},
			"faces": {
				"north": {"uv": [0, 0, 1, 1], "texture": "#3"},
				"east": {"uv": [0, 0, 1, 1], "texture": "#3"},
				"south": {"uv": [0, 0, 1, 1], "texture": "#3"},
				"west": {"uv": [0, 0, 1, 1], "texture": "#3"},
				"up": {"uv": [0, 0, 1, 1], "texture": "#3", "rotation": 90},
				"down": {"uv": [0, 0, 1, 1], "texture": "#3", "rotation": 270}
			}
		},
		{
			"name": "octagon",
			"from": [12.75, 9.43934, 9.75],
			"to": [14.25, 10.06066, 10.75],
			"rotation": {"angle": 0, "axis": "z", "origin": [13.5, 9.75, 10.25]},
			"faces": {
				"north": {"uv": [0, 0, 1, 1], "texture": "#3"},
				"east": {"uv": [0, 0, 1, 1], "texture": "#3"},
				"south": {"uv": [0, 0, 1, 1], "texture": "#3"},
				"west": {"uv": [0, 0, 1, 1], "texture": "#3"},
				"up": {"uv": [0, 0, 1, 1], "texture": "#3", "rotation": 90},
				"down": {"uv": [0, 0, 1, 1], "texture": "#3", "rotation": 270}
			}
		},
		{
			"name": "octagon",
			"from": [13.18934, 9, 9.75],
			"to": [13.81066, 10.5, 10.75],
			"rotation": {"angle": 45, "axis": "z", "origin": [13.5, 9.75, 10.25]},
			"faces": {
				"north": {"uv": [0, 0, 1, 1], "texture": "#3"},
				"east": {"uv": [0, 0, 1, 1], "texture": "#3"},
				"south": {"uv": [0, 0, 1, 1], "texture": "#3"},
				"west": {"uv": [0, 0, 1, 1], "texture": "#3"},
				"up": {"uv": [0, 0, 1, 1], "texture": "#3", "rotation": 90},
				"down": {"uv": [0, 0, 1, 1], "texture": "#3", "rotation": 270}
			}
		},
		{
			"name": "octagon",
			"from": [13.18934, 9, 9.75],
			"to": [13.81066, 10.5, 10.75],
			"rotation": {"angle": 0, "axis": "z", "origin": [13.5, 9.75, 10.25]},
			"faces": {
				"north": {"uv": [0, 0, 1, 1], "texture": "#3"},
				"east": {"uv": [0, 0, 1, 1], "texture": "#3"},
				"south": {"uv": [0, 0, 1, 1], "texture": "#3"},
				"west": {"uv": [0, 0, 1, 1], "texture": "#3"},
				"up": {"uv": [0, 0, 1, 1], "texture": "#3", "rotation": 90},
				"down": {"uv": [0, 0, 1, 1], "texture": "#3", "rotation": 270}
			}
		},
		{
			"from": [12.75, 9, 13],
			"to": [14.25, 11, 14],
			"faces": {
				"north": {"uv": [8, 9, 9, 11], "texture": "#1"},
				"east": {"uv": [8, 9, 9, 11], "texture": "#1"},
				"south": {"uv": [8, 9, 9, 11], "texture": "#1"},
				"west": {"uv": [8, 9, 9, 11], "texture": "#1"},
				"up": {"uv": [8, 9, 9, 10], "texture": "#1", "rotation": 90},
				"down": {"uv": [8, 10, 9, 11], "texture": "#1", "rotation": 270}
			}
		},
		{
			"from": [12.65036, 8.1896, 13.14655],
			"to": [14.35036, 10.9396, 16.14655],
			"rotation": {"angle": 45, "axis": "x", "origin": [13.50036, 9.9396, 13.64655]},
			"faces": {
				"north": {"uv": [8, 9, 9, 11], "texture": "#1"},
				"east": {"uv": [6, 9, 9, 11], "texture": "#1"},
				"south": {"uv": [8, 9, 9, 11], "texture": "#1"},
				"west": {"uv": [8, 9, 11, 11], "texture": "#1"},
				"up": {"uv": [8, 9, 11, 10], "texture": "#1", "rotation": 90},
				"down": {"uv": [8, 10, 9, 11], "texture": "#1", "rotation": 270}
			}
		},
		{
			"name": "octagon",
			"from": [2.75, 9, 6.08579],
			"to": [4, 11, 6.91421],
			"rotation": {"angle": -45, "axis": "x", "origin": [3.5, 10, 6.5]},
			"faces": {
				"north": {"uv": [0, 0, 1, 1], "texture": "#2"},
				"east": {"uv": [0, 0, 1, 1], "texture": "#2"},
				"south": {"uv": [0, 0, 1, 1], "texture": "#2"},
				"west": {"uv": [0, 1, 0.5, 1.5], "texture": "#4"},
				"up": {"uv": [0, 0, 1, 1], "texture": "#2", "rotation": 90},
				"down": {"uv": [0, 0, 1, 1], "texture": "#2", "rotation": 270}
			}
		},
		{
			"name": "octagon",
			"from": [2.75, 9, 6.08579],
			"to": [4, 11, 6.91421],
			"rotation": {"angle": 0, "axis": "x", "origin": [3.5, 10, 6.5]},
			"faces": {
				"north": {"uv": [0, 0, 1, 1], "texture": "#2"},
				"east": {"uv": [0, 0, 1, 1], "texture": "#2"},
				"south": {"uv": [0, 0, 1, 1], "texture": "#2"},
				"west": {"uv": [0, 1, 0.5, 1.5], "texture": "#4"},
				"up": {"uv": [0, 0, 1, 1], "texture": "#2", "rotation": 90},
				"down": {"uv": [0, 0, 1, 1], "texture": "#2", "rotation": 270}
			}
		},
		{
			"name": "octagon",
			"from": [2.75, 9.58579, 5.5],
			"to": [4, 10.41421, 7.5],
			"rotation": {"angle": -45, "axis": "x", "origin": [3.5, 10, 6.5]},
			"faces": {
				"north": {"uv": [0, 0, 1, 1], "texture": "#2"},
				"east": {"uv": [0, 0, 1, 1], "texture": "#2"},
				"south": {"uv": [0, 0, 1, 1], "texture": "#2"},
				"west": {"uv": [0, 1, 0.5, 1.5], "texture": "#4"},
				"up": {"uv": [0, 0, 1, 1], "texture": "#2", "rotation": 90},
				"down": {"uv": [0, 0, 1, 1], "texture": "#2", "rotation": 270}
			}
		},
		{
			"name": "octagon",
			"from": [2.75, 9.58579, 5.5],
			"to": [4, 10.41421, 7.5],
			"rotation": {"angle": 0, "axis": "x", "origin": [3.5, 10, 6.5]},
			"faces": {
				"north": {"uv": [0, 0, 1, 1], "texture": "#2"},
				"east": {"uv": [0, 0, 1, 1], "texture": "#2"},
				"south": {"uv": [0, 0, 1, 1], "texture": "#2"},
				"west": {"uv": [0, 1, 0.5, 1.5], "texture": "#4"},
				"up": {"uv": [0, 0, 1, 1], "texture": "#2", "rotation": 90},
				"down": {"uv": [0, 0, 1, 1], "texture": "#2", "rotation": 270}
			}
		},
		{
			"name": "octagon",
			"from": [1.75, 9, 9.08579],
			"to": [4, 11, 9.91421],
			"rotation": {"angle": -45, "axis": "x", "origin": [3.5, 10, 9.5]},
			"faces": {
				"north": {"uv": [0, 0, 1, 1], "texture": "#2"},
				"east": {"uv": [0, 0, 1, 1], "texture": "#2"},
				"south": {"uv": [0, 0, 1, 1], "texture": "#2"},
				"west": {"uv": [0, 1, 0.5, 1.5], "texture": "#4"},
				"up": {"uv": [0, 0, 1, 1], "texture": "#2", "rotation": 90},
				"down": {"uv": [0, 0, 1, 1], "texture": "#2", "rotation": 270}
			}
		},
		{
			"name": "octagon",
			"from": [1.75, 9, 9.08579],
			"to": [4, 11, 9.91421],
			"rotation": {"angle": 0, "axis": "x", "origin": [3.5, 10, 9.5]},
			"faces": {
				"north": {"uv": [0, 0, 1, 1], "texture": "#2"},
				"east": {"uv": [0, 0, 1, 1], "texture": "#2"},
				"south": {"uv": [0, 0, 1, 1], "texture": "#2"},
				"west": {"uv": [0, 1, 0.5, 1.5], "texture": "#4"},
				"up": {"uv": [0, 0, 1, 1], "texture": "#2", "rotation": 90},
				"down": {"uv": [0, 0, 1, 1], "texture": "#2", "rotation": 270}
			}
		},
		{
			"name": "octagon",
			"from": [1.75, 9.58579, 8.5],
			"to": [4, 10.41421, 10.5],
			"rotation": {"angle": -45, "axis": "x", "origin": [3.5, 10, 9.5]},
			"faces": {
				"north": {"uv": [0, 0, 1, 1], "texture": "#2"},
				"east": {"uv": [0, 0, 1, 1], "texture": "#2"},
				"south": {"uv": [0, 0, 1, 1], "texture": "#2"},
				"west": {"uv": [0, 1, 0.5, 1.5], "texture": "#4"},
				"up": {"uv": [0, 0, 1, 1], "texture": "#2", "rotation": 90},
				"down": {"uv": [0, 0, 1, 1], "texture": "#2", "rotation": 270}
			}
		},
		{
			"name": "octagon",
			"from": [1.75, 9.58579, 8.5],
			"to": [4, 10.41421, 10.5],
			"rotation": {"angle": 0, "axis": "x", "origin": [3.5, 10, 9.5]},
			"faces": {
				"north": {"uv": [0, 0, 1, 1], "texture": "#2"},
				"east": {"uv": [0, 0, 1, 1], "texture": "#2"},
				"south": {"uv": [0, 0, 1, 1], "texture": "#2"},
				"west": {"uv": [0, 1, 0.5, 1.5], "texture": "#4"},
				"up": {"uv": [0, 0, 1, 1], "texture": "#2", "rotation": 90},
				"down": {"uv": [0, 0, 1, 1], "texture": "#2", "rotation": 270}
			}
		},
		{
			"name": "octagon",
			"from": [2, 8.75, 5.98223],
			"to": [2.75, 9.25, 7.01777],
			"rotation": {"angle": -45, "axis": "x", "origin": [2.25, 10, 6.5]},
			"faces": {
				"north": {"uv": [2, 1, 3, 2], "texture": "#2"},
				"east": {"uv": [2, 1, 3, 2], "texture": "#2"},
				"south": {"uv": [2, 1, 3, 2], "texture": "#2"},
				"west": {"uv": [2, 1, 3, 2], "texture": "#2"},
				"up": {"uv": [2, 1, 3, 2], "texture": "#2", "rotation": 90},
				"down": {"uv": [2, 1, 3, 2], "texture": "#2", "rotation": 270}
			}
		},
		{
			"name": "octagon",
			"from": [2, 8.75, 5.98223],
			"to": [2.75, 9.25, 7.01777],
			"rotation": {"angle": 0, "axis": "x", "origin": [2.25, 10, 6.5]},
			"faces": {
				"north": {"uv": [2, 1, 3, 2], "texture": "#2"},
				"east": {"uv": [2, 1, 3, 2], "texture": "#2"},
				"south": {"uv": [2, 1, 3, 2], "texture": "#2"},
				"west": {"uv": [2, 1, 3, 2], "texture": "#2"},
				"up": {"uv": [2, 1, 3, 2], "texture": "#2", "rotation": 90},
				"down": {"uv": [2, 1, 3, 2], "texture": "#2", "rotation": 270}
			}
		},
		{
			"name": "octagon",
			"from": [2, 10.75, 5.98223],
			"to": [2.75, 11.25, 7.01777],
			"rotation": {"angle": -45, "axis": "x", "origin": [2.25, 10, 6.5]},
			"faces": {
				"north": {"uv": [2, 1, 3, 2], "texture": "#2"},
				"east": {"uv": [2, 1, 3, 2], "texture": "#2"},
				"south": {"uv": [2, 1, 3, 2], "texture": "#2"},
				"west": {"uv": [2, 1, 3, 2], "texture": "#2"},
				"up": {"uv": [2, 1, 3, 2], "texture": "#2", "rotation": 90},
				"down": {"uv": [2, 1, 3, 2], "texture": "#2", "rotation": 270}
			}
		},
		{
			"name": "octagon",
			"from": [2, 10.75, 5.98223],
			"to": [2.75, 11.25, 7.01777],
			"rotation": {"angle": 0, "axis": "x", "origin": [2.25, 10, 6.5]},
			"faces": {
				"north": {"uv": [2, 1, 3, 2], "texture": "#2"},
				"east": {"uv": [2, 1, 3, 2], "texture": "#2"},
				"south": {"uv": [2, 1, 3, 2], "texture": "#2"},
				"west": {"uv": [2, 1, 3, 2], "texture": "#2"},
				"up": {"uv": [2, 1, 3, 2], "texture": "#2", "rotation": 90},
				"down": {"uv": [2, 1, 3, 2], "texture": "#2", "rotation": 270}
			}
		},
		{
			"name": "octagon",
			"from": [2, 9.48223, 5.25],
			"to": [2.75, 10.51777, 5.75],
			"rotation": {"angle": -45, "axis": "x", "origin": [2.25, 10, 6.5]},
			"faces": {
				"north": {"uv": [2, 1, 3, 2], "texture": "#2"},
				"east": {"uv": [2, 1, 3, 2], "texture": "#2"},
				"south": {"uv": [2, 1, 3, 2], "texture": "#2"},
				"west": {"uv": [2, 1, 3, 2], "texture": "#2"},
				"up": {"uv": [2, 1, 3, 2], "texture": "#2", "rotation": 90},
				"down": {"uv": [2, 1, 3, 2], "texture": "#2", "rotation": 270}
			}
		},
		{
			"name": "octagon",
			"from": [2, 9.48223, 5.25],
			"to": [2.75, 10.51777, 5.75],
			"rotation": {"angle": 0, "axis": "x", "origin": [2.25, 10, 6.5]},
			"faces": {
				"north": {"uv": [2, 1, 3, 2], "texture": "#2"},
				"east": {"uv": [2, 1, 3, 2], "texture": "#2"},
				"south": {"uv": [2, 1, 3, 2], "texture": "#2"},
				"west": {"uv": [2, 1, 3, 2], "texture": "#2"},
				"up": {"uv": [2, 1, 3, 2], "texture": "#2", "rotation": 90},
				"down": {"uv": [2, 1, 3, 2], "texture": "#2", "rotation": 270}
			}
		},
		{
			"name": "octagon",
			"from": [2, 9.48223, 7.25],
			"to": [2.75, 10.51777, 7.75],
			"rotation": {"angle": -45, "axis": "x", "origin": [2.25, 10, 6.5]},
			"faces": {
				"north": {"uv": [2, 1, 3, 2], "texture": "#2"},
				"east": {"uv": [2, 1, 3, 2], "texture": "#2"},
				"south": {"uv": [2, 1, 3, 2], "texture": "#2"},
				"west": {"uv": [2, 1, 3, 2], "texture": "#2"},
				"up": {"uv": [2, 1, 3, 2], "texture": "#2", "rotation": 90},
				"down": {"uv": [2, 1, 3, 2], "texture": "#2", "rotation": 270}
			}
		},
		{
			"name": "octagon",
			"from": [2, 9.48223, 7.25],
			"to": [2.75, 10.51777, 7.75],
			"rotation": {"angle": 0, "axis": "x", "origin": [2.25, 10, 6.5]},
			"faces": {
				"north": {"uv": [2, 1, 3, 2], "texture": "#2"},
				"east": {"uv": [2, 1, 3, 2], "texture": "#2"},
				"south": {"uv": [2, 1, 3, 2], "texture": "#2"},
				"west": {"uv": [2, 1, 3, 2], "texture": "#2"},
				"up": {"uv": [2, 1, 3, 2], "texture": "#2", "rotation": 90},
				"down": {"uv": [2, 1, 3, 2], "texture": "#2", "rotation": 270}
			}
		},
		{
			"name": "octagon",
			"from": [1, 8.75, 8.98223],
			"to": [1.75, 9.25, 10.01777],
			"rotation": {"angle": -45, "axis": "x", "origin": [1.25, 10, 9.5]},
			"faces": {
				"north": {"uv": [2, 1, 3, 2], "texture": "#2"},
				"east": {"uv": [2, 1, 3, 2], "texture": "#2"},
				"south": {"uv": [2, 1, 3, 2], "texture": "#2"},
				"west": {"uv": [2, 1, 3, 2], "texture": "#2"},
				"up": {"uv": [2, 1, 3, 2], "texture": "#2", "rotation": 90},
				"down": {"uv": [2, 1, 3, 2], "texture": "#2", "rotation": 270}
			}
		},
		{
			"name": "octagon",
			"from": [1, 8.75, 8.98223],
			"to": [1.75, 9.25, 10.01777],
			"rotation": {"angle": 0, "axis": "x", "origin": [1.25, 10, 9.5]},
			"faces": {
				"north": {"uv": [2, 1, 3, 2], "texture": "#2"},
				"east": {"uv": [2, 1, 3, 2], "texture": "#2"},
				"south": {"uv": [2, 1, 3, 2], "texture": "#2"},
				"west": {"uv": [2, 1, 3, 2], "texture": "#2"},
				"up": {"uv": [2, 1, 3, 2], "texture": "#2", "rotation": 90},
				"down": {"uv": [2, 1, 3, 2], "texture": "#2", "rotation": 270}
			}
		},
		{
			"name": "octagon",
			"from": [1, 10.75, 8.98223],
			"to": [1.75, 11.25, 10.01777],
			"rotation": {"angle": -45, "axis": "x", "origin": [1.25, 10, 9.5]},
			"faces": {
				"north": {"uv": [2, 1, 3, 2], "texture": "#2"},
				"east": {"uv": [2, 1, 3, 2], "texture": "#2"},
				"south": {"uv": [2, 1, 3, 2], "texture": "#2"},
				"west": {"uv": [2, 1, 3, 2], "texture": "#2"},
				"up": {"uv": [2, 1, 3, 2], "texture": "#2", "rotation": 90},
				"down": {"uv": [2, 1, 3, 2], "texture": "#2", "rotation": 270}
			}
		},
		{
			"name": "octagon",
			"from": [1, 10.75, 8.98223],
			"to": [1.75, 11.25, 10.01777],
			"rotation": {"angle": 0, "axis": "x", "origin": [1.25, 10, 9.5]},
			"faces": {
				"north": {"uv": [2, 1, 3, 2], "texture": "#2"},
				"east": {"uv": [2, 1, 3, 2], "texture": "#2"},
				"south": {"uv": [2, 1, 3, 2], "texture": "#2"},
				"west": {"uv": [2, 1, 3, 2], "texture": "#2"},
				"up": {"uv": [2, 1, 3, 2], "texture": "#2", "rotation": 90},
				"down": {"uv": [2, 1, 3, 2], "texture": "#2", "rotation": 270}
			}
		},
		{
			"name": "octagon",
			"from": [1, 9.48223, 8.25],
			"to": [1.75, 10.51777, 8.75],
			"rotation": {"angle": -45, "axis": "x", "origin": [1.25, 10, 9.5]},
			"faces": {
				"north": {"uv": [2, 1, 3, 2], "texture": "#2"},
				"east": {"uv": [2, 1, 3, 2], "texture": "#2"},
				"south": {"uv": [2, 1, 3, 2], "texture": "#2"},
				"west": {"uv": [2, 1, 3, 2], "texture": "#2"},
				"up": {"uv": [2, 1, 3, 2], "texture": "#2", "rotation": 90},
				"down": {"uv": [2, 1, 3, 2], "texture": "#2", "rotation": 270}
			}
		},
		{
			"name": "octagon",
			"from": [1, 9.48223, 8.25],
			"to": [1.75, 10.51777, 8.75],
			"rotation": {"angle": 0, "axis": "x", "origin": [1.25, 10, 9.5]},
			"faces": {
				"north": {"uv": [2, 1, 3, 2], "texture": "#2"},
				"east": {"uv": [2, 1, 3, 2], "texture": "#2"},
				"south": {"uv": [2, 1, 3, 2], "texture": "#2"},
				"west": {"uv": [2, 1, 3, 2], "texture": "#2"},
				"up": {"uv": [2, 1, 3, 2], "texture": "#2", "rotation": 90},
				"down": {"uv": [2, 1, 3, 2], "texture": "#2", "rotation": 270}
			}
		},
		{
			"name": "octagon",
			"from": [1, 9.48223, 10.25],
			"to": [1.75, 10.51777, 10.75],
			"rotation": {"angle": -45, "axis": "x", "origin": [1.25, 10, 9.5]},
			"faces": {
				"north": {"uv": [2, 1, 3, 2], "texture": "#2"},
				"east": {"uv": [2, 1, 3, 2], "texture": "#2"},
				"south": {"uv": [2, 1, 3, 2], "texture": "#2"},
				"west": {"uv": [2, 1, 3, 2], "texture": "#2"},
				"up": {"uv": [2, 1, 3, 2], "texture": "#2", "rotation": 90},
				"down": {"uv": [2, 1, 3, 2], "texture": "#2", "rotation": 270}
			}
		},
		{
			"name": "octagon",
			"from": [1, 9.48223, 10.25],
			"to": [1.75, 10.51777, 10.75],
			"rotation": {"angle": 0, "axis": "x", "origin": [1.25, 10, 9.5]},
			"faces": {
				"north": {"uv": [2, 1, 3, 2], "texture": "#2"},
				"east": {"uv": [2, 1, 3, 2], "texture": "#2"},
				"south": {"uv": [2, 1, 3, 2], "texture": "#2"},
				"west": {"uv": [2, 1, 3, 2], "texture": "#2"},
				"up": {"uv": [2, 1, 3, 2], "texture": "#2", "rotation": 90},
				"down": {"uv": [2, 1, 3, 2], "texture": "#2", "rotation": 270}
			}
		}
	],
	"display": {
		"head": {
			"scale": [1.7, 1.7, 1.7],
			"translation": [0, -29.5, 0]
		}
	},
	"groups": [0, 1,
		{
			"name": "hexadecagon",
			"isOpen": true,
			"shade": true,
			"display": {
				"visibility": true,
				"autouv": false
			},
			"children": [2, 3, 4, 5, 6, 7, 8, 9, 10, 11, 12, 13, 14, 15, 16, 17, 18, 19, 20, 21, 22, 23, 24, 25, 26, 27, 28, 29, 30, 31, 32, 33, 34, 35, 36, 37, 38, 39, 40, 41, 42]
		},
		{
			"name": "octagon",
			"isOpen": true,
			"shade": true,
			"display": {
				"visibility": true,
				"autouv": false
			},
			"children": [43, 44, 45, 46]
		},
		{
			"name": "octagon",
			"isOpen": true,
			"shade": true,
			"display": {
				"visibility": true,
				"autouv": false
			},
			"children": [47, 48, 49, 50, 51, 52, 53, 54]
		}, 55, 56,
		{
			"name": "octagon",
			"isOpen": true,
			"shade": true,
			"display": {
				"visibility": true,
				"autouv": false
			},
			"children": [57, 58, 59, 60, 61, 62, 63, 64]
		},
		{
			"name": "octagon",
			"isOpen": true,
			"shade": true,
			"display": {
				"visibility": true,
				"autouv": false
			},
			"children": [65, 66, 67, 68, 69, 70, 71, 72, 73, 74, 75, 76, 77, 78, 79, 80]
		}
	]
}