{
	"textures": {
		"1": "_custom/iron_plate",
		"2": "block/purpur_block",
		"3": "_custom/heightlimit",
		"4": "_custom/weightlimit"
	},
	"elements": [
		{
			"from": [-16, 23.6, 13.9],
			"to": [32, 24.6, 17],
			"rotation": {"angle": 0, "axis": "z", "origin": [8, 24, 15.55]},
			"faces": {
				"north": {"uv": [16, 2, 0, 2.33333], "texture": "#1", "rotation": 180},
				"east": {"uv": [0.33333, 2, 0, 2.33333], "texture": "#1", "rotation": 270},
				"south": {"uv": [16, 2, 0, 2.33333], "texture": "#1"},
				"west": {"uv": [0.33333, 2, 0, 2.33333], "texture": "#1", "rotation": 90},
				"up": {"uv": [16, 2, 0, 2.99922], "texture": "#1"},
				"down": {"uv": [16, 6, 0, 6.99922], "texture": "#1", "rotation": 180}
			}
		},
		{
			"from": [-16, 22.6, 13.9],
			"to": [32, 23.6, 15],
			"rotation": {"angle": 0, "axis": "z", "origin": [8, 23, 14.55]},
			"faces": {
				"north": {"uv": [16, 11.33281, 0, 11.66562], "texture": "#1", "rotation": 180},
				"east": {"uv": [0.66641, 10.99922, 0, 11.66484], "texture": "#2", "rotation": 270},
				"south": {"uv": [16, 11.33281, 0, 11.66562], "texture": "#1"},
				"west": {"uv": [0, 0, 1, 1], "texture": "#2", "rotation": 90},
				"up": {"uv": [16, 11.33281, 0, 11.66562], "texture": "#1"},
				"down": {"uv": [16, 11.33281, 0, 11.66562], "texture": "#1", "rotation": 180}
			}
		},
		{
			"from": [-16, 22.6, 15.9],
			"to": [32, 23.6, 17],
			"rotation": {"angle": 0, "axis": "z", "origin": [8, 23, 16.55]},
			"faces": {
				"north": {"uv": [16, 11.33281, 0, 11.66484], "texture": "#1", "rotation": 180},
				"east": {"uv": [0, 0, 1, 1], "texture": "#2", "rotation": 180},
				"south": {"uv": [16, 11.33281, 0, 11.66484], "texture": "#1", "rotation": 180},
				"west": {"uv": [0, 0, 1, 1], "texture": "#2", "rotation": 180},
				"up": {"uv": [16, 11.33281, 0, 11.66484], "texture": "#1", "rotation": 180},
				"down": {"uv": [16, 11.33281, 0, 11.66484], "texture": "#1", "rotation": 180}
			}
		},
		{
			"from": [0, 28.4, 15.9],
			"to": [16, 29.4, 16.91],
			"rotation": {"angle": 0, "axis": "z", "origin": [8, 29, 16.55]},
			"faces": {
				"north": {"uv": [0, 16, 16, 15], "texture": "#2", "rotation": 180},
				"east": {"uv": [0, 1, 1, 0], "texture": "#2", "rotation": 180},
				"south": {"uv": [0, 1, 16, 0], "texture": "#2", "rotation": 180},
				"west": {"uv": [0, 1, 1, 0], "texture": "#2", "rotation": 180},
				"up": {"uv": [0, 1, 16, 0], "texture": "#2", "rotation": 180},
				"down": {"uv": [0, 1, 16, 0], "texture": "#2", "rotation": 180}
			}
		},
		{
			"from": [13.36434, 22.85617, 15.90555],
			"to": [20.36434, 23.85617, 16.90555],
			"rotation": {"angle": -45, "axis": "z", "origin": [21.36434, 23.45617, 16.55555]},
			"faces": {
				"north": {"uv": [7, 1, 13, 0], "texture": "#2", "rotation": 180},
				"east": {"uv": [7, 1, 13, 0], "texture": "#2", "rotation": 180},
				"south": {"uv": [7, 1, 13, 0], "texture": "#2", "rotation": 180},
				"west": {"uv": [7, 1, 13, 0], "texture": "#2", "rotation": 180},
				"up": {"uv": [7, 1, 13, 0], "texture": "#2", "rotation": 180},
				"down": {"uv": [7, 1, 13, 0], "texture": "#2", "rotation": 180}
			}
		},
		{
			"from": [-4.36434, 22.85617, 15.90555],
			"to": [2.63566, 23.85617, 16.90555],
			"rotation": {"angle": 45, "axis": "z", "origin": [-5.36434, 23.45617, 16.55555]},
			"faces": {
				"north": {"uv": [13, 1, 7, 0], "texture": "#2", "rotation": 180},
				"east": {"uv": [13, 1, 7, 0], "texture": "#2", "rotation": 180},
				"south": {"uv": [13, 1, 7, 0], "texture": "#2", "rotation": 180},
				"west": {"uv": [13, 1, 7, 0], "texture": "#2", "rotation": 180},
				"up": {"uv": [13, 1, 7, 0], "texture": "#2", "rotation": 180},
				"down": {"uv": [13, 1, 7, 0], "texture": "#2", "rotation": 180}
			}
		},
		{
			"from": [1, 24.4, 16.35],
			"to": [8, 28.4, 16.86],
			"rotation": {"angle": 0, "axis": "z", "origin": [5, 28, 16.75]},
			"faces": {
				"north": {"uv": [4, 7, 11, 11], "texture": "#2", "rotation": 180},
				"east": {"uv": [1, 1, 0, 0], "texture": "#2", "rotation": 180},
				"south": {"uv": [16, 10.5, 0, 0], "texture": "#3", "rotation": 180},
				"west": {"uv": [1, 1, 0, 0], "texture": "#2", "rotation": 180},
				"up": {"uv": [16, 1, 0, 0], "texture": "#2", "rotation": 180},
				"down": {"uv": [16, 1, 0, 0], "texture": "#2", "rotation": 180}
			}
		},
		{
			"from": [15, 24.4, 16.35],
			"to": [16.9, 28.4, 16.86],
			"rotation": {"angle": 0, "axis": "z", "origin": [16, 28, 16.75]},
			"faces": {
				"north": {"uv": [6, 6, 7.9, 10], "texture": "#2"},
				"east": {"uv": [1, 1, 0, 0], "texture": "#2", "rotation": 180},
				"south": {"uv": [3, 16, 0, 10.5], "texture": "#3"},
				"west": {"uv": [1, 1, 0, 0], "texture": "#2", "rotation": 180},
				"up": {"uv": [16, 1, 0, 0], "texture": "#2", "rotation": 180},
				"down": {"uv": [16, 1, 0, 0], "texture": "#2", "rotation": 180}
			}
		},
		{
			"from": [16.9, 24.4, 16.35],
			"to": [17.8, 27.4, 16.86],
			"rotation": {"angle": 0, "axis": "z", "origin": [20.9, 28, 16.75]},
			"faces": {
				"north": {"uv": [8, 11, 8.9, 14], "texture": "#2", "rotation": 180},
				"east": {"uv": [1, 1, 0, 0], "texture": "#2", "rotation": 180},
				"south": {"uv": [1, 16, 0, 14], "texture": "#3", "rotation": 180},
				"west": {"uv": [1, 1, 0, 0], "texture": "#2", "rotation": 180},
				"up": {"uv": [16, 1, 0, 0], "texture": "#2", "rotation": 180},
				"down": {"uv": [16, 1, 0, 0], "texture": "#2", "rotation": 180}
			}
		},
		{
			"from": [17.8, 24.4, 16.35],
			"to": [19.1, 26.2, 16.86],
			"rotation": {"angle": 0, "axis": "z", "origin": [21.8, 28, 16.75]},
			"faces": {
				"north": {"uv": [6, 7, 7.3, 8.8], "texture": "#2", "rotation": 180},
				"east": {"uv": [1, 1, 0, 0], "texture": "#2", "rotation": 180},
				"south": {"uv": [4, 13.5, 2, 11], "texture": "#3", "rotation": 180},
				"west": {"uv": [1, 1, 0, 0], "texture": "#2", "rotation": 180},
				"up": {"uv": [16, 1, 0, 0], "texture": "#2", "rotation": 180},
				"down": {"uv": [16, 1, 0, 0], "texture": "#2", "rotation": 180}
			}
		},
		{
			"from": [19.1, 24.4, 16.35],
			"to": [19.5, 25, 16.86],
			"rotation": {"angle": 0, "axis": "z", "origin": [23.1, 28, 16.75]},
			"faces": {
				"north": {"uv": [2.5, 11.5, 2, 11], "texture": "#3", "rotation": 180},
				"east": {"uv": [2.5, 11.5, 2, 11], "texture": "#3", "rotation": 180},
				"south": {"uv": [2.5, 11.5, 2, 11], "texture": "#3", "rotation": 180},
				"west": {"uv": [2.5, 11.5, 2, 11], "texture": "#3", "rotation": 180},
				"up": {"uv": [2.5, 11.5, 2, 11], "texture": "#3", "rotation": 180},
				"down": {"uv": [2.5, 11.5, 2, 11], "texture": "#3", "rotation": 180}
			}
		},
		{
			"from": [-1.8, 24.4, 16.35],
			"to": [-0.9, 27.4, 16.86],
			"rotation": {"angle": 0, "axis": "z", "origin": [-4.9, 28, 16.75]},
			"faces": {
				"north": {"uv": [7, 9, 7.9, 12], "texture": "#2", "rotation": 180},
				"east": {"uv": [0, 1, 1, 0], "texture": "#2", "rotation": 180},
				"south": {"uv": [0, 16, 1, 14], "texture": "#3", "rotation": 180},
				"west": {"uv": [0, 1, 1, 0], "texture": "#2", "rotation": 180},
				"up": {"uv": [0, 1, 16, 0], "texture": "#2", "rotation": 180},
				"down": {"uv": [0, 1, 16, 0], "texture": "#2", "rotation": 180}
			}
		},
		{
			"from": [-0.9, 24.4, 16.35],
			"to": [1, 28.4, 16.86],
			"rotation": {"angle": 0, "axis": "z", "origin": [0, 28, 16.75]},
			"faces": {
				"north": {"uv": [9, 9, 10.9, 13], "texture": "#2", "rotation": 180},
				"east": {"uv": [0, 1, 1, 0], "texture": "#2", "rotation": 180},
				"south": {"uv": [0, 16, 2.5, 10.5], "texture": "#3"},
				"west": {"uv": [0, 1, 1, 0], "texture": "#2", "rotation": 180},
				"up": {"uv": [0, 1, 16, 0], "texture": "#2", "rotation": 180},
				"down": {"uv": [0, 1, 16, 0], "texture": "#2", "rotation": 180}
			}
		},
		{
			"from": [-3.1, 24.4, 16.35],
			"to": [-1.8, 26.2, 16.86],
			"rotation": {"angle": 0, "axis": "z", "origin": [-5.8, 28, 16.75]},
			"faces": {
				"north": {"uv": [7, 7, 8.3, 8.8], "texture": "#2", "rotation": 180},
				"east": {"uv": [0, 1, 1, 0], "texture": "#2", "rotation": 180},
				"south": {"uv": [2, 13.5, 4, 11], "texture": "#3", "rotation": 180},
				"west": {"uv": [0, 1, 1, 0], "texture": "#2", "rotation": 180},
				"up": {"uv": [0, 1, 16, 0], "texture": "#2", "rotation": 180},
				"down": {"uv": [0, 1, 16, 0], "texture": "#2", "rotation": 180}
			}
		},
		{
			"from": [-3.5, 24.4, 16.35],
			"to": [-3.1, 25.05, 16.86],
			"rotation": {"angle": 0, "axis": "z", "origin": [-7.1, 28, 16.75]},
			"faces": {
				"north": {"uv": [2, 11.5, 2.5, 11], "texture": "#3", "rotation": 180},
				"east": {"uv": [2, 11.5, 2.5, 11], "texture": "#3", "rotation": 180},
				"south": {"uv": [2, 11.5, 2.5, 11], "texture": "#3", "rotation": 180},
				"west": {"uv": [2, 11.5, 2.5, 11], "texture": "#3", "rotation": 180},
				"up": {"uv": [2, 11.5, 2.5, 11], "texture": "#3", "rotation": 180},
				"down": {"uv": [2, 11.5, 2.5, 11], "texture": "#3", "rotation": 180}
			}
		},
		{
			"from": [8, 24.4, 16.35],
			"to": [15, 28.4, 16.86],
			"rotation": {"angle": 0, "axis": "z", "origin": [11, 28, 16.75]},
			"faces": {
				"north": {"uv": [5, 7, 12, 11], "texture": "#2", "rotation": 180},
				"east": {"uv": [1, 1, 0, 0], "texture": "#2", "rotation": 180},
				"south": {"uv": [16, 10.5, 0, 0], "texture": "#4", "rotation": 180},
				"west": {"uv": [1, 1, 0, 0], "texture": "#2", "rotation": 180},
				"up": {"uv": [16, 1, 0, 0], "texture": "#2", "rotation": 180},
				"down": {"uv": [16, 1, 0, 0], "texture": "#2", "rotation": 180}
			}
		}
	],
	"display": {
		"head": {
			"scale": [1.6, 1.6, 1.6],
			"translation": [-1, -5, 0],
			"rotation": [0, 90, 0]
		}
	}
}