{
	"textures": {
		"1": "_custom/iron_plate",
		"2": "block/purpur_block"
	},
	"elements": [
		{
			"from": [-16, 23.6, 13.9],
			"to": [32, 24.6, 17],
			"rotation": {"angle": 0, "axis": "z", "origin": [8, 24, 15.55]},
			"faces": {
				"north": {"uv": [16, 2, 0, 2.33333], "texture": "#1", "rotation": 180},
				"east": {"uv": [0.33333, 2, 0, 2.33333], "texture": "#1", "rotation": 270},
				"south": {"uv": [16, 2, 0, 2.33333], "texture": "#1"},
				"west": {"uv": [0.33333, 2, 0, 2.33333], "texture": "#1", "rotation": 90},
				"up": {"uv": [16, 2, 0, 2.99922], "texture": "#1"},
				"down": {"uv": [16, 6, 0, 6.99922], "texture": "#1", "rotation": 180}
			}
		},
		{
			"from": [-16, 22.6, 13.9],
			"to": [32, 23.6, 15],
			"rotation": {"angle": 0, "axis": "z", "origin": [8, 23, 14.55]},
			"faces": {
				"north": {"uv": [16, 11.33281, 0, 11.66562], "texture": "#1", "rotation": 180},
				"east": {"uv": [0.66641, 10.99922, 0, 11.66484], "texture": "#2", "rotation": 270},
				"south": {"uv": [16, 11.33281, 0, 11.66562], "texture": "#1"},
				"west": {"uv": [0, 0, 1, 1], "texture": "#2", "rotation": 90},
				"up": {"uv": [16, 11.33281, 0, 11.66562], "texture": "#1"},
				"down": {"uv": [16, 11.33281, 0, 11.66562], "texture": "#1", "rotation": 180}
			}
		},
		{
			"from": [-16, 22.6, 15.9],
			"to": [32, 23.6, 17],
			"rotation": {"angle": 0, "axis": "z", "origin": [8, 23, 16.55]},
			"faces": {
				"north": {"uv": [16, 11.33281, 0, 11.66484], "texture": "#1", "rotation": 180},
				"east": {"uv": [0, 0, 1, 1], "texture": "#2", "rotation": 180},
				"south": {"uv": [16, 11.33281, 0, 11.66484], "texture": "#1", "rotation": 180},
				"west": {"uv": [0, 0, 1, 1], "texture": "#2", "rotation": 180},
				"up": {"uv": [16, 11.33281, 0, 11.66484], "texture": "#1", "rotation": 180},
				"down": {"uv": [16, 11.33281, 0, 11.66484], "texture": "#1", "rotation": 180}
			}
		}
	],
	"display": {
		"head": {
			"scale": [1.6, 1.6, 1.6],
			"translation": [-1, -5, 0],
			"rotation": [0, 90, 0]
		}
	}
}