{
	"textures": {
		"0": "_custom/steel",
		"particle": "_custom/steel"
	},
	"elements": [
		{
			"from": [27.50049, 19.17231, 14.91623],
			"to": [28.50049, 24.44702, 16.01623],
			"rotation": {"angle": -45, "axis": "z", "origin": [28.00049, 21.80966, 15.46623]},
			"faces": {
				"north": {"uv": [1, 4, 0, 3], "texture": "#0", "rotation": 90},
				"east": {"uv": [1, 4, 0, 3], "texture": "#0", "rotation": 90},
				"south": {"uv": [1, 4, 0, 3], "texture": "#0", "rotation": 90},
				"west": {"uv": [1, 4, 0, 3], "texture": "#0", "rotation": 90},
				"up": {"uv": [1, 4, 0, 3], "texture": "#0", "rotation": 90},
				"down": {"uv": [1, 4, 0, 3], "texture": "#0", "rotation": 90}
			}
		},
		{
			"from": [27.50049, 19.17231, 14.91623],
			"to": [28.50049, 24.44702, 16.01623],
			"rotation": {"angle": 45, "axis": "z", "origin": [28.00049, 21.80966, 15.46623]},
			"faces": {
				"north": {"uv": [1, 4, 0, 3], "texture": "#0", "rotation": 90},
				"east": {"uv": [1, 4, 0, 3], "texture": "#0", "rotation": 90},
				"south": {"uv": [1, 4, 0, 3], "texture": "#0", "rotation": 90},
				"west": {"uv": [1, 4, 0, 3], "texture": "#0", "rotation": 90},
				"up": {"uv": [1, 4, 0, 3], "texture": "#0", "rotation": 90},
				"down": {"uv": [1, 4, 0, 3], "texture": "#0", "rotation": 90}
			}
		},
		{
			"from": [27.50049, 13.17231, 14.91623],
			"to": [28.50049, 18.44702, 16.01623],
			"rotation": {"angle": 45, "axis": "z", "origin": [28.00049, 15.80966, 15.46623]},
			"faces": {
				"north": {"uv": [1, 4, 0, 3], "texture": "#0", "rotation": 90},
				"east": {"uv": [1, 4, 0, 3], "texture": "#0", "rotation": 90},
				"south": {"uv": [1, 4, 0, 3], "texture": "#0", "rotation": 90},
				"west": {"uv": [1, 4, 0, 3], "texture": "#0", "rotation": 90},
				"up": {"uv": [1, 4, 0, 3], "texture": "#0", "rotation": 90},
				"down": {"uv": [1, 4, 0, 3], "texture": "#0", "rotation": 90}
			}
		},
		{
			"from": [27.50049, 13.17231, 14.91623],
			"to": [28.50049, 18.44702, 16.01623],
			"rotation": {"angle": -45, "axis": "z", "origin": [28.00049, 15.80966, 15.46623]},
			"faces": {
				"north": {"uv": [1, 4, 0, 3], "texture": "#0", "rotation": 90},
				"east": {"uv": [1, 4, 0, 3], "texture": "#0", "rotation": 90},
				"south": {"uv": [1, 4, 0, 3], "texture": "#0", "rotation": 90},
				"west": {"uv": [1, 4, 0, 3], "texture": "#0", "rotation": 90},
				"up": {"uv": [1, 4, 0, 3], "texture": "#0", "rotation": 90},
				"down": {"uv": [1, 4, 0, 3], "texture": "#0", "rotation": 90}
			}
		},
		{
			"from": [27.50049, -2.44702, 14.91623],
			"to": [28.50049, 2.82769, 16.01623],
			"rotation": {"angle": -45, "axis": "z", "origin": [28.00049, 0.19034, 15.46623]},
			"faces": {
				"north": {"uv": [1, 3, 0, 4], "texture": "#0", "rotation": 90},
				"east": {"uv": [1, 3, 0, 4], "texture": "#0", "rotation": 90},
				"south": {"uv": [1, 3, 0, 4], "texture": "#0", "rotation": 90},
				"west": {"uv": [1, 3, 0, 4], "texture": "#0", "rotation": 90},
				"up": {"uv": [1, 3, 0, 4], "texture": "#0", "rotation": 90},
				"down": {"uv": [1, 3, 0, 4], "texture": "#0", "rotation": 90}
			}
		},
		{
			"from": [27.50049, -2.44702, 14.91623],
			"to": [28.50049, 2.82769, 16.01623],
			"rotation": {"angle": 45, "axis": "z", "origin": [28.00049, 0.19034, 15.46623]},
			"faces": {
				"north": {"uv": [1, 3, 0, 4], "texture": "#0", "rotation": 90},
				"east": {"uv": [1, 3, 0, 4], "texture": "#0", "rotation": 90},
				"south": {"uv": [1, 3, 0, 4], "texture": "#0", "rotation": 90},
				"west": {"uv": [1, 3, 0, 4], "texture": "#0", "rotation": 90},
				"up": {"uv": [1, 3, 0, 4], "texture": "#0", "rotation": 90},
				"down": {"uv": [1, 3, 0, 4], "texture": "#0", "rotation": 90}
			}
		},
		{
			"from": [27.50049, -8.44702, 14.91623],
			"to": [28.50049, -3.17231, 16.01623],
			"rotation": {"angle": -45, "axis": "z", "origin": [28.00049, -5.80966, 15.46623]},
			"faces": {
				"north": {"uv": [1, 3, 0, 4], "texture": "#0", "rotation": 90},
				"east": {"uv": [1, 3, 0, 4], "texture": "#0", "rotation": 90},
				"south": {"uv": [1, 3, 0, 4], "texture": "#0", "rotation": 90},
				"west": {"uv": [1, 3, 0, 4], "texture": "#0", "rotation": 90},
				"up": {"uv": [1, 3, 0, 4], "texture": "#0", "rotation": 90},
				"down": {"uv": [1, 3, 0, 4], "texture": "#0", "rotation": 90}
			}
		},
		{
			"from": [27.50049, -8.44702, 14.91623],
			"to": [28.50049, -3.17231, 16.01623],
			"rotation": {"angle": 45, "axis": "z", "origin": [28.00049, -5.80966, 15.46623]},
			"faces": {
				"north": {"uv": [1, 3, 0, 4], "texture": "#0", "rotation": 90},
				"east": {"uv": [1, 3, 0, 4], "texture": "#0", "rotation": 90},
				"south": {"uv": [1, 3, 0, 4], "texture": "#0", "rotation": 90},
				"west": {"uv": [1, 3, 0, 4], "texture": "#0", "rotation": 90},
				"up": {"uv": [1, 3, 0, 4], "texture": "#0", "rotation": 90},
				"down": {"uv": [1, 3, 0, 4], "texture": "#0", "rotation": 90}
			}
		},
		{
			"from": [23.50049, -2.44702, 14.91623],
			"to": [24.50049, 2.82769, 16.01623],
			"rotation": {"angle": -45, "axis": "z", "origin": [24.00049, 0.19034, 15.46623]},
			"faces": {
				"north": {"uv": [1, 3, 0, 4], "texture": "#0", "rotation": 90},
				"east": {"uv": [1, 3, 0, 4], "texture": "#0", "rotation": 90},
				"south": {"uv": [1, 3, 0, 4], "texture": "#0", "rotation": 90},
				"west": {"uv": [1, 3, 0, 4], "texture": "#0", "rotation": 90},
				"up": {"uv": [1, 3, 0, 4], "texture": "#0", "rotation": 90},
				"down": {"uv": [1, 3, 0, 4], "texture": "#0", "rotation": 90}
			}
		},
		{
			"from": [23.50049, -2.44702, 14.91623],
			"to": [24.50049, 2.82769, 16.01623],
			"rotation": {"angle": 45, "axis": "z", "origin": [24.00049, 0.19034, 15.46623]},
			"faces": {
				"north": {"uv": [1, 3, 0, 4], "texture": "#0", "rotation": 90},
				"east": {"uv": [1, 3, 0, 4], "texture": "#0", "rotation": 90},
				"south": {"uv": [1, 3, 0, 4], "texture": "#0", "rotation": 90},
				"west": {"uv": [1, 3, 0, 4], "texture": "#0", "rotation": 90},
				"up": {"uv": [1, 3, 0, 4], "texture": "#0", "rotation": 90},
				"down": {"uv": [1, 3, 0, 4], "texture": "#0", "rotation": 90}
			}
		},
		{
			"from": [23.50049, -8.44702, 14.91623],
			"to": [24.50049, -3.17231, 16.01623],
			"rotation": {"angle": -45, "axis": "z", "origin": [24.00049, -5.80966, 15.46623]},
			"faces": {
				"north": {"uv": [1, 3, 0, 4], "texture": "#0", "rotation": 90},
				"east": {"uv": [1, 3, 0, 4], "texture": "#0", "rotation": 90},
				"south": {"uv": [1, 3, 0, 4], "texture": "#0", "rotation": 90},
				"west": {"uv": [1, 3, 0, 4], "texture": "#0", "rotation": 90},
				"up": {"uv": [1, 3, 0, 4], "texture": "#0", "rotation": 90},
				"down": {"uv": [1, 3, 0, 4], "texture": "#0", "rotation": 90}
			}
		},
		{
			"from": [23.50049, -8.44702, 14.91623],
			"to": [24.50049, -3.17231, 16.01623],
			"rotation": {"angle": 45, "axis": "z", "origin": [24.00049, -5.80966, 15.46623]},
			"faces": {
				"north": {"uv": [1, 3, 0, 4], "texture": "#0", "rotation": 90},
				"east": {"uv": [1, 3, 0, 4], "texture": "#0", "rotation": 90},
				"south": {"uv": [1, 3, 0, 4], "texture": "#0", "rotation": 90},
				"west": {"uv": [1, 3, 0, 4], "texture": "#0", "rotation": 90},
				"up": {"uv": [1, 3, 0, 4], "texture": "#0", "rotation": 90},
				"down": {"uv": [1, 3, 0, 4], "texture": "#0", "rotation": 90}
			}
		},
		{
			"from": [23.50049, 13.17231, 14.91623],
			"to": [24.50049, 18.44702, 16.01623],
			"rotation": {"angle": -45, "axis": "z", "origin": [24.00049, 15.80966, 15.46623]},
			"faces": {
				"north": {"uv": [1, 4, 0, 3], "texture": "#0", "rotation": 90},
				"east": {"uv": [1, 4, 0, 3], "texture": "#0", "rotation": 90},
				"south": {"uv": [1, 4, 0, 3], "texture": "#0", "rotation": 90},
				"west": {"uv": [1, 4, 0, 3], "texture": "#0", "rotation": 90},
				"up": {"uv": [1, 4, 0, 3], "texture": "#0", "rotation": 90},
				"down": {"uv": [1, 4, 0, 3], "texture": "#0", "rotation": 90}
			}
		},
		{
			"from": [23.50049, 13.17231, 14.91623],
			"to": [24.50049, 18.44702, 16.01623],
			"rotation": {"angle": 45, "axis": "z", "origin": [24.00049, 15.80966, 15.46623]},
			"faces": {
				"north": {"uv": [1, 4, 0, 3], "texture": "#0", "rotation": 90},
				"east": {"uv": [1, 4, 0, 3], "texture": "#0", "rotation": 90},
				"south": {"uv": [1, 4, 0, 3], "texture": "#0", "rotation": 90},
				"west": {"uv": [1, 4, 0, 3], "texture": "#0", "rotation": 90},
				"up": {"uv": [1, 4, 0, 3], "texture": "#0", "rotation": 90},
				"down": {"uv": [1, 4, 0, 3], "texture": "#0", "rotation": 90}
			}
		},
		{
			"from": [23.50049, 19.17231, 14.91623],
			"to": [24.50049, 24.44702, 16.01623],
			"rotation": {"angle": -45, "axis": "z", "origin": [24.00049, 21.80966, 15.46623]},
			"faces": {
				"north": {"uv": [1, 4, 0, 3], "texture": "#0", "rotation": 90},
				"east": {"uv": [1, 4, 0, 3], "texture": "#0", "rotation": 90},
				"south": {"uv": [1, 4, 0, 3], "texture": "#0", "rotation": 90},
				"west": {"uv": [1, 4, 0, 3], "texture": "#0", "rotation": 90},
				"up": {"uv": [1, 4, 0, 3], "texture": "#0", "rotation": 90},
				"down": {"uv": [1, 4, 0, 3], "texture": "#0", "rotation": 90}
			}
		},
		{
			"from": [23.50049, 19.17231, 14.91623],
			"to": [24.50049, 24.44702, 16.01623],
			"rotation": {"angle": 45, "axis": "z", "origin": [24.00049, 21.80966, 15.46623]},
			"faces": {
				"north": {"uv": [1, 4, 0, 3], "texture": "#0", "rotation": 90},
				"east": {"uv": [1, 4, 0, 3], "texture": "#0", "rotation": 90},
				"south": {"uv": [1, 4, 0, 3], "texture": "#0", "rotation": 90},
				"west": {"uv": [1, 4, 0, 3], "texture": "#0", "rotation": 90},
				"up": {"uv": [1, 4, 0, 3], "texture": "#0", "rotation": 90},
				"down": {"uv": [1, 4, 0, 3], "texture": "#0", "rotation": 90}
			}
		},
		{
			"from": [19.50049, -2.44702, 14.91623],
			"to": [20.50049, 2.82769, 16.01623],
			"rotation": {"angle": -45, "axis": "z", "origin": [20.00049, 0.19034, 15.46623]},
			"faces": {
				"north": {"uv": [1, 3, 0, 4], "texture": "#0", "rotation": 90},
				"east": {"uv": [1, 3, 0, 4], "texture": "#0", "rotation": 90},
				"south": {"uv": [1, 3, 0, 4], "texture": "#0", "rotation": 90},
				"west": {"uv": [1, 3, 0, 4], "texture": "#0", "rotation": 90},
				"up": {"uv": [1, 3, 0, 4], "texture": "#0", "rotation": 90},
				"down": {"uv": [1, 3, 0, 4], "texture": "#0", "rotation": 90}
			}
		},
		{
			"from": [19.50049, -2.44702, 14.91623],
			"to": [20.50049, 2.82769, 16.01623],
			"rotation": {"angle": 45, "axis": "z", "origin": [20.00049, 0.19034, 15.46623]},
			"faces": {
				"north": {"uv": [1, 3, 0, 4], "texture": "#0", "rotation": 90},
				"east": {"uv": [1, 3, 0, 4], "texture": "#0", "rotation": 90},
				"south": {"uv": [1, 3, 0, 4], "texture": "#0", "rotation": 90},
				"west": {"uv": [1, 3, 0, 4], "texture": "#0", "rotation": 90},
				"up": {"uv": [1, 3, 0, 4], "texture": "#0", "rotation": 90},
				"down": {"uv": [1, 3, 0, 4], "texture": "#0", "rotation": 90}
			}
		},
		{
			"from": [19.50049, -8.44702, 14.91623],
			"to": [20.50049, -3.17231, 16.01623],
			"rotation": {"angle": -45, "axis": "z", "origin": [20.00049, -5.80966, 15.46623]},
			"faces": {
				"north": {"uv": [1, 3, 0, 4], "texture": "#0", "rotation": 90},
				"east": {"uv": [1, 3, 0, 4], "texture": "#0", "rotation": 90},
				"south": {"uv": [1, 3, 0, 4], "texture": "#0", "rotation": 90},
				"west": {"uv": [1, 3, 0, 4], "texture": "#0", "rotation": 90},
				"up": {"uv": [1, 3, 0, 4], "texture": "#0", "rotation": 90},
				"down": {"uv": [1, 3, 0, 4], "texture": "#0", "rotation": 90}
			}
		},
		{
			"from": [19.50049, -8.44702, 14.91623],
			"to": [20.50049, -3.17231, 16.01623],
			"rotation": {"angle": 45, "axis": "z", "origin": [20.00049, -5.80966, 15.46623]},
			"faces": {
				"north": {"uv": [1, 3, 0, 4], "texture": "#0", "rotation": 90},
				"east": {"uv": [1, 3, 0, 4], "texture": "#0", "rotation": 90},
				"south": {"uv": [1, 3, 0, 4], "texture": "#0", "rotation": 90},
				"west": {"uv": [1, 3, 0, 4], "texture": "#0", "rotation": 90},
				"up": {"uv": [1, 3, 0, 4], "texture": "#0", "rotation": 90},
				"down": {"uv": [1, 3, 0, 4], "texture": "#0", "rotation": 90}
			}
		},
		{
			"from": [19.50049, 13.17231, 14.91623],
			"to": [20.50049, 18.44702, 16.01623],
			"rotation": {"angle": -45, "axis": "z", "origin": [20.00049, 15.80966, 15.46623]},
			"faces": {
				"north": {"uv": [1, 4, 0, 3], "texture": "#0", "rotation": 90},
				"east": {"uv": [1, 4, 0, 3], "texture": "#0", "rotation": 90},
				"south": {"uv": [1, 4, 0, 3], "texture": "#0", "rotation": 90},
				"west": {"uv": [1, 4, 0, 3], "texture": "#0", "rotation": 90},
				"up": {"uv": [1, 4, 0, 3], "texture": "#0", "rotation": 90},
				"down": {"uv": [1, 4, 0, 3], "texture": "#0", "rotation": 90}
			}
		},
		{
			"from": [19.50049, 13.17231, 14.91623],
			"to": [20.50049, 18.44702, 16.01623],
			"rotation": {"angle": 45, "axis": "z", "origin": [20.00049, 15.80966, 15.46623]},
			"faces": {
				"north": {"uv": [1, 4, 0, 3], "texture": "#0", "rotation": 90},
				"east": {"uv": [1, 4, 0, 3], "texture": "#0", "rotation": 90},
				"south": {"uv": [1, 4, 0, 3], "texture": "#0", "rotation": 90},
				"west": {"uv": [1, 4, 0, 3], "texture": "#0", "rotation": 90},
				"up": {"uv": [1, 4, 0, 3], "texture": "#0", "rotation": 90},
				"down": {"uv": [1, 4, 0, 3], "texture": "#0", "rotation": 90}
			}
		},
		{
			"from": [19.50049, 19.17231, 14.91623],
			"to": [20.50049, 24.44702, 16.01623],
			"rotation": {"angle": -45, "axis": "z", "origin": [20.00049, 21.80966, 15.46623]},
			"faces": {
				"north": {"uv": [1, 4, 0, 3], "texture": "#0", "rotation": 90},
				"east": {"uv": [1, 4, 0, 3], "texture": "#0", "rotation": 90},
				"south": {"uv": [1, 4, 0, 3], "texture": "#0", "rotation": 90},
				"west": {"uv": [1, 4, 0, 3], "texture": "#0", "rotation": 90},
				"up": {"uv": [1, 4, 0, 3], "texture": "#0", "rotation": 90},
				"down": {"uv": [1, 4, 0, 3], "texture": "#0", "rotation": 90}
			}
		},
		{
			"from": [19.50049, 19.17231, 14.91623],
			"to": [20.50049, 24.44702, 16.01623],
			"rotation": {"angle": 45, "axis": "z", "origin": [20.00049, 21.80966, 15.46623]},
			"faces": {
				"north": {"uv": [1, 4, 0, 3], "texture": "#0", "rotation": 90},
				"east": {"uv": [1, 4, 0, 3], "texture": "#0", "rotation": 90},
				"south": {"uv": [1, 4, 0, 3], "texture": "#0", "rotation": 90},
				"west": {"uv": [1, 4, 0, 3], "texture": "#0", "rotation": 90},
				"up": {"uv": [1, 4, 0, 3], "texture": "#0", "rotation": 90},
				"down": {"uv": [1, 4, 0, 3], "texture": "#0", "rotation": 90}
			}
		},
		{
			"from": [15.50049, -2.44702, 14.91623],
			"to": [16.50049, 2.82769, 16.01623],
			"rotation": {"angle": -45, "axis": "z", "origin": [16.00049, 0.19034, 15.46623]},
			"faces": {
				"north": {"uv": [1, 3, 0, 4], "texture": "#0", "rotation": 90},
				"east": {"uv": [1, 3, 0, 4], "texture": "#0", "rotation": 90},
				"south": {"uv": [1, 3, 0, 4], "texture": "#0", "rotation": 90},
				"west": {"uv": [1, 3, 0, 4], "texture": "#0", "rotation": 90},
				"up": {"uv": [1, 3, 0, 4], "texture": "#0", "rotation": 90},
				"down": {"uv": [1, 3, 0, 4], "texture": "#0", "rotation": 90}
			}
		},
		{
			"from": [15.50049, -2.44702, 14.91623],
			"to": [16.50049, 2.82769, 16.01623],
			"rotation": {"angle": 45, "axis": "z", "origin": [16.00049, 0.19034, 15.46623]},
			"faces": {
				"north": {"uv": [1, 3, 0, 4], "texture": "#0", "rotation": 90},
				"east": {"uv": [1, 3, 0, 4], "texture": "#0", "rotation": 90},
				"south": {"uv": [1, 3, 0, 4], "texture": "#0", "rotation": 90},
				"west": {"uv": [1, 3, 0, 4], "texture": "#0", "rotation": 90},
				"up": {"uv": [1, 3, 0, 4], "texture": "#0", "rotation": 90},
				"down": {"uv": [1, 3, 0, 4], "texture": "#0", "rotation": 90}
			}
		},
		{
			"from": [15.50049, -8.44702, 14.91623],
			"to": [16.50049, -3.17231, 16.01623],
			"rotation": {"angle": -45, "axis": "z", "origin": [16.00049, -5.80966, 15.46623]},
			"faces": {
				"north": {"uv": [1, 3, 0, 4], "texture": "#0", "rotation": 90},
				"east": {"uv": [1, 3, 0, 4], "texture": "#0", "rotation": 90},
				"south": {"uv": [1, 3, 0, 4], "texture": "#0", "rotation": 90},
				"west": {"uv": [1, 3, 0, 4], "texture": "#0", "rotation": 90},
				"up": {"uv": [1, 3, 0, 4], "texture": "#0", "rotation": 90},
				"down": {"uv": [1, 3, 0, 4], "texture": "#0", "rotation": 90}
			}
		},
		{
			"from": [15.50049, -8.44702, 14.91623],
			"to": [16.50049, -3.17231, 16.01623],
			"rotation": {"angle": 45, "axis": "z", "origin": [16.00049, -5.80966, 15.46623]},
			"faces": {
				"north": {"uv": [1, 3, 0, 4], "texture": "#0", "rotation": 90},
				"east": {"uv": [1, 3, 0, 4], "texture": "#0", "rotation": 90},
				"south": {"uv": [1, 3, 0, 4], "texture": "#0", "rotation": 90},
				"west": {"uv": [1, 3, 0, 4], "texture": "#0", "rotation": 90},
				"up": {"uv": [1, 3, 0, 4], "texture": "#0", "rotation": 90},
				"down": {"uv": [1, 3, 0, 4], "texture": "#0", "rotation": 90}
			}
		},
		{
			"from": [15.50049, 13.17231, 14.91623],
			"to": [16.50049, 18.44702, 16.01623],
			"rotation": {"angle": -45, "axis": "z", "origin": [16.00049, 15.80966, 15.46623]},
			"faces": {
				"north": {"uv": [1, 4, 0, 3], "texture": "#0", "rotation": 90},
				"east": {"uv": [1, 4, 0, 3], "texture": "#0", "rotation": 90},
				"south": {"uv": [1, 4, 0, 3], "texture": "#0", "rotation": 90},
				"west": {"uv": [1, 4, 0, 3], "texture": "#0", "rotation": 90},
				"up": {"uv": [1, 4, 0, 3], "texture": "#0", "rotation": 90},
				"down": {"uv": [1, 4, 0, 3], "texture": "#0", "rotation": 90}
			}
		},
		{
			"from": [15.50049, 13.17231, 14.91623],
			"to": [16.50049, 18.44702, 16.01623],
			"rotation": {"angle": 45, "axis": "z", "origin": [16.00049, 15.80966, 15.46623]},
			"faces": {
				"north": {"uv": [1, 4, 0, 3], "texture": "#0", "rotation": 90},
				"east": {"uv": [1, 4, 0, 3], "texture": "#0", "rotation": 90},
				"south": {"uv": [1, 4, 0, 3], "texture": "#0", "rotation": 90},
				"west": {"uv": [1, 4, 0, 3], "texture": "#0", "rotation": 90},
				"up": {"uv": [1, 4, 0, 3], "texture": "#0", "rotation": 90},
				"down": {"uv": [1, 4, 0, 3], "texture": "#0", "rotation": 90}
			}
		},
		{
			"from": [15.50049, 19.17231, 14.91623],
			"to": [16.50049, 24.44702, 16.01623],
			"rotation": {"angle": -45, "axis": "z", "origin": [16.00049, 21.80966, 15.46623]},
			"faces": {
				"north": {"uv": [1, 4, 0, 3], "texture": "#0", "rotation": 90},
				"east": {"uv": [1, 4, 0, 3], "texture": "#0", "rotation": 90},
				"south": {"uv": [1, 4, 0, 3], "texture": "#0", "rotation": 90},
				"west": {"uv": [1, 4, 0, 3], "texture": "#0", "rotation": 90},
				"up": {"uv": [1, 4, 0, 3], "texture": "#0", "rotation": 90},
				"down": {"uv": [1, 4, 0, 3], "texture": "#0", "rotation": 90}
			}
		},
		{
			"from": [15.50049, 19.17231, 14.91623],
			"to": [16.50049, 24.44702, 16.01623],
			"rotation": {"angle": 45, "axis": "z", "origin": [16.00049, 21.80966, 15.46623]},
			"faces": {
				"north": {"uv": [1, 4, 0, 3], "texture": "#0", "rotation": 90},
				"east": {"uv": [1, 4, 0, 3], "texture": "#0", "rotation": 90},
				"south": {"uv": [1, 4, 0, 3], "texture": "#0", "rotation": 90},
				"west": {"uv": [1, 4, 0, 3], "texture": "#0", "rotation": 90},
				"up": {"uv": [1, 4, 0, 3], "texture": "#0", "rotation": 90},
				"down": {"uv": [1, 4, 0, 3], "texture": "#0", "rotation": 90}
			}
		},
		{
			"from": [11.50049, -2.44702, 14.91623],
			"to": [12.50049, 2.82769, 16.01623],
			"rotation": {"angle": -45, "axis": "z", "origin": [12.00049, 0.19034, 15.46623]},
			"faces": {
				"north": {"uv": [1, 3, 0, 4], "texture": "#0", "rotation": 90},
				"east": {"uv": [1, 3, 0, 4], "texture": "#0", "rotation": 90},
				"south": {"uv": [1, 3, 0, 4], "texture": "#0", "rotation": 90},
				"west": {"uv": [1, 3, 0, 4], "texture": "#0", "rotation": 90},
				"up": {"uv": [1, 3, 0, 4], "texture": "#0", "rotation": 90},
				"down": {"uv": [1, 3, 0, 4], "texture": "#0", "rotation": 90}
			}
		},
		{
			"from": [11.50049, -2.44702, 14.91623],
			"to": [12.50049, 2.82769, 16.01623],
			"rotation": {"angle": 45, "axis": "z", "origin": [12.00049, 0.19034, 15.46623]},
			"faces": {
				"north": {"uv": [1, 3, 0, 4], "texture": "#0", "rotation": 90},
				"east": {"uv": [1, 3, 0, 4], "texture": "#0", "rotation": 90},
				"south": {"uv": [1, 3, 0, 4], "texture": "#0", "rotation": 90},
				"west": {"uv": [1, 3, 0, 4], "texture": "#0", "rotation": 90},
				"up": {"uv": [1, 3, 0, 4], "texture": "#0", "rotation": 90},
				"down": {"uv": [1, 3, 0, 4], "texture": "#0", "rotation": 90}
			}
		},
		{
			"from": [11.50049, -8.44702, 14.91623],
			"to": [12.50049, -3.17231, 16.01623],
			"rotation": {"angle": -45, "axis": "z", "origin": [12.00049, -5.80966, 15.46623]},
			"faces": {
				"north": {"uv": [1, 3, 0, 4], "texture": "#0", "rotation": 90},
				"east": {"uv": [1, 3, 0, 4], "texture": "#0", "rotation": 90},
				"south": {"uv": [1, 3, 0, 4], "texture": "#0", "rotation": 90},
				"west": {"uv": [1, 3, 0, 4], "texture": "#0", "rotation": 90},
				"up": {"uv": [1, 3, 0, 4], "texture": "#0", "rotation": 90},
				"down": {"uv": [1, 3, 0, 4], "texture": "#0", "rotation": 90}
			}
		},
		{
			"from": [11.50049, -8.44702, 14.91623],
			"to": [12.50049, -3.17231, 16.01623],
			"rotation": {"angle": 45, "axis": "z", "origin": [12.00049, -5.80966, 15.46623]},
			"faces": {
				"north": {"uv": [1, 3, 0, 4], "texture": "#0", "rotation": 90},
				"east": {"uv": [1, 3, 0, 4], "texture": "#0", "rotation": 90},
				"south": {"uv": [1, 3, 0, 4], "texture": "#0", "rotation": 90},
				"west": {"uv": [1, 3, 0, 4], "texture": "#0", "rotation": 90},
				"up": {"uv": [1, 3, 0, 4], "texture": "#0", "rotation": 90},
				"down": {"uv": [1, 3, 0, 4], "texture": "#0", "rotation": 90}
			}
		},
		{
			"from": [11.50049, 13.17231, 14.91623],
			"to": [12.50049, 18.44702, 16.01623],
			"rotation": {"angle": -45, "axis": "z", "origin": [12.00049, 15.80966, 15.46623]},
			"faces": {
				"north": {"uv": [1, 4, 0, 3], "texture": "#0", "rotation": 90},
				"east": {"uv": [1, 4, 0, 3], "texture": "#0", "rotation": 90},
				"south": {"uv": [1, 4, 0, 3], "texture": "#0", "rotation": 90},
				"west": {"uv": [1, 4, 0, 3], "texture": "#0", "rotation": 90},
				"up": {"uv": [1, 4, 0, 3], "texture": "#0", "rotation": 90},
				"down": {"uv": [1, 4, 0, 3], "texture": "#0", "rotation": 90}
			}
		},
		{
			"from": [11.50049, 13.17231, 14.91623],
			"to": [12.50049, 18.44702, 16.01623],
			"rotation": {"angle": 45, "axis": "z", "origin": [12.00049, 15.80966, 15.46623]},
			"faces": {
				"north": {"uv": [1, 4, 0, 3], "texture": "#0", "rotation": 90},
				"east": {"uv": [1, 4, 0, 3], "texture": "#0", "rotation": 90},
				"south": {"uv": [1, 4, 0, 3], "texture": "#0", "rotation": 90},
				"west": {"uv": [1, 4, 0, 3], "texture": "#0", "rotation": 90},
				"up": {"uv": [1, 4, 0, 3], "texture": "#0", "rotation": 90},
				"down": {"uv": [1, 4, 0, 3], "texture": "#0", "rotation": 90}
			}
		},
		{
			"from": [11.50049, 19.17231, 14.91623],
			"to": [12.50049, 24.44702, 16.01623],
			"rotation": {"angle": -45, "axis": "z", "origin": [12.00049, 21.80966, 15.46623]},
			"faces": {
				"north": {"uv": [1, 4, 0, 3], "texture": "#0", "rotation": 90},
				"east": {"uv": [1, 4, 0, 3], "texture": "#0", "rotation": 90},
				"south": {"uv": [1, 4, 0, 3], "texture": "#0", "rotation": 90},
				"west": {"uv": [1, 4, 0, 3], "texture": "#0", "rotation": 90},
				"up": {"uv": [1, 4, 0, 3], "texture": "#0", "rotation": 90},
				"down": {"uv": [1, 4, 0, 3], "texture": "#0", "rotation": 90}
			}
		},
		{
			"from": [11.50049, 19.17231, 14.91623],
			"to": [12.50049, 24.44702, 16.01623],
			"rotation": {"angle": 45, "axis": "z", "origin": [12.00049, 21.80966, 15.46623]},
			"faces": {
				"north": {"uv": [1, 4, 0, 3], "texture": "#0", "rotation": 90},
				"east": {"uv": [1, 4, 0, 3], "texture": "#0", "rotation": 90},
				"south": {"uv": [1, 4, 0, 3], "texture": "#0", "rotation": 90},
				"west": {"uv": [1, 4, 0, 3], "texture": "#0", "rotation": 90},
				"up": {"uv": [1, 4, 0, 3], "texture": "#0", "rotation": 90},
				"down": {"uv": [1, 4, 0, 3], "texture": "#0", "rotation": 90}
			}
		},
		{
			"from": [7.50049, -2.44702, 14.91623],
			"to": [8.50049, 2.82769, 16.01623],
			"rotation": {"angle": -45, "axis": "z", "origin": [8.00049, 0.19034, 15.46623]},
			"faces": {
				"north": {"uv": [1, 3, 0, 4], "texture": "#0", "rotation": 90},
				"east": {"uv": [1, 3, 0, 4], "texture": "#0", "rotation": 90},
				"south": {"uv": [1, 3, 0, 4], "texture": "#0", "rotation": 90},
				"west": {"uv": [1, 3, 0, 4], "texture": "#0", "rotation": 90},
				"up": {"uv": [1, 3, 0, 4], "texture": "#0", "rotation": 90},
				"down": {"uv": [1, 3, 0, 4], "texture": "#0", "rotation": 90}
			}
		},
		{
			"from": [7.50049, -2.44702, 14.91623],
			"to": [8.50049, 2.82769, 16.01623],
			"rotation": {"angle": 45, "axis": "z", "origin": [8.00049, 0.19034, 15.46623]},
			"faces": {
				"north": {"uv": [1, 3, 0, 4], "texture": "#0", "rotation": 90},
				"east": {"uv": [1, 3, 0, 4], "texture": "#0", "rotation": 90},
				"south": {"uv": [1, 3, 0, 4], "texture": "#0", "rotation": 90},
				"west": {"uv": [1, 3, 0, 4], "texture": "#0", "rotation": 90},
				"up": {"uv": [1, 3, 0, 4], "texture": "#0", "rotation": 90},
				"down": {"uv": [1, 3, 0, 4], "texture": "#0", "rotation": 90}
			}
		},
		{
			"from": [7.50049, -8.44702, 14.91623],
			"to": [8.50049, -3.17231, 16.01623],
			"rotation": {"angle": -45, "axis": "z", "origin": [8.00049, -5.80966, 15.46623]},
			"faces": {
				"north": {"uv": [1, 3, 0, 4], "texture": "#0", "rotation": 90},
				"east": {"uv": [1, 3, 0, 4], "texture": "#0", "rotation": 90},
				"south": {"uv": [1, 3, 0, 4], "texture": "#0", "rotation": 90},
				"west": {"uv": [1, 3, 0, 4], "texture": "#0", "rotation": 90},
				"up": {"uv": [1, 3, 0, 4], "texture": "#0", "rotation": 90},
				"down": {"uv": [1, 3, 0, 4], "texture": "#0", "rotation": 90}
			}
		},
		{
			"from": [7.50049, -8.44702, 14.91623],
			"to": [8.50049, -3.17231, 16.01623],
			"rotation": {"angle": 45, "axis": "z", "origin": [8.00049, -5.80966, 15.46623]},
			"faces": {
				"north": {"uv": [1, 3, 0, 4], "texture": "#0", "rotation": 90},
				"east": {"uv": [1, 3, 0, 4], "texture": "#0", "rotation": 90},
				"south": {"uv": [1, 3, 0, 4], "texture": "#0", "rotation": 90},
				"west": {"uv": [1, 3, 0, 4], "texture": "#0", "rotation": 90},
				"up": {"uv": [1, 3, 0, 4], "texture": "#0", "rotation": 90},
				"down": {"uv": [1, 3, 0, 4], "texture": "#0", "rotation": 90}
			}
		},
		{
			"from": [7.50049, 13.17231, 14.91623],
			"to": [8.50049, 18.44702, 16.01623],
			"rotation": {"angle": -45, "axis": "z", "origin": [8.00049, 15.80966, 15.46623]},
			"faces": {
				"north": {"uv": [1, 4, 0, 3], "texture": "#0", "rotation": 90},
				"east": {"uv": [1, 4, 0, 3], "texture": "#0", "rotation": 90},
				"south": {"uv": [1, 4, 0, 3], "texture": "#0", "rotation": 90},
				"west": {"uv": [1, 4, 0, 3], "texture": "#0", "rotation": 90},
				"up": {"uv": [1, 4, 0, 3], "texture": "#0", "rotation": 90},
				"down": {"uv": [1, 4, 0, 3], "texture": "#0", "rotation": 90}
			}
		},
		{
			"from": [7.50049, 13.17231, 14.91623],
			"to": [8.50049, 18.44702, 16.01623],
			"rotation": {"angle": 45, "axis": "z", "origin": [8.00049, 15.80966, 15.46623]},
			"faces": {
				"north": {"uv": [1, 4, 0, 3], "texture": "#0", "rotation": 90},
				"east": {"uv": [1, 4, 0, 3], "texture": "#0", "rotation": 90},
				"south": {"uv": [1, 4, 0, 3], "texture": "#0", "rotation": 90},
				"west": {"uv": [1, 4, 0, 3], "texture": "#0", "rotation": 90},
				"up": {"uv": [1, 4, 0, 3], "texture": "#0", "rotation": 90},
				"down": {"uv": [1, 4, 0, 3], "texture": "#0", "rotation": 90}
			}
		},
		{
			"from": [7.50049, 19.17231, 14.91623],
			"to": [8.50049, 24.44702, 16.01623],
			"rotation": {"angle": -45, "axis": "z", "origin": [8.00049, 21.80966, 15.46623]},
			"faces": {
				"north": {"uv": [1, 4, 0, 3], "texture": "#0", "rotation": 90},
				"east": {"uv": [1, 4, 0, 3], "texture": "#0", "rotation": 90},
				"south": {"uv": [1, 4, 0, 3], "texture": "#0", "rotation": 90},
				"west": {"uv": [1, 4, 0, 3], "texture": "#0", "rotation": 90},
				"up": {"uv": [1, 4, 0, 3], "texture": "#0", "rotation": 90},
				"down": {"uv": [1, 4, 0, 3], "texture": "#0", "rotation": 90}
			}
		},
		{
			"from": [7.50049, 19.17231, 14.91623],
			"to": [8.50049, 24.44702, 16.01623],
			"rotation": {"angle": 45, "axis": "z", "origin": [8.00049, 21.80966, 15.46623]},
			"faces": {
				"north": {"uv": [1, 4, 0, 3], "texture": "#0", "rotation": 90},
				"east": {"uv": [1, 4, 0, 3], "texture": "#0", "rotation": 90},
				"south": {"uv": [1, 4, 0, 3], "texture": "#0", "rotation": 90},
				"west": {"uv": [1, 4, 0, 3], "texture": "#0", "rotation": 90},
				"up": {"uv": [1, 4, 0, 3], "texture": "#0", "rotation": 90},
				"down": {"uv": [1, 4, 0, 3], "texture": "#0", "rotation": 90}
			}
		},
		{
			"from": [3.50049, -2.44702, 14.91623],
			"to": [4.50049, 2.82769, 16.01623],
			"rotation": {"angle": -45, "axis": "z", "origin": [4.00049, 0.19034, 15.46623]},
			"faces": {
				"north": {"uv": [1, 3, 0, 4], "texture": "#0", "rotation": 90},
				"east": {"uv": [1, 3, 0, 4], "texture": "#0", "rotation": 90},
				"south": {"uv": [1, 3, 0, 4], "texture": "#0", "rotation": 90},
				"west": {"uv": [1, 3, 0, 4], "texture": "#0", "rotation": 90},
				"up": {"uv": [1, 3, 0, 4], "texture": "#0", "rotation": 90},
				"down": {"uv": [1, 3, 0, 4], "texture": "#0", "rotation": 90}
			}
		},
		{
			"from": [3.50049, -2.44702, 14.91623],
			"to": [4.50049, 2.82769, 16.01623],
			"rotation": {"angle": 45, "axis": "z", "origin": [4.00049, 0.19034, 15.46623]},
			"faces": {
				"north": {"uv": [1, 3, 0, 4], "texture": "#0", "rotation": 90},
				"east": {"uv": [1, 3, 0, 4], "texture": "#0", "rotation": 90},
				"south": {"uv": [1, 3, 0, 4], "texture": "#0", "rotation": 90},
				"west": {"uv": [1, 3, 0, 4], "texture": "#0", "rotation": 90},
				"up": {"uv": [1, 3, 0, 4], "texture": "#0", "rotation": 90},
				"down": {"uv": [1, 3, 0, 4], "texture": "#0", "rotation": 90}
			}
		},
		{
			"from": [3.50049, -8.44702, 14.91623],
			"to": [4.50049, -3.17231, 16.01623],
			"rotation": {"angle": -45, "axis": "z", "origin": [4.00049, -5.80966, 15.46623]},
			"faces": {
				"north": {"uv": [1, 3, 0, 4], "texture": "#0", "rotation": 90},
				"east": {"uv": [1, 3, 0, 4], "texture": "#0", "rotation": 90},
				"south": {"uv": [1, 3, 0, 4], "texture": "#0", "rotation": 90},
				"west": {"uv": [1, 3, 0, 4], "texture": "#0", "rotation": 90},
				"up": {"uv": [1, 3, 0, 4], "texture": "#0", "rotation": 90},
				"down": {"uv": [1, 3, 0, 4], "texture": "#0", "rotation": 90}
			}
		},
		{
			"from": [3.50049, -8.44702, 14.91623],
			"to": [4.50049, -3.17231, 16.01623],
			"rotation": {"angle": 45, "axis": "z", "origin": [4.00049, -5.80966, 15.46623]},
			"faces": {
				"north": {"uv": [1, 3, 0, 4], "texture": "#0", "rotation": 90},
				"east": {"uv": [1, 3, 0, 4], "texture": "#0", "rotation": 90},
				"south": {"uv": [1, 3, 0, 4], "texture": "#0", "rotation": 90},
				"west": {"uv": [1, 3, 0, 4], "texture": "#0", "rotation": 90},
				"up": {"uv": [1, 3, 0, 4], "texture": "#0", "rotation": 90},
				"down": {"uv": [1, 3, 0, 4], "texture": "#0", "rotation": 90}
			}
		},
		{
			"from": [3.50049, 13.17231, 14.91623],
			"to": [4.50049, 18.44702, 16.01623],
			"rotation": {"angle": -45, "axis": "z", "origin": [4.00049, 15.80966, 15.46623]},
			"faces": {
				"north": {"uv": [1, 4, 0, 3], "texture": "#0", "rotation": 90},
				"east": {"uv": [1, 4, 0, 3], "texture": "#0", "rotation": 90},
				"south": {"uv": [1, 4, 0, 3], "texture": "#0", "rotation": 90},
				"west": {"uv": [1, 4, 0, 3], "texture": "#0", "rotation": 90},
				"up": {"uv": [1, 4, 0, 3], "texture": "#0", "rotation": 90},
				"down": {"uv": [1, 4, 0, 3], "texture": "#0", "rotation": 90}
			}
		},
		{
			"from": [3.50049, 13.17231, 14.91623],
			"to": [4.50049, 18.44702, 16.01623],
			"rotation": {"angle": 45, "axis": "z", "origin": [4.00049, 15.80966, 15.46623]},
			"faces": {
				"north": {"uv": [1, 4, 0, 3], "texture": "#0", "rotation": 90},
				"east": {"uv": [1, 4, 0, 3], "texture": "#0", "rotation": 90},
				"south": {"uv": [1, 4, 0, 3], "texture": "#0", "rotation": 90},
				"west": {"uv": [1, 4, 0, 3], "texture": "#0", "rotation": 90},
				"up": {"uv": [1, 4, 0, 3], "texture": "#0", "rotation": 90},
				"down": {"uv": [1, 4, 0, 3], "texture": "#0", "rotation": 90}
			}
		},
		{
			"from": [3.50049, 19.17231, 14.91623],
			"to": [4.50049, 24.44702, 16.01623],
			"rotation": {"angle": -45, "axis": "z", "origin": [4.00049, 21.80966, 15.46623]},
			"faces": {
				"north": {"uv": [1, 4, 0, 3], "texture": "#0", "rotation": 90},
				"east": {"uv": [1, 4, 0, 3], "texture": "#0", "rotation": 90},
				"south": {"uv": [1, 4, 0, 3], "texture": "#0", "rotation": 90},
				"west": {"uv": [1, 4, 0, 3], "texture": "#0", "rotation": 90},
				"up": {"uv": [1, 4, 0, 3], "texture": "#0", "rotation": 90},
				"down": {"uv": [1, 4, 0, 3], "texture": "#0", "rotation": 90}
			}
		},
		{
			"from": [3.50049, 19.17231, 14.91623],
			"to": [4.50049, 24.44702, 16.01623],
			"rotation": {"angle": 45, "axis": "z", "origin": [4.00049, 21.80966, 15.46623]},
			"faces": {
				"north": {"uv": [1, 4, 0, 3], "texture": "#0", "rotation": 90},
				"east": {"uv": [1, 4, 0, 3], "texture": "#0", "rotation": 90},
				"south": {"uv": [1, 4, 0, 3], "texture": "#0", "rotation": 90},
				"west": {"uv": [1, 4, 0, 3], "texture": "#0", "rotation": 90},
				"up": {"uv": [1, 4, 0, 3], "texture": "#0", "rotation": 90},
				"down": {"uv": [1, 4, 0, 3], "texture": "#0", "rotation": 90}
			}
		},
		{
			"from": [-0.49951, -2.44702, 14.91623],
			"to": [0.50049, 2.82769, 16.01623],
			"rotation": {"angle": -45, "axis": "z", "origin": [0.00049, 0.19034, 15.46623]},
			"faces": {
				"north": {"uv": [1, 3, 0, 4], "texture": "#0", "rotation": 90},
				"east": {"uv": [1, 3, 0, 4], "texture": "#0", "rotation": 90},
				"south": {"uv": [1, 3, 0, 4], "texture": "#0", "rotation": 90},
				"west": {"uv": [1, 3, 0, 4], "texture": "#0", "rotation": 90},
				"up": {"uv": [1, 3, 0, 4], "texture": "#0", "rotation": 90},
				"down": {"uv": [1, 3, 0, 4], "texture": "#0", "rotation": 90}
			}
		},
		{
			"from": [-0.49951, -2.44702, 14.91623],
			"to": [0.50049, 2.82769, 16.01623],
			"rotation": {"angle": 45, "axis": "z", "origin": [0.00049, 0.19034, 15.46623]},
			"faces": {
				"north": {"uv": [1, 3, 0, 4], "texture": "#0", "rotation": 90},
				"east": {"uv": [1, 3, 0, 4], "texture": "#0", "rotation": 90},
				"south": {"uv": [1, 3, 0, 4], "texture": "#0", "rotation": 90},
				"west": {"uv": [1, 3, 0, 4], "texture": "#0", "rotation": 90},
				"up": {"uv": [1, 3, 0, 4], "texture": "#0", "rotation": 90},
				"down": {"uv": [1, 3, 0, 4], "texture": "#0", "rotation": 90}
			}
		},
		{
			"from": [-0.49951, -8.44702, 14.91623],
			"to": [0.50049, -3.17231, 16.01623],
			"rotation": {"angle": -45, "axis": "z", "origin": [0.00049, -5.80966, 15.46623]},
			"faces": {
				"north": {"uv": [1, 3, 0, 4], "texture": "#0", "rotation": 90},
				"east": {"uv": [1, 3, 0, 4], "texture": "#0", "rotation": 90},
				"south": {"uv": [1, 3, 0, 4], "texture": "#0", "rotation": 90},
				"west": {"uv": [1, 3, 0, 4], "texture": "#0", "rotation": 90},
				"up": {"uv": [1, 3, 0, 4], "texture": "#0", "rotation": 90},
				"down": {"uv": [1, 3, 0, 4], "texture": "#0", "rotation": 90}
			}
		},
		{
			"from": [-0.49951, -8.44702, 14.91623],
			"to": [0.50049, -3.17231, 16.01623],
			"rotation": {"angle": 45, "axis": "z", "origin": [0.00049, -5.80966, 15.46623]},
			"faces": {
				"north": {"uv": [1, 3, 0, 4], "texture": "#0", "rotation": 90},
				"east": {"uv": [1, 3, 0, 4], "texture": "#0", "rotation": 90},
				"south": {"uv": [1, 3, 0, 4], "texture": "#0", "rotation": 90},
				"west": {"uv": [1, 3, 0, 4], "texture": "#0", "rotation": 90},
				"up": {"uv": [1, 3, 0, 4], "texture": "#0", "rotation": 90},
				"down": {"uv": [1, 3, 0, 4], "texture": "#0", "rotation": 90}
			}
		},
		{
			"from": [-0.49951, 13.17231, 14.91623],
			"to": [0.50049, 18.44702, 16.01623],
			"rotation": {"angle": -45, "axis": "z", "origin": [0.00049, 15.80966, 15.46623]},
			"faces": {
				"north": {"uv": [1, 4, 0, 3], "texture": "#0", "rotation": 90},
				"east": {"uv": [1, 4, 0, 3], "texture": "#0", "rotation": 90},
				"south": {"uv": [1, 4, 0, 3], "texture": "#0", "rotation": 90},
				"west": {"uv": [1, 4, 0, 3], "texture": "#0", "rotation": 90},
				"up": {"uv": [1, 4, 0, 3], "texture": "#0", "rotation": 90},
				"down": {"uv": [1, 4, 0, 3], "texture": "#0", "rotation": 90}
			}
		},
		{
			"from": [-0.49951, 13.17231, 14.91623],
			"to": [0.50049, 18.44702, 16.01623],
			"rotation": {"angle": 45, "axis": "z", "origin": [0.00049, 15.80966, 15.46623]},
			"faces": {
				"north": {"uv": [1, 4, 0, 3], "texture": "#0", "rotation": 90},
				"east": {"uv": [1, 4, 0, 3], "texture": "#0", "rotation": 90},
				"south": {"uv": [1, 4, 0, 3], "texture": "#0", "rotation": 90},
				"west": {"uv": [1, 4, 0, 3], "texture": "#0", "rotation": 90},
				"up": {"uv": [1, 4, 0, 3], "texture": "#0", "rotation": 90},
				"down": {"uv": [1, 4, 0, 3], "texture": "#0", "rotation": 90}
			}
		},
		{
			"from": [-0.49951, 19.17231, 14.91623],
			"to": [0.50049, 24.44702, 16.01623],
			"rotation": {"angle": -45, "axis": "z", "origin": [0.00049, 21.80966, 15.46623]},
			"faces": {
				"north": {"uv": [1, 4, 0, 3], "texture": "#0", "rotation": 90},
				"east": {"uv": [1, 4, 0, 3], "texture": "#0", "rotation": 90},
				"south": {"uv": [1, 4, 0, 3], "texture": "#0", "rotation": 90},
				"west": {"uv": [1, 4, 0, 3], "texture": "#0", "rotation": 90},
				"up": {"uv": [1, 4, 0, 3], "texture": "#0", "rotation": 90},
				"down": {"uv": [1, 4, 0, 3], "texture": "#0", "rotation": 90}
			}
		},
		{
			"from": [-0.49951, 19.17231, 14.91623],
			"to": [0.50049, 24.44702, 16.01623],
			"rotation": {"angle": 45, "axis": "z", "origin": [0.00049, 21.80966, 15.46623]},
			"faces": {
				"north": {"uv": [1, 4, 0, 3], "texture": "#0", "rotation": 90},
				"east": {"uv": [1, 4, 0, 3], "texture": "#0", "rotation": 90},
				"south": {"uv": [1, 4, 0, 3], "texture": "#0", "rotation": 90},
				"west": {"uv": [1, 4, 0, 3], "texture": "#0", "rotation": 90},
				"up": {"uv": [1, 4, 0, 3], "texture": "#0", "rotation": 90},
				"down": {"uv": [1, 4, 0, 3], "texture": "#0", "rotation": 90}
			}
		},
		{
			"from": [-4.49951, -2.44702, 14.91623],
			"to": [-3.49951, 2.82769, 16.01623],
			"rotation": {"angle": -45, "axis": "z", "origin": [-3.99951, 0.19034, 15.46623]},
			"faces": {
				"north": {"uv": [1, 3, 0, 4], "texture": "#0", "rotation": 90},
				"east": {"uv": [1, 3, 0, 4], "texture": "#0", "rotation": 90},
				"south": {"uv": [1, 3, 0, 4], "texture": "#0", "rotation": 90},
				"west": {"uv": [1, 3, 0, 4], "texture": "#0", "rotation": 90},
				"up": {"uv": [1, 3, 0, 4], "texture": "#0", "rotation": 90},
				"down": {"uv": [1, 3, 0, 4], "texture": "#0", "rotation": 90}
			}
		},
		{
			"from": [-4.49951, -2.44702, 14.91623],
			"to": [-3.49951, 2.82769, 16.01623],
			"rotation": {"angle": 45, "axis": "z", "origin": [-3.99951, 0.19034, 15.46623]},
			"faces": {
				"north": {"uv": [1, 3, 0, 4], "texture": "#0", "rotation": 90},
				"east": {"uv": [1, 3, 0, 4], "texture": "#0", "rotation": 90},
				"south": {"uv": [1, 3, 0, 4], "texture": "#0", "rotation": 90},
				"west": {"uv": [1, 3, 0, 4], "texture": "#0", "rotation": 90},
				"up": {"uv": [1, 3, 0, 4], "texture": "#0", "rotation": 90},
				"down": {"uv": [1, 3, 0, 4], "texture": "#0", "rotation": 90}
			}
		},
		{
			"from": [-4.49951, -8.44702, 14.91623],
			"to": [-3.49951, -3.17231, 16.01623],
			"rotation": {"angle": -45, "axis": "z", "origin": [-3.99951, -5.80966, 15.46623]},
			"faces": {
				"north": {"uv": [1, 3, 0, 4], "texture": "#0", "rotation": 90},
				"east": {"uv": [1, 3, 0, 4], "texture": "#0", "rotation": 90},
				"south": {"uv": [1, 3, 0, 4], "texture": "#0", "rotation": 90},
				"west": {"uv": [1, 3, 0, 4], "texture": "#0", "rotation": 90},
				"up": {"uv": [1, 3, 0, 4], "texture": "#0", "rotation": 90},
				"down": {"uv": [1, 3, 0, 4], "texture": "#0", "rotation": 90}
			}
		},
		{
			"from": [-4.49951, -8.44702, 14.91623],
			"to": [-3.49951, -3.17231, 16.01623],
			"rotation": {"angle": 45, "axis": "z", "origin": [-3.99951, -5.80966, 15.46623]},
			"faces": {
				"north": {"uv": [1, 3, 0, 4], "texture": "#0", "rotation": 90},
				"east": {"uv": [1, 3, 0, 4], "texture": "#0", "rotation": 90},
				"south": {"uv": [1, 3, 0, 4], "texture": "#0", "rotation": 90},
				"west": {"uv": [1, 3, 0, 4], "texture": "#0", "rotation": 90},
				"up": {"uv": [1, 3, 0, 4], "texture": "#0", "rotation": 90},
				"down": {"uv": [1, 3, 0, 4], "texture": "#0", "rotation": 90}
			}
		},
		{
			"from": [-4.49951, 13.17231, 14.91623],
			"to": [-3.49951, 18.44702, 16.01623],
			"rotation": {"angle": -45, "axis": "z", "origin": [-3.99951, 15.80966, 15.46623]},
			"faces": {
				"north": {"uv": [1, 4, 0, 3], "texture": "#0", "rotation": 90},
				"east": {"uv": [1, 4, 0, 3], "texture": "#0", "rotation": 90},
				"south": {"uv": [1, 4, 0, 3], "texture": "#0", "rotation": 90},
				"west": {"uv": [1, 4, 0, 3], "texture": "#0", "rotation": 90},
				"up": {"uv": [1, 4, 0, 3], "texture": "#0", "rotation": 90},
				"down": {"uv": [1, 4, 0, 3], "texture": "#0", "rotation": 90}
			}
		},
		{
			"from": [-4.49951, 13.17231, 14.91623],
			"to": [-3.49951, 18.44702, 16.01623],
			"rotation": {"angle": 45, "axis": "z", "origin": [-3.99951, 15.80966, 15.46623]},
			"faces": {
				"north": {"uv": [1, 4, 0, 3], "texture": "#0", "rotation": 90},
				"east": {"uv": [1, 4, 0, 3], "texture": "#0", "rotation": 90},
				"south": {"uv": [1, 4, 0, 3], "texture": "#0", "rotation": 90},
				"west": {"uv": [1, 4, 0, 3], "texture": "#0", "rotation": 90},
				"up": {"uv": [1, 4, 0, 3], "texture": "#0", "rotation": 90},
				"down": {"uv": [1, 4, 0, 3], "texture": "#0", "rotation": 90}
			}
		},
		{
			"from": [-4.49951, 19.17231, 14.91623],
			"to": [-3.49951, 24.44702, 16.01623],
			"rotation": {"angle": -45, "axis": "z", "origin": [-3.99951, 21.80966, 15.46623]},
			"faces": {
				"north": {"uv": [1, 4, 0, 3], "texture": "#0", "rotation": 90},
				"east": {"uv": [1, 4, 0, 3], "texture": "#0", "rotation": 90},
				"south": {"uv": [1, 4, 0, 3], "texture": "#0", "rotation": 90},
				"west": {"uv": [1, 4, 0, 3], "texture": "#0", "rotation": 90},
				"up": {"uv": [1, 4, 0, 3], "texture": "#0", "rotation": 90},
				"down": {"uv": [1, 4, 0, 3], "texture": "#0", "rotation": 90}
			}
		},
		{
			"from": [-4.49951, 19.17231, 14.91623],
			"to": [-3.49951, 24.44702, 16.01623],
			"rotation": {"angle": 45, "axis": "z", "origin": [-3.99951, 21.80966, 15.46623]},
			"faces": {
				"north": {"uv": [1, 4, 0, 3], "texture": "#0", "rotation": 90},
				"east": {"uv": [1, 4, 0, 3], "texture": "#0", "rotation": 90},
				"south": {"uv": [1, 4, 0, 3], "texture": "#0", "rotation": 90},
				"west": {"uv": [1, 4, 0, 3], "texture": "#0", "rotation": 90},
				"up": {"uv": [1, 4, 0, 3], "texture": "#0", "rotation": 90},
				"down": {"uv": [1, 4, 0, 3], "texture": "#0", "rotation": 90}
			}
		},
		{
			"from": [-8.49951, -2.44702, 14.91623],
			"to": [-7.49951, 2.82769, 16.01623],
			"rotation": {"angle": -45, "axis": "z", "origin": [-7.99951, 0.19034, 15.46623]},
			"faces": {
				"north": {"uv": [1, 3, 0, 4], "texture": "#0", "rotation": 90},
				"east": {"uv": [1, 3, 0, 4], "texture": "#0", "rotation": 90},
				"south": {"uv": [1, 3, 0, 4], "texture": "#0", "rotation": 90},
				"west": {"uv": [1, 3, 0, 4], "texture": "#0", "rotation": 90},
				"up": {"uv": [1, 3, 0, 4], "texture": "#0", "rotation": 90},
				"down": {"uv": [1, 3, 0, 4], "texture": "#0", "rotation": 90}
			}
		},
		{
			"from": [-8.49951, -2.44702, 14.91623],
			"to": [-7.49951, 2.82769, 16.01623],
			"rotation": {"angle": 45, "axis": "z", "origin": [-7.99951, 0.19034, 15.46623]},
			"faces": {
				"north": {"uv": [1, 3, 0, 4], "texture": "#0", "rotation": 90},
				"east": {"uv": [1, 3, 0, 4], "texture": "#0", "rotation": 90},
				"south": {"uv": [1, 3, 0, 4], "texture": "#0", "rotation": 90},
				"west": {"uv": [1, 3, 0, 4], "texture": "#0", "rotation": 90},
				"up": {"uv": [1, 3, 0, 4], "texture": "#0", "rotation": 90},
				"down": {"uv": [1, 3, 0, 4], "texture": "#0", "rotation": 90}
			}
		},
		{
			"from": [-8.49951, -8.44702, 14.91623],
			"to": [-7.49951, -3.17231, 16.01623],
			"rotation": {"angle": -45, "axis": "z", "origin": [-7.99951, -5.80966, 15.46623]},
			"faces": {
				"north": {"uv": [1, 3, 0, 4], "texture": "#0", "rotation": 90},
				"east": {"uv": [1, 3, 0, 4], "texture": "#0", "rotation": 90},
				"south": {"uv": [1, 3, 0, 4], "texture": "#0", "rotation": 90},
				"west": {"uv": [1, 3, 0, 4], "texture": "#0", "rotation": 90},
				"up": {"uv": [1, 3, 0, 4], "texture": "#0", "rotation": 90},
				"down": {"uv": [1, 3, 0, 4], "texture": "#0", "rotation": 90}
			}
		},
		{
			"from": [-8.49951, -8.44702, 14.91623],
			"to": [-7.49951, -3.17231, 16.01623],
			"rotation": {"angle": 45, "axis": "z", "origin": [-7.99951, -5.80966, 15.46623]},
			"faces": {
				"north": {"uv": [1, 3, 0, 4], "texture": "#0", "rotation": 90},
				"east": {"uv": [1, 3, 0, 4], "texture": "#0", "rotation": 90},
				"south": {"uv": [1, 3, 0, 4], "texture": "#0", "rotation": 90},
				"west": {"uv": [1, 3, 0, 4], "texture": "#0", "rotation": 90},
				"up": {"uv": [1, 3, 0, 4], "texture": "#0", "rotation": 90},
				"down": {"uv": [1, 3, 0, 4], "texture": "#0", "rotation": 90}
			}
		},
		{
			"from": [-8.49951, 13.17231, 14.91623],
			"to": [-7.49951, 18.44702, 16.01623],
			"rotation": {"angle": -45, "axis": "z", "origin": [-7.99951, 15.80966, 15.46623]},
			"faces": {
				"north": {"uv": [1, 4, 0, 3], "texture": "#0", "rotation": 90},
				"east": {"uv": [1, 4, 0, 3], "texture": "#0", "rotation": 90},
				"south": {"uv": [1, 4, 0, 3], "texture": "#0", "rotation": 90},
				"west": {"uv": [1, 4, 0, 3], "texture": "#0", "rotation": 90},
				"up": {"uv": [1, 4, 0, 3], "texture": "#0", "rotation": 90},
				"down": {"uv": [1, 4, 0, 3], "texture": "#0", "rotation": 90}
			}
		},
		{
			"from": [-8.49951, 13.17231, 14.91623],
			"to": [-7.49951, 18.44702, 16.01623],
			"rotation": {"angle": 45, "axis": "z", "origin": [-7.99951, 15.80966, 15.46623]},
			"faces": {
				"north": {"uv": [1, 4, 0, 3], "texture": "#0", "rotation": 90},
				"east": {"uv": [1, 4, 0, 3], "texture": "#0", "rotation": 90},
				"south": {"uv": [1, 4, 0, 3], "texture": "#0", "rotation": 90},
				"west": {"uv": [1, 4, 0, 3], "texture": "#0", "rotation": 90},
				"up": {"uv": [1, 4, 0, 3], "texture": "#0", "rotation": 90},
				"down": {"uv": [1, 4, 0, 3], "texture": "#0", "rotation": 90}
			}
		},
		{
			"from": [-8.49951, 19.17231, 14.91623],
			"to": [-7.49951, 24.44702, 16.01623],
			"rotation": {"angle": -45, "axis": "z", "origin": [-7.99951, 21.80966, 15.46623]},
			"faces": {
				"north": {"uv": [1, 4, 0, 3], "texture": "#0", "rotation": 90},
				"east": {"uv": [1, 4, 0, 3], "texture": "#0", "rotation": 90},
				"south": {"uv": [1, 4, 0, 3], "texture": "#0", "rotation": 90},
				"west": {"uv": [1, 4, 0, 3], "texture": "#0", "rotation": 90},
				"up": {"uv": [1, 4, 0, 3], "texture": "#0", "rotation": 90},
				"down": {"uv": [1, 4, 0, 3], "texture": "#0", "rotation": 90}
			}
		},
		{
			"from": [-8.49951, 19.17231, 14.91623],
			"to": [-7.49951, 24.44702, 16.01623],
			"rotation": {"angle": 45, "axis": "z", "origin": [-7.99951, 21.80966, 15.46623]},
			"faces": {
				"north": {"uv": [1, 4, 0, 3], "texture": "#0", "rotation": 90},
				"east": {"uv": [1, 4, 0, 3], "texture": "#0", "rotation": 90},
				"south": {"uv": [1, 4, 0, 3], "texture": "#0", "rotation": 90},
				"west": {"uv": [1, 4, 0, 3], "texture": "#0", "rotation": 90},
				"up": {"uv": [1, 4, 0, 3], "texture": "#0", "rotation": 90},
				"down": {"uv": [1, 4, 0, 3], "texture": "#0", "rotation": 90}
			}
		},
		{
			"from": [-12.49951, -2.44702, 14.91623],
			"to": [-11.49951, 2.82769, 16.01623],
			"rotation": {"angle": -45, "axis": "z", "origin": [-11.99951, 0.19034, 15.46623]},
			"faces": {
				"north": {"uv": [1, 3, 0, 4], "texture": "#0", "rotation": 90},
				"east": {"uv": [1, 3, 0, 4], "texture": "#0", "rotation": 90},
				"south": {"uv": [1, 3, 0, 4], "texture": "#0", "rotation": 90},
				"west": {"uv": [1, 3, 0, 4], "texture": "#0", "rotation": 90},
				"up": {"uv": [1, 3, 0, 4], "texture": "#0", "rotation": 90},
				"down": {"uv": [1, 3, 0, 4], "texture": "#0", "rotation": 90}
			}
		},
		{
			"from": [-12.49951, -2.44702, 14.91623],
			"to": [-11.49951, 2.82769, 16.01623],
			"rotation": {"angle": 45, "axis": "z", "origin": [-11.99951, 0.19034, 15.46623]},
			"faces": {
				"north": {"uv": [1, 3, 0, 4], "texture": "#0", "rotation": 90},
				"east": {"uv": [1, 3, 0, 4], "texture": "#0", "rotation": 90},
				"south": {"uv": [1, 3, 0, 4], "texture": "#0", "rotation": 90},
				"west": {"uv": [1, 3, 0, 4], "texture": "#0", "rotation": 90},
				"up": {"uv": [1, 3, 0, 4], "texture": "#0", "rotation": 90},
				"down": {"uv": [1, 3, 0, 4], "texture": "#0", "rotation": 90}
			}
		},
		{
			"from": [-12.49951, -8.44702, 14.91623],
			"to": [-11.49951, -3.17231, 16.01623],
			"rotation": {"angle": -45, "axis": "z", "origin": [-11.99951, -5.80966, 15.46623]},
			"faces": {
				"north": {"uv": [1, 3, 0, 4], "texture": "#0", "rotation": 90},
				"east": {"uv": [1, 3, 0, 4], "texture": "#0", "rotation": 90},
				"south": {"uv": [1, 3, 0, 4], "texture": "#0", "rotation": 90},
				"west": {"uv": [1, 3, 0, 4], "texture": "#0", "rotation": 90},
				"up": {"uv": [1, 3, 0, 4], "texture": "#0", "rotation": 90},
				"down": {"uv": [1, 3, 0, 4], "texture": "#0", "rotation": 90}
			}
		},
		{
			"from": [-12.49951, -8.44702, 14.91623],
			"to": [-11.49951, -3.17231, 16.01623],
			"rotation": {"angle": 45, "axis": "z", "origin": [-11.99951, -5.80966, 15.46623]},
			"faces": {
				"north": {"uv": [1, 3, 0, 4], "texture": "#0", "rotation": 90},
				"east": {"uv": [1, 3, 0, 4], "texture": "#0", "rotation": 90},
				"south": {"uv": [1, 3, 0, 4], "texture": "#0", "rotation": 90},
				"west": {"uv": [1, 3, 0, 4], "texture": "#0", "rotation": 90},
				"up": {"uv": [1, 3, 0, 4], "texture": "#0", "rotation": 90},
				"down": {"uv": [1, 3, 0, 4], "texture": "#0", "rotation": 90}
			}
		},
		{
			"from": [-12.49951, 13.17231, 14.91623],
			"to": [-11.49951, 18.44702, 16.01623],
			"rotation": {"angle": -45, "axis": "z", "origin": [-11.99951, 15.80966, 15.46623]},
			"faces": {
				"north": {"uv": [1, 4, 0, 3], "texture": "#0", "rotation": 90},
				"east": {"uv": [1, 4, 0, 3], "texture": "#0", "rotation": 90},
				"south": {"uv": [1, 4, 0, 3], "texture": "#0", "rotation": 90},
				"west": {"uv": [1, 4, 0, 3], "texture": "#0", "rotation": 90},
				"up": {"uv": [1, 4, 0, 3], "texture": "#0", "rotation": 90},
				"down": {"uv": [1, 4, 0, 3], "texture": "#0", "rotation": 90}
			}
		},
		{
			"from": [-12.49951, 13.17231, 14.91623],
			"to": [-11.49951, 18.44702, 16.01623],
			"rotation": {"angle": 45, "axis": "z", "origin": [-11.99951, 15.80966, 15.46623]},
			"faces": {
				"north": {"uv": [1, 4, 0, 3], "texture": "#0", "rotation": 90},
				"east": {"uv": [1, 4, 0, 3], "texture": "#0", "rotation": 90},
				"south": {"uv": [1, 4, 0, 3], "texture": "#0", "rotation": 90},
				"west": {"uv": [1, 4, 0, 3], "texture": "#0", "rotation": 90},
				"up": {"uv": [1, 4, 0, 3], "texture": "#0", "rotation": 90},
				"down": {"uv": [1, 4, 0, 3], "texture": "#0", "rotation": 90}
			}
		},
		{
			"from": [-12.49951, 19.17231, 14.91623],
			"to": [-11.49951, 24.44702, 16.01623],
			"rotation": {"angle": -45, "axis": "z", "origin": [-11.99951, 21.80966, 15.46623]},
			"faces": {
				"north": {"uv": [1, 4, 0, 3], "texture": "#0", "rotation": 90},
				"east": {"uv": [1, 4, 0, 3], "texture": "#0", "rotation": 90},
				"south": {"uv": [1, 4, 0, 3], "texture": "#0", "rotation": 90},
				"west": {"uv": [1, 4, 0, 3], "texture": "#0", "rotation": 90},
				"up": {"uv": [1, 4, 0, 3], "texture": "#0", "rotation": 90},
				"down": {"uv": [1, 4, 0, 3], "texture": "#0", "rotation": 90}
			}
		},
		{
			"from": [-12.49951, 19.17231, 14.91623],
			"to": [-11.49951, 24.44702, 16.01623],
			"rotation": {"angle": 45, "axis": "z", "origin": [-11.99951, 21.80966, 15.46623]},
			"faces": {
				"north": {"uv": [1, 4, 0, 3], "texture": "#0", "rotation": 90},
				"east": {"uv": [1, 4, 0, 3], "texture": "#0", "rotation": 90},
				"south": {"uv": [1, 4, 0, 3], "texture": "#0", "rotation": 90},
				"west": {"uv": [1, 4, 0, 3], "texture": "#0", "rotation": 90},
				"up": {"uv": [1, 4, 0, 3], "texture": "#0", "rotation": 90},
				"down": {"uv": [1, 4, 0, 3], "texture": "#0", "rotation": 90}
			}
		},
		{
			"from": [28.4, -16, 14.9],
			"to": [30.5, 32, 16],
			"rotation": {"angle": 0, "axis": "z", "origin": [29.9, 8, 15.55]},
			"faces": {
				"north": {"uv": [16, 3, 0, 4], "texture": "#0", "rotation": 90},
				"east": {"uv": [16, 0, 0, 0.9], "texture": "#0", "rotation": 90},
				"south": {"uv": [16, 2, 0, 3], "texture": "#0", "rotation": 90},
				"west": {"uv": [16, 0, 0, 0.9], "texture": "#0", "rotation": 270},
				"up": {"uv": [5, 4, 4, 4.9], "texture": "#0", "rotation": 180},
				"down": {"uv": [4, 6, 3, 6.9], "texture": "#0"}
			}
		},
		{
			"from": [24.4, -16, 14.9],
			"to": [26.5, 32, 16],
			"rotation": {"angle": 0, "axis": "z", "origin": [25.9, 8, 15.55]},
			"faces": {
				"north": {"uv": [16, 3, 0, 4], "texture": "#0", "rotation": 90},
				"east": {"uv": [16, 0, 0, 0.9], "texture": "#0", "rotation": 90},
				"south": {"uv": [16, 2, 0, 3], "texture": "#0", "rotation": 90},
				"west": {"uv": [16, 0, 0, 0.9], "texture": "#0", "rotation": 270},
				"up": {"uv": [5, 4, 4, 4.9], "texture": "#0", "rotation": 180},
				"down": {"uv": [4, 6, 3, 6.9], "texture": "#0"}
			}
		},
		{
			"from": [20.4, -16, 14.9],
			"to": [22.5, 32, 16],
			"rotation": {"angle": 0, "axis": "z", "origin": [21.9, 8, 15.55]},
			"faces": {
				"north": {"uv": [16, 3, 0, 4], "texture": "#0", "rotation": 90},
				"east": {"uv": [16, 0, 0, 0.9], "texture": "#0", "rotation": 90},
				"south": {"uv": [16, 2, 0, 3], "texture": "#0", "rotation": 90},
				"west": {"uv": [16, 0, 0, 0.9], "texture": "#0", "rotation": 270},
				"up": {"uv": [5, 4, 4, 4.9], "texture": "#0", "rotation": 180},
				"down": {"uv": [4, 6, 3, 6.9], "texture": "#0"}
			}
		},
		{
			"from": [16.4, -16, 14.9],
			"to": [18.5, 32, 16],
			"rotation": {"angle": 0, "axis": "z", "origin": [18.1, 8, 15.55]},
			"faces": {
				"north": {"uv": [0, 3, 16, 4], "texture": "#0", "rotation": 90},
				"east": {"uv": [0, 0, 16, 0.9], "texture": "#0", "rotation": 270},
				"south": {"uv": [0, 2, 16, 3], "texture": "#0", "rotation": 90},
				"west": {"uv": [0, 0, 16, 0.9], "texture": "#0", "rotation": 90},
				"up": {"uv": [4, 4, 5, 4.9], "texture": "#0", "rotation": 180},
				"down": {"uv": [3, 6, 4, 6.9], "texture": "#0"}
			}
		},
		{
			"from": [12.4, -16, 14.9],
			"to": [14.5, 32, 16],
			"rotation": {"angle": 0, "axis": "z", "origin": [14.1, 8, 15.55]},
			"faces": {
				"north": {"uv": [0, 3, 16, 4], "texture": "#0", "rotation": 90},
				"east": {"uv": [0, 0, 16, 0.9], "texture": "#0", "rotation": 270},
				"south": {"uv": [0, 2, 16, 3], "texture": "#0", "rotation": 90},
				"west": {"uv": [0, 0, 16, 0.9], "texture": "#0", "rotation": 90},
				"up": {"uv": [4, 4, 5, 4.9], "texture": "#0", "rotation": 180},
				"down": {"uv": [3, 6, 4, 6.9], "texture": "#0"}
			}
		},
		{
			"from": [8.4, -16, 14.9],
			"to": [10.5, 32, 16],
			"rotation": {"angle": 0, "axis": "z", "origin": [10.1, 8, 15.55]},
			"faces": {
				"north": {"uv": [0, 3, 16, 4], "texture": "#0", "rotation": 90},
				"east": {"uv": [0, 0, 16, 0.9], "texture": "#0", "rotation": 270},
				"south": {"uv": [0, 2, 16, 3], "texture": "#0", "rotation": 90},
				"west": {"uv": [0, 0, 16, 0.9], "texture": "#0", "rotation": 90},
				"up": {"uv": [4, 4, 5, 4.9], "texture": "#0", "rotation": 180},
				"down": {"uv": [3, 6, 4, 6.9], "texture": "#0"}
			}
		},
		{
			"from": [4.4, -16, 14.9],
			"to": [6.5, 32, 16],
			"rotation": {"angle": 0, "axis": "z", "origin": [6.1, 8, 15.55]},
			"faces": {
				"north": {"uv": [0, 3, 16, 4], "texture": "#0", "rotation": 90},
				"east": {"uv": [0, 0, 16, 0.9], "texture": "#0", "rotation": 270},
				"south": {"uv": [0, 2, 16, 3], "texture": "#0", "rotation": 90},
				"west": {"uv": [0, 0, 16, 0.9], "texture": "#0", "rotation": 90},
				"up": {"uv": [4, 4, 5, 4.9], "texture": "#0", "rotation": 180},
				"down": {"uv": [3, 6, 4, 6.9], "texture": "#0"}
			}
		},
		{
			"from": [0.4, -16, 14.9],
			"to": [2.5, 32, 16],
			"rotation": {"angle": 0, "axis": "z", "origin": [2.1, 8, 15.55]},
			"faces": {
				"north": {"uv": [0, 3, 16, 4], "texture": "#0", "rotation": 90},
				"east": {"uv": [0, 0, 16, 0.9], "texture": "#0", "rotation": 270},
				"south": {"uv": [0, 2, 16, 3], "texture": "#0", "rotation": 90},
				"west": {"uv": [0, 0, 16, 0.9], "texture": "#0", "rotation": 90},
				"up": {"uv": [4, 4, 5, 4.9], "texture": "#0", "rotation": 180},
				"down": {"uv": [3, 6, 4, 6.9], "texture": "#0"}
			}
		},
		{
			"from": [-3.6, -16, 14.9],
			"to": [-1.5, 32, 16],
			"rotation": {"angle": 0, "axis": "z", "origin": [-1.9, 8, 15.55]},
			"faces": {
				"north": {"uv": [0, 3, 16, 4], "texture": "#0", "rotation": 90},
				"east": {"uv": [0, 0, 16, 0.9], "texture": "#0", "rotation": 270},
				"south": {"uv": [0, 2, 16, 3], "texture": "#0", "rotation": 90},
				"west": {"uv": [0, 0, 16, 0.9], "texture": "#0", "rotation": 90},
				"up": {"uv": [4, 4, 5, 4.9], "texture": "#0", "rotation": 180},
				"down": {"uv": [3, 6, 4, 6.9], "texture": "#0"}
			}
		},
		{
			"from": [-7.6, -16, 14.9],
			"to": [-5.5, 32, 16],
			"rotation": {"angle": 0, "axis": "z", "origin": [-5.9, 8, 15.55]},
			"faces": {
				"north": {"uv": [0, 3, 16, 4], "texture": "#0", "rotation": 90},
				"east": {"uv": [0, 0, 16, 0.9], "texture": "#0", "rotation": 270},
				"south": {"uv": [0, 2, 16, 3], "texture": "#0", "rotation": 90},
				"west": {"uv": [0, 0, 16, 0.9], "texture": "#0", "rotation": 90},
				"up": {"uv": [4, 4, 5, 4.9], "texture": "#0", "rotation": 180},
				"down": {"uv": [3, 6, 4, 6.9], "texture": "#0"}
			}
		},
		{
			"from": [-11.6, -16, 14.9],
			"to": [-9.5, 32, 16],
			"rotation": {"angle": 0, "axis": "z", "origin": [-9.9, 8, 15.55]},
			"faces": {
				"north": {"uv": [0, 3, 16, 4], "texture": "#0", "rotation": 90},
				"east": {"uv": [0, 0, 16, 0.9], "texture": "#0", "rotation": 270},
				"south": {"uv": [0, 2, 16, 3], "texture": "#0", "rotation": 90},
				"west": {"uv": [0, 0, 16, 0.9], "texture": "#0", "rotation": 90},
				"up": {"uv": [4, 4, 5, 4.9], "texture": "#0", "rotation": 180},
				"down": {"uv": [3, 6, 4, 6.9], "texture": "#0"}
			}
		},
		{
			"from": [-15.6, -16, 14.9],
			"to": [-13.5, 32, 16],
			"rotation": {"angle": 0, "axis": "z", "origin": [-13.9, 8, 15.55]},
			"faces": {
				"north": {"uv": [0, 3, 16, 4], "texture": "#0", "rotation": 90},
				"east": {"uv": [0, 0, 16, 0.9], "texture": "#0", "rotation": 270},
				"south": {"uv": [0, 2, 16, 3], "texture": "#0", "rotation": 90},
				"west": {"uv": [0, 0, 16, 0.9], "texture": "#0", "rotation": 90},
				"up": {"uv": [4, 4, 5, 4.9], "texture": "#0", "rotation": 180},
				"down": {"uv": [3, 6, 4, 6.9], "texture": "#0"}
			}
		}
	],
	"display": {
		"head": {
			"scale": [0.7, 1.6, 1.6],
			"translation": [-1, -5, 0],
			"rotation": [0, 90, 0]
		}
	},
	"groups": [0, 1, 2, 3, 4, 5, 6, 7, 8, 9, 10, 11, 12, 13, 14, 15, 16, 17, 18, 19, 20, 21, 22, 23, 24, 25, 26, 27, 28, 29, 30, 31, 32, 33, 34, 35, 36, 37, 38, 39, 40, 41, 42, 43, 44, 45, 46, 47, 48, 49, 50, 51, 52, 53, 54, 55, 56, 57, 58, 59, 60, 61, 62, 63, 64, 65, 66, 67, 68, 69, 70, 71, 72, 73, 74, 75, 76, 77, 78, 79, 80, 81, 82, 83, 84, 85, 86, 87,
		{
			"name": "group",
			"isOpen": true,
			"shade": true,
			"display": {
				"visibility": true,
				"autouv": false
			},
			"children": [88, 89, 90, 91, 92, 93, 94, 95, 96, 97, 98, 99]
		}
	]
}