{
	"textures": {
		"2": "_custom/iron_plate_orange",
		"3": "_custom/caution_c",
		"4": "block/purpur_block",
		"5": "_custom/steel"
	},
	"elements": [
		{
			"from": [6.53452, -10.52217, 7.365],
			"to": [7.46952, -7.29217, 7.565],
			"rotation": {"angle": 22.5, "axis": "z", "origin": [7.29952, -8.05717, 7.45]},
			"faces": {
				"north": {"uv": [2, 2.33333, 2.33333, 2.66667], "texture": "#2", "rotation": 270},
				"east": {"uv": [2, 2.33333, 2.33333, 2.66667], "texture": "#2", "rotation": 270},
				"south": {"uv": [2, 2.33333, 2.33333, 2.66667], "texture": "#2", "rotation": 270},
				"west": {"uv": [2, 2.33333, 2.33333, 2.66667], "texture": "#2", "rotation": 270},
				"up": {"uv": [2, 2.33333, 2.33333, 2.66667], "texture": "#2", "rotation": 270},
				"down": {"uv": [2, 2.33333, 2.33333, 2.66667], "texture": "#2", "rotation": 270}
			}
		},
		{
			"from": [8.53048, -10.52217, 7.365],
			"to": [9.46548, -7.29217, 7.565],
			"rotation": {"angle": -22.5, "axis": "z", "origin": [8.70048, -8.05717, 7.45]},
			"faces": {
				"north": {"uv": [2.33333, 2.33333, 2, 2.66667], "texture": "#2", "rotation": 270},
				"east": {"uv": [2.33333, 2.33333, 2, 2.66667], "texture": "#2", "rotation": 270},
				"south": {"uv": [2.33333, 2.33333, 2, 2.66667], "texture": "#2", "rotation": 270},
				"west": {"uv": [2.33333, 2.33333, 2, 2.66667], "texture": "#2", "rotation": 270},
				"up": {"uv": [2.33333, 2.33333, 2, 2.66667], "texture": "#2", "rotation": 270},
				"down": {"uv": [2.33333, 2.33333, 2, 2.66667], "texture": "#2", "rotation": 270}
			}
		},
		{
			"name": "hexadecagon",
			"from": [7.66185, -9.005, 7.365],
			"to": [8.33815, -5.605, 8.635],
			"rotation": {"angle": -45, "axis": "z", "origin": [8, -7.305, 7.28]},
			"faces": {
				"north": {"uv": [0.66667, 1, 1, 1.33333], "texture": "#2"},
				"east": {"uv": [0.66667, 1, 1, 1.33333], "texture": "#2"},
				"south": {"uv": [0.66667, 1, 1, 1.33333], "texture": "#2"},
				"west": {"uv": [0.66667, 1, 1, 1.33333], "texture": "#2"},
				"up": {"uv": [0.66667, 1, 1, 1.33333], "texture": "#2"},
				"down": {"uv": [0.66667, 1, 1, 1.33333], "texture": "#2"}
			}
		},
		{
			"name": "hexadecagon",
			"from": [7.66185, -9.005, 7.365],
			"to": [8.33815, -5.605, 8.635],
			"rotation": {"angle": -22.5, "axis": "z", "origin": [8, -7.305, 7.28]},
			"faces": {
				"north": {"uv": [0.66667, 1, 1, 1.33333], "texture": "#2"},
				"east": {"uv": [0.66667, 1, 1, 1.33333], "texture": "#2"},
				"south": {"uv": [0.66667, 1, 1, 1.33333], "texture": "#2"},
				"west": {"uv": [0.66667, 1, 1, 1.33333], "texture": "#2"},
				"up": {"uv": [0.66667, 1, 1, 1.33333], "texture": "#2"},
				"down": {"uv": [0.66667, 1, 1, 1.33333], "texture": "#2"}
			}
		},
		{
			"name": "hexadecagon",
			"from": [7.66185, -9.005, 7.365],
			"to": [8.33815, -5.605, 8.635],
			"rotation": {"angle": 0, "axis": "z", "origin": [8, -7.305, 7.28]},
			"faces": {
				"north": {"uv": [0.66667, 1, 1, 1.33333], "texture": "#2"},
				"east": {"uv": [0.66667, 1, 1, 1.33333], "texture": "#2"},
				"south": {"uv": [0.66667, 1, 1, 1.33333], "texture": "#2"},
				"west": {"uv": [0.66667, 1, 1, 1.33333], "texture": "#2"},
				"up": {"uv": [0.66667, 1, 1, 1.33333], "texture": "#2"},
				"down": {"uv": [0.66667, 1, 1, 1.33333], "texture": "#2"}
			}
		},
		{
			"name": "hexadecagon",
			"from": [7.66185, -9.005, 7.365],
			"to": [8.33815, -5.605, 8.635],
			"rotation": {"angle": 22.5, "axis": "z", "origin": [8, -7.305, 7.28]},
			"faces": {
				"north": {"uv": [0.66667, 1, 1, 1.33333], "texture": "#2"},
				"east": {"uv": [0.66667, 1, 1, 1.33333], "texture": "#2"},
				"south": {"uv": [0.66667, 1, 1, 1.33333], "texture": "#2"},
				"west": {"uv": [0.66667, 1, 1, 1.33333], "texture": "#2"},
				"up": {"uv": [0.66667, 1, 1, 1.33333], "texture": "#2"},
				"down": {"uv": [0.66667, 1, 1, 1.33333], "texture": "#2"}
			}
		},
		{
			"name": "hexadecagon",
			"from": [7.66185, -9.005, 7.365],
			"to": [8.33815, -5.605, 8.635],
			"rotation": {"angle": 45, "axis": "z", "origin": [8, -7.305, 7.28]},
			"faces": {
				"north": {"uv": [0.66667, 1, 1, 1.33333], "texture": "#2"},
				"east": {"uv": [0.66667, 1, 1, 1.33333], "texture": "#2"},
				"south": {"uv": [0.66667, 1, 1, 1.33333], "texture": "#2"},
				"west": {"uv": [0.66667, 1, 1, 1.33333], "texture": "#2"},
				"up": {"uv": [0.66667, 1, 1, 1.33333], "texture": "#2"},
				"down": {"uv": [0.66667, 1, 1, 1.33333], "texture": "#2"}
			}
		},
		{
			"name": "hexadecagon",
			"from": [6.3, -7.64315, 7.365],
			"to": [9.7, -6.96685, 8.635],
			"rotation": {"angle": -22.5, "axis": "z", "origin": [8, -7.305, 7.28]},
			"faces": {
				"north": {"uv": [0.66667, 1, 1, 1.33333], "texture": "#2"},
				"east": {"uv": [0.66667, 1, 1, 1.33333], "texture": "#2"},
				"south": {"uv": [0.66667, 1, 1, 1.33333], "texture": "#2"},
				"west": {"uv": [0.66667, 1, 1, 1.33333], "texture": "#2"},
				"up": {"uv": [0.66667, 1, 1, 1.33333], "texture": "#2"},
				"down": {"uv": [0.66667, 1, 1, 1.33333], "texture": "#2"}
			}
		},
		{
			"name": "hexadecagon",
			"from": [6.3, -7.64315, 7.365],
			"to": [9.7, -6.96685, 8.635],
			"rotation": {"angle": 0, "axis": "z", "origin": [8, -7.305, 7.28]},
			"faces": {
				"north": {"uv": [0.66667, 1, 1, 1.33333], "texture": "#2"},
				"east": {"uv": [0.66667, 1, 1, 1.33333], "texture": "#2"},
				"south": {"uv": [0.66667, 1, 1, 1.33333], "texture": "#2"},
				"west": {"uv": [0.66667, 1, 1, 1.33333], "texture": "#2"},
				"up": {"uv": [0.66667, 1, 1, 1.33333], "texture": "#2"},
				"down": {"uv": [0.66667, 1, 1, 1.33333], "texture": "#2"}
			}
		},
		{
			"name": "hexadecagon",
			"from": [6.3, -7.64315, 7.365],
			"to": [9.7, -6.96685, 8.635],
			"rotation": {"angle": 22.5, "axis": "z", "origin": [8, -7.305, 7.28]},
			"faces": {
				"north": {"uv": [0.66667, 1, 1, 1.33333], "texture": "#2"},
				"east": {"uv": [0.66667, 1, 1, 1.33333], "texture": "#2"},
				"south": {"uv": [0.66667, 1, 1, 1.33333], "texture": "#2"},
				"west": {"uv": [0.66667, 1, 1, 1.33333], "texture": "#2"},
				"up": {"uv": [0.66667, 1, 1, 1.33333], "texture": "#2"},
				"down": {"uv": [0.66667, 1, 1, 1.33333], "texture": "#2"}
			}
		},
		{
			"name": "hexadecagon",
			"from": [6.76185, -8.625, 7.364],
			"to": [9.23815, -6.14868, 7.404],
			"rotation": {"angle": 0, "axis": "z", "origin": [8, -7.325, 7.24]},
			"faces": {
				"north": {"uv": [0, 0, 16, 16], "texture": "#3"},
				"east": {"uv": [0.66667, 1, 1, 1.33333], "texture": "#2"},
				"south": {"uv": [0.66667, 1, 1, 1.33333], "texture": "#2"},
				"west": {"uv": [0.66667, 1, 1, 1.33333], "texture": "#2"},
				"up": {"uv": [0.66667, 1, 1, 1.33333], "texture": "#2"},
				"down": {"uv": [0.66667, 1, 1, 1.33333], "texture": "#2"}
			}
		},
		{
			"name": "hexadecagon",
			"from": [7.66185, -10.505, 7.365],
			"to": [8.33815, -8.405, 7.565],
			"rotation": {"angle": 0, "axis": "z", "origin": [8, -7.305, 7.28]},
			"faces": {
				"north": {"uv": [0.66667, 1, 1, 1.33333], "texture": "#2"},
				"east": {"uv": [0.66667, 1, 1, 1.33333], "texture": "#2"},
				"south": {"uv": [0.66667, 1, 1, 1.33333], "texture": "#2"},
				"west": {"uv": [0.66667, 1, 1, 1.33333], "texture": "#2"},
				"up": {"uv": [0.66667, 1, 1, 1.33333], "texture": "#2"},
				"down": {"uv": [0.66667, 1, 1, 1.33333], "texture": "#2"}
			}
		},
		{
			"name": "hexadecagon",
			"from": [6.76185, -8.625, 8.596],
			"to": [9.23815, -6.14868, 8.636],
			"rotation": {"angle": 0, "axis": "z", "origin": [8, -7.325, 8.76]},
			"faces": {
				"north": {"uv": [1, 1, 0.66667, 1.33333], "texture": "#2"},
				"east": {"uv": [1, 1, 0.66667, 1.33333], "texture": "#2"},
				"south": {"uv": [16, 0, 0, 16], "texture": "#3"},
				"west": {"uv": [1, 1, 0.66667, 1.33333], "texture": "#2"},
				"up": {"uv": [0.66667, 1.33333, 1, 1], "texture": "#2"},
				"down": {"uv": [0.66667, 1.33333, 1, 1], "texture": "#2"}
			}
		},
		{
			"name": "hexadecagon",
			"from": [7.66185, -10.505, 8.435],
			"to": [8.33815, -8.405, 8.635],
			"rotation": {"angle": 0, "axis": "z", "origin": [8, -7.305, 8.72]},
			"faces": {
				"north": {"uv": [1, 1, 0.66667, 1.33333], "texture": "#2"},
				"east": {"uv": [1, 1, 0.66667, 1.33333], "texture": "#2"},
				"south": {"uv": [1, 1, 0.66667, 1.33333], "texture": "#2"},
				"west": {"uv": [1, 1, 0.66667, 1.33333], "texture": "#2"},
				"up": {"uv": [0.66667, 1.33333, 1, 1], "texture": "#2"},
				"down": {"uv": [0.66667, 1.33333, 1, 1], "texture": "#2"}
			}
		},
		{
			"name": "hexadecagon",
			"from": [7.66185, -10.905, 7.765],
			"to": [8.33815, -8.405, 8.205],
			"rotation": {"angle": 0, "axis": "z", "origin": [8, -7.305, 7.68]},
			"faces": {
				"north": {"uv": [0, 0, 1, 1], "texture": "#5"},
				"east": {"uv": [0, 0, 1, 1], "texture": "#5"},
				"south": {"uv": [0, 0, 1, 1], "texture": "#5"},
				"west": {"uv": [0, 0, 1, 1], "texture": "#5"},
				"up": {"uv": [0, 0, 1, 1], "texture": "#5"},
				"down": {"uv": [0, 0, 1, 1], "texture": "#5"}
			}
		},
		{
			"name": "hexadecagon",
			"from": [8.53871, -11.88807, 7.765],
			"to": [9.21501, -10.98807, 8.205],
			"rotation": {"angle": -45, "axis": "z", "origin": [8.87686, -9.88807, 7.68]},
			"faces": {
				"north": {"uv": [0, 0, 1, 1], "texture": "#5"},
				"east": {"uv": [0, 0, 1, 1], "texture": "#5"},
				"south": {"uv": [0, 0, 1, 1], "texture": "#5"},
				"west": {"uv": [0, 0, 1, 1], "texture": "#5"},
				"up": {"uv": [0, 0, 1, 1], "texture": "#5"},
				"down": {"uv": [0, 0, 1, 1], "texture": "#5"}
			}
		},
		{
			"name": "hexadecagon",
			"from": [7.61875, -12.17632, 7.765],
			"to": [8.29505, -11.27632, 8.205],
			"rotation": {"angle": -22.5, "axis": "z", "origin": [7.9569, -10.17632, 7.68]},
			"faces": {
				"north": {"uv": [0, 0, 1, 1], "texture": "#5"},
				"east": {"uv": [0, 0, 1, 1], "texture": "#5"},
				"south": {"uv": [0, 0, 1, 1], "texture": "#5"},
				"west": {"uv": [0, 0, 1, 1], "texture": "#5"},
				"up": {"uv": [0, 0, 1, 1], "texture": "#5"},
				"down": {"uv": [0, 0, 1, 1], "texture": "#5"}
			}
		},
		{
			"name": "hexadecagon",
			"from": [6.87912, -12.79467, 7.765],
			"to": [7.55542, -11.89467, 8.205],
			"rotation": {"angle": 0, "axis": "z", "origin": [7.21727, -10.79467, 7.68]},
			"faces": {
				"north": {"uv": [0, 0, 1, 1], "texture": "#5"},
				"east": {"uv": [0, 0, 1, 1], "texture": "#5"},
				"south": {"uv": [0, 0, 1, 1], "texture": "#5"},
				"west": {"uv": [0, 0, 1, 1], "texture": "#5"},
				"up": {"uv": [0, 0, 1, 1], "texture": "#5"},
				"down": {"uv": [0, 0, 1, 1], "texture": "#5"}
			}
		},
		{
			"name": "hexadecagon",
			"from": [6.43243, -13.249, 7.765],
			"to": [7.10873, -12.749, 8.205],
			"rotation": {"angle": 22.5, "axis": "z", "origin": [6.77058, -11.649, 7.68]},
			"faces": {
				"north": {"uv": [0, 0, 1, 1], "texture": "#5"},
				"east": {"uv": [0, 0, 1, 1], "texture": "#5"},
				"south": {"uv": [0, 0, 1, 1], "texture": "#5"},
				"west": {"uv": [0, 0, 1, 1], "texture": "#5"},
				"up": {"uv": [0, 0, 1, 1], "texture": "#5"},
				"down": {"uv": [0, 0, 1, 1], "texture": "#5"}
			}
		},
		{
			"name": "hexadecagon",
			"from": [6.1936, -13.83968, 7.765],
			"to": [6.86991, -13.33968, 8.205],
			"rotation": {"angle": 45, "axis": "z", "origin": [6.53176, -12.23968, 7.68]},
			"faces": {
				"north": {"uv": [0, 0, 1, 1], "texture": "#5"},
				"east": {"uv": [0, 0, 1, 1], "texture": "#5"},
				"south": {"uv": [0, 0, 1, 1], "texture": "#5"},
				"west": {"uv": [0, 0, 1, 1], "texture": "#5"},
				"up": {"uv": [0, 0, 1, 1], "texture": "#5"},
				"down": {"uv": [0, 0, 1, 1], "texture": "#5"}
			}
		},
		{
			"name": "hexadecagon",
			"from": [7.63715, -13.21495, 7.765],
			"to": [8.13715, -12.53865, 8.205],
			"rotation": {"angle": -22.5, "axis": "z", "origin": [6.53715, -12.8768, 7.68]},
			"faces": {
				"north": {"uv": [0, 0, 1, 1], "texture": "#5", "rotation": 90},
				"east": {"uv": [0, 0, 1, 1], "texture": "#5", "rotation": 270},
				"south": {"uv": [0, 0, 1, 1], "texture": "#5", "rotation": 270},
				"west": {"uv": [0, 0, 1, 1], "texture": "#5", "rotation": 270},
				"up": {"uv": [0, 0, 1, 1], "texture": "#5", "rotation": 270},
				"down": {"uv": [0, 0, 1, 1], "texture": "#5", "rotation": 270}
			}
		},
		{
			"name": "hexadecagon",
			"from": [7.88596, -13.8015, 7.765],
			"to": [8.48596, -13.1252, 8.205],
			"rotation": {"angle": 0, "axis": "z", "origin": [6.78596, -13.46335, 7.68]},
			"faces": {
				"north": {"uv": [0, 0, 1, 1], "texture": "#5", "rotation": 90},
				"east": {"uv": [0, 0, 1, 1], "texture": "#5", "rotation": 270},
				"south": {"uv": [0, 0, 1, 1], "texture": "#5", "rotation": 270},
				"west": {"uv": [0, 0, 1, 1], "texture": "#5", "rotation": 270},
				"up": {"uv": [0, 0, 1, 1], "texture": "#5", "rotation": 270},
				"down": {"uv": [0, 0, 1, 1], "texture": "#5", "rotation": 270}
			}
		},
		{
			"name": "hexadecagon",
			"from": [8.44028, -14.2482, 7.765],
			"to": [9.24028, -13.57189, 8.205],
			"rotation": {"angle": 22.5, "axis": "z", "origin": [7.34028, -13.91005, 7.68]},
			"faces": {
				"north": {"uv": [0, 0, 1, 1], "texture": "#5", "rotation": 90},
				"east": {"uv": [0, 0, 1, 1], "texture": "#5", "rotation": 270},
				"south": {"uv": [0, 0, 1, 1], "texture": "#5", "rotation": 270},
				"west": {"uv": [0, 0, 1, 1], "texture": "#5", "rotation": 270},
				"up": {"uv": [0, 0, 1, 1], "texture": "#5", "rotation": 270},
				"down": {"uv": [0, 0, 1, 1], "texture": "#5", "rotation": 270}
			}
		},
		{
			"name": "hexadecagon",
			"from": [8.21905, -13.34663, 7.77032],
			"to": [8.6879, -12.65691, 8.19866],
			"rotation": {"angle": -22.5, "axis": "z", "origin": [8.55156, -14.75531, 7.68]},
			"faces": {
				"north": {"uv": [0, 0, 1, 1], "texture": "#5", "rotation": 180},
				"east": {"uv": [0, 0, 1, 1], "texture": "#5", "rotation": 180},
				"south": {"uv": [0, 0, 1, 1], "texture": "#5", "rotation": 180},
				"west": {"uv": [0, 0, 1, 1], "texture": "#5", "rotation": 180},
				"up": {"uv": [0, 0, 1, 1], "texture": "#5", "rotation": 180},
				"down": {"uv": [0, 0, 1, 1], "texture": "#5", "rotation": 180}
			}
		},
		{
			"name": "hexadecagon",
			"from": [10.43379, -12.24939, 7.77032],
			"to": [10.60264, -11.83966, 8.19866],
			"rotation": {"angle": 45, "axis": "z", "origin": [10.76631, -13.93807, 7.68]},
			"faces": {
				"north": {"uv": [0, 0, 1, 1], "texture": "#5", "rotation": 180},
				"east": {"uv": [0, 0, 1, 1], "texture": "#5", "rotation": 180},
				"south": {"uv": [0, 0, 1, 1], "texture": "#5", "rotation": 180},
				"west": {"uv": [0, 0, 1, 1], "texture": "#5", "rotation": 180},
				"up": {"uv": [0, 0, 1, 1], "texture": "#5", "rotation": 180},
				"down": {"uv": [0, 0, 1, 1], "texture": "#5", "rotation": 180}
			}
		},
		{
			"name": "hexadecagon",
			"from": [7.46185, -9.105, 7.665],
			"to": [8.53815, -8.405, 8.305],
			"rotation": {"angle": 0, "axis": "z", "origin": [8, -7.305, 7.68]},
			"faces": {
				"north": {"uv": [0, 0, 0.33333, 0.33333], "texture": "#2"},
				"east": {"uv": [0, 0, 0.33333, 0.33333], "texture": "#2"},
				"south": {"uv": [0, 0, 0.33333, 0.33333], "texture": "#2"},
				"west": {"uv": [0, 0, 0.33333, 0.33333], "texture": "#2"},
				"up": {"uv": [0, 0, 0.33333, 0.33333], "texture": "#2"},
				"down": {"uv": [0, 0, 0.33333, 0.33333], "texture": "#2"}
			}
		},
		{
			"from": [6.53452, -10.52217, 8.435],
			"to": [7.46952, -7.29217, 8.635],
			"rotation": {"angle": 22.5, "axis": "z", "origin": [7.29952, -8.05717, 8.55]},
			"faces": {
				"north": {"uv": [2.33333, 2.33333, 2, 2.66667], "texture": "#2", "rotation": 270},
				"east": {"uv": [2.33333, 2.33333, 2, 2.66667], "texture": "#2", "rotation": 270},
				"south": {"uv": [2.33333, 2.33333, 2, 2.66667], "texture": "#2", "rotation": 270},
				"west": {"uv": [2.33333, 2.33333, 2, 2.66667], "texture": "#2", "rotation": 270},
				"up": {"uv": [2, 2.66667, 2.33333, 2.33333], "texture": "#2", "rotation": 270},
				"down": {"uv": [2, 2.66667, 2.33333, 2.33333], "texture": "#2", "rotation": 270}
			}
		},
		{
			"from": [8.53048, -10.52217, 8.435],
			"to": [9.46548, -7.29217, 8.635],
			"rotation": {"angle": -22.5, "axis": "z", "origin": [8.70048, -8.05717, 8.55]},
			"faces": {
				"north": {"uv": [2, 2.33333, 2.33333, 2.66667], "texture": "#2", "rotation": 270},
				"east": {"uv": [2, 2.33333, 2.33333, 2.66667], "texture": "#2", "rotation": 270},
				"south": {"uv": [2, 2.33333, 2.33333, 2.66667], "texture": "#2", "rotation": 270},
				"west": {"uv": [2, 2.33333, 2.33333, 2.66667], "texture": "#2", "rotation": 270},
				"up": {"uv": [2.33333, 2.66667, 2, 2.33333], "texture": "#2", "rotation": 270},
				"down": {"uv": [2.33333, 2.66667, 2, 2.33333], "texture": "#2", "rotation": 270}
			}
		},
		{
			"name": "hexadecagon",
			"from": [7.80109, -4.8, 7.8],
			"to": [8.19891, -4.4, 8.2],
			"rotation": {"angle": -45, "axis": "z", "origin": [8, -5.4, 8]},
			"faces": {
				"north": {"uv": [2, 1, 3, 3], "texture": "#4"},
				"east": {"uv": [1, 1, 2, 2], "texture": "#4"},
				"south": {"uv": [2, 1, 3, 3], "texture": "#4"},
				"west": {"uv": [1, 1, 2, 2], "texture": "#4"},
				"up": {"uv": [1, 1, 2, 2], "texture": "#4"},
				"down": {"uv": [1, 1, 2, 2], "texture": "#4"}
			}
		},
		{
			"name": "hexadecagon",
			"from": [7.80109, -4.8, 7.8],
			"to": [8.19891, -4.4, 8.2],
			"rotation": {"angle": -22.5, "axis": "z", "origin": [8, -5.4, 8]},
			"faces": {
				"north": {"uv": [2, 1, 3, 3], "texture": "#4"},
				"east": {"uv": [1, 1, 2, 2], "texture": "#4"},
				"south": {"uv": [2, 1, 3, 3], "texture": "#4"},
				"west": {"uv": [1, 1, 2, 2], "texture": "#4"},
				"up": {"uv": [1, 1, 2, 2], "texture": "#4"},
				"down": {"uv": [1, 1, 2, 2], "texture": "#4"}
			}
		},
		{
			"name": "hexadecagon",
			"from": [7.80109, -4.8, 7.8],
			"to": [8.19891, -4.4, 8.2],
			"rotation": {"angle": 0, "axis": "z", "origin": [8, -5.4, 8]},
			"faces": {
				"north": {"uv": [2, 1, 3, 3], "texture": "#4"},
				"east": {"uv": [1, 1, 2, 2], "texture": "#4"},
				"south": {"uv": [2, 1, 3, 3], "texture": "#4"},
				"west": {"uv": [1, 1, 2, 2], "texture": "#4"},
				"up": {"uv": [1, 1, 2, 2], "texture": "#4"},
				"down": {"uv": [1, 1, 2, 2], "texture": "#4"}
			}
		},
		{
			"name": "hexadecagon",
			"from": [7.80109, -4.8, 7.8],
			"to": [8.19891, -4.4, 8.2],
			"rotation": {"angle": 22.5, "axis": "z", "origin": [8, -5.4, 8]},
			"faces": {
				"north": {"uv": [2, 1, 3, 3], "texture": "#4"},
				"east": {"uv": [1, 1, 2, 2], "texture": "#4"},
				"south": {"uv": [2, 1, 3, 3], "texture": "#4"},
				"west": {"uv": [1, 1, 2, 2], "texture": "#4"},
				"up": {"uv": [1, 1, 2, 2], "texture": "#4"},
				"down": {"uv": [1, 1, 2, 2], "texture": "#4"}
			}
		},
		{
			"name": "hexadecagon",
			"from": [7.80109, -4.8, 7.8],
			"to": [8.19891, -4.4, 8.2],
			"rotation": {"angle": 45, "axis": "z", "origin": [8, -5.4, 8]},
			"faces": {
				"north": {"uv": [2, 1, 3, 3], "texture": "#4"},
				"east": {"uv": [1, 1, 2, 2], "texture": "#4"},
				"south": {"uv": [2, 1, 3, 3], "texture": "#4"},
				"west": {"uv": [1, 1, 2, 2], "texture": "#4"},
				"up": {"uv": [1, 1, 2, 2], "texture": "#4"},
				"down": {"uv": [1, 1, 2, 2], "texture": "#4"}
			}
		},
		{
			"name": "hexadecagon",
			"from": [7, -5.59891, 7.8],
			"to": [7.4, -5.20109, 8.2],
			"rotation": {"angle": -22.5, "axis": "z", "origin": [8, -5.4, 8]},
			"faces": {
				"north": {"uv": [2, 1, 3, 3], "texture": "#4", "rotation": 90},
				"east": {"uv": [1, 1, 2, 2], "texture": "#4"},
				"south": {"uv": [2, 1, 3, 3], "texture": "#4", "rotation": 270},
				"west": {"uv": [1, 1, 2, 2], "texture": "#4"},
				"up": {"uv": [1, 1, 2, 2], "texture": "#4"},
				"down": {"uv": [1, 1, 2, 2], "texture": "#4"}
			}
		},
		{
			"name": "hexadecagon",
			"from": [7, -5.59891, 7.8],
			"to": [7.4, -5.20109, 8.2],
			"rotation": {"angle": 0, "axis": "z", "origin": [8, -5.4, 8]},
			"faces": {
				"north": {"uv": [2, 1, 3, 3], "texture": "#4", "rotation": 90},
				"east": {"uv": [1, 1, 2, 2], "texture": "#4"},
				"south": {"uv": [2, 1, 3, 3], "texture": "#4", "rotation": 270},
				"west": {"uv": [1, 1, 2, 2], "texture": "#4"},
				"up": {"uv": [1, 1, 2, 2], "texture": "#4"},
				"down": {"uv": [1, 1, 2, 2], "texture": "#4"}
			}
		},
		{
			"name": "hexadecagon",
			"from": [7, -5.59891, 7.8],
			"to": [7.4, -5.20109, 8.2],
			"rotation": {"angle": 22.5, "axis": "z", "origin": [8, -5.4, 8]},
			"faces": {
				"north": {"uv": [2, 1, 3, 3], "texture": "#4", "rotation": 90},
				"east": {"uv": [1, 1, 2, 2], "texture": "#4"},
				"south": {"uv": [2, 1, 3, 3], "texture": "#4", "rotation": 270},
				"west": {"uv": [1, 1, 2, 2], "texture": "#4"},
				"up": {"uv": [1, 1, 2, 2], "texture": "#4"},
				"down": {"uv": [1, 1, 2, 2], "texture": "#4"}
			}
		},
		{
			"name": "hexadecagon",
			"from": [8.6, -5.59891, 7.8],
			"to": [9, -5.20109, 8.2],
			"rotation": {"angle": -22.5, "axis": "z", "origin": [8, -5.4, 8]},
			"faces": {
				"north": {"uv": [2, 1, 3, 3], "texture": "#4", "rotation": 270},
				"east": {"uv": [1, 1, 2, 2], "texture": "#4"},
				"south": {"uv": [2, 1, 3, 3], "texture": "#4", "rotation": 90},
				"west": {"uv": [1, 1, 2, 2], "texture": "#4"},
				"up": {"uv": [1, 1, 2, 2], "texture": "#4"},
				"down": {"uv": [1, 1, 2, 2], "texture": "#4"}
			}
		},
		{
			"name": "hexadecagon",
			"from": [8.6, -5.59891, 7.8],
			"to": [9, -5.20109, 8.2],
			"rotation": {"angle": 0, "axis": "z", "origin": [8, -5.4, 8]},
			"faces": {
				"north": {"uv": [2, 1, 3, 3], "texture": "#4", "rotation": 270},
				"east": {"uv": [1, 1, 2, 2], "texture": "#4"},
				"south": {"uv": [2, 1, 3, 3], "texture": "#4", "rotation": 90},
				"west": {"uv": [1, 1, 2, 2], "texture": "#4"},
				"up": {"uv": [1, 1, 2, 2], "texture": "#4"},
				"down": {"uv": [1, 1, 2, 2], "texture": "#4"}
			}
		},
		{
			"name": "hexadecagon",
			"from": [8.6, -5.59891, 7.8],
			"to": [9, -5.20109, 8.2],
			"rotation": {"angle": 22.5, "axis": "z", "origin": [8, -5.4, 8]},
			"faces": {
				"north": {"uv": [2, 1, 3, 3], "texture": "#4", "rotation": 270},
				"east": {"uv": [1, 1, 2, 2], "texture": "#4"},
				"south": {"uv": [2, 1, 3, 3], "texture": "#4", "rotation": 90},
				"west": {"uv": [1, 1, 2, 2], "texture": "#4"},
				"up": {"uv": [1, 1, 2, 2], "texture": "#4"},
				"down": {"uv": [1, 1, 2, 2], "texture": "#4"}
			}
		},
		{
			"name": "hexadecagon",
			"from": [7.90109, -4.95, 7.8],
			"to": [8.09891, -4.8, 8.2],
			"rotation": {"angle": 0, "axis": "z", "origin": [8, -5.65, 8]},
			"faces": {
				"north": {"uv": [3, 1, 4, 2], "texture": "#5"},
				"east": {"uv": [3, 1, 4, 2], "texture": "#5"},
				"south": {"uv": [3, 1, 4, 2], "texture": "#5"},
				"west": {"uv": [3, 1, 4, 2], "texture": "#5"},
				"up": {"uv": [3, 1, 4, 2], "texture": "#5"},
				"down": {"uv": [3, 1, 4, 2], "texture": "#5"}
			}
		},
		{
			"name": "hexadecagon",
			"from": [7.8984, -5.23149, 7.77783],
			"to": [8.09622, -4.83149, 7.92783],
			"rotation": {"angle": -22.5, "axis": "x", "origin": [7.99731, -5.03149, 7.07783]},
			"faces": {
				"north": {"uv": [3, 1, 4, 2], "texture": "#5", "rotation": 180},
				"east": {"uv": [3, 1, 4, 2], "texture": "#5", "rotation": 270},
				"south": {"uv": [3, 1, 4, 2], "texture": "#5"},
				"west": {"uv": [3, 1, 4, 2], "texture": "#5", "rotation": 90},
				"up": {"uv": [3, 1, 4, 2], "texture": "#5", "rotation": 180},
				"down": {"uv": [3, 1, 4, 2], "texture": "#5"}
			}
		},
		{
			"name": "hexadecagon",
			"from": [7.8984, -5.23149, 8.07217],
			"to": [8.09622, -4.83149, 8.22217],
			"rotation": {"angle": 22.5, "axis": "x", "origin": [7.99731, -5.03149, 8.92217]},
			"faces": {
				"north": {"uv": [4, 1, 3, 2], "texture": "#5"},
				"east": {"uv": [4, 1, 3, 2], "texture": "#5", "rotation": 270},
				"south": {"uv": [4, 1, 3, 2], "texture": "#5", "rotation": 180},
				"west": {"uv": [4, 1, 3, 2], "texture": "#5", "rotation": 90},
				"up": {"uv": [3, 2, 4, 1], "texture": "#5", "rotation": 180},
				"down": {"uv": [3, 2, 4, 1], "texture": "#5"}
			}
		},
		{
			"name": "hexadecagon",
			"from": [7.89703, -4.57861, 7.64915],
			"to": [8.09486, 20.82139, 7.79915],
			"rotation": {"angle": 0, "axis": "x", "origin": [7.99595, -4.37861, 6.94915]},
			"faces": {
				"north": {"uv": [3, 1, 4, 2], "texture": "#5", "rotation": 180},
				"east": {"uv": [3, 1, 4, 2], "texture": "#5", "rotation": 270},
				"south": {"uv": [3, 1, 4, 2], "texture": "#5"},
				"west": {"uv": [3, 1, 4, 2], "texture": "#5", "rotation": 90},
				"up": {"uv": [3, 1, 4, 2], "texture": "#5", "rotation": 180},
				"down": {"uv": [3, 1, 4, 2], "texture": "#5"}
			}
		},
		{
			"name": "hexadecagon",
			"from": [7.89703, -4.57861, 8.20085],
			"to": [8.09486, 20.82139, 8.35085],
			"rotation": {"angle": 0, "axis": "x", "origin": [7.99595, -4.37861, 9.05085]},
			"faces": {
				"north": {"uv": [4, 1, 3, 2], "texture": "#5"},
				"east": {"uv": [4, 1, 3, 2], "texture": "#5", "rotation": 270},
				"south": {"uv": [4, 1, 3, 2], "texture": "#5", "rotation": 180},
				"west": {"uv": [4, 1, 3, 2], "texture": "#5", "rotation": 90},
				"up": {"uv": [3, 2, 4, 1], "texture": "#5", "rotation": 180},
				"down": {"uv": [3, 2, 4, 1], "texture": "#5"}
			}
		},
		{
			"from": [6.53452, -9.72217, 7.555],
			"to": [6.66952, -7.99217, 8.435],
			"rotation": {"angle": 22.5, "axis": "z", "origin": [7.29952, -8.05717, 8.35]},
			"faces": {
				"north": {"uv": [2.33333, 2.33333, 2, 2.66667], "texture": "#2", "rotation": 270},
				"east": {"uv": [2.33333, 2.33333, 2, 2.66667], "texture": "#2", "rotation": 270},
				"south": {"uv": [2.33333, 2.33333, 2, 2.66667], "texture": "#2", "rotation": 270},
				"west": {"uv": [2.33333, 2.33333, 2, 2.66667], "texture": "#2", "rotation": 270},
				"up": {"uv": [2, 2.66667, 2.33333, 2.33333], "texture": "#2", "rotation": 270},
				"down": {"uv": [2, 2.66667, 2.33333, 2.33333], "texture": "#2", "rotation": 270}
			}
		},
		{
			"from": [9.33048, -9.72217, 7.555],
			"to": [9.46548, -7.99217, 8.435],
			"rotation": {"angle": -22.5, "axis": "z", "origin": [8.70048, -8.05717, 8.35]},
			"faces": {
				"north": {"uv": [2, 2.33333, 2.33333, 2.66667], "texture": "#2", "rotation": 270},
				"east": {"uv": [2, 2.33333, 2.33333, 2.66667], "texture": "#2", "rotation": 270},
				"south": {"uv": [2, 2.33333, 2.33333, 2.66667], "texture": "#2", "rotation": 270},
				"west": {"uv": [2, 2.33333, 2.33333, 2.66667], "texture": "#2", "rotation": 270},
				"up": {"uv": [2.33333, 2.66667, 2, 2.33333], "texture": "#2", "rotation": 270},
				"down": {"uv": [2.33333, 2.66667, 2, 2.33333], "texture": "#2", "rotation": 270}
			}
		}
	],
	"display": {
		"head": {
			"scale": [4, 4, 4]
		}
	},
	"groups": [0, 1,
		{
			"name": "hexadecagon",
			"isOpen": true,
			"shade": true,
			"display": {
				"visibility": true,
				"autouv": false
			},
			"children": [2, 3, 4, 5, 6, 7, 8, 9, 10, 11, 12, 13, 14, 15, 16, 17, 18, 19, 20, 21, 22, 23, 24, 25]
		}, 26, 27,
		{
			"name": "hexadecagon",
			"isOpen": true,
			"shade": true,
			"display": {
				"visibility": true,
				"autouv": false
			},
			"children": [28, 29, 30, 31, 32, 33, 34, 35, 36, 37, 38, 39, 40, 41, 42, 43]
		}, 44, 45]
}