{
	"textures": {
		"2": "_custom/light"
	},
	"elements": [
		{
			"from": [-16, 0, 8],
			"to": [32, 16, 8.01],
			"faces": {
				"north": {"uv": [0, 0, 0.5, 0.5], "texture": "#2"},
				"east": {"uv": [0, 0, 0.5, 0.5], "texture": "#2"},
				"south": {"uv": [0, 0, 16, 11.25], "texture": "#2"},
				"west": {"uv": [0, 0, 0.5, 0.5], "texture": "#2"},
				"up": {"uv": [0, 0, 0.5, 0.5], "texture": "#2"},
				"down": {"uv": [0, 0, 0.5, 0.5], "texture": "#2"}
			}
		}
	],
	"display": {
		"head": {
			"scale": [2.05, 4, 0.4],
			"translation": [0, -30, 0]
		}
	}
}