{
	"textures": {
		"0": "_custom/iron_plate_orange",
		"1": "block/purpur_pillar",
		"2": "_custom/steel",
		"3": "_custom/purpur_block_dark",
		"particle": "_custom/iron_plate_orange"
	},
	"elements": [
		{
			"from": [5, 0, 1],
			"to": [6, 1, 4],
			"rotation": {"angle": 0, "axis": "y", "origin": [5.5, 0.5, 1.5]},
			"faces": {
				"north": {"uv": [0.66667, 1.66667, 1, 2], "texture": "#2"},
				"east": {"uv": [0.66667, 1.66667, 1, 2], "texture": "#2"},
				"south": {"uv": [0.66667, 1.66667, 1, 2], "texture": "#2"},
				"west": {"uv": [0.66667, 1.66667, 1, 2], "texture": "#2"},
				"up": {"uv": [0.66667, 1.66667, 1, 2], "texture": "#2"},
				"down": {"uv": [0.66667, 1.66667, 1, 2], "texture": "#2"}
			}
		},
		{
			"from": [10, 0, 1],
			"to": [11, 1, 4],
			"rotation": {"angle": 0, "axis": "y", "origin": [10.5, 0.5, 1.5]},
			"faces": {
				"north": {"uv": [0.66667, 1.66667, 1, 2], "texture": "#2"},
				"east": {"uv": [0.66667, 1.66667, 1, 2], "texture": "#2"},
				"south": {"uv": [0.66667, 1.66667, 1, 2], "texture": "#2"},
				"west": {"uv": [0.66667, 1.66667, 1, 2], "texture": "#2"},
				"up": {"uv": [0.66667, 1.66667, 1, 2], "texture": "#2"},
				"down": {"uv": [0.66667, 1.66667, 1, 2], "texture": "#2"}
			}
		},
		{
			"from": [9.84672, 0, 3.7706],
			"to": [10.84672, 1, 6.7706],
			"rotation": {"angle": -22.5, "axis": "y", "origin": [10.34672, 0.5, 4.2706]},
			"faces": {
				"north": {"uv": [0.66667, 1.66667, 1, 2], "texture": "#2"},
				"east": {"uv": [0.66667, 1.66667, 1, 2], "texture": "#2"},
				"south": {"uv": [0.66667, 1.66667, 1, 2], "texture": "#2"},
				"west": {"uv": [0.66667, 1.66667, 1, 2], "texture": "#2"},
				"up": {"uv": [0.66667, 1.66667, 1, 2], "texture": "#2"},
				"down": {"uv": [0.66667, 1.66667, 1, 2], "texture": "#2"}
			}
		},
		{
			"from": [8.44484, -0.1, 6.27164],
			"to": [9.74484, 1.1, 6.87164],
			"rotation": {"angle": -45, "axis": "y", "origin": [9.14484, 0.5, 6.77164]},
			"faces": {
				"north": {"uv": [0.66667, 1.66667, 1, 2], "texture": "#0"},
				"east": {"uv": [0.66667, 1.66667, 1, 2], "texture": "#0"},
				"south": {"uv": [0.66667, 1.66667, 1, 2], "texture": "#0"},
				"west": {"uv": [0.66667, 1.66667, 1, 2], "texture": "#0"},
				"up": {"uv": [0.66667, 1.66667, 1, 2], "texture": "#0"},
				"down": {"uv": [0.66667, 1.66667, 1, 2], "texture": "#0"}
			}
		},
		{
			"from": [6.25516, -0.1, 6.27164],
			"to": [7.55516, 1.1, 6.87164],
			"rotation": {"angle": 45, "axis": "y", "origin": [6.85516, 0.5, 6.77164]},
			"faces": {
				"north": {"uv": [1, 1.66667, 0.66667, 2], "texture": "#0"},
				"east": {"uv": [1, 1.66667, 0.66667, 2], "texture": "#0"},
				"south": {"uv": [1, 1.66667, 0.66667, 2], "texture": "#0"},
				"west": {"uv": [1, 1.66667, 0.66667, 2], "texture": "#0"},
				"up": {"uv": [1, 1.66667, 0.66667, 2], "texture": "#0"},
				"down": {"uv": [1, 1.66667, 0.66667, 2], "texture": "#0"}
			}
		},
		{
			"from": [5.15328, 0, 3.7706],
			"to": [6.15328, 1, 6.7706],
			"rotation": {"angle": 22.5, "axis": "y", "origin": [5.65328, 0.5, 4.2706]},
			"faces": {
				"north": {"uv": [1, 1.66667, 0.66667, 2], "texture": "#2"},
				"east": {"uv": [1, 1.66667, 0.66667, 2], "texture": "#2"},
				"south": {"uv": [1, 1.66667, 0.66667, 2], "texture": "#2"},
				"west": {"uv": [1, 1.66667, 0.66667, 2], "texture": "#2"},
				"up": {"uv": [1, 1.66667, 0.66667, 2], "texture": "#2"},
				"down": {"uv": [1, 1.66667, 0.66667, 2], "texture": "#2"}
			}
		},
		{
			"from": [7.30516, 0.4, 7.12164],
			"to": [8.30516, 0.6, 7.22164],
			"rotation": {"angle": 45, "axis": "y", "origin": [6.85516, 0.5, 6.77164]},
			"faces": {
				"north": {"uv": [1, 1.66667, 0.66667, 2], "texture": "#1"},
				"east": {"uv": [1, 1.66667, 0.66667, 2], "texture": "#1"},
				"south": {"uv": [1, 1.66667, 0.66667, 2], "texture": "#1"},
				"west": {"uv": [1, 1.66667, 0.66667, 2], "texture": "#1"},
				"up": {"uv": [1, 1.66667, 0.66667, 2], "texture": "#1"},
				"down": {"uv": [1, 1.66667, 0.66667, 2], "texture": "#1"}
			}
		},
		{
			"from": [6.86432, 0.15, 7.12823],
			"to": [7.66432, 0.85, 8.72823],
			"rotation": {"angle": 22.5, "axis": "y", "origin": [7.21432, 0.5, 7.02823]},
			"faces": {
				"north": {"uv": [1, 1.66667, 0.66667, 2], "texture": "#1"},
				"east": {"uv": [1, 1.66667, 0.66667, 2], "texture": "#1"},
				"south": {"uv": [1, 1.66667, 0.66667, 2], "texture": "#1"},
				"west": {"uv": [1, 1.66667, 0.66667, 2], "texture": "#1"},
				"up": {"uv": [1, 1.66667, 0.66667, 2], "texture": "#1"},
				"down": {"uv": [1, 1.66667, 0.66667, 2], "texture": "#1"}
			}
		},
		{
			"from": [7.34794, 0.15, 8.10274],
			"to": [8.64794, 0.85, 8.95274],
			"rotation": {"angle": 0, "axis": "y", "origin": [7.44794, 0.5, 8.25274]},
			"faces": {
				"north": {"uv": [1, 1.66667, 0.66667, 2], "texture": "#1"},
				"east": {"uv": [1, 1.66667, 0.66667, 2], "texture": "#1"},
				"south": {"uv": [1, 1.66667, 0.66667, 2], "texture": "#1"},
				"west": {"uv": [1, 1.66667, 0.66667, 2], "texture": "#1"},
				"up": {"uv": [1, 1.66667, 0.66667, 2], "texture": "#1"},
				"down": {"uv": [1, 1.66667, 0.66667, 2], "texture": "#1"}
			}
		},
		{
			"from": [9.84672, 0, 3.7706],
			"to": [10.84672, 1, 6.7706],
			"rotation": {"angle": -22.5, "axis": "y", "origin": [10.34672, 0.5, 4.2706]},
			"faces": {
				"north": {"uv": [0.66667, 1.66667, 1, 2], "texture": "#2"},
				"east": {"uv": [0.66667, 1.66667, 1, 2], "texture": "#2"},
				"south": {"uv": [0.66667, 1.66667, 1, 2], "texture": "#2"},
				"west": {"uv": [0.66667, 1.66667, 1, 2], "texture": "#2"},
				"up": {"uv": [0.66667, 1.66667, 1, 2], "texture": "#2"},
				"down": {"uv": [0.66667, 1.66667, 1, 2], "texture": "#2"}
			}
		},
		{
			"from": [8.69484, 0.25, 6.87164],
			"to": [9.49484, 0.75, 7.47164],
			"rotation": {"angle": -45, "axis": "y", "origin": [9.14484, 0.5, 6.77164]},
			"faces": {
				"north": {"uv": [0.66667, 1.66667, 1, 2], "texture": "#1"},
				"east": {"uv": [0.66667, 1.66667, 1, 2], "texture": "#1"},
				"south": {"uv": [0.66667, 1.66667, 1, 2], "texture": "#1"},
				"west": {"uv": [0.66667, 1.66667, 1, 2], "texture": "#1"},
				"up": {"uv": [0.66667, 1.66667, 1, 2], "texture": "#1"},
				"down": {"uv": [0.66667, 1.66667, 1, 2], "texture": "#1"}
			}
		},
		{
			"from": [8.33568, 0.25, 7.12823],
			"to": [9.13568, 0.75, 8.72823],
			"rotation": {"angle": -22.5, "axis": "y", "origin": [8.78568, 0.5, 7.02823]},
			"faces": {
				"north": {"uv": [0.66667, 1.66667, 1, 2], "texture": "#1"},
				"east": {"uv": [0.66667, 1.66667, 1, 2], "texture": "#1"},
				"south": {"uv": [0.66667, 1.66667, 1, 2], "texture": "#1"},
				"west": {"uv": [0.66667, 1.66667, 1, 2], "texture": "#1"},
				"up": {"uv": [0.66667, 1.66667, 1, 2], "texture": "#1"},
				"down": {"uv": [0.66667, 1.66667, 1, 2], "texture": "#1"}
			}
		},
		{
			"from": [7.28293, 0.25, 8.72959],
			"to": [7.83293, 0.75, 9.82959],
			"rotation": {"angle": -22.5, "axis": "y", "origin": [7.38293, 0.5, 9.12959]},
			"faces": {
				"north": {"uv": [1, 1.66667, 0.66667, 2], "texture": "#1"},
				"east": {"uv": [1, 1.66667, 0.66667, 2], "texture": "#1"},
				"south": {"uv": [1, 1.66667, 0.66667, 2], "texture": "#1"},
				"west": {"uv": [1, 1.66667, 0.66667, 2], "texture": "#1"},
				"up": {"uv": [1, 1.66667, 0.66667, 2], "texture": "#1"},
				"down": {"uv": [1, 1.66667, 0.66667, 2], "texture": "#1"}
			}
		},
		{
			"from": [7.02266, 0.25, 9.73804],
			"to": [7.32266, 0.75, 10.88804],
			"rotation": {"angle": 0, "axis": "y", "origin": [7.12266, 0.5, 10.13804]},
			"faces": {
				"north": {"uv": [1, 1.66667, 0.66667, 2], "texture": "#1"},
				"east": {"uv": [1, 1.66667, 0.66667, 2], "texture": "#1"},
				"south": {"uv": [1, 1.66667, 0.66667, 2], "texture": "#1"},
				"west": {"uv": [1, 1.66667, 0.66667, 2], "texture": "#1"},
				"up": {"uv": [1, 1.66667, 0.66667, 2], "texture": "#1"},
				"down": {"uv": [1, 1.66667, 0.66667, 2], "texture": "#1"}
			}
		},
		{
			"from": [8.16707, 0.25, 8.72959],
			"to": [8.71707, 0.75, 9.82959],
			"rotation": {"angle": 22.5, "axis": "y", "origin": [8.61707, 0.5, 9.12959]},
			"faces": {
				"north": {"uv": [0.66667, 1.66667, 1, 2], "texture": "#1"},
				"east": {"uv": [0.66667, 1.66667, 1, 2], "texture": "#1"},
				"south": {"uv": [0.66667, 1.66667, 1, 2], "texture": "#1"},
				"west": {"uv": [0.66667, 1.66667, 1, 2], "texture": "#1"},
				"up": {"uv": [0.66667, 1.66667, 1, 2], "texture": "#1"},
				"down": {"uv": [0.66667, 1.66667, 1, 2], "texture": "#1"}
			}
		},
		{
			"from": [8.67734, 0.25, 10.88804],
			"to": [8.82734, 0.75, 11.03804],
			"rotation": {"angle": 0, "axis": "y", "origin": [8.87734, 0.5, 10.13804]},
			"faces": {
				"north": {"uv": [0.66667, 1.66667, 1, 2], "texture": "#1"},
				"east": {"uv": [0.66667, 1.66667, 1, 2], "texture": "#1"},
				"south": {"uv": [0.66667, 1.66667, 1, 2], "texture": "#1"},
				"west": {"uv": [0.66667, 1.66667, 1, 2], "texture": "#1"},
				"up": {"uv": [0.66667, 1.66667, 1, 2], "texture": "#1"},
				"down": {"uv": [0.66667, 1.66667, 1, 2], "texture": "#1"}
			}
		},
		{
			"from": [8.44199, 0.35325, 9.75949],
			"to": [8.55663, 0.6818, 11.03449],
			"rotation": {"angle": -45, "axis": "z", "origin": [8.64199, 0.4318, 10.15949]},
			"faces": {
				"north": {"uv": [16, 15, 15, 16], "texture": "#1"},
				"east": {"uv": [16, 15, 15, 16], "texture": "#1"},
				"south": {"uv": [16, 15, 15, 16], "texture": "#1"},
				"west": {"uv": [16, 15, 15, 16], "texture": "#1"},
				"up": {"uv": [16, 15, 15, 16], "texture": "#1"},
				"down": {"uv": [16, 15, 15, 16], "texture": "#1"}
			}
		},
		{
			"from": [7.35206, 0.25, 9.20274],
			"to": [7.90206, 0.75, 9.30274],
			"rotation": {"angle": 0, "axis": "y", "origin": [7.45206, 0.5, 9.00274]},
			"faces": {
				"north": {"uv": [1, 1.66667, 0.66667, 2], "texture": "#1"},
				"east": {"uv": [1, 1.66667, 0.66667, 2], "texture": "#1"},
				"south": {"uv": [1, 1.66667, 0.66667, 2], "texture": "#1"},
				"west": {"uv": [1, 1.66667, 0.66667, 2], "texture": "#1"},
				"up": {"uv": [1, 1.66667, 0.66667, 2], "texture": "#1"},
				"down": {"uv": [1, 1.66667, 0.66667, 2], "texture": "#1"}
			}
		},
		{
			"from": [8.09794, 0.25, 9.20274],
			"to": [8.64794, 0.75, 9.30274],
			"rotation": {"angle": 0, "axis": "y", "origin": [8.54794, 0.5, 9.00274]},
			"faces": {
				"north": {"uv": [0.66667, 1.66667, 1, 2], "texture": "#1"},
				"east": {"uv": [0.66667, 1.66667, 1, 2], "texture": "#1"},
				"south": {"uv": [0.66667, 1.66667, 1, 2], "texture": "#1"},
				"west": {"uv": [0.66667, 1.66667, 1, 2], "texture": "#1"},
				"up": {"uv": [0.66667, 1.66667, 1, 2], "texture": "#1"},
				"down": {"uv": [0.66667, 1.66667, 1, 2], "texture": "#1"}
			}
		},
		{
			"from": [7.35206, 0.25, 9.40274],
			"to": [7.80206, 0.75, 9.50274],
			"rotation": {"angle": 0, "axis": "y", "origin": [7.45206, 0.5, 9.20274]},
			"faces": {
				"north": {"uv": [1, 1.66667, 0.66667, 2], "texture": "#1"},
				"east": {"uv": [1, 1.66667, 0.66667, 2], "texture": "#1"},
				"south": {"uv": [1, 1.66667, 0.66667, 2], "texture": "#1"},
				"west": {"uv": [1, 1.66667, 0.66667, 2], "texture": "#1"},
				"up": {"uv": [1, 1.66667, 0.66667, 2], "texture": "#1"},
				"down": {"uv": [1, 1.66667, 0.66667, 2], "texture": "#1"}
			}
		},
		{
			"from": [8.19794, 0.25, 9.40274],
			"to": [8.64794, 0.75, 9.50274],
			"rotation": {"angle": 0, "axis": "y", "origin": [8.54794, 0.5, 9.20274]},
			"faces": {
				"north": {"uv": [0.66667, 1.66667, 1, 2], "texture": "#1"},
				"east": {"uv": [0.66667, 1.66667, 1, 2], "texture": "#1"},
				"south": {"uv": [0.66667, 1.66667, 1, 2], "texture": "#1"},
				"west": {"uv": [0.66667, 1.66667, 1, 2], "texture": "#1"},
				"up": {"uv": [0.66667, 1.66667, 1, 2], "texture": "#1"},
				"down": {"uv": [0.66667, 1.66667, 1, 2], "texture": "#1"}
			}
		},
		{
			"from": [7.35206, 0.25, 9.60274],
			"to": [7.70206, 0.75, 9.70274],
			"rotation": {"angle": 0, "axis": "y", "origin": [7.45206, 0.5, 9.40274]},
			"faces": {
				"north": {"uv": [1, 1.66667, 0.66667, 2], "texture": "#1"},
				"east": {"uv": [1, 1.66667, 0.66667, 2], "texture": "#1"},
				"south": {"uv": [1, 1.66667, 0.66667, 2], "texture": "#1"},
				"west": {"uv": [1, 1.66667, 0.66667, 2], "texture": "#1"},
				"up": {"uv": [1, 1.66667, 0.66667, 2], "texture": "#1"},
				"down": {"uv": [1, 1.66667, 0.66667, 2], "texture": "#1"}
			}
		},
		{
			"from": [8.29794, 0.25, 9.60274],
			"to": [8.64794, 0.75, 9.70274],
			"rotation": {"angle": 0, "axis": "y", "origin": [8.54794, 0.5, 9.40274]},
			"faces": {
				"north": {"uv": [0.66667, 1.66667, 1, 2], "texture": "#1"},
				"east": {"uv": [0.66667, 1.66667, 1, 2], "texture": "#1"},
				"south": {"uv": [0.66667, 1.66667, 1, 2], "texture": "#1"},
				"west": {"uv": [0.66667, 1.66667, 1, 2], "texture": "#1"},
				"up": {"uv": [0.66667, 1.66667, 1, 2], "texture": "#1"},
				"down": {"uv": [0.66667, 1.66667, 1, 2], "texture": "#1"}
			}
		},
		{
			"from": [7.35206, 0.25, 9.80274],
			"to": [7.60206, 0.75, 9.90274],
			"rotation": {"angle": 0, "axis": "y", "origin": [7.45206, 0.5, 9.60274]},
			"faces": {
				"north": {"uv": [1, 1.66667, 0.66667, 2], "texture": "#1"},
				"east": {"uv": [1, 1.66667, 0.66667, 2], "texture": "#1"},
				"south": {"uv": [1, 1.66667, 0.66667, 2], "texture": "#1"},
				"west": {"uv": [1, 1.66667, 0.66667, 2], "texture": "#1"},
				"up": {"uv": [1, 1.66667, 0.66667, 2], "texture": "#1"},
				"down": {"uv": [1, 1.66667, 0.66667, 2], "texture": "#1"}
			}
		},
		{
			"from": [8.39794, 0.25, 9.80274],
			"to": [8.64794, 0.75, 9.90274],
			"rotation": {"angle": 0, "axis": "y", "origin": [8.54794, 0.5, 9.60274]},
			"faces": {
				"north": {"uv": [0.66667, 1.66667, 1, 2], "texture": "#1"},
				"east": {"uv": [0.66667, 1.66667, 1, 2], "texture": "#1"},
				"south": {"uv": [0.66667, 1.66667, 1, 2], "texture": "#1"},
				"west": {"uv": [0.66667, 1.66667, 1, 2], "texture": "#1"},
				"up": {"uv": [0.66667, 1.66667, 1, 2], "texture": "#1"},
				"down": {"uv": [0.66667, 1.66667, 1, 2], "texture": "#1"}
			}
		},
		{
			"from": [7.66512, 0.25, 11.02487],
			"to": [7.87725, 0.75, 11.237],
			"rotation": {"angle": -45, "axis": "y", "origin": [7.76512, 0.5, 10.287]},
			"faces": {
				"north": {"uv": [1, 1.66667, 0.66667, 2], "texture": "#1"},
				"east": {"uv": [1, 1.66667, 0.66667, 2], "texture": "#1"},
				"south": {"uv": [1, 1.66667, 0.66667, 2], "texture": "#1"},
				"west": {"uv": [1, 1.66667, 0.66667, 2], "texture": "#1"},
				"up": {"uv": [1, 1.66667, 0.66667, 2], "texture": "#1"},
				"down": {"uv": [1, 1.66667, 0.66667, 2], "texture": "#1"}
			}
		},
		{
			"from": [8.12275, 0.25, 11.02487],
			"to": [8.33488, 0.75, 11.237],
			"rotation": {"angle": 45, "axis": "y", "origin": [8.23488, 0.5, 10.287]},
			"faces": {
				"north": {"uv": [0.66667, 1.66667, 1, 2], "texture": "#1"},
				"east": {"uv": [0.66667, 1.66667, 1, 2], "texture": "#1"},
				"south": {"uv": [0.66667, 1.66667, 1, 2], "texture": "#1"},
				"west": {"uv": [0.66667, 1.66667, 1, 2], "texture": "#1"},
				"up": {"uv": [0.66667, 1.66667, 1, 2], "texture": "#1"},
				"down": {"uv": [0.66667, 1.66667, 1, 2], "texture": "#1"}
			}
		},
		{
			"name": "octagon",
			"from": [7.79289, 0.05, 7.85],
			"to": [8.20711, 1, 8.85],
			"rotation": {"angle": 45, "axis": "y", "origin": [8, 1.25, 8.35]},
			"faces": {
				"north": {"uv": [0, 0, 1, 1], "texture": "#1"},
				"east": {"uv": [0, 0, 1, 1], "texture": "#1"},
				"south": {"uv": [0, 0, 1, 1], "texture": "#1"},
				"west": {"uv": [0, 0, 1, 1], "texture": "#1"},
				"up": {"uv": [0, 0, 1, 1], "texture": "#1"},
				"down": {"uv": [0, 0, 1, 1], "texture": "#1"}
			}
		},
		{
			"name": "octagon",
			"from": [7.79289, 0.05, 7.85],
			"to": [8.20711, 1, 8.85],
			"rotation": {"angle": 0, "axis": "y", "origin": [8, 1.25, 8.35]},
			"faces": {
				"north": {"uv": [0, 0, 1, 1], "texture": "#1"},
				"east": {"uv": [0, 0, 1, 1], "texture": "#1"},
				"south": {"uv": [0, 0, 1, 1], "texture": "#1"},
				"west": {"uv": [0, 0, 1, 1], "texture": "#1"},
				"up": {"uv": [0, 0, 1, 1], "texture": "#1"},
				"down": {"uv": [0, 0, 1, 1], "texture": "#1"}
			}
		},
		{
			"name": "octagon",
			"from": [7.5, 0.05, 8.14289],
			"to": [8.5, 1, 8.55711],
			"rotation": {"angle": 45, "axis": "y", "origin": [8, 1.25, 8.35]},
			"faces": {
				"north": {"uv": [0, 0, 1, 1], "texture": "#1"},
				"east": {"uv": [0, 0, 1, 1], "texture": "#1"},
				"south": {"uv": [0, 0, 1, 1], "texture": "#1"},
				"west": {"uv": [0, 0, 1, 1], "texture": "#1"},
				"up": {"uv": [0, 0, 1, 1], "texture": "#1"},
				"down": {"uv": [0, 0, 1, 1], "texture": "#1"}
			}
		},
		{
			"name": "octagon",
			"from": [7.5, 0.05, 8.14289],
			"to": [8.5, 1, 8.55711],
			"rotation": {"angle": 0, "axis": "y", "origin": [8, 1.25, 8.35]},
			"faces": {
				"north": {"uv": [0, 0, 1, 1], "texture": "#1"},
				"east": {"uv": [0, 0, 1, 1], "texture": "#1"},
				"south": {"uv": [0, 0, 1, 1], "texture": "#1"},
				"west": {"uv": [0, 0, 1, 1], "texture": "#1"},
				"up": {"uv": [0, 0, 1, 1], "texture": "#1"},
				"down": {"uv": [0, 0, 1, 1], "texture": "#1"}
			}
		},
		{
			"name": "octagon",
			"from": [7.89645, -0.05, 8.1],
			"to": [8.10355, 1.05, 8.6],
			"rotation": {"angle": 45, "axis": "y", "origin": [8, 0.55, 8.35]},
			"faces": {
				"north": {"uv": [0, 15, 1, 16], "texture": "#3"},
				"east": {"uv": [0, 15, 1, 16], "texture": "#3"},
				"south": {"uv": [0, 15, 1, 16], "texture": "#3"},
				"west": {"uv": [0, 15, 1, 16], "texture": "#3"},
				"up": {"uv": [0, 15, 1, 16], "texture": "#3"},
				"down": {"uv": [0, 15, 1, 16], "texture": "#3"}
			}
		},
		{
			"name": "octagon",
			"from": [7.89645, -0.05, 8.1],
			"to": [8.10355, 1.05, 8.6],
			"rotation": {"angle": 0, "axis": "y", "origin": [8, 0.55, 8.35]},
			"faces": {
				"north": {"uv": [0, 15, 1, 16], "texture": "#3"},
				"east": {"uv": [0, 15, 1, 16], "texture": "#3"},
				"south": {"uv": [0, 15, 1, 16], "texture": "#3"},
				"west": {"uv": [0, 15, 1, 16], "texture": "#3"},
				"up": {"uv": [0, 15, 1, 16], "texture": "#3"},
				"down": {"uv": [0, 15, 1, 16], "texture": "#3"}
			}
		},
		{
			"name": "octagon",
			"from": [7.75, -0.05, 8.24645],
			"to": [8.25, 1.05, 8.45355],
			"rotation": {"angle": 45, "axis": "y", "origin": [8, 0.55, 8.35]},
			"faces": {
				"north": {"uv": [0, 15, 1, 16], "texture": "#3"},
				"east": {"uv": [0, 15, 1, 16], "texture": "#3"},
				"south": {"uv": [0, 15, 1, 16], "texture": "#3"},
				"west": {"uv": [0, 15, 1, 16], "texture": "#3"},
				"up": {"uv": [0, 15, 1, 16], "texture": "#3"},
				"down": {"uv": [0, 15, 1, 16], "texture": "#3"}
			}
		},
		{
			"name": "octagon",
			"from": [7.75, -0.05, 8.24645],
			"to": [8.25, 1.05, 8.45355],
			"rotation": {"angle": 0, "axis": "y", "origin": [8, 0.55, 8.35]},
			"faces": {
				"north": {"uv": [0, 15, 1, 16], "texture": "#3"},
				"east": {"uv": [0, 15, 1, 16], "texture": "#3"},
				"south": {"uv": [0, 15, 1, 16], "texture": "#3"},
				"west": {"uv": [0, 15, 1, 16], "texture": "#3"},
				"up": {"uv": [0, 15, 1, 16], "texture": "#3"},
				"down": {"uv": [0, 15, 1, 16], "texture": "#3"}
			}
		},
		{
			"from": [6.50516, 0.15, 6.87164],
			"to": [7.30516, 0.85, 7.47164],
			"rotation": {"angle": 45, "axis": "y", "origin": [6.85516, 0.5, 6.77164]},
			"faces": {
				"north": {"uv": [1, 1.66667, 0.66667, 2], "texture": "#1"},
				"east": {"uv": [1, 1.66667, 0.66667, 2], "texture": "#1"},
				"south": {"uv": [1, 1.66667, 0.66667, 2], "texture": "#1"},
				"west": {"uv": [1, 1.66667, 0.66667, 2], "texture": "#1"},
				"up": {"uv": [1, 1.66667, 0.66667, 2], "texture": "#1"},
				"down": {"uv": [1, 1.66667, 0.66667, 2], "texture": "#1"}
			}
		},
		{
			"from": [8.14484, 0.4, 7.12164],
			"to": [8.69484, 0.6, 7.22164],
			"rotation": {"angle": -45, "axis": "y", "origin": [9.14484, 0.5, 6.77164]},
			"faces": {
				"north": {"uv": [0.66667, 1.66667, 1, 2], "texture": "#1"},
				"east": {"uv": [0.66667, 1.66667, 1, 2], "texture": "#1"},
				"south": {"uv": [0.66667, 1.66667, 1, 2], "texture": "#1"},
				"west": {"uv": [0.66667, 1.66667, 1, 2], "texture": "#1"},
				"up": {"uv": [0.66667, 1.66667, 1, 2], "texture": "#1"},
				"down": {"uv": [0.66667, 1.66667, 1, 2], "texture": "#1"}
			}
		},
		{
			"from": [7.64484, 0.6, 7.12164],
			"to": [8.34484, 0.75, 7.22164],
			"rotation": {"angle": -45, "axis": "y", "origin": [9.14484, 0.75, 6.77164]},
			"faces": {
				"north": {"uv": [0.66667, 1.66667, 1, 2], "texture": "#1"},
				"east": {"uv": [0.66667, 1.66667, 1, 2], "texture": "#1"},
				"south": {"uv": [0.66667, 1.66667, 1, 2], "texture": "#1"},
				"west": {"uv": [0.66667, 1.66667, 1, 2], "texture": "#1"},
				"up": {"uv": [0.66667, 1.66667, 1, 2], "texture": "#1"},
				"down": {"uv": [0.66667, 1.66667, 1, 2], "texture": "#1"}
			}
		},
		{
			"from": [7.64484, 0.25, 7.12164],
			"to": [8.34484, 0.4, 7.22164],
			"rotation": {"angle": -45, "axis": "y", "origin": [9.14484, 0.4, 6.77164]},
			"faces": {
				"north": {"uv": [0.66667, 1.66667, 1, 2], "texture": "#1"},
				"east": {"uv": [0.66667, 1.66667, 1, 2], "texture": "#1"},
				"south": {"uv": [0.66667, 1.66667, 1, 2], "texture": "#1"},
				"west": {"uv": [0.66667, 1.66667, 1, 2], "texture": "#1"},
				"up": {"uv": [0.66667, 1.66667, 1, 2], "texture": "#1"},
				"down": {"uv": [0.66667, 1.66667, 1, 2], "texture": "#1"}
			}
		},
		{
			"from": [5.20798, -0.00051, 0.49964],
			"to": [5.91021, 0.99927, 1.2069],
			"rotation": {"angle": 45, "axis": "y", "origin": [5.70798, 0.49949, 0.99964]},
			"faces": {
				"north": {"uv": [0.66667, 1.66667, 1, 2], "texture": "#2"},
				"east": {"uv": [0.66667, 1.66667, 1, 2], "texture": "#2"},
				"south": {"uv": [0.66667, 1.66667, 1, 2], "texture": "#2"},
				"west": {"uv": [0.66667, 1.66667, 1, 2], "texture": "#2"},
				"up": {"uv": [0.66667, 1.66667, 1, 2], "texture": "#2"},
				"down": {"uv": [0.66667, 1.66667, 1, 2], "texture": "#2"}
			}
		},
		{
			"from": [10.20798, -0.00051, 0.49964],
			"to": [10.91021, 0.99927, 1.2069],
			"rotation": {"angle": 45, "axis": "y", "origin": [10.70798, 0.49949, 0.99964]},
			"faces": {
				"north": {"uv": [0.66667, 1.66667, 1, 2], "texture": "#2"},
				"east": {"uv": [0.66667, 1.66667, 1, 2], "texture": "#2"},
				"south": {"uv": [0.66667, 1.66667, 1, 2], "texture": "#2"},
				"west": {"uv": [0.66667, 1.66667, 1, 2], "texture": "#2"},
				"up": {"uv": [0.66667, 1.66667, 1, 2], "texture": "#2"},
				"down": {"uv": [0.66667, 1.66667, 1, 2], "texture": "#2"}
			}
		},
		{
			"from": [8.67734, 0.25, 9.73804],
			"to": [8.97734, 0.75, 10.88804],
			"rotation": {"angle": 0, "axis": "y", "origin": [8.87734, 0.5, 10.13804]},
			"faces": {
				"north": {"uv": [0.66667, 1.66667, 1, 2], "texture": "#1"},
				"east": {"uv": [0.66667, 1.66667, 1, 2], "texture": "#1"},
				"south": {"uv": [0.66667, 1.66667, 1, 2], "texture": "#1"},
				"west": {"uv": [0.66667, 1.66667, 1, 2], "texture": "#1"},
				"up": {"uv": [0.66667, 1.66667, 1, 2], "texture": "#1"},
				"down": {"uv": [0.66667, 1.66667, 1, 2], "texture": "#1"}
			}
		},
		{
			"from": [7.17266, 0.25, 10.88804],
			"to": [7.32266, 0.75, 11.03804],
			"rotation": {"angle": 0, "axis": "y", "origin": [7.12266, 0.5, 10.13804]},
			"faces": {
				"north": {"uv": [1, 1.66667, 0.66667, 2], "texture": "#1"},
				"east": {"uv": [1, 1.66667, 0.66667, 2], "texture": "#1"},
				"south": {"uv": [1, 1.66667, 0.66667, 2], "texture": "#1"},
				"west": {"uv": [1, 1.66667, 0.66667, 2], "texture": "#1"},
				"up": {"uv": [1, 1.66667, 0.66667, 2], "texture": "#1"},
				"down": {"uv": [1, 1.66667, 0.66667, 2], "texture": "#1"}
			}
		},
		{
			"from": [8.56313, 0.40398, 9.75936],
			"to": [8.77777, 0.73254, 11.03436],
			"rotation": {"angle": 45, "axis": "z", "origin": [8.76313, 0.48254, 10.15936]},
			"faces": {
				"north": {"uv": [16, 15, 15, 16], "texture": "#1"},
				"east": {"uv": [16, 15, 15, 16], "texture": "#1"},
				"south": {"uv": [16, 15, 15, 16], "texture": "#1"},
				"west": {"uv": [16, 15, 15, 16], "texture": "#1"},
				"up": {"uv": [16, 15, 15, 16], "texture": "#1"},
				"down": {"uv": [16, 15, 15, 16], "texture": "#1"}
			}
		},
		{
			"from": [7.22223, 0.40398, 9.75936],
			"to": [7.43687, 0.73254, 11.03436],
			"rotation": {"angle": -45, "axis": "z", "origin": [7.23687, 0.48254, 10.15936]},
			"faces": {
				"north": {"uv": [15, 15, 16, 16], "texture": "#1"},
				"east": {"uv": [15, 15, 16, 16], "texture": "#1"},
				"south": {"uv": [15, 15, 16, 16], "texture": "#1"},
				"west": {"uv": [15, 15, 16, 16], "texture": "#1"},
				"up": {"uv": [15, 15, 16, 16], "texture": "#1"},
				"down": {"uv": [15, 15, 16, 16], "texture": "#1"}
			}
		},
		{
			"from": [7.44337, 0.35325, 9.75949],
			"to": [7.55801, 0.6818, 11.03449],
			"rotation": {"angle": 45, "axis": "z", "origin": [7.35801, 0.4318, 10.15949]},
			"faces": {
				"north": {"uv": [15, 15, 16, 16], "texture": "#1"},
				"east": {"uv": [15, 15, 16, 16], "texture": "#1"},
				"south": {"uv": [15, 15, 16, 16], "texture": "#1"},
				"west": {"uv": [15, 15, 16, 16], "texture": "#1"},
				"up": {"uv": [15, 15, 16, 16], "texture": "#1"},
				"down": {"uv": [15, 15, 16, 16], "texture": "#1"}
			}
		}
	],
	"display": {
		"thirdperson_righthand": {
			"scale": [0.6, 0.7, 0.7],
			"translation": [-4.5, 4.5, 0],
			"rotation": [-89, 0, 61]
		},
		"thirdperson_lefthand": {
			"scale": [0.6, 0.7, 0.7],
			"rotation": [-89, 0, 61],
			"translation": [-4.5, 4.5, 0]
		},
		"firstperson_righthand": {
			"scale": [0.6, 0.7, 0.7],
			"rotation": [-160, 1, 78],
			"translation": [-4.5, 5, 0]
		},
		"firstperson_lefthand": {
			"scale": [0.6, 0.7, 0.7],
			"rotation": [-160, 1, 78],
			"translation": [-4.5, 5, 0]
		},
		"ground": {
			"translation": [0, 5, 2]
		},
		"gui": {
			"scale": [1.4, 1.4, 1.4],
			"translation": [0, 5.5, 0],
			"rotation": [90, 142, -23]
		}
	},
	"groups": [0, 1, 2, 3, 4, 5, 6, 7, 8, 9, 10, 11, 12, 13, 14, 15, 16, 17, 18, 19, 20, 21, 22, 23, 24, 25, 26,
		{
			"name": "octagon",
			"isOpen": true,
			"shade": true,
			"display": {
				"visibility": true,
				"autouv": false
			},
			"children": [27, 28, 29, 30]
		},
		{
			"name": "octagon",
			"isOpen": true,
			"shade": true,
			"display": {
				"visibility": true,
				"autouv": false
			},
			"children": [31, 32, 33, 34]
		}, 35, 36, 37, 38, 39, 40, 41, 42, 43, 44, 45]
}