{
	"textures": {
		"0": "_custom/purpur_block_dark",
		"particle": "_custom/purpur_block_dark"
	},
	"elements": [
		{
			"from": [5, 6, 1],
			"to": [6, 7, 7],
			"rotation": {"angle": 22.5, "axis": "y", "origin": [5.5, 6.5, 4]},
			"faces": {
				"north": {"uv": [5, 4, 6, 5], "texture": "#0"},
				"east": {"uv": [5, 4, 11, 5], "texture": "#0"},
				"south": {"uv": [5, 4, 6, 5], "texture": "#0"},
				"west": {"uv": [5, 4, 11, 5], "texture": "#0"},
				"up": {"uv": [3, 6, 9, 7], "texture": "#0", "rotation": 90},
				"down": {"uv": [3, 2, 9, 3], "texture": "#0", "rotation": 90}
			}
		},
		{
			"from": [5, 6.15, 6.16059],
			"to": [6, 6.85, 7.91059],
			"rotation": {"angle": -22.5, "axis": "y", "origin": [5.5, 6.5, 9.16059]},
			"faces": {
				"north": {"uv": [7, 6, 8, 7], "texture": "#0", "rotation": 270},
				"east": {"uv": [7, 6, 9, 7], "texture": "#0"},
				"south": {"uv": [7, 6, 8, 7], "texture": "#0", "rotation": 270},
				"west": {"uv": [7, 6, 9, 7], "texture": "#0", "rotation": 180},
				"up": {"uv": [7, 6, 9, 7], "texture": "#0", "rotation": 270},
				"down": {"uv": [7, 6, 9, 7], "texture": "#0", "rotation": 90}
			}
		},
		{
			"from": [6.14909, 6.15, 7.14909],
			"to": [7.89909, 6.85, 8.14909],
			"rotation": {"angle": -22.5, "axis": "y", "origin": [9.14909, 6.5, 7.64909]},
			"faces": {
				"north": {"uv": [7, 6, 9, 7], "texture": "#0"},
				"east": {"uv": [7, 6, 8, 7], "texture": "#0", "rotation": 270},
				"south": {"uv": [7, 6, 9, 7], "texture": "#0", "rotation": 180},
				"west": {"uv": [7, 6, 8, 7], "texture": "#0", "rotation": 270},
				"up": {"uv": [7, 6, 9, 7], "texture": "#0", "rotation": 180},
				"down": {"uv": [7, 6, 9, 7], "texture": "#0", "rotation": 180}
			}
		},
		{
			"from": [5.51641, 6.25, 7.8144],
			"to": [6.51641, 6.75, 8.8144],
			"rotation": {"angle": 0, "axis": "y", "origin": [6.01641, 6.5, 6.8144]},
			"faces": {
				"north": {"uv": [7, 6, 8, 7], "texture": "#0", "rotation": 90},
				"east": {"uv": [7, 6, 8, 7], "texture": "#0", "rotation": 90},
				"south": {"uv": [7, 6, 8, 7], "texture": "#0", "rotation": 90},
				"west": {"uv": [7, 6, 8, 7], "texture": "#0", "rotation": 90},
				"up": {"uv": [7, 6, 8, 7], "texture": "#0", "rotation": 90},
				"down": {"uv": [7, 6, 8, 7], "texture": "#0", "rotation": 90}
			}
		},
		{
			"from": [8.12492, 6.25, 5.85524],
			"to": [9.12492, 6.75, 6.85524],
			"rotation": {"angle": -45, "axis": "y", "origin": [7.12492, 6.5, 6.35524]},
			"faces": {
				"north": {"uv": [7, 6, 8, 7], "texture": "#0", "rotation": 180},
				"east": {"uv": [7, 6, 8, 7], "texture": "#0", "rotation": 270},
				"south": {"uv": [7, 6, 8, 7], "texture": "#0"},
				"west": {"uv": [7, 6, 8, 7], "texture": "#0", "rotation": 270},
				"up": {"uv": [7, 6, 8, 7], "texture": "#0"},
				"down": {"uv": [7, 6, 8, 7], "texture": "#0"}
			}
		},
		{
			"from": [8.14269, 6.25, 7.4159],
			"to": [8.89269, 6.75, 8.9159],
			"rotation": {"angle": 0, "axis": "y", "origin": [8.39269, 6.5, 6.4159]},
			"faces": {
				"north": {"uv": [7, 6, 8, 7], "texture": "#0", "rotation": 270},
				"east": {"uv": [7, 6, 9, 7], "texture": "#0", "rotation": 180},
				"south": {"uv": [7, 6, 8, 7], "texture": "#0", "rotation": 270},
				"west": {"uv": [7, 6, 9, 7], "texture": "#0"},
				"up": {"uv": [7, 6, 9, 7], "texture": "#0", "rotation": 90},
				"down": {"uv": [7, 6, 9, 7], "texture": "#0", "rotation": 270}
			}
		},
		{
			"from": [4.73608, 6.25, 8.93052],
			"to": [5.48608, 6.75, 10.43052],
			"rotation": {"angle": 45, "axis": "y", "origin": [4.98608, 6.5, 7.93052]},
			"faces": {
				"north": {"uv": [7, 6, 8, 7], "texture": "#0", "rotation": 270},
				"east": {"uv": [7, 6, 9, 7], "texture": "#0", "rotation": 180},
				"south": {"uv": [7, 6, 8, 7], "texture": "#0", "rotation": 270},
				"west": {"uv": [7, 6, 9, 7], "texture": "#0"},
				"up": {"uv": [7, 6, 9, 7], "texture": "#0", "rotation": 90},
				"down": {"uv": [7, 6, 9, 7], "texture": "#0", "rotation": 270}
			}
		},
		{
			"from": [9.2, 6.25, 8.85524],
			"to": [9.75, 6.75, 9.37524],
			"rotation": {"angle": -45, "axis": "y", "origin": [9.24624, 6.5, 7.85524]},
			"faces": {
				"north": {"uv": [8, 6, 9, 7], "texture": "#0", "rotation": 270},
				"east": {"uv": [8, 6, 9, 7], "texture": "#0", "rotation": 180},
				"south": {"uv": [8, 6, 9, 7], "texture": "#0", "rotation": 270},
				"west": {"uv": [8, 6, 9, 7], "texture": "#0"},
				"up": {"uv": [8, 6, 9, 7], "texture": "#0", "rotation": 90},
				"down": {"uv": [8, 6, 9, 7], "texture": "#0", "rotation": 270}
			}
		},
		{
			"from": [6.57707, 6.25, 9.35506],
			"to": [7.12707, 6.75, 9.87506],
			"rotation": {"angle": 0, "axis": "y", "origin": [6.62332, 6.5, 8.35506]},
			"faces": {
				"north": {"uv": [8, 6, 9, 7], "texture": "#0", "rotation": 270},
				"east": {"uv": [8, 6, 9, 7], "texture": "#0", "rotation": 180},
				"south": {"uv": [8, 6, 9, 7], "texture": "#0", "rotation": 270},
				"west": {"uv": [8, 6, 9, 7], "texture": "#0"},
				"up": {"uv": [8, 6, 9, 7], "texture": "#0", "rotation": 90},
				"down": {"uv": [8, 6, 9, 7], "texture": "#0", "rotation": 270}
			}
		}
	],
	"display": {
		"thirdperson_righthand": {
			"rotation": [-70, 0, 90],
			"translation": [-1.5, 5, 0.5]
		},
		"thirdperson_lefthand": {
			"rotation": [-107, 0, 90],
			"translation": [-1.5, 5, 4]
		},
		"firstperson_righthand": {
			"rotation": [-145, 0, 90],
			"translation": [-1.5, 5, 0.5]
		},
		"firstperson_lefthand": {
			"rotation": [-145, 0, 90],
			"translation": [-1.5, 5, 0.5]
		},
		"head": {
			"translation": [0, 8.5, 0]
		},
		"gui": {
			"scale": [1.6, 1.6, 1.6],
			"rotation": [90, 180, 0],
			"translation": [-3, 4, -1]
		}
	}
}