{
	"textures": {
		"0": "_custom/hardened_clay_stained_yellow",
		"1": "_custom/drill1",
		"2": "_custom/steel",
		"3": "block/purpur_block",
		"particle": "_custom/hardened_clay_stained_yellow"
	},
	"elements": [
		{
			"from": [4, 0, 6],
			"to": [10, 2, 10],
			"faces": {
				"north": {"uv": [10.5, 0, 16, 3], "texture": "#1"},
				"east": {"uv": [0.5, 4, 5.5, 7.5], "texture": "#1"},
				"south": {"uv": [8, 0, 16, 2.5], "texture": "#1"},
				"west": {"uv": [9.5, 0, 16, 3], "texture": "#1"},
				"up": {"uv": [8, 0, 16, 4.5], "texture": "#1"},
				"down": {"uv": [8, 0, 16, 4.5], "texture": "#1"}
			}
		},
		{
			"from": [4, 2, 6],
			"to": [9.75, 2.25, 10],
			"faces": {
				"north": {"uv": [8, 0, 16, 0.5], "texture": "#1"},
				"east": {"uv": [8, 0, 12, 0.5], "texture": "#1"},
				"south": {"uv": [8, 0, 16, 0.5], "texture": "#1"},
				"west": {"uv": [8, 0, 11.5, 0.5], "texture": "#1"},
				"up": {"uv": [9, 0, 16, 3.5], "texture": "#1"},
				"down": {"uv": [8, 0, 16, 0.5], "texture": "#1"}
			}
		},
		{
			"from": [5.25, 0.25, 5.85],
			"to": [7, 2, 6],
			"faces": {
				"north": {"uv": [0, 0.5, 5.5, 3.5], "texture": "#1"},
				"east": {"uv": [0.5, 4, 5.5, 7.5], "texture": "#1"},
				"south": {"uv": [8, 0, 16, 2.5], "texture": "#1"},
				"west": {"uv": [9.5, 0, 16, 3], "texture": "#1"},
				"up": {"uv": [8, 0, 16, 4.5], "texture": "#1"},
				"down": {"uv": [8, 0, 16, 4.5], "texture": "#1"}
			}
		},
		{
			"from": [5.25, 0.25, 10],
			"to": [7, 2, 10.15],
			"faces": {
				"north": {"uv": [16, 0, 8, 2.5], "texture": "#1"},
				"east": {"uv": [5.5, 4, 0.5, 7.5], "texture": "#1"},
				"south": {"uv": [5.5, 0.5, 0, 3.5], "texture": "#1"},
				"west": {"uv": [16, 0, 9.5, 3], "texture": "#1"},
				"up": {"uv": [8, 4.5, 16, 0], "texture": "#1"},
				"down": {"uv": [8, 4.5, 16, 0], "texture": "#1"}
			}
		},
		{
			"from": [5, 2.25, 6.5],
			"to": [7.25, 3.5, 9.5],
			"faces": {
				"north": {"uv": [8.5, 9, 11.5, 11.5], "texture": "#1"},
				"east": {"uv": [8.5, 9, 11.5, 11.5], "texture": "#1"},
				"south": {"uv": [8.5, 9, 11.5, 11.5], "texture": "#1"},
				"west": {"uv": [8.5, 9, 11.5, 11.5], "texture": "#1"},
				"up": {"uv": [8.5, 9, 11.5, 11.5], "texture": "#1"},
				"down": {"uv": [8.5, 9, 11.5, 11.5], "texture": "#1"}
			}
		},
		{
			"from": [5, 2.25, 6],
			"to": [7.25, 2.75, 6.5],
			"faces": {
				"north": {"uv": [10.5, 3.5, 13.5, 4.5], "texture": "#1"},
				"east": {"uv": [10.5, 3.5, 11.5, 4.5], "texture": "#1"},
				"south": {"uv": [10.5, 3.5, 13.5, 4.5], "texture": "#1"},
				"west": {"uv": [10.5, 3.5, 11.5, 4.5], "texture": "#1"},
				"up": {"uv": [10.5, 3.5, 13.5, 4.5], "texture": "#1"},
				"down": {"uv": [10.5, 3.5, 13.5, 4.5], "texture": "#1"}
			}
		},
		{
			"from": [5, 2.25, 9.5],
			"to": [7.25, 2.75, 10],
			"faces": {
				"north": {"uv": [10.5, 3.5, 13.5, 4.5], "texture": "#1"},
				"east": {"uv": [10.5, 3.5, 11.5, 4.5], "texture": "#1"},
				"south": {"uv": [10.5, 3.5, 13.5, 4.5], "texture": "#1"},
				"west": {"uv": [10.5, 3.5, 11.5, 4.5], "texture": "#1"},
				"up": {"uv": [10.5, 3.5, 13.5, 4.5], "texture": "#1"},
				"down": {"uv": [10.5, 3.5, 13.5, 4.5], "texture": "#1"}
			}
		},
		{
			"from": [7.13556, 1.92467, 6.6],
			"to": [9.13556, 2.92467, 9.4],
			"rotation": {"angle": -22.5, "axis": "z", "origin": [8.01056, 2.79967, 8]},
			"faces": {
				"north": {"uv": [7, 11, 9, 12], "texture": "#1"},
				"east": {"uv": [7, 11, 9, 12], "texture": "#1"},
				"south": {"uv": [7, 11, 9, 12], "texture": "#1"},
				"west": {"uv": [7, 11, 9, 12], "texture": "#1"},
				"up": {"uv": [7, 11, 9, 12], "texture": "#1"},
				"down": {"uv": [7, 11, 9, 12], "texture": "#1"}
			}
		},
		{
			"from": [4.88556, 1.67467, 6.6],
			"to": [5.38556, 2.92467, 9.4],
			"rotation": {"angle": -22.5, "axis": "z", "origin": [5.76056, 2.79967, 7.9]},
			"faces": {
				"north": {"uv": [7, 11, 9, 12], "texture": "#1"},
				"east": {"uv": [7, 11, 9, 12], "texture": "#1"},
				"south": {"uv": [7, 11, 9, 12], "texture": "#1"},
				"west": {"uv": [7, 11, 9, 12], "texture": "#1"},
				"up": {"uv": [7, 11, 9, 12], "texture": "#1"},
				"down": {"uv": [7, 11, 9, 12], "texture": "#1"}
			}
		},
		{
			"from": [5, 3.5, 6.75],
			"to": [7, 3.75, 9.25],
			"faces": {
				"north": {"uv": [8.5, 9, 11.5, 9.5], "texture": "#1"},
				"east": {"uv": [8.5, 9, 11.5, 9.5], "texture": "#1"},
				"south": {"uv": [8.5, 9, 11.5, 9.5], "texture": "#1"},
				"west": {"uv": [8.5, 9, 11.5, 9.5], "texture": "#1"},
				"up": {"uv": [8.5, 9, 11.5, 9.5], "texture": "#1"},
				"down": {"uv": [8.5, 9, 11.5, 9.5], "texture": "#1"}
			}
		},
		{
			"from": [5, 3.75, 7],
			"to": [7, 9.5, 9],
			"faces": {
				"north": {"uv": [3, 11, 6, 12], "texture": "#1"},
				"east": {"uv": [3, 11, 6, 12], "texture": "#1"},
				"south": {"uv": [3, 11, 6, 12], "texture": "#1"},
				"west": {"uv": [3, 11, 6, 12], "texture": "#1"},
				"up": {"uv": [3, 11, 6, 13.5], "texture": "#1"},
				"down": {"uv": [3, 11, 6, 12], "texture": "#1"}
			}
		},
		{
			"from": [3.1, 10.3, 6],
			"to": [10, 11.85, 10],
			"faces": {
				"north": {"uv": [2.5, 9, 3, 9.5], "texture": "#1"},
				"east": {"uv": [2.5, 9, 3, 9.5], "texture": "#1"},
				"south": {"uv": [2.5, 9, 3, 9.5], "texture": "#1"},
				"west": {"uv": [2.5, 9, 3, 9.5], "texture": "#1"},
				"up": {"uv": [2.5, 9, 3, 9.5], "texture": "#1"},
				"down": {"uv": [2.5, 9, 3, 9.5], "texture": "#1"}
			}
		},
		{
			"name": "hexadecagon",
			"from": [3, 11.85218, 9],
			"to": [10, 12.64782, 10],
			"rotation": {"angle": -45, "axis": "x", "origin": [8, 12.25, 8]},
			"faces": {
				"north": {"uv": [0, 8.5, 1.5, 9.5], "texture": "#1"},
				"east": {"uv": [0, 8.5, 1.5, 9.5], "texture": "#1"},
				"south": {"uv": [0, 8.5, 1.5, 9.5], "texture": "#1"},
				"west": {"uv": [0, 8.5, 1.5, 9.5], "texture": "#1"},
				"up": {"uv": [0, 8.5, 1.5, 9.5], "texture": "#1"},
				"down": {"uv": [0, 8.5, 1.5, 9.5], "texture": "#1"}
			}
		},
		{
			"name": "hexadecagon",
			"from": [3, 11.85218, 8],
			"to": [10, 12.64782, 10],
			"rotation": {"angle": -22.5, "axis": "x", "origin": [8, 12.25, 8]},
			"faces": {
				"north": {"uv": [0, 8.5, 1.5, 9.5], "texture": "#1"},
				"east": {"uv": [0, 8.5, 1.5, 9.5], "texture": "#1"},
				"south": {"uv": [0, 8.5, 1.5, 9.5], "texture": "#1"},
				"west": {"uv": [0, 8.5, 1.5, 9.5], "texture": "#1"},
				"up": {"uv": [0, 8.5, 1.5, 9.5], "texture": "#1"},
				"down": {"uv": [0, 8.5, 1.5, 9.5], "texture": "#1"}
			}
		},
		{
			"name": "hexadecagon",
			"from": [3.1, 11.85218, 6],
			"to": [10, 12.64782, 10],
			"rotation": {"angle": 0, "axis": "x", "origin": [8, 12.25, 8]},
			"faces": {
				"north": {"uv": [0, 8.5, 1.5, 9.5], "texture": "#1"},
				"east": {"uv": [0, 8.5, 1.5, 9.5], "texture": "#1"},
				"south": {"uv": [0, 8.5, 1.5, 9.5], "texture": "#1"},
				"west": {"uv": [0, 8.5, 1.5, 9.5], "texture": "#1"},
				"up": {"uv": [0, 8.5, 1.5, 9.5], "texture": "#1"},
				"down": {"uv": [0, 8.5, 1.5, 9.5], "texture": "#1"}
			}
		},
		{
			"name": "hexadecagon",
			"from": [3, 11.85218, 6],
			"to": [10, 12.64782, 8],
			"rotation": {"angle": 22.5, "axis": "x", "origin": [8, 12.25, 8]},
			"faces": {
				"north": {"uv": [0, 8.5, 1.5, 9.5], "texture": "#1"},
				"east": {"uv": [0, 8.5, 1.5, 9.5], "texture": "#1"},
				"south": {"uv": [0, 8.5, 1.5, 9.5], "texture": "#1"},
				"west": {"uv": [0, 8.5, 1.5, 9.5], "texture": "#1"},
				"up": {"uv": [0, 8.5, 1.5, 9.5], "texture": "#1"},
				"down": {"uv": [0, 8.5, 1.5, 9.5], "texture": "#1"}
			}
		},
		{
			"name": "hexadecagon",
			"from": [3, 11.85218, 6],
			"to": [10, 12.64782, 7.25],
			"rotation": {"angle": 45, "axis": "x", "origin": [8, 12.25, 8]},
			"faces": {
				"north": {"uv": [0, 8.5, 1.5, 9.5], "texture": "#1"},
				"east": {"uv": [0, 8.5, 1.5, 9.5], "texture": "#1"},
				"south": {"uv": [0, 8.5, 1.5, 9.5], "texture": "#1"},
				"west": {"uv": [0, 8.5, 1.5, 9.5], "texture": "#1"},
				"up": {"uv": [0, 8.5, 1.5, 9.5], "texture": "#1"},
				"down": {"uv": [0, 8.5, 1.5, 9.5], "texture": "#1"}
			}
		},
		{
			"name": "hexadecagon",
			"from": [3, 12.75, 7.60218],
			"to": [10, 14.25, 8.39782],
			"rotation": {"angle": -22.5, "axis": "x", "origin": [8, 12.25, 8]},
			"faces": {
				"north": {"uv": [0, 8.5, 1.5, 9.5], "texture": "#1"},
				"east": {"uv": [0, 8.5, 1.5, 9.5], "texture": "#1"},
				"south": {"uv": [0, 8.5, 1.5, 9.5], "texture": "#1"},
				"west": {"uv": [0, 8.5, 1.5, 9.5], "texture": "#1"},
				"up": {"uv": [0, 8.5, 1.5, 9.5], "texture": "#1"},
				"down": {"uv": [0, 8.5, 1.5, 9.5], "texture": "#1"}
			}
		},
		{
			"name": "hexadecagon",
			"from": [3, 12.25, 7.60218],
			"to": [10, 14.25, 8.39782],
			"rotation": {"angle": 0, "axis": "x", "origin": [8, 12.25, 8]},
			"faces": {
				"north": {"uv": [0, 8.5, 1.5, 9.5], "texture": "#1"},
				"east": {"uv": [0, 8.5, 1.5, 9.5], "texture": "#1"},
				"south": {"uv": [0, 8.5, 1.5, 9.5], "texture": "#1"},
				"west": {"uv": [0, 8.5, 1.5, 9.5], "texture": "#1"},
				"up": {"uv": [0, 8.5, 1.5, 9.5], "texture": "#1"},
				"down": {"uv": [0, 8.5, 1.5, 9.5], "texture": "#1"}
			}
		},
		{
			"name": "hexadecagon",
			"from": [3, 12.25, 7.60218],
			"to": [10, 14.25, 8.39782],
			"rotation": {"angle": 22.5, "axis": "x", "origin": [8, 12.25, 8]},
			"faces": {
				"north": {"uv": [0, 8.5, 1.5, 9.5], "texture": "#1"},
				"east": {"uv": [0, 8.5, 1.5, 9.5], "texture": "#1"},
				"south": {"uv": [0, 8.5, 1.5, 9.5], "texture": "#1"},
				"west": {"uv": [0, 8.5, 1.5, 9.5], "texture": "#1"},
				"up": {"uv": [0, 8.5, 1.5, 9.5], "texture": "#1"},
				"down": {"uv": [0, 8.5, 1.5, 9.5], "texture": "#1"}
			}
		},
		{
			"from": [4, 9.5, 6.25],
			"to": [10, 10.3, 9.75],
			"faces": {
				"north": {"uv": [0, 0, 0.5, 0.5], "texture": "#0"},
				"east": {"uv": [0, 0, 0.5, 0.5], "texture": "#0"},
				"south": {"uv": [0, 0, 0.5, 0.5], "texture": "#0"},
				"west": {"uv": [0, 0, 0.5, 0.5], "texture": "#0"},
				"up": {"uv": [0, 0, 0.5, 0.5], "texture": "#0"},
				"down": {"uv": [0, 0, 0.5, 0.5], "texture": "#0"}
			}
		},
		{
			"from": [3.98223, 11.47487, 6.25],
			"to": [5.23223, 12.47487, 9.75],
			"rotation": {"angle": -45, "axis": "z", "origin": [2.23223, 11.97487, 8]},
			"faces": {
				"north": {"uv": [0, 0, 0.5, 0.5], "texture": "#0"},
				"east": {"uv": [0, 0, 0.5, 0.5], "texture": "#0"},
				"south": {"uv": [0, 0, 0.5, 0.5], "texture": "#0"},
				"west": {"uv": [0, 0, 0.5, 0.5], "texture": "#0"},
				"up": {"uv": [0, 0, 0.5, 0.5], "texture": "#0"},
				"down": {"uv": [0, 0, 0.5, 0.5], "texture": "#0"}
			}
		},
		{
			"name": "hexadecagon",
			"from": [10, 11.9019, 6.25],
			"to": [11.5, 12.5981, 9.75],
			"rotation": {"angle": -45, "axis": "x", "origin": [10.5, 12.25, 8]},
			"faces": {
				"north": {"uv": [7.5, 3, 8, 3.5], "texture": "#1"},
				"east": {"uv": [7.5, 3, 8, 3.5], "texture": "#1"},
				"south": {"uv": [7.5, 3, 8, 3.5], "texture": "#1"},
				"west": {"uv": [7.5, 3, 8, 3.5], "texture": "#1"},
				"up": {"uv": [7.5, 3, 8, 3.5], "texture": "#1"},
				"down": {"uv": [7.5, 3, 8, 3.5], "texture": "#1"}
			}
		},
		{
			"name": "hexadecagon",
			"from": [10, 11.9019, 6.25],
			"to": [11.5, 12.5981, 9.75],
			"rotation": {"angle": -22.5, "axis": "x", "origin": [10.5, 12.25, 8]},
			"faces": {
				"north": {"uv": [7.5, 3, 8, 3.5], "texture": "#1"},
				"east": {"uv": [7.5, 3, 8, 3.5], "texture": "#1"},
				"south": {"uv": [7.5, 3, 8, 3.5], "texture": "#1"},
				"west": {"uv": [7.5, 3, 8, 3.5], "texture": "#1"},
				"up": {"uv": [7.5, 3, 8, 3.5], "texture": "#1"},
				"down": {"uv": [7.5, 3, 8, 3.5], "texture": "#1"}
			}
		},
		{
			"name": "hexadecagon",
			"from": [10, 11.9019, 6.25],
			"to": [11.5, 12.5981, 9.75],
			"rotation": {"angle": 0, "axis": "x", "origin": [10.5, 12.25, 8]},
			"faces": {
				"north": {"uv": [7.5, 3, 8, 3.5], "texture": "#1"},
				"east": {"uv": [7.5, 3, 8, 3.5], "texture": "#1"},
				"south": {"uv": [7.5, 3, 8, 3.5], "texture": "#1"},
				"west": {"uv": [7.5, 3, 8, 3.5], "texture": "#1"},
				"up": {"uv": [7.5, 3, 8, 3.5], "texture": "#1"},
				"down": {"uv": [7.5, 3, 8, 3.5], "texture": "#1"}
			}
		},
		{
			"name": "hexadecagon",
			"from": [10, 11.9019, 6.25],
			"to": [11.5, 12.5981, 9.75],
			"rotation": {"angle": 22.5, "axis": "x", "origin": [10.5, 12.25, 8]},
			"faces": {
				"north": {"uv": [7.5, 3, 8, 3.5], "texture": "#1"},
				"east": {"uv": [7.5, 3, 8, 3.5], "texture": "#1"},
				"south": {"uv": [7.5, 3, 8, 3.5], "texture": "#1"},
				"west": {"uv": [7.5, 3, 8, 3.5], "texture": "#1"},
				"up": {"uv": [7.5, 3, 8, 3.5], "texture": "#1"},
				"down": {"uv": [7.5, 3, 8, 3.5], "texture": "#1"}
			}
		},
		{
			"name": "hexadecagon",
			"from": [10, 11.9019, 6.25],
			"to": [11.5, 12.5981, 9.75],
			"rotation": {"angle": 45, "axis": "x", "origin": [10.5, 12.25, 8]},
			"faces": {
				"north": {"uv": [7.5, 3, 8, 3.5], "texture": "#1"},
				"east": {"uv": [7.5, 3, 8, 3.5], "texture": "#1"},
				"south": {"uv": [7.5, 3, 8, 3.5], "texture": "#1"},
				"west": {"uv": [7.5, 3, 8, 3.5], "texture": "#1"},
				"up": {"uv": [7.5, 3, 8, 3.5], "texture": "#1"},
				"down": {"uv": [7.5, 3, 8, 3.5], "texture": "#1"}
			}
		},
		{
			"name": "hexadecagon",
			"from": [10, 10.5, 7.6519],
			"to": [11.5, 14, 8.3481],
			"rotation": {"angle": -22.5, "axis": "x", "origin": [10.5, 12.25, 8]},
			"faces": {
				"north": {"uv": [7.5, 3, 8, 3.5], "texture": "#1"},
				"east": {"uv": [7.5, 3, 8, 3.5], "texture": "#1"},
				"south": {"uv": [7.5, 3, 8, 3.5], "texture": "#1"},
				"west": {"uv": [7.5, 3, 8, 3.5], "texture": "#1"},
				"up": {"uv": [7.5, 3, 8, 3.5], "texture": "#1"},
				"down": {"uv": [7.5, 3, 8, 3.5], "texture": "#1"}
			}
		},
		{
			"name": "hexadecagon",
			"from": [10, 10.5, 7.6519],
			"to": [11.5, 14, 8.3481],
			"rotation": {"angle": 0, "axis": "x", "origin": [10.5, 12.25, 8]},
			"faces": {
				"north": {"uv": [7.5, 3, 8, 3.5], "texture": "#1"},
				"east": {"uv": [7.5, 3, 8, 3.5], "texture": "#1"},
				"south": {"uv": [7.5, 3, 8, 3.5], "texture": "#1"},
				"west": {"uv": [7.5, 3, 8, 3.5], "texture": "#1"},
				"up": {"uv": [7.5, 3, 8, 3.5], "texture": "#1"},
				"down": {"uv": [7.5, 3, 8, 3.5], "texture": "#1"}
			}
		},
		{
			"name": "hexadecagon",
			"from": [10, 10.5, 7.6519],
			"to": [11.5, 14, 8.3481],
			"rotation": {"angle": 22.5, "axis": "x", "origin": [10.5, 12.25, 8]},
			"faces": {
				"north": {"uv": [7.5, 3, 8, 3.5], "texture": "#1"},
				"east": {"uv": [7.5, 3, 8, 3.5], "texture": "#1"},
				"south": {"uv": [7.5, 3, 8, 3.5], "texture": "#1"},
				"west": {"uv": [7.5, 3, 8, 3.5], "texture": "#1"},
				"up": {"uv": [7.5, 3, 8, 3.5], "texture": "#1"},
				"down": {"uv": [7.5, 3, 8, 3.5], "texture": "#1"}
			}
		},
		{
			"name": "hexadecagon",
			"from": [11.5, 11.95163, 6.5],
			"to": [12, 12.54837, 9.5],
			"rotation": {"angle": -45, "axis": "x", "origin": [12, 12.25, 8]},
			"faces": {
				"north": {"uv": [1, 2, 2, 3], "texture": "#2"},
				"east": {"uv": [1, 2, 2, 3], "texture": "#2"},
				"south": {"uv": [1, 2, 2, 3], "texture": "#2"},
				"west": {"uv": [1, 2, 2, 3], "texture": "#2"},
				"up": {"uv": [1, 2, 2, 3], "texture": "#2"},
				"down": {"uv": [1, 2, 2, 3], "texture": "#2"}
			}
		},
		{
			"name": "hexadecagon",
			"from": [11.5, 11.95163, 6.5],
			"to": [12, 12.54837, 9.5],
			"rotation": {"angle": -22.5, "axis": "x", "origin": [12, 12.25, 8]},
			"faces": {
				"north": {"uv": [1, 2, 2, 3], "texture": "#2"},
				"east": {"uv": [1, 2, 2, 3], "texture": "#2"},
				"south": {"uv": [1, 2, 2, 3], "texture": "#2"},
				"west": {"uv": [1, 2, 2, 3], "texture": "#2"},
				"up": {"uv": [1, 2, 2, 3], "texture": "#2"},
				"down": {"uv": [1, 2, 2, 3], "texture": "#2"}
			}
		},
		{
			"name": "hexadecagon",
			"from": [11.5, 11.95163, 6.5],
			"to": [12, 12.54837, 9.5],
			"rotation": {"angle": 0, "axis": "x", "origin": [12, 12.25, 8]},
			"faces": {
				"north": {"uv": [1, 2, 2, 3], "texture": "#2"},
				"east": {"uv": [1, 2, 2, 3], "texture": "#2"},
				"south": {"uv": [1, 2, 2, 3], "texture": "#2"},
				"west": {"uv": [1, 2, 2, 3], "texture": "#2"},
				"up": {"uv": [1, 2, 2, 3], "texture": "#2"},
				"down": {"uv": [1, 2, 2, 3], "texture": "#2"}
			}
		},
		{
			"name": "hexadecagon",
			"from": [11.5, 11.95163, 6.5],
			"to": [12, 12.54837, 9.5],
			"rotation": {"angle": 22.5, "axis": "x", "origin": [12, 12.25, 8]},
			"faces": {
				"north": {"uv": [1, 2, 2, 3], "texture": "#2"},
				"east": {"uv": [1, 2, 2, 3], "texture": "#2"},
				"south": {"uv": [1, 2, 2, 3], "texture": "#2"},
				"west": {"uv": [1, 2, 2, 3], "texture": "#2"},
				"up": {"uv": [1, 2, 2, 3], "texture": "#2"},
				"down": {"uv": [1, 2, 2, 3], "texture": "#2"}
			}
		},
		{
			"name": "hexadecagon",
			"from": [11.5, 11.95163, 6.5],
			"to": [12, 12.54837, 9.5],
			"rotation": {"angle": 45, "axis": "x", "origin": [12, 12.25, 8]},
			"faces": {
				"north": {"uv": [1, 2, 2, 3], "texture": "#2"},
				"east": {"uv": [1, 2, 2, 3], "texture": "#2"},
				"south": {"uv": [1, 2, 2, 3], "texture": "#2"},
				"west": {"uv": [1, 2, 2, 3], "texture": "#2"},
				"up": {"uv": [1, 2, 2, 3], "texture": "#2"},
				"down": {"uv": [1, 2, 2, 3], "texture": "#2"}
			}
		},
		{
			"name": "hexadecagon",
			"from": [11.5, 10.75, 7.70163],
			"to": [12, 13.75, 8.29837],
			"rotation": {"angle": -22.5, "axis": "x", "origin": [12, 12.25, 8]},
			"faces": {
				"north": {"uv": [1, 2, 2, 3], "texture": "#2"},
				"east": {"uv": [1, 2, 2, 3], "texture": "#2"},
				"south": {"uv": [1, 2, 2, 3], "texture": "#2"},
				"west": {"uv": [1, 2, 2, 3], "texture": "#2"},
				"up": {"uv": [1, 2, 2, 3], "texture": "#2"},
				"down": {"uv": [1, 2, 2, 3], "texture": "#2"}
			}
		},
		{
			"name": "hexadecagon",
			"from": [11.5, 10.75, 7.70163],
			"to": [12, 13.75, 8.29837],
			"rotation": {"angle": 0, "axis": "x", "origin": [12, 12.25, 8]},
			"faces": {
				"north": {"uv": [1, 2, 2, 3], "texture": "#2"},
				"east": {"uv": [1, 2, 2, 3], "texture": "#2"},
				"south": {"uv": [1, 2, 2, 3], "texture": "#2"},
				"west": {"uv": [1, 2, 2, 3], "texture": "#2"},
				"up": {"uv": [1, 2, 2, 3], "texture": "#2"},
				"down": {"uv": [1, 2, 2, 3], "texture": "#2"}
			}
		},
		{
			"name": "hexadecagon",
			"from": [11.5, 10.75, 7.70163],
			"to": [12, 13.75, 8.29837],
			"rotation": {"angle": 22.5, "axis": "x", "origin": [12, 12.25, 8]},
			"faces": {
				"north": {"uv": [1, 2, 2, 3], "texture": "#2"},
				"east": {"uv": [1, 2, 2, 3], "texture": "#2"},
				"south": {"uv": [1, 2, 2, 3], "texture": "#2"},
				"west": {"uv": [1, 2, 2, 3], "texture": "#2"},
				"up": {"uv": [1, 2, 2, 3], "texture": "#2"},
				"down": {"uv": [1, 2, 2, 3], "texture": "#2"}
			}
		},
		{
			"name": "hexadecagon",
			"from": [12, 12.05109, 7],
			"to": [13, 12.44891, 9],
			"rotation": {"angle": -45, "axis": "x", "origin": [12.5, 12.25, 8]},
			"faces": {
				"north": {"uv": [2, 3, 3, 4], "texture": "#3"},
				"east": {"uv": [2, 3, 3, 4], "texture": "#3"},
				"south": {"uv": [2, 3, 3, 4], "texture": "#3"},
				"west": {"uv": [2, 3, 3, 4], "texture": "#3"},
				"up": {"uv": [2, 3, 3, 4], "texture": "#3"},
				"down": {"uv": [2, 3, 3, 4], "texture": "#3"}
			}
		},
		{
			"name": "hexadecagon",
			"from": [12, 12.05109, 7],
			"to": [13, 12.44891, 9],
			"rotation": {"angle": -22.5, "axis": "x", "origin": [12.5, 12.25, 8]},
			"faces": {
				"north": {"uv": [2, 3, 3, 4], "texture": "#3"},
				"east": {"uv": [2, 3, 3, 4], "texture": "#3"},
				"south": {"uv": [2, 3, 3, 4], "texture": "#3"},
				"west": {"uv": [2, 3, 3, 4], "texture": "#3"},
				"up": {"uv": [2, 3, 3, 4], "texture": "#3"},
				"down": {"uv": [2, 3, 3, 4], "texture": "#3"}
			}
		},
		{
			"name": "hexadecagon",
			"from": [12, 12.05109, 7],
			"to": [13, 12.44891, 9],
			"rotation": {"angle": 0, "axis": "x", "origin": [12.5, 12.25, 8]},
			"faces": {
				"north": {"uv": [2, 3, 3, 4], "texture": "#3"},
				"east": {"uv": [2, 3, 3, 4], "texture": "#3"},
				"south": {"uv": [2, 3, 3, 4], "texture": "#3"},
				"west": {"uv": [2, 3, 3, 4], "texture": "#3"},
				"up": {"uv": [2, 3, 3, 4], "texture": "#3"},
				"down": {"uv": [2, 3, 3, 4], "texture": "#3"}
			}
		},
		{
			"name": "hexadecagon",
			"from": [12, 12.05109, 7],
			"to": [13, 12.44891, 9],
			"rotation": {"angle": 22.5, "axis": "x", "origin": [12.5, 12.25, 8]},
			"faces": {
				"north": {"uv": [2, 3, 3, 4], "texture": "#3"},
				"east": {"uv": [2, 3, 3, 4], "texture": "#3"},
				"south": {"uv": [2, 3, 3, 4], "texture": "#3"},
				"west": {"uv": [2, 3, 3, 4], "texture": "#3"},
				"up": {"uv": [2, 3, 3, 4], "texture": "#3"},
				"down": {"uv": [2, 3, 3, 4], "texture": "#3"}
			}
		},
		{
			"name": "hexadecagon",
			"from": [12, 12.05109, 7],
			"to": [13, 12.44891, 9],
			"rotation": {"angle": 45, "axis": "x", "origin": [12.5, 12.25, 8]},
			"faces": {
				"north": {"uv": [2, 3, 3, 4], "texture": "#3"},
				"east": {"uv": [2, 3, 3, 4], "texture": "#3"},
				"south": {"uv": [2, 3, 3, 4], "texture": "#3"},
				"west": {"uv": [2, 3, 3, 4], "texture": "#3"},
				"up": {"uv": [2, 3, 3, 4], "texture": "#3"},
				"down": {"uv": [2, 3, 3, 4], "texture": "#3"}
			}
		},
		{
			"name": "hexadecagon",
			"from": [12, 11.25, 7.80109],
			"to": [13, 13.25, 8.19891],
			"rotation": {"angle": -22.5, "axis": "x", "origin": [12.5, 12.25, 8]},
			"faces": {
				"north": {"uv": [2, 3, 3, 4], "texture": "#3"},
				"east": {"uv": [2, 3, 3, 4], "texture": "#3"},
				"south": {"uv": [2, 3, 3, 4], "texture": "#3"},
				"west": {"uv": [2, 3, 3, 4], "texture": "#3"},
				"up": {"uv": [2, 3, 3, 4], "texture": "#3"},
				"down": {"uv": [2, 3, 3, 4], "texture": "#3"}
			}
		},
		{
			"name": "hexadecagon",
			"from": [12, 11.25, 7.80109],
			"to": [13, 13.25, 8.19891],
			"rotation": {"angle": 0, "axis": "x", "origin": [12.5, 12.25, 8]},
			"faces": {
				"north": {"uv": [2, 3, 3, 4], "texture": "#3"},
				"east": {"uv": [2, 3, 3, 4], "texture": "#3"},
				"south": {"uv": [2, 3, 3, 4], "texture": "#3"},
				"west": {"uv": [2, 3, 3, 4], "texture": "#3"},
				"up": {"uv": [2, 3, 3, 4], "texture": "#3"},
				"down": {"uv": [2, 3, 3, 4], "texture": "#3"}
			}
		},
		{
			"name": "hexadecagon",
			"from": [12, 11.25, 7.80109],
			"to": [13, 13.25, 8.19891],
			"rotation": {"angle": 22.5, "axis": "x", "origin": [12.5, 12.25, 8]},
			"faces": {
				"north": {"uv": [2, 3, 3, 4], "texture": "#3"},
				"east": {"uv": [2, 3, 3, 4], "texture": "#3"},
				"south": {"uv": [2, 3, 3, 4], "texture": "#3"},
				"west": {"uv": [2, 3, 3, 4], "texture": "#3"},
				"up": {"uv": [2, 3, 3, 4], "texture": "#3"},
				"down": {"uv": [2, 3, 3, 4], "texture": "#3"}
			}
		},
		{
			"name": "hexadecagon",
			"from": [13, 12.05109, 7.75],
			"to": [15.5, 12.54891, 8.25],
			"rotation": {"angle": 0, "axis": "x", "origin": [13.5, 12.25, 8]},
			"faces": {
				"north": {"uv": [5, 3, 6, 4], "texture": "#3"},
				"east": {"uv": [5, 3, 6, 4], "texture": "#3"},
				"south": {"uv": [5, 3, 6, 4], "texture": "#3"},
				"west": {"uv": [5, 3, 6, 4], "texture": "#3"},
				"up": {"uv": [5, 3, 6, 4], "texture": "#3"},
				"down": {"uv": [5, 3, 6, 4], "texture": "#3"}
			}
		},
		{
			"name": "hexadecagon",
			"from": [15.5, 12.15109, 7.85],
			"to": [15.75, 12.54891, 8.25],
			"rotation": {"angle": 0, "axis": "x", "origin": [16, 12.25, 8]},
			"faces": {
				"north": {"uv": [5, 3, 6, 4], "texture": "#3"},
				"east": {"uv": [5, 3, 6, 4], "texture": "#3"},
				"south": {"uv": [5, 3, 6, 4], "texture": "#3"},
				"west": {"uv": [5, 3, 6, 4], "texture": "#3"},
				"up": {"uv": [5, 3, 6, 4], "texture": "#3"},
				"down": {"uv": [5, 3, 6, 4], "texture": "#3"}
			}
		},
		{
			"name": "hexadecagon",
			"from": [15.75, 12.05109, 7.75],
			"to": [16, 12.34891, 8.15],
			"rotation": {"angle": 0, "axis": "x", "origin": [16.25, 12.25, 8]},
			"faces": {
				"north": {"uv": [5, 3, 6, 4], "texture": "#3"},
				"east": {"uv": [5, 3, 6, 4], "texture": "#3"},
				"south": {"uv": [5, 3, 6, 4], "texture": "#3"},
				"west": {"uv": [5, 3, 6, 4], "texture": "#3"},
				"up": {"uv": [5, 3, 6, 4], "texture": "#3"},
				"down": {"uv": [5, 3, 6, 4], "texture": "#3"}
			}
		},
		{
			"name": "hexadecagon",
			"from": [16.25, 12.05109, 7.75],
			"to": [16.5, 12.34891, 8.15],
			"rotation": {"angle": 0, "axis": "x", "origin": [16.75, 12.25, 8]},
			"faces": {
				"north": {"uv": [5, 3, 6, 4], "texture": "#3"},
				"east": {"uv": [5, 3, 6, 4], "texture": "#3"},
				"south": {"uv": [5, 3, 6, 4], "texture": "#3"},
				"west": {"uv": [5, 3, 6, 4], "texture": "#3"},
				"up": {"uv": [5, 3, 6, 4], "texture": "#3"},
				"down": {"uv": [5, 3, 6, 4], "texture": "#3"}
			}
		},
		{
			"name": "hexadecagon",
			"from": [16, 12.15109, 7.85],
			"to": [16.25, 12.54891, 8.25],
			"rotation": {"angle": 0, "axis": "x", "origin": [16.5, 12.25, 8]},
			"faces": {
				"north": {"uv": [5, 3, 6, 4], "texture": "#3"},
				"east": {"uv": [5, 3, 6, 4], "texture": "#3"},
				"south": {"uv": [5, 3, 6, 4], "texture": "#3"},
				"west": {"uv": [5, 3, 6, 4], "texture": "#3"},
				"up": {"uv": [5, 3, 6, 4], "texture": "#3"},
				"down": {"uv": [5, 3, 6, 4], "texture": "#3"}
			}
		},
		{
			"name": "hexadecagon",
			"from": [16.75, 12.15109, 7.9],
			"to": [17.25, 12.34891, 8.1],
			"rotation": {"angle": 0, "axis": "x", "origin": [17.25, 12.25, 7.95]},
			"faces": {
				"north": {"uv": [5, 3, 6, 4], "texture": "#3"},
				"east": {"uv": [5, 3, 6, 4], "texture": "#3"},
				"south": {"uv": [5, 3, 6, 4], "texture": "#3"},
				"west": {"uv": [5, 3, 6, 4], "texture": "#3"},
				"up": {"uv": [5, 3, 6, 4], "texture": "#3"},
				"down": {"uv": [5, 3, 6, 4], "texture": "#3"}
			}
		},
		{
			"name": "hexadecagon",
			"from": [16.5, 12.15109, 7.85],
			"to": [16.75, 12.44891, 8.15],
			"rotation": {"angle": 0, "axis": "x", "origin": [17, 12.25, 8]},
			"faces": {
				"north": {"uv": [5, 3, 6, 4], "texture": "#3"},
				"east": {"uv": [5, 3, 6, 4], "texture": "#3"},
				"south": {"uv": [5, 3, 6, 4], "texture": "#3"},
				"west": {"uv": [5, 3, 6, 4], "texture": "#3"},
				"up": {"uv": [5, 3, 6, 4], "texture": "#3"},
				"down": {"uv": [5, 3, 6, 4], "texture": "#3"}
			}
		},
		{
			"from": [7, 6.75, 7],
			"to": [7.5, 9.5, 9],
			"faces": {
				"north": {"uv": [3, 11, 4, 14.5], "texture": "#1"},
				"east": {"uv": [3, 11, 4, 12.5], "texture": "#1"},
				"south": {"uv": [3, 11, 4, 14], "texture": "#1"},
				"west": {"uv": [3, 11, 4, 12.5], "texture": "#1"},
				"up": {"uv": [3, 11, 4, 12.5], "texture": "#1"},
				"down": {"uv": [3, 11, 4, 12.5], "texture": "#1"}
			}
		},
		{
			"from": [7.5, 9, 7],
			"to": [9, 9.5, 9],
			"faces": {
				"north": {"uv": [3, 11, 4, 12.5], "texture": "#1"},
				"east": {"uv": [3, 11, 4, 12.5], "texture": "#1"},
				"south": {"uv": [3, 11, 4, 12.5], "texture": "#1"},
				"west": {"uv": [3, 11, 4, 12.5], "texture": "#1"},
				"up": {"uv": [3, 11, 4, 12.5], "texture": "#1"},
				"down": {"uv": [3, 11, 4, 12.5], "texture": "#1"}
			}
		},
		{
			"from": [7.5, 8, 7.5],
			"to": [8.25, 9, 8.5],
			"faces": {
				"north": {"uv": [2, 3, 3, 4], "texture": "#2"},
				"east": {"uv": [2, 3, 3, 4], "texture": "#2"},
				"south": {"uv": [2, 3, 3, 4], "texture": "#2"},
				"west": {"uv": [2, 3, 3, 4], "texture": "#2"},
				"up": {"uv": [2, 3, 3, 4], "texture": "#2"},
				"down": {"uv": [2, 3, 3, 4], "texture": "#2"}
			}
		},
		{
			"from": [7.25628, 7.16161, 7.5],
			"to": [8.00628, 8.41161, 8.5],
			"rotation": {"angle": -45, "axis": "z", "origin": [7.63128, 7.91161, 8]},
			"faces": {
				"north": {"uv": [2, 3, 3, 4], "texture": "#2"},
				"east": {"uv": [2, 3, 3, 4], "texture": "#2"},
				"south": {"uv": [2, 3, 3, 4], "texture": "#2"},
				"west": {"uv": [2, 3, 3, 4], "texture": "#2"},
				"up": {"uv": [2, 3, 3, 4], "texture": "#2"},
				"down": {"uv": [2, 3, 3, 4], "texture": "#2"}
			}
		},
		{
			"from": [7.5, 8.25, 7],
			"to": [7.75, 9, 9],
			"faces": {
				"north": {"uv": [3, 11, 4, 12.5], "texture": "#1"},
				"east": {"uv": [3, 11, 4, 12.5], "texture": "#1"},
				"south": {"uv": [3, 11, 4, 12.5], "texture": "#1"},
				"west": {"uv": [3, 11, 4, 12.5], "texture": "#1"},
				"up": {"uv": [3, 11, 4, 12.5], "texture": "#1"},
				"down": {"uv": [3, 11, 4, 12.5], "texture": "#1"}
			}
		},
		{
			"from": [7.5, 9.6, 6],
			"to": [8.25, 10.05, 10],
			"faces": {
				"north": {"uv": [0, 0, 0.5, 0.5], "texture": "#2"},
				"east": {"uv": [0, 0, 0.5, 0.5], "texture": "#2"},
				"south": {"uv": [0, 0, 0.5, 0.5], "texture": "#2"},
				"west": {"uv": [0, 0, 0.5, 0.5], "texture": "#2"},
				"up": {"uv": [0, 0, 0.5, 0.5], "texture": "#2"},
				"down": {"uv": [0, 0, 0.5, 0.5], "texture": "#2"}
			}
		},
		{
			"from": [4.9, 6.75, 6.9],
			"to": [5.9, 9.5, 9.1],
			"faces": {
				"north": {"uv": [9.5, 4, 14, 6.5], "texture": "#1"},
				"east": {"uv": [9.5, 4, 14, 6.5], "texture": "#1"},
				"south": {"uv": [9.5, 4, 14, 6.5], "texture": "#1"},
				"west": {"uv": [9.5, 4, 14, 6.5], "texture": "#1"},
				"up": {"uv": [9.5, 4, 14, 6.5], "texture": "#1"},
				"down": {"uv": [9.5, 4, 14, 6.5], "texture": "#1"}
			}
		},
		{
			"from": [4.9, 4.9, 6.9],
			"to": [5.5, 6.75, 9.1],
			"faces": {
				"north": {"uv": [9.5, 4, 11, 5.5], "texture": "#1"},
				"east": {"uv": [9.5, 4, 11, 5.5], "texture": "#1"},
				"south": {"uv": [9.5, 4, 11, 5.5], "texture": "#1"},
				"west": {"uv": [9.5, 4, 11, 5.5], "texture": "#1"},
				"up": {"uv": [9.5, 4, 11, 5.5], "texture": "#1"},
				"down": {"uv": [9.5, 4, 11, 5.5], "texture": "#1"}
			}
		},
		{
			"from": [5.9, 7.65, 6.9],
			"to": [6.5, 9.5, 9.1],
			"faces": {
				"north": {"uv": [9.5, 4, 10.5, 6.5], "texture": "#1"},
				"east": {"uv": [9.5, 4, 10.5, 6.5], "texture": "#1"},
				"south": {"uv": [9.5, 4, 10.5, 6.5], "texture": "#1"},
				"west": {"uv": [9.5, 4, 10.5, 6.5], "texture": "#1"},
				"up": {"uv": [9.5, 4, 10.5, 6.5], "texture": "#1"},
				"down": {"uv": [9.5, 4, 10.5, 6.5], "texture": "#1"}
			}
		},
		{
			"from": [4, 9.25, 6.9],
			"to": [4.9, 9.5, 9.1],
			"faces": {
				"north": {"uv": [9.5, 4, 14, 6.5], "texture": "#1"},
				"east": {"uv": [9.5, 4, 14, 6.5], "texture": "#1"},
				"south": {"uv": [9.5, 4, 14, 6.5], "texture": "#1"},
				"west": {"uv": [9.5, 4, 14, 6.5], "texture": "#1"},
				"up": {"uv": [9.5, 4, 14, 6.5], "texture": "#1"},
				"down": {"uv": [9.5, 4, 14, 6.5], "texture": "#1"}
			}
		},
		{
			"from": [2.57019, 9.53159, 6.9],
			"to": [4.22019, 9.78159, 9.1],
			"rotation": {"angle": -45, "axis": "z", "origin": [3.77019, 9.65659, 8]},
			"faces": {
				"north": {"uv": [9.5, 4, 14, 6.5], "texture": "#1"},
				"east": {"uv": [9.5, 4, 14, 6.5], "texture": "#1"},
				"south": {"uv": [9.5, 4, 14, 6.5], "texture": "#1"},
				"west": {"uv": [9.5, 4, 14, 6.5], "texture": "#1"},
				"up": {"uv": [9.5, 4, 14, 6.5], "texture": "#1"},
				"down": {"uv": [9.5, 4, 14, 6.5], "texture": "#1"}
			}
		},
		{
			"from": [2.83327, 10.41673, 6.9],
			"to": [3.23327, 12.16673, 9.1],
			"rotation": {"angle": 0, "axis": "z", "origin": [4.03327, 10.54173, 8]},
			"faces": {
				"north": {"uv": [9.5, 4, 14, 6.5], "texture": "#1"},
				"east": {"uv": [9.5, 4, 14, 6.5], "texture": "#1"},
				"south": {"uv": [9.5, 4, 14, 6.5], "texture": "#1"},
				"west": {"uv": [9.5, 4, 14, 6.5], "texture": "#1"},
				"up": {"uv": [9.5, 4, 14, 6.5], "texture": "#1"},
				"down": {"uv": [9.5, 4, 14, 6.5], "texture": "#1"}
			}
		},
		{
			"from": [2.93327, 11.41673, 5.9],
			"to": [10.03327, 12.41673, 10.1],
			"rotation": {"angle": 0, "axis": "z", "origin": [4.03327, 10.54173, 8]},
			"faces": {
				"north": {"uv": [3.5, 4, 14, 6.5], "texture": "#1"},
				"east": {"uv": [3.5, 4, 14, 6.5], "texture": "#1"},
				"south": {"uv": [3.5, 4, 14, 6.5], "texture": "#1"},
				"west": {"uv": [3.5, 4, 14, 6.5], "texture": "#1"},
				"up": {"uv": [3.5, 4, 14, 6.5], "texture": "#1"},
				"down": {"uv": [3.5, 4, 14, 6.5], "texture": "#1"}
			}
		},
		{
			"from": [2.93327, 11.06673, 5.9],
			"to": [10.03327, 11.26673, 10.1],
			"rotation": {"angle": 0, "axis": "z", "origin": [4.03327, 9.39173, 8]},
			"faces": {
				"north": {"uv": [3.5, 4, 14, 6.5], "texture": "#1"},
				"east": {"uv": [3.5, 4, 14, 6.5], "texture": "#1"},
				"south": {"uv": [3.5, 4, 14, 6.5], "texture": "#1"},
				"west": {"uv": [3.5, 4, 14, 6.5], "texture": "#1"},
				"up": {"uv": [3.5, 4, 14, 6.5], "texture": "#1"},
				"down": {"uv": [3.5, 4, 14, 6.5], "texture": "#1"}
			}
		}
	],
	"display": {
		"thirdperson_righthand": {
			"scale": [0.8, 0.8, 0.8],
			"rotation": [0, 90, 0]
		},
		"thirdperson_lefthand": {
			"scale": [0.8, 0.8, 0.8],
			"rotation": [6, -90, 3]
		},
		"firstperson_righthand": {
			"scale": [0.8, 0.8, 0.8],
			"rotation": [6, 90, 3],
			"translation": [0, 2, 0]
		},
		"firstperson_lefthand": {
			"scale": [0.8, 0.8, 0.8],
			"rotation": [4, -92, 3],
			"translation": [0, 2, 0]
		},
		"head": {
			"translation": [0, 14.5, 0]
		},
		"ground": {
			"translation": [0, 5, 0]
		},
		"gui": {
			"translation": [-0.5, 1, 0],
			"rotation": [7, -25, 0]
		}
	},
	"groups": [0, 1, 2, 3, 4, 5, 6, 7, 8, 9, 10, 11,
		{
			"name": "hexadecagon",
			"isOpen": true,
			"shade": true,
			"display": {
				"visibility": true,
				"autouv": false
			},
			"children": [12, 13, 14, 15, 16, 17, 18, 19]
		}, 20, 21,
		{
			"name": "hexadecagon",
			"isOpen": true,
			"shade": true,
			"display": {
				"visibility": true,
				"autouv": false
			},
			"children": [22, 23, 24, 25, 26, 27, 28, 29]
		},
		{
			"name": "hexadecagon",
			"isOpen": true,
			"shade": true,
			"display": {
				"visibility": true,
				"autouv": false
			},
			"children": [30, 31, 32, 33, 34, 35, 36, 37]
		},
		{
			"name": "hexadecagon",
			"isOpen": true,
			"shade": true,
			"display": {
				"visibility": true,
				"autouv": false
			},
			"children": [38, 39, 40, 41, 42, 43, 44, 45, 46, 47, 48, 49, 50, 51, 52]
		}, 53, 54, 55, 56, 57, 58, 59, 60, 61, 62, 63, 64, 65, 66]
}