{
	"textures": {
		"0": "block/dark_oak_planks",
		"1": "block/purpur_pillar",
		"particle": "block/dark_oak_planks"
	},
	"elements": [
		{
			"from": [7, 2, 7],
			"to": [9, 16, 9],
			"faces": {
				"north": {"uv": [2, 1, 4, 15], "texture": "#0"},
				"east": {"uv": [2, 1, 4, 15], "texture": "#0"},
				"south": {"uv": [2, 1, 4, 15], "texture": "#0"},
				"west": {"uv": [2, 1, 4, 15], "texture": "#0"},
				"up": {"uv": [2, 1, 4, 3], "texture": "#0"},
				"down": {"uv": [3, 13, 5, 15], "texture": "#0"}
			}
		},
		{
			"from": [6.5, -1, 7],
			"to": [9, 2, 9],
			"faces": {
				"north": {"uv": [1, 11, 3.5, 14], "texture": "#0"},
				"east": {"uv": [1, 11, 3, 14], "texture": "#0"},
				"south": {"uv": [1.5, 11, 4, 14], "texture": "#0"},
				"west": {"uv": [1, 11, 3, 14], "texture": "#0"},
				"up": {"uv": [3, 3, 5, 5.5], "texture": "#0", "rotation": 270},
				"down": {"uv": [1, 12, 3.5, 14], "texture": "#0"}
			}
		},
		{
			"from": [5, 12.75, 6.75],
			"to": [10, 15.25, 9.25],
			"faces": {
				"north": {"uv": [4, 11, 9.5, 14], "texture": "#1"},
				"east": {"uv": [4, 11, 7, 14], "texture": "#1"},
				"south": {"uv": [4, 11, 9.5, 14], "texture": "#1"},
				"west": {"uv": [3, 9, 6, 12], "texture": "#1", "rotation": 90},
				"up": {"uv": [4, 11, 9.5, 14], "texture": "#1"},
				"down": {"uv": [4, 11, 9.5, 14], "texture": "#1"}
			}
		},
		{
			"from": [10, 13, 7],
			"to": [12, 15, 9],
			"faces": {
				"north": {"uv": [3, 11, 6, 14], "texture": "#1"},
				"east": {"uv": [3, 11, 6, 14], "texture": "#1"},
				"south": {"uv": [3, 11, 6, 14], "texture": "#1"},
				"west": {"uv": [3, 11, 6, 14], "texture": "#1"},
				"up": {"uv": [3, 11, 6, 14], "texture": "#1"},
				"down": {"uv": [3, 11, 6, 14], "texture": "#1"}
			}
		},
		{
			"name": "hexadecagon",
			"from": [12, 12.25, 7.6519],
			"to": [13, 15.75, 8.3481],
			"rotation": {"angle": 45, "axis": "x", "origin": [12.5, 14, 8]},
			"faces": {
				"north": {"uv": [1, 3, 2, 4], "texture": "#1"},
				"east": {"uv": [1, 3, 3, 4], "texture": "#1"},
				"south": {"uv": [1, 3, 2, 4], "texture": "#1"},
				"west": {"uv": [1, 3, 2, 4], "texture": "#1"},
				"up": {"uv": [1, 3, 2, 4], "texture": "#1", "rotation": 90},
				"down": {"uv": [1, 3, 2, 4], "texture": "#1", "rotation": 270}
			}
		},
		{
			"name": "hexadecagon",
			"from": [12, 12.25, 7.6519],
			"to": [13, 15.75, 8.3481],
			"rotation": {"angle": 22.5, "axis": "x", "origin": [12.5, 14, 8]},
			"faces": {
				"north": {"uv": [1, 3, 2, 4], "texture": "#1"},
				"east": {"uv": [1, 3, 3, 4], "texture": "#1"},
				"south": {"uv": [1, 3, 2, 4], "texture": "#1"},
				"west": {"uv": [1, 3, 2, 4], "texture": "#1"},
				"up": {"uv": [1, 3, 2, 4], "texture": "#1", "rotation": 90},
				"down": {"uv": [1, 3, 2, 4], "texture": "#1", "rotation": 270}
			}
		},
		{
			"name": "hexadecagon",
			"from": [12, 12.25, 7.6519],
			"to": [13, 15.75, 8.3481],
			"rotation": {"angle": 0, "axis": "x", "origin": [12.5, 14, 8]},
			"faces": {
				"north": {"uv": [1, 3, 2, 4], "texture": "#1"},
				"east": {"uv": [1, 3, 3, 4], "texture": "#1"},
				"south": {"uv": [1, 3, 2, 4], "texture": "#1"},
				"west": {"uv": [1, 3, 2, 4], "texture": "#1"},
				"up": {"uv": [1, 3, 2, 4], "texture": "#1", "rotation": 90},
				"down": {"uv": [1, 3, 2, 4], "texture": "#1", "rotation": 270}
			}
		},
		{
			"name": "hexadecagon",
			"from": [12, 12.25, 7.6519],
			"to": [13, 15.75, 8.3481],
			"rotation": {"angle": -22.5, "axis": "x", "origin": [12.5, 14, 8]},
			"faces": {
				"north": {"uv": [1, 3, 2, 4], "texture": "#1"},
				"east": {"uv": [1, 3, 3, 4], "texture": "#1"},
				"south": {"uv": [1, 3, 2, 4], "texture": "#1"},
				"west": {"uv": [1, 3, 2, 4], "texture": "#1"},
				"up": {"uv": [1, 3, 2, 4], "texture": "#1", "rotation": 90},
				"down": {"uv": [1, 3, 2, 4], "texture": "#1", "rotation": 270}
			}
		},
		{
			"name": "hexadecagon",
			"from": [12, 12.25, 7.6519],
			"to": [13, 15.75, 8.3481],
			"rotation": {"angle": -45, "axis": "x", "origin": [12.5, 14, 8]},
			"faces": {
				"north": {"uv": [1, 3, 2, 4], "texture": "#1"},
				"east": {"uv": [1, 3, 3, 4], "texture": "#1"},
				"south": {"uv": [1, 3, 2, 4], "texture": "#1"},
				"west": {"uv": [1, 3, 2, 4], "texture": "#1"},
				"up": {"uv": [1, 3, 2, 4], "texture": "#1", "rotation": 90},
				"down": {"uv": [1, 3, 2, 4], "texture": "#1", "rotation": 270}
			}
		},
		{
			"name": "hexadecagon",
			"from": [12, 13.6519, 6.25],
			"to": [13, 14.3481, 9.75],
			"rotation": {"angle": 22.5, "axis": "x", "origin": [12.5, 14, 8]},
			"faces": {
				"north": {"uv": [1, 3, 2, 4], "texture": "#1"},
				"east": {"uv": [1, 3, 3, 4], "texture": "#1"},
				"south": {"uv": [1, 3, 2, 4], "texture": "#1"},
				"west": {"uv": [1, 3, 2, 4], "texture": "#1"},
				"up": {"uv": [1, 3, 2, 4], "texture": "#1", "rotation": 90},
				"down": {"uv": [1, 3, 2, 4], "texture": "#1", "rotation": 270}
			}
		},
		{
			"name": "hexadecagon",
			"from": [12, 13.6519, 6.25],
			"to": [13, 14.3481, 9.75],
			"rotation": {"angle": 0, "axis": "x", "origin": [12.5, 14, 8]},
			"faces": {
				"north": {"uv": [1, 3, 2, 4], "texture": "#1"},
				"east": {"uv": [1, 3, 3, 4], "texture": "#1"},
				"south": {"uv": [1, 3, 2, 4], "texture": "#1"},
				"west": {"uv": [1, 3, 2, 4], "texture": "#1"},
				"up": {"uv": [1, 3, 2, 4], "texture": "#1", "rotation": 90},
				"down": {"uv": [1, 3, 2, 4], "texture": "#1", "rotation": 270}
			}
		},
		{
			"name": "hexadecagon",
			"from": [12, 13.6519, 6.25],
			"to": [13, 14.3481, 9.75],
			"rotation": {"angle": -22.5, "axis": "x", "origin": [12.5, 14, 8]},
			"faces": {
				"north": {"uv": [1, 3, 2, 4], "texture": "#1"},
				"east": {"uv": [1, 3, 3, 4], "texture": "#1"},
				"south": {"uv": [1, 3, 2, 4], "texture": "#1"},
				"west": {"uv": [1, 3, 2, 4], "texture": "#1"},
				"up": {"uv": [1, 3, 2, 4], "texture": "#1", "rotation": 90},
				"down": {"uv": [1, 3, 2, 4], "texture": "#1", "rotation": 270}
			}
		},
		{
			"from": [4, 14.4, 6.75],
			"to": [5, 15.25, 9.25],
			"faces": {
				"north": {"uv": [5, 11, 6, 12], "texture": "#1"},
				"east": {"uv": [5, 11, 6, 12], "texture": "#1"},
				"south": {"uv": [5, 11, 6, 12], "texture": "#1"},
				"west": {"uv": [5, 11, 6, 12], "texture": "#1"},
				"up": {"uv": [5, 9, 6, 12], "texture": "#1"},
				"down": {"uv": [5, 9, 6, 12], "texture": "#1"}
			}
		},
		{
			"from": [3, 14.65, 6.75],
			"to": [4, 15.25, 7.6],
			"faces": {
				"north": {"uv": [5, 11, 6, 12], "texture": "#1"},
				"east": {"uv": [5, 11, 6, 12], "texture": "#1"},
				"south": {"uv": [5, 11, 6, 12], "texture": "#1"},
				"west": {"uv": [5, 11, 6, 12], "texture": "#1"},
				"up": {"uv": [5, 11, 6, 12], "texture": "#1"},
				"down": {"uv": [5, 11, 6, 12], "texture": "#1"}
			}
		},
		{
			"from": [1.2007, 14.59101, 6.75],
			"to": [3.2007, 15.09101, 7.6],
			"rotation": {"angle": 22.5, "axis": "z", "origin": [2.7007, 14.66601, 7.175]},
			"faces": {
				"north": {"uv": [5, 11, 6, 12], "texture": "#1"},
				"east": {"uv": [5, 11, 6, 12], "texture": "#1"},
				"south": {"uv": [5, 11, 6, 12], "texture": "#1"},
				"west": {"uv": [5, 11, 6, 12], "texture": "#1"},
				"up": {"uv": [5, 11, 6, 12], "texture": "#1"},
				"down": {"uv": [5, 11, 6, 12], "texture": "#1"}
			}
		},
		{
			"from": [1.2007, 14.49101, 8.4],
			"to": [3.2007, 15.09101, 9.25],
			"rotation": {"angle": 22.5, "axis": "z", "origin": [2.7007, 14.66601, 8.825]},
			"faces": {
				"north": {"uv": [5, 11, 6, 12], "texture": "#1"},
				"east": {"uv": [5, 11, 6, 12], "texture": "#1"},
				"south": {"uv": [5, 11, 6, 12], "texture": "#1"},
				"west": {"uv": [5, 11, 6, 12], "texture": "#1"},
				"up": {"uv": [5, 11, 6, 12], "texture": "#1"},
				"down": {"uv": [5, 11, 6, 12], "texture": "#1"}
			}
		},
		{
			"from": [3, 14.65, 8.4],
			"to": [4, 15.25, 9.25],
			"faces": {
				"north": {"uv": [5, 11, 6, 12], "texture": "#1"},
				"east": {"uv": [5, 11, 6, 12], "texture": "#1"},
				"south": {"uv": [5, 11, 6, 12], "texture": "#1"},
				"west": {"uv": [5, 11, 6, 12], "texture": "#1"},
				"up": {"uv": [5, 11, 6, 12], "texture": "#1"},
				"down": {"uv": [5, 11, 6, 12], "texture": "#1"}
			}
		}
	],
	"display": {
		"thirdperson_righthand": {
			"scale": [0.8, 0.8, 0.8],
			"rotation": [0, 90, 0],
			"translation": [0, 1, 2]
		},
		"thirdperson_lefthand": {
			"scale": [0.8, 0.8, 0.8],
			"rotation": [0, -90, 0],
			"translation": [0, 1, 2]
		},
		"firstperson_righthand": {
			"scale": [0.8, 0.8, 0.8],
			"rotation": [19, 92, -4],
			"translation": [1, 2, -2]
		},
		"firstperson_lefthand": {
			"scale": [0.8, 0.8, 0.8],
			"rotation": [19, -92, -4],
			"translation": [1, 2, -2]
		},
		"head": {
			"translation": [0, 14.5, 0]
		},
		"ground": {
			"translation": [0, 6, 0]
		},
		"gui": {
			"scale": [0.9, 0.9, 0.9],
			"rotation": [4, -31, -48],
			"translation": [0, -1, 0]
		}
	},
	"groups": [0, 1, 2, 3,
		{
			"name": "hexadecagon",
			"isOpen": true,
			"shade": true,
			"display": {
				"visibility": true,
				"autouv": false
			},
			"children": []
		},
		{
			"name": "hexadecagon",
			"isOpen": true,
			"shade": true,
			"display": {
				"visibility": true,
				"autouv": false
			},
			"children": [4, 5, 6, 7, 8, 9, 10, 11]
		}, 12, 13, 14, 15, 16]
}