{
	"textures": {
		"0": "_custom/steel",
		"1": "block/purpur_pillar",
		"2": "_custom/trash_bin/green1",
		"3": "_custom/light_steel",
		"4": "_custom/trash_bin/green2",
		"5": "_custom/trash_bin/recycle",
		"particle": "_custom/trash_bin/green1"
	},
	"elements": [
		{
			"from": [3.5, 3.75, 15.9],
			"to": [13.25, 4.75, 18.15],
			"faces": {
				"north": {"uv": [0, 10, 10, 11], "texture": "#2"},
				"east": {"uv": [0, 10, 2, 11], "texture": "#2"},
				"south": {"uv": [0, 10, 10, 11], "texture": "#2"},
				"west": {"uv": [0, 10, 2, 11], "texture": "#2"},
				"up": {"uv": [3, 5, 13, 7], "texture": "#2"},
				"down": {"uv": [0, 11, 10, 13], "texture": "#2"}
			}
		},
		{
			"from": [1.25, 3.75, 2.15],
			"to": [3.5, 4.75, 15.9],
			"faces": {
				"north": {"uv": [0, 5, 2, 6], "texture": "#2", "rotation": 90},
				"east": {"uv": [0, 5, 16, 6], "texture": "#2"},
				"south": {"uv": [0, 5, 2, 6], "texture": "#2", "rotation": 90},
				"west": {"uv": [0, 5, 16, 6], "texture": "#2"},
				"up": {"uv": [0, 5, 16, 7], "texture": "#2", "rotation": 90},
				"down": {"uv": [0, 5, 16, 7], "texture": "#2", "rotation": 90}
			}
		},
		{
			"from": [3.5, 4, 0.15],
			"to": [13.25, 4.5, 11],
			"faces": {
				"north": {"uv": [4, 3, 13.75, 12.75], "texture": "#1", "rotation": 90},
				"east": {"uv": [4, 3, 13.75, 12.75], "texture": "#1", "rotation": 90},
				"south": {"uv": [4, 3, 13.75, 12.75], "texture": "#1", "rotation": 90},
				"west": {"uv": [4, 3, 13.75, 12.75], "texture": "#1", "rotation": 90},
				"up": {"uv": [1, 0, 15, 16], "texture": "#4"},
				"down": {"uv": [2, 3, 13.75, 12.75], "texture": "#4", "rotation": 90}
			}
		},
		{
			"from": [13.25, 3.5, 15.9],
			"to": [15.5, 15.5, 18.15],
			"faces": {
				"north": {"uv": [2, 4, 4, 15], "texture": "#2"},
				"east": {"uv": [2, 4, 4, 15], "texture": "#2"},
				"south": {"uv": [2, 4, 4, 15], "texture": "#2"},
				"west": {"uv": [2, 4, 4, 15], "texture": "#2"},
				"up": {"uv": [2, 4, 4, 6], "texture": "#2"},
				"down": {"uv": [2, 13, 4, 15], "texture": "#2"}
			}
		},
		{
			"from": [1.25, 3.75, 0.15],
			"to": [3.5, 4.75, 2.15],
			"faces": {
				"north": {"uv": [0, 5, 2, 6], "texture": "#2", "rotation": 90},
				"east": {"uv": [0, 5, 2, 6], "texture": "#2"},
				"south": {"uv": [0, 5, 2, 6], "texture": "#2", "rotation": 90},
				"west": {"uv": [14, 5, 16, 6], "texture": "#2"},
				"up": {"uv": [0, 5, 2, 7], "texture": "#2", "rotation": 90},
				"down": {"uv": [14, 5, 16, 7], "texture": "#2", "rotation": 90}
			}
		},
		{
			"from": [13.25, 3.75, 2.15],
			"to": [15.5, 4.75, 15.9],
			"faces": {
				"north": {"uv": [0, 5, 2, 6], "texture": "#2", "rotation": 90},
				"east": {"uv": [0, 5, 16, 6], "texture": "#2"},
				"south": {"uv": [0, 5, 2, 6], "texture": "#2", "rotation": 90},
				"west": {"uv": [0, 5, 16, 6], "texture": "#2"},
				"up": {"uv": [0, 5, 16, 7], "texture": "#2", "rotation": 90},
				"down": {"uv": [0, 5, 16, 7], "texture": "#2", "rotation": 90}
			}
		},
		{
			"from": [13.25, 3.75, 0.15],
			"to": [15.5, 4.75, 2.15],
			"faces": {
				"north": {"uv": [0, 5, 2, 6], "texture": "#2", "rotation": 90},
				"east": {"uv": [0, 5, 2, 6], "texture": "#2"},
				"south": {"uv": [0, 5, 2, 6], "texture": "#2", "rotation": 90},
				"west": {"uv": [14, 5, 16, 6], "texture": "#2"},
				"up": {"uv": [0, 5, 2, 7], "texture": "#2", "rotation": 90},
				"down": {"uv": [14, 5, 16, 7], "texture": "#2", "rotation": 90}
			}
		},
		{
			"from": [3.5, 3.75, -2.1],
			"to": [13.25, 4.75, 0.15],
			"faces": {
				"north": {"uv": [0, 10, 10, 11], "texture": "#2"},
				"east": {"uv": [0, 10, 2, 11], "texture": "#2"},
				"south": {"uv": [0, 10, 10, 11], "texture": "#2"},
				"west": {"uv": [0, 10, 2, 11], "texture": "#2"},
				"up": {"uv": [3, 5, 13, 7], "texture": "#2"},
				"down": {"uv": [0, 11, 10, 13], "texture": "#2"}
			}
		},
		{
			"from": [3.5, 4, 11],
			"to": [13.25, 4.5, 15.9],
			"faces": {
				"north": {"uv": [4, 3, 13.75, 12.75], "texture": "#1", "rotation": 90},
				"east": {"uv": [4, 3, 13.75, 12.75], "texture": "#1", "rotation": 90},
				"south": {"uv": [4, 3, 13.75, 12.75], "texture": "#1", "rotation": 90},
				"west": {"uv": [4, 3, 13.75, 12.75], "texture": "#1", "rotation": 90},
				"up": {"uv": [1, 0, 15, 8], "texture": "#4"},
				"down": {"uv": [4, 3, 13.75, 12.75], "texture": "#4", "rotation": 90}
			}
		},
		{
			"from": [1.25, 3.5, 15.9],
			"to": [3.5, 15.5, 18.15],
			"faces": {
				"north": {"uv": [2, 4, 4, 15], "texture": "#2"},
				"east": {"uv": [2, 4, 4, 15], "texture": "#2"},
				"south": {"uv": [4, 5, 6, 16], "texture": "#2"},
				"west": {"uv": [0, 0, 2, 11], "texture": "#2"},
				"up": {"uv": [2, 4, 4, 6], "texture": "#2"},
				"down": {"uv": [2, 13, 4, 15], "texture": "#2"}
			}
		},
		{
			"from": [1.25, 3.5, -2.1],
			"to": [3.5, 15.5, 0.15],
			"faces": {
				"north": {"uv": [13, 1, 15, 12], "texture": "#2"},
				"east": {"uv": [2, 4, 4, 15], "texture": "#2"},
				"south": {"uv": [2, 4, 4, 15], "texture": "#2"},
				"west": {"uv": [10, 0, 12, 11], "texture": "#2"},
				"up": {"uv": [2, 4, 4, 6], "texture": "#2"},
				"down": {"uv": [2, 13, 4, 15], "texture": "#2"}
			}
		},
		{
			"from": [13.25, 3.5, -2.1],
			"to": [15.5, 15.5, 0.15],
			"faces": {
				"north": {"uv": [10, 0, 12, 11], "texture": "#2"},
				"east": {"uv": [7, 2, 9, 13], "texture": "#2"},
				"south": {"uv": [2, 4, 4, 15], "texture": "#2"},
				"west": {"uv": [2, 4, 4, 15], "texture": "#2"},
				"up": {"uv": [2, 4, 4, 6], "texture": "#2"},
				"down": {"uv": [2, 13, 4, 15], "texture": "#2"}
			}
		},
		{
			"from": [14.25, 4.75, 6.15],
			"to": [15.25, 15.5, 15.9],
			"faces": {
				"north": {"uv": [2, 0, 14, 1], "texture": "#4", "rotation": 90},
				"east": {"uv": [2, 0, 14, 15], "texture": "#4"},
				"south": {"uv": [2, 0, 14, 1], "texture": "#4", "rotation": 90},
				"west": {"uv": [2, 0, 14, 15], "texture": "#4"},
				"up": {"uv": [2, 0, 14, 1], "texture": "#4", "rotation": 90},
				"down": {"uv": [2, 0, 14, 1], "texture": "#4", "rotation": 90}
			}
		},
		{
			"from": [14.25, 4.75, 0.15],
			"to": [15.25, 15.5, 6.15],
			"faces": {
				"north": {"uv": [2, 0, 14, 1], "texture": "#4", "rotation": 90},
				"east": {"uv": [2, 0, 9, 15], "texture": "#4"},
				"south": {"uv": [2, 0, 14, 1], "texture": "#4", "rotation": 90},
				"west": {"uv": [2, 0, 10, 15], "texture": "#4"},
				"up": {"uv": [2, 0, 8, 1], "texture": "#4", "rotation": 90},
				"down": {"uv": [2, 0, 14, 1], "texture": "#4", "rotation": 90}
			}
		},
		{
			"from": [1.5, 4.75, 0.15],
			"to": [2.5, 15.5, 6.15],
			"faces": {
				"north": {"uv": [2, 0, 14, 1], "texture": "#4", "rotation": 90},
				"east": {"uv": [2, 0, 9, 15], "texture": "#4"},
				"south": {"uv": [2, 0, 14, 1], "texture": "#4", "rotation": 90},
				"west": {"uv": [2, 0, 10, 15], "texture": "#4"},
				"up": {"uv": [2, 0, 9, 1], "texture": "#4", "rotation": 90},
				"down": {"uv": [2, 0, 14, 1], "texture": "#4", "rotation": 90}
			}
		},
		{
			"from": [1.5, 4.75, 6.15],
			"to": [2.5, 15.5, 15.9],
			"faces": {
				"north": {"uv": [2, 0, 14, 1], "texture": "#4", "rotation": 90},
				"east": {"uv": [2, 0, 14, 15], "texture": "#4"},
				"south": {"uv": [2, 0, 14, 1], "texture": "#4", "rotation": 90},
				"west": {"uv": [2, 0, 14, 15], "texture": "#4"},
				"up": {"uv": [2, 0, 14, 1], "texture": "#4", "rotation": 90},
				"down": {"uv": [2, 0, 14, 1], "texture": "#4", "rotation": 90}
			}
		},
		{
			"from": [3.5, 4.75, 16.9],
			"to": [13.25, 15.5, 17.9],
			"faces": {
				"north": {"uv": [2, 0, 14, 15], "texture": "#4"},
				"east": {"uv": [2, 0, 14, 1], "texture": "#4", "rotation": 90},
				"south": {"uv": [2, 0, 14, 15], "texture": "#4"},
				"west": {"uv": [2, 0, 14, 1], "texture": "#4", "rotation": 90},
				"up": {"uv": [2, 0, 14, 1], "texture": "#4", "rotation": 180},
				"down": {"uv": [2, 0, 14, 1], "texture": "#4"}
			}
		},
		{
			"from": [3.5, 4.75, -1.9],
			"to": [13.25, 15.5, -0.9],
			"faces": {
				"north": {"uv": [2, 0, 14, 15], "texture": "#4"},
				"east": {"uv": [2, 0, 14, 1], "texture": "#4", "rotation": 90},
				"south": {"uv": [2, 0, 14, 15], "texture": "#4"},
				"west": {"uv": [2, 0, 14, 1], "texture": "#4", "rotation": 90},
				"up": {"uv": [2, 0, 14, 1], "texture": "#4", "rotation": 180},
				"down": {"uv": [2, 0, 14, 1], "texture": "#4"}
			}
		},
		{
			"from": [15.25, 14.75, 0.15],
			"to": [15.5, 15.5, 6.15],
			"faces": {
				"north": {"uv": [0, 3, 7, 4], "texture": "#2", "rotation": 90},
				"east": {"uv": [0, 3, 7, 4], "texture": "#2"},
				"south": {"uv": [0, 3, 7, 4], "texture": "#2", "rotation": 90},
				"west": {"uv": [0, 3, 7, 4], "texture": "#2"},
				"up": {"uv": [0, 3, 7, 4], "texture": "#2", "rotation": 90},
				"down": {"uv": [0, 3, 7, 4], "texture": "#2", "rotation": 90}
			}
		},
		{
			"from": [15.25, 14.75, 6.15],
			"to": [15.5, 15.5, 15.9],
			"faces": {
				"north": {"uv": [0, 3, 13, 4], "texture": "#2", "rotation": 90},
				"east": {"uv": [0, 3, 13, 4], "texture": "#2"},
				"south": {"uv": [0, 3, 13, 4], "texture": "#2", "rotation": 90},
				"west": {"uv": [0, 3, 13, 4], "texture": "#2"},
				"up": {"uv": [0, 3, 13, 4], "texture": "#2", "rotation": 90},
				"down": {"uv": [0, 3, 13, 4], "texture": "#2", "rotation": 90}
			}
		},
		{
			"from": [1.25, 14.75, 6.15],
			"to": [1.5, 15.5, 15.9],
			"faces": {
				"north": {"uv": [0, 3, 13, 4], "texture": "#2", "rotation": 90},
				"east": {"uv": [0, 3, 13, 4], "texture": "#2"},
				"south": {"uv": [0, 3, 13, 4], "texture": "#2", "rotation": 90},
				"west": {"uv": [0, 3, 13, 4], "texture": "#2"},
				"up": {"uv": [0, 3, 13, 4], "texture": "#2", "rotation": 90},
				"down": {"uv": [0, 3, 13, 4], "texture": "#2", "rotation": 90}
			}
		},
		{
			"from": [1.25, 14.75, 0.15],
			"to": [1.5, 15.5, 6.15],
			"faces": {
				"north": {"uv": [0, 3, 7, 4], "texture": "#2", "rotation": 90},
				"east": {"uv": [0, 3, 7, 4], "texture": "#2"},
				"south": {"uv": [0, 3, 7, 4], "texture": "#2", "rotation": 90},
				"west": {"uv": [0, 3, 7, 4], "texture": "#2"},
				"up": {"uv": [0, 3, 7, 4], "texture": "#2", "rotation": 90},
				"down": {"uv": [0, 3, 7, 4], "texture": "#2", "rotation": 90}
			}
		},
		{
			"from": [2.5, 14.75, 6.15],
			"to": [2.75, 15.5, 15.9],
			"faces": {
				"north": {"uv": [0, 3, 13, 4], "texture": "#2", "rotation": 90},
				"east": {"uv": [0, 3, 13, 4], "texture": "#2"},
				"south": {"uv": [0, 3, 13, 4], "texture": "#2", "rotation": 90},
				"west": {"uv": [0, 3, 13, 4], "texture": "#2"},
				"up": {"uv": [0, 3, 13, 4], "texture": "#2", "rotation": 90},
				"down": {"uv": [0, 3, 13, 4], "texture": "#2", "rotation": 90}
			}
		},
		{
			"from": [2.5, 14.75, 0.15],
			"to": [2.75, 15.5, 6.15],
			"faces": {
				"north": {"uv": [0, 3, 7, 4], "texture": "#2", "rotation": 90},
				"east": {"uv": [0, 3, 7, 4], "texture": "#2"},
				"south": {"uv": [0, 3, 7, 4], "texture": "#2", "rotation": 90},
				"west": {"uv": [0, 3, 7, 4], "texture": "#2"},
				"up": {"uv": [0, 3, 7, 4], "texture": "#2", "rotation": 90},
				"down": {"uv": [0, 3, 7, 4], "texture": "#2", "rotation": 90}
			}
		},
		{
			"from": [14, 14.75, 6.15],
			"to": [14.25, 15.5, 15.9],
			"faces": {
				"north": {"uv": [0, 3, 13, 4], "texture": "#2", "rotation": 90},
				"east": {"uv": [0, 3, 13, 4], "texture": "#2"},
				"south": {"uv": [0, 3, 13, 4], "texture": "#2", "rotation": 90},
				"west": {"uv": [0, 3, 13, 4], "texture": "#2"},
				"up": {"uv": [0, 3, 13, 4], "texture": "#2", "rotation": 90},
				"down": {"uv": [0, 3, 13, 4], "texture": "#2", "rotation": 90}
			}
		},
		{
			"from": [14, 14.75, 0.15],
			"to": [14.25, 15.5, 6.15],
			"faces": {
				"north": {"uv": [0, 3, 7, 4], "texture": "#2", "rotation": 90},
				"east": {"uv": [0, 3, 7, 4], "texture": "#2"},
				"south": {"uv": [0, 3, 7, 4], "texture": "#2", "rotation": 90},
				"west": {"uv": [0, 3, 7, 4], "texture": "#2"},
				"up": {"uv": [0, 3, 7, 4], "texture": "#2", "rotation": 90},
				"down": {"uv": [0, 3, 7, 4], "texture": "#2", "rotation": 90}
			}
		},
		{
			"from": [5.75, 13.4, -2.35],
			"to": [6.25, 14.05, -1.85],
			"faces": {
				"north": {"uv": [2, 11, 3, 12], "texture": "#1"},
				"east": {"uv": [2, 11, 3, 12], "texture": "#1"},
				"south": {"uv": [2, 11, 3, 12], "texture": "#1"},
				"west": {"uv": [2, 11, 3, 12], "texture": "#1"},
				"up": {"uv": [2, 11, 3, 12], "texture": "#1"},
				"down": {"uv": [2, 11, 3, 12], "texture": "#1"}
			}
		},
		{
			"from": [5.75, 11.2, -2.35],
			"to": [6.25, 11.85, -1.85],
			"faces": {
				"north": {"uv": [2, 11, 3, 12], "texture": "#1"},
				"east": {"uv": [2, 11, 3, 12], "texture": "#1"},
				"south": {"uv": [2, 11, 3, 12], "texture": "#1"},
				"west": {"uv": [2, 11, 3, 12], "texture": "#1"},
				"up": {"uv": [2, 11, 3, 12], "texture": "#1"},
				"down": {"uv": [2, 11, 3, 12], "texture": "#1"}
			}
		},
		{
			"from": [5.75, 11.2, -2.6],
			"to": [6.25, 14.05, -2.35],
			"faces": {
				"north": {"uv": [2, 9, 6, 10], "texture": "#1", "rotation": 90},
				"east": {"uv": [2, 9, 6, 10], "texture": "#1", "rotation": 90},
				"south": {"uv": [2, 9, 6, 10], "texture": "#1", "rotation": 90},
				"west": {"uv": [2, 9, 6, 10], "texture": "#1", "rotation": 90},
				"up": {"uv": [2, 9, 3, 10], "texture": "#1", "rotation": 90},
				"down": {"uv": [2, 9, 3, 10], "texture": "#1", "rotation": 90}
			}
		},
		{
			"from": [10.25, 11.2, -2.6],
			"to": [10.75, 14.05, -2.35],
			"faces": {
				"north": {"uv": [2, 9, 6, 10], "texture": "#1", "rotation": 90},
				"east": {"uv": [2, 9, 6, 10], "texture": "#1", "rotation": 90},
				"south": {"uv": [2, 9, 6, 10], "texture": "#1", "rotation": 90},
				"west": {"uv": [2, 9, 6, 10], "texture": "#1", "rotation": 90},
				"up": {"uv": [2, 9, 3, 10], "texture": "#1", "rotation": 90},
				"down": {"uv": [2, 9, 3, 10], "texture": "#1", "rotation": 90}
			}
		},
		{
			"from": [10.25, 13.4, -2.35],
			"to": [10.75, 14.05, -1.85],
			"faces": {
				"north": {"uv": [2, 11, 3, 12], "texture": "#1"},
				"east": {"uv": [2, 11, 3, 12], "texture": "#1"},
				"south": {"uv": [2, 11, 3, 12], "texture": "#1"},
				"west": {"uv": [2, 11, 3, 12], "texture": "#1"},
				"up": {"uv": [2, 11, 3, 12], "texture": "#1"},
				"down": {"uv": [2, 11, 3, 12], "texture": "#1"}
			}
		},
		{
			"from": [10.25, 11.2, -2.35],
			"to": [10.75, 11.85, -1.85],
			"faces": {
				"north": {"uv": [2, 11, 3, 12], "texture": "#1"},
				"east": {"uv": [2, 11, 3, 12], "texture": "#1"},
				"south": {"uv": [2, 11, 3, 12], "texture": "#1"},
				"west": {"uv": [2, 11, 3, 12], "texture": "#1"},
				"up": {"uv": [2, 11, 3, 12], "texture": "#1"},
				"down": {"uv": [2, 11, 3, 12], "texture": "#1"}
			}
		},
		{
			"from": [10.25, 11.2, 18.35],
			"to": [10.75, 14.05, 18.6],
			"faces": {
				"north": {"uv": [6, 9, 2, 10], "texture": "#1", "rotation": 90},
				"east": {"uv": [6, 9, 2, 10], "texture": "#1", "rotation": 90},
				"south": {"uv": [6, 9, 2, 10], "texture": "#1", "rotation": 90},
				"west": {"uv": [6, 9, 2, 10], "texture": "#1", "rotation": 90},
				"up": {"uv": [2, 10, 3, 9], "texture": "#1", "rotation": 90},
				"down": {"uv": [2, 10, 3, 9], "texture": "#1", "rotation": 90}
			}
		},
		{
			"from": [10.25, 13.4, 17.85],
			"to": [10.75, 14.05, 18.35],
			"faces": {
				"north": {"uv": [3, 11, 2, 12], "texture": "#1"},
				"east": {"uv": [3, 11, 2, 12], "texture": "#1"},
				"south": {"uv": [3, 11, 2, 12], "texture": "#1"},
				"west": {"uv": [3, 11, 2, 12], "texture": "#1"},
				"up": {"uv": [2, 12, 3, 11], "texture": "#1"},
				"down": {"uv": [2, 12, 3, 11], "texture": "#1"}
			}
		},
		{
			"from": [10.25, 11.2, 17.85],
			"to": [10.75, 11.85, 18.35],
			"faces": {
				"north": {"uv": [3, 11, 2, 12], "texture": "#1"},
				"east": {"uv": [3, 11, 2, 12], "texture": "#1"},
				"south": {"uv": [3, 11, 2, 12], "texture": "#1"},
				"west": {"uv": [3, 11, 2, 12], "texture": "#1"},
				"up": {"uv": [2, 12, 3, 11], "texture": "#1"},
				"down": {"uv": [2, 12, 3, 11], "texture": "#1"}
			}
		},
		{
			"from": [5.75, 11.2, 17.85],
			"to": [6.25, 11.85, 18.35],
			"faces": {
				"north": {"uv": [3, 11, 2, 12], "texture": "#1"},
				"east": {"uv": [3, 11, 2, 12], "texture": "#1"},
				"south": {"uv": [3, 11, 2, 12], "texture": "#1"},
				"west": {"uv": [3, 11, 2, 12], "texture": "#1"},
				"up": {"uv": [2, 12, 3, 11], "texture": "#1"},
				"down": {"uv": [2, 12, 3, 11], "texture": "#1"}
			}
		},
		{
			"from": [5.75, 11.2, 18.35],
			"to": [6.25, 14.05, 18.6],
			"faces": {
				"north": {"uv": [6, 9, 2, 10], "texture": "#1", "rotation": 90},
				"east": {"uv": [6, 9, 2, 10], "texture": "#1", "rotation": 90},
				"south": {"uv": [6, 9, 2, 10], "texture": "#1", "rotation": 90},
				"west": {"uv": [6, 9, 2, 10], "texture": "#1", "rotation": 90},
				"up": {"uv": [2, 10, 3, 9], "texture": "#1", "rotation": 90},
				"down": {"uv": [2, 10, 3, 9], "texture": "#1", "rotation": 90}
			}
		},
		{
			"from": [5.75, 13.4, 17.85],
			"to": [6.25, 14.05, 18.35],
			"faces": {
				"north": {"uv": [3, 11, 2, 12], "texture": "#1"},
				"east": {"uv": [3, 11, 2, 12], "texture": "#1"},
				"south": {"uv": [3, 11, 2, 12], "texture": "#1"},
				"west": {"uv": [3, 11, 2, 12], "texture": "#1"},
				"up": {"uv": [2, 12, 3, 11], "texture": "#1"},
				"down": {"uv": [2, 12, 3, 11], "texture": "#1"}
			}
		},
		{
			"from": [5, 10.65, 17.85],
			"to": [11.5, 14.55, 18.1],
			"faces": {
				"north": {"uv": [3, 3, 2, 4], "texture": "#2"},
				"east": {"uv": [3, 3, 2, 4], "texture": "#2"},
				"south": {"uv": [13, 3, 2, 10], "texture": "#2"},
				"west": {"uv": [3, 3, 2, 4], "texture": "#2"},
				"up": {"uv": [3, 3, 2, 4], "texture": "#2"},
				"down": {"uv": [3, 3, 2, 4], "texture": "#2"}
			}
		},
		{
			"from": [5, 10.65, -2.1],
			"to": [11.5, 14.55, -1.85],
			"faces": {
				"north": {"uv": [2, 3, 13, 10], "texture": "#2"},
				"east": {"uv": [2, 3, 3, 4], "texture": "#2"},
				"south": {"uv": [2, 3, 3, 4], "texture": "#2"},
				"west": {"uv": [2, 3, 3, 4], "texture": "#2"},
				"up": {"uv": [3, 4, 2, 3], "texture": "#2"},
				"down": {"uv": [3, 4, 2, 3], "texture": "#2"}
			}
		},
		{
			"from": [17.51886, 14.89951, 6.15],
			"to": [18.01886, 26.64951, 15.9],
			"rotation": {"angle": -22.5, "axis": "z", "origin": [18.01886, 20.27451, 11.025]},
			"faces": {
				"north": {"uv": [2, 0, 14, 1], "texture": "#4", "rotation": 90},
				"east": {"uv": [2, 0, 14, 15], "texture": "#4"},
				"south": {"uv": [2, 0, 14, 1], "texture": "#4", "rotation": 90},
				"west": {"uv": [2, 0, 14, 15], "texture": "#4"},
				"up": {"uv": [2, 0, 14, 1], "texture": "#4", "rotation": 90},
				"down": {"uv": [2, 0, 14, 1], "texture": "#4", "rotation": 90}
			}
		},
		{
			"from": [17.51886, 14.89951, 0.15],
			"to": [18.01886, 26.64951, 6.15],
			"rotation": {"angle": -22.5, "axis": "z", "origin": [18.01886, 20.27451, 3.15]},
			"faces": {
				"north": {"uv": [2, 0, 14, 1], "texture": "#4", "rotation": 90},
				"east": {"uv": [2, 0, 9, 15], "texture": "#4"},
				"south": {"uv": [2, 0, 14, 1], "texture": "#4", "rotation": 90},
				"west": {"uv": [2, 0, 10, 15], "texture": "#4"},
				"up": {"uv": [2, 0, 8, 1], "texture": "#4", "rotation": 90},
				"down": {"uv": [2, 0, 14, 1], "texture": "#4", "rotation": 90}
			}
		},
		{
			"from": [17.41886, 14.89951, -1.85],
			"to": [18.11886, 26.64951, 0.15],
			"rotation": {"angle": -22.5, "axis": "z", "origin": [18.01886, 20.27451, 2.15]},
			"faces": {
				"north": {"uv": [2, 0, 3, 15], "texture": "#2"},
				"east": {"uv": [2, 0, 4, 15], "texture": "#2"},
				"south": {"uv": [2, 0, 3, 15], "texture": "#2", "rotation": 90},
				"west": {"uv": [2, 0, 4, 15], "texture": "#2"},
				"up": {"uv": [2, 0, 4, 1], "texture": "#2", "rotation": 90},
				"down": {"uv": [2, 14, 4, 15], "texture": "#2", "rotation": 90}
			}
		},
		{
			"from": [17.41886, 14.89951, 15.9],
			"to": [18.11886, 26.64951, 17.9],
			"rotation": {"angle": -22.5, "axis": "z", "origin": [18.01886, 20.27451, 19.9]},
			"faces": {
				"north": {"uv": [2, 0, 3, 15], "texture": "#2"},
				"east": {"uv": [2, 0, 4, 15], "texture": "#2"},
				"south": {"uv": [2, 0, 3, 15], "texture": "#2"},
				"west": {"uv": [2, 0, 4, 15], "texture": "#2"},
				"up": {"uv": [2, 0, 4, 1], "texture": "#2", "rotation": 90},
				"down": {"uv": [2, 14, 4, 15], "texture": "#2", "rotation": 90}
			}
		},
		{
			"from": [1.45, 8.75, 5.9],
			"to": [1.5, 13, 10.15],
			"faces": {
				"north": {"uv": [0, 0, 0.5, 0.5], "texture": "#5", "rotation": 90},
				"east": {"uv": [0, 0, 0.5, 0.5], "texture": "#5"},
				"south": {"uv": [0, 0, 0.5, 0.5], "texture": "#5", "rotation": 90},
				"west": {"uv": [0, 0, 16, 16], "texture": "#5"},
				"up": {"uv": [0, 0, 0.5, 0.5], "texture": "#5", "rotation": 90},
				"down": {"uv": [0, 0, 0.5, 0.5], "texture": "#5", "rotation": 90}
			}
		},
		{
			"from": [15.25, 14.75, 16.4],
			"to": [15.75, 15.75, 17.65],
			"faces": {
				"north": {"uv": [2, 4, 3, 5], "texture": "#1"},
				"east": {"uv": [2, 4, 3, 5], "texture": "#1"},
				"south": {"uv": [2, 4, 3, 5], "texture": "#1"},
				"west": {"uv": [2, 4, 3, 5], "texture": "#1"},
				"up": {"uv": [2, 4, 3, 5], "texture": "#1"},
				"down": {"uv": [2, 4, 3, 5], "texture": "#1"}
			}
		},
		{
			"from": [15.25, 14.75, -1.6],
			"to": [15.75, 15.75, -0.35],
			"faces": {
				"north": {"uv": [2, 4, 3, 5], "texture": "#1"},
				"east": {"uv": [2, 4, 3, 5], "texture": "#1"},
				"south": {"uv": [2, 4, 3, 5], "texture": "#1"},
				"west": {"uv": [2, 4, 3, 5], "texture": "#1"},
				"up": {"uv": [2, 4, 3, 5], "texture": "#1"},
				"down": {"uv": [2, 4, 3, 5], "texture": "#1"}
			}
		},
		{
			"from": [17.41886, 26.64951, -1.85],
			"to": [18.11886, 28.64951, 8.15],
			"rotation": {"angle": -22.5, "axis": "z", "origin": [18.01886, 20.27451, 2.15]},
			"faces": {
				"north": {"uv": [2, 0, 3, 2], "texture": "#2"},
				"east": {"uv": [2, 0, 4, 15], "texture": "#2"},
				"south": {"uv": [2, 0, 3, 2], "texture": "#2"},
				"west": {"uv": [2, 2, 12, 4], "texture": "#2"},
				"up": {"uv": [2, 0, 12, 1], "texture": "#2", "rotation": 270},
				"down": {"uv": [2, 14, 4, 15], "texture": "#2", "rotation": 90}
			}
		},
		{
			"from": [17.41886, 26.64951, 8.15],
			"to": [18.11886, 28.64951, 17.9],
			"rotation": {"angle": -22.5, "axis": "z", "origin": [18.01886, 20.27451, 12.15]},
			"faces": {
				"north": {"uv": [2, 0, 3, 2], "texture": "#2"},
				"east": {"uv": [2, 0, 4, 15], "texture": "#2"},
				"south": {"uv": [2, 0, 3, 2], "texture": "#2"},
				"west": {"uv": [2, 2, 12, 4], "texture": "#2"},
				"up": {"uv": [2, 0, 12, 1], "texture": "#2", "rotation": 270},
				"down": {"uv": [2, 14, 4, 15], "texture": "#2", "rotation": 90}
			}
		},
		{
			"name": "hexadecagon",
			"from": [14.77622, 0, -1.375],
			"to": [15.22378, 2.25, -0.625],
			"rotation": {"angle": -45, "axis": "z", "origin": [15, 1.125, -1]},
			"faces": {
				"north": {"uv": [1, 2, 2, 3], "texture": "#0"},
				"east": {"uv": [1, 2, 2, 3], "texture": "#0"},
				"south": {"uv": [1, 2, 2, 3], "texture": "#0"},
				"west": {"uv": [1, 2, 2, 3], "texture": "#0"},
				"up": {"uv": [1, 2, 2, 3], "texture": "#0"},
				"down": {"uv": [1, 2, 2, 3], "texture": "#0"}
			}
		},
		{
			"name": "hexadecagon",
			"from": [14.77622, 0, -1.375],
			"to": [15.22378, 2.25, -0.625],
			"rotation": {"angle": -22.5, "axis": "z", "origin": [15, 1.125, -1]},
			"faces": {
				"north": {"uv": [1, 2, 2, 3], "texture": "#0"},
				"east": {"uv": [1, 2, 2, 3], "texture": "#0"},
				"south": {"uv": [1, 2, 2, 3], "texture": "#0"},
				"west": {"uv": [1, 2, 2, 3], "texture": "#0"},
				"up": {"uv": [1, 2, 2, 3], "texture": "#0"},
				"down": {"uv": [1, 2, 2, 3], "texture": "#0"}
			}
		},
		{
			"name": "hexadecagon",
			"from": [14.77622, 0, -1.375],
			"to": [15.22378, 2.25, -0.625],
			"rotation": {"angle": 0, "axis": "z", "origin": [15, 1.125, -1]},
			"faces": {
				"north": {"uv": [1, 2, 2, 3], "texture": "#0"},
				"east": {"uv": [1, 2, 2, 3], "texture": "#0"},
				"south": {"uv": [1, 2, 2, 3], "texture": "#0"},
				"west": {"uv": [1, 2, 2, 3], "texture": "#0"},
				"up": {"uv": [1, 2, 2, 3], "texture": "#0"},
				"down": {"uv": [1, 2, 2, 3], "texture": "#0"}
			}
		},
		{
			"name": "hexadecagon",
			"from": [14.77622, 0, -1.375],
			"to": [15.22378, 2.25, -0.625],
			"rotation": {"angle": 22.5, "axis": "z", "origin": [15, 1.125, -1]},
			"faces": {
				"north": {"uv": [1, 2, 2, 3], "texture": "#0"},
				"east": {"uv": [1, 2, 2, 3], "texture": "#0"},
				"south": {"uv": [1, 2, 2, 3], "texture": "#0"},
				"west": {"uv": [1, 2, 2, 3], "texture": "#0"},
				"up": {"uv": [1, 2, 2, 3], "texture": "#0"},
				"down": {"uv": [1, 2, 2, 3], "texture": "#0"}
			}
		},
		{
			"name": "hexadecagon",
			"from": [14.77622, 0, -1.375],
			"to": [15.22378, 2.25, -0.625],
			"rotation": {"angle": 45, "axis": "z", "origin": [15, 1.125, -1]},
			"faces": {
				"north": {"uv": [1, 2, 2, 3], "texture": "#0"},
				"east": {"uv": [1, 2, 2, 3], "texture": "#0"},
				"south": {"uv": [1, 2, 2, 3], "texture": "#0"},
				"west": {"uv": [1, 2, 2, 3], "texture": "#0"},
				"up": {"uv": [1, 2, 2, 3], "texture": "#0"},
				"down": {"uv": [1, 2, 2, 3], "texture": "#0"}
			}
		},
		{
			"name": "hexadecagon",
			"from": [13.875, 0.90122, -1.375],
			"to": [16.125, 1.34878, -0.625],
			"rotation": {"angle": -22.5, "axis": "z", "origin": [15, 1.125, -1]},
			"faces": {
				"north": {"uv": [1, 2, 2, 3], "texture": "#0"},
				"east": {"uv": [1, 2, 2, 3], "texture": "#0"},
				"south": {"uv": [1, 2, 2, 3], "texture": "#0"},
				"west": {"uv": [1, 2, 2, 3], "texture": "#0"},
				"up": {"uv": [1, 2, 2, 3], "texture": "#0"},
				"down": {"uv": [1, 2, 2, 3], "texture": "#0"}
			}
		},
		{
			"name": "hexadecagon",
			"from": [13.875, 0.90122, -1.375],
			"to": [16.125, 1.34878, -0.625],
			"rotation": {"angle": 0, "axis": "z", "origin": [15, 1.125, -1]},
			"faces": {
				"north": {"uv": [1, 2, 2, 3], "texture": "#0"},
				"east": {"uv": [1, 2, 2, 3], "texture": "#0"},
				"south": {"uv": [1, 2, 2, 3], "texture": "#0"},
				"west": {"uv": [1, 2, 2, 3], "texture": "#0"},
				"up": {"uv": [1, 2, 2, 3], "texture": "#0"},
				"down": {"uv": [1, 2, 2, 3], "texture": "#0"}
			}
		},
		{
			"name": "hexadecagon",
			"from": [13.875, 0.90122, -1.375],
			"to": [16.125, 1.34878, -0.625],
			"rotation": {"angle": 22.5, "axis": "z", "origin": [15, 1.125, -1]},
			"faces": {
				"north": {"uv": [1, 2, 2, 3], "texture": "#0"},
				"east": {"uv": [1, 2, 2, 3], "texture": "#0"},
				"south": {"uv": [1, 2, 2, 3], "texture": "#0"},
				"west": {"uv": [1, 2, 2, 3], "texture": "#0"},
				"up": {"uv": [1, 2, 2, 3], "texture": "#0"},
				"down": {"uv": [1, 2, 2, 3], "texture": "#0"}
			}
		},
		{
			"from": [14.625, 0.75, -1.5625],
			"to": [15.375, 1.5, -0.4375],
			"faces": {
				"north": {"uv": [5, 5, 6, 6], "texture": "#1"},
				"east": {"uv": [5, 5, 6, 6], "texture": "#1"},
				"south": {"uv": [5, 5, 6, 6], "texture": "#1"},
				"west": {"uv": [5, 5, 6, 6], "texture": "#1"},
				"up": {"uv": [5, 5, 6, 6], "texture": "#1"},
				"down": {"uv": [5, 5, 6, 6], "texture": "#1"}
			}
		},
		{
			"from": [14.625, 1.5, -1.5625],
			"to": [15.1875, 2.8125, -1.375],
			"faces": {
				"north": {"uv": [5, 5, 6, 6], "texture": "#1"},
				"east": {"uv": [5, 5, 6, 6], "texture": "#1"},
				"south": {"uv": [5, 5, 6, 6], "texture": "#1"},
				"west": {"uv": [5, 5, 6, 6], "texture": "#1"},
				"up": {"uv": [5, 5, 6, 6], "texture": "#1"},
				"down": {"uv": [5, 5, 6, 6], "texture": "#1"}
			}
		},
		{
			"from": [14.625, 1.5, -0.625],
			"to": [15.1875, 2.8125, -0.4375],
			"faces": {
				"north": {"uv": [5, 5, 6, 6], "texture": "#1"},
				"east": {"uv": [5, 5, 6, 6], "texture": "#1"},
				"south": {"uv": [5, 5, 6, 6], "texture": "#1"},
				"west": {"uv": [5, 5, 6, 6], "texture": "#1"},
				"up": {"uv": [5, 5, 6, 6], "texture": "#1"},
				"down": {"uv": [5, 5, 6, 6], "texture": "#1"}
			}
		},
		{
			"from": [14.8125, 0.9375, -1.6375],
			"to": [15.1875, 1.3125, -0.3625],
			"faces": {
				"north": {"uv": [4, 8, 5, 9], "texture": "#0"},
				"east": {"uv": [4, 8, 5, 9], "texture": "#0"},
				"south": {"uv": [4, 8, 5, 9], "texture": "#0"},
				"west": {"uv": [4, 8, 5, 9], "texture": "#0"},
				"up": {"uv": [4, 8, 5, 9], "texture": "#0"},
				"down": {"uv": [4, 8, 5, 9], "texture": "#0"}
			}
		},
		{
			"from": [14.35246, 1.55329, -1.58457],
			"to": [14.57746, 3.12829, -1.39707],
			"rotation": {"angle": 22.5, "axis": "z", "origin": [14.90625, 2.15625, -1.46875]},
			"faces": {
				"north": {"uv": [5, 5, 6, 6], "texture": "#1"},
				"east": {"uv": [5, 5, 6, 6], "texture": "#1"},
				"south": {"uv": [5, 5, 6, 6], "texture": "#1"},
				"west": {"uv": [5, 5, 6, 6], "texture": "#1"},
				"up": {"uv": [5, 5, 6, 6], "texture": "#1"},
				"down": {"uv": [5, 5, 6, 6], "texture": "#1"}
			}
		},
		{
			"from": [14.35246, 1.55329, -0.64707],
			"to": [14.57746, 3.12829, -0.45957],
			"rotation": {"angle": 22.5, "axis": "z", "origin": [14.90625, 2.15625, -0.53125]},
			"faces": {
				"north": {"uv": [5, 5, 6, 6], "texture": "#1"},
				"east": {"uv": [5, 5, 6, 6], "texture": "#1"},
				"south": {"uv": [5, 5, 6, 6], "texture": "#1"},
				"west": {"uv": [5, 5, 6, 6], "texture": "#1"},
				"up": {"uv": [5, 5, 6, 6], "texture": "#1"},
				"down": {"uv": [5, 5, 6, 6], "texture": "#1"}
			}
		},
		{
			"name": "hexadecagon",
			"from": [2.52622, 0, -1.375],
			"to": [2.97378, 2.25, -0.625],
			"rotation": {"angle": -45, "axis": "z", "origin": [2.75, 1.125, -1]},
			"faces": {
				"north": {"uv": [1, 2, 2, 3], "texture": "#0"},
				"east": {"uv": [1, 2, 2, 3], "texture": "#0"},
				"south": {"uv": [1, 2, 2, 3], "texture": "#0"},
				"west": {"uv": [1, 2, 2, 3], "texture": "#0"},
				"up": {"uv": [1, 2, 2, 3], "texture": "#0"},
				"down": {"uv": [1, 2, 2, 3], "texture": "#0"}
			}
		},
		{
			"name": "hexadecagon",
			"from": [2.52622, 0, -1.375],
			"to": [2.97378, 2.25, -0.625],
			"rotation": {"angle": -22.5, "axis": "z", "origin": [2.75, 1.125, -1]},
			"faces": {
				"north": {"uv": [1, 2, 2, 3], "texture": "#0"},
				"east": {"uv": [1, 2, 2, 3], "texture": "#0"},
				"south": {"uv": [1, 2, 2, 3], "texture": "#0"},
				"west": {"uv": [1, 2, 2, 3], "texture": "#0"},
				"up": {"uv": [1, 2, 2, 3], "texture": "#0"},
				"down": {"uv": [1, 2, 2, 3], "texture": "#0"}
			}
		},
		{
			"name": "hexadecagon",
			"from": [2.52622, 0, -1.375],
			"to": [2.97378, 2.25, -0.625],
			"rotation": {"angle": 0, "axis": "z", "origin": [2.75, 1.125, -1]},
			"faces": {
				"north": {"uv": [1, 2, 2, 3], "texture": "#0"},
				"east": {"uv": [1, 2, 2, 3], "texture": "#0"},
				"south": {"uv": [1, 2, 2, 3], "texture": "#0"},
				"west": {"uv": [1, 2, 2, 3], "texture": "#0"},
				"up": {"uv": [1, 2, 2, 3], "texture": "#0"},
				"down": {"uv": [1, 2, 2, 3], "texture": "#0"}
			}
		},
		{
			"name": "hexadecagon",
			"from": [2.52622, 0, -1.375],
			"to": [2.97378, 2.25, -0.625],
			"rotation": {"angle": 22.5, "axis": "z", "origin": [2.75, 1.125, -1]},
			"faces": {
				"north": {"uv": [1, 2, 2, 3], "texture": "#0"},
				"east": {"uv": [1, 2, 2, 3], "texture": "#0"},
				"south": {"uv": [1, 2, 2, 3], "texture": "#0"},
				"west": {"uv": [1, 2, 2, 3], "texture": "#0"},
				"up": {"uv": [1, 2, 2, 3], "texture": "#0"},
				"down": {"uv": [1, 2, 2, 3], "texture": "#0"}
			}
		},
		{
			"name": "hexadecagon",
			"from": [2.52622, 0, -1.375],
			"to": [2.97378, 2.25, -0.625],
			"rotation": {"angle": 45, "axis": "z", "origin": [2.75, 1.125, -1]},
			"faces": {
				"north": {"uv": [1, 2, 2, 3], "texture": "#0"},
				"east": {"uv": [1, 2, 2, 3], "texture": "#0"},
				"south": {"uv": [1, 2, 2, 3], "texture": "#0"},
				"west": {"uv": [1, 2, 2, 3], "texture": "#0"},
				"up": {"uv": [1, 2, 2, 3], "texture": "#0"},
				"down": {"uv": [1, 2, 2, 3], "texture": "#0"}
			}
		},
		{
			"name": "hexadecagon",
			"from": [1.625, 0.90122, -1.375],
			"to": [3.875, 1.34878, -0.625],
			"rotation": {"angle": -22.5, "axis": "z", "origin": [2.75, 1.125, -1]},
			"faces": {
				"north": {"uv": [1, 2, 2, 3], "texture": "#0"},
				"east": {"uv": [1, 2, 2, 3], "texture": "#0"},
				"south": {"uv": [1, 2, 2, 3], "texture": "#0"},
				"west": {"uv": [1, 2, 2, 3], "texture": "#0"},
				"up": {"uv": [1, 2, 2, 3], "texture": "#0"},
				"down": {"uv": [1, 2, 2, 3], "texture": "#0"}
			}
		},
		{
			"name": "hexadecagon",
			"from": [1.625, 0.90122, -1.375],
			"to": [3.875, 1.34878, -0.625],
			"rotation": {"angle": 0, "axis": "z", "origin": [2.75, 1.125, -1]},
			"faces": {
				"north": {"uv": [1, 2, 2, 3], "texture": "#0"},
				"east": {"uv": [1, 2, 2, 3], "texture": "#0"},
				"south": {"uv": [1, 2, 2, 3], "texture": "#0"},
				"west": {"uv": [1, 2, 2, 3], "texture": "#0"},
				"up": {"uv": [1, 2, 2, 3], "texture": "#0"},
				"down": {"uv": [1, 2, 2, 3], "texture": "#0"}
			}
		},
		{
			"name": "hexadecagon",
			"from": [1.625, 0.90122, -1.375],
			"to": [3.875, 1.34878, -0.625],
			"rotation": {"angle": 22.5, "axis": "z", "origin": [2.75, 1.125, -1]},
			"faces": {
				"north": {"uv": [1, 2, 2, 3], "texture": "#0"},
				"east": {"uv": [1, 2, 2, 3], "texture": "#0"},
				"south": {"uv": [1, 2, 2, 3], "texture": "#0"},
				"west": {"uv": [1, 2, 2, 3], "texture": "#0"},
				"up": {"uv": [1, 2, 2, 3], "texture": "#0"},
				"down": {"uv": [1, 2, 2, 3], "texture": "#0"}
			}
		},
		{
			"from": [2.375, 0.75, -1.5625],
			"to": [3.125, 1.5, -0.4375],
			"faces": {
				"north": {"uv": [5, 5, 6, 6], "texture": "#1"},
				"east": {"uv": [5, 5, 6, 6], "texture": "#1"},
				"south": {"uv": [5, 5, 6, 6], "texture": "#1"},
				"west": {"uv": [5, 5, 6, 6], "texture": "#1"},
				"up": {"uv": [5, 5, 6, 6], "texture": "#1"},
				"down": {"uv": [5, 5, 6, 6], "texture": "#1"}
			}
		},
		{
			"from": [2.375, 1.5, -1.5625],
			"to": [2.9375, 2.8125, -1.375],
			"faces": {
				"north": {"uv": [5, 5, 6, 6], "texture": "#1"},
				"east": {"uv": [5, 5, 6, 6], "texture": "#1"},
				"south": {"uv": [5, 5, 6, 6], "texture": "#1"},
				"west": {"uv": [5, 5, 6, 6], "texture": "#1"},
				"up": {"uv": [5, 5, 6, 6], "texture": "#1"},
				"down": {"uv": [5, 5, 6, 6], "texture": "#1"}
			}
		},
		{
			"from": [2.5625, 0.9375, -1.6375],
			"to": [2.9375, 1.3125, -0.3625],
			"faces": {
				"north": {"uv": [4, 8, 5, 9], "texture": "#0"},
				"east": {"uv": [4, 8, 5, 9], "texture": "#0"},
				"south": {"uv": [4, 8, 5, 9], "texture": "#0"},
				"west": {"uv": [4, 8, 5, 9], "texture": "#0"},
				"up": {"uv": [4, 8, 5, 9], "texture": "#0"},
				"down": {"uv": [4, 8, 5, 9], "texture": "#0"}
			}
		},
		{
			"from": [1.8125, 2.25, -1.45],
			"to": [2.5625, 4.3125, -0.55],
			"faces": {
				"north": {"uv": [4, 7, 5, 9], "texture": "#3"},
				"east": {"uv": [4, 7, 5, 9], "texture": "#3"},
				"south": {"uv": [4, 7, 5, 9], "texture": "#3"},
				"west": {"uv": [4, 7, 5, 9], "texture": "#3"},
				"up": {"uv": [4, 7, 5, 8], "texture": "#3"},
				"down": {"uv": [4, 7, 5, 8], "texture": "#3"}
			}
		},
		{
			"from": [1.625, 3.1875, -1.6375],
			"to": [3.3125, 3.375, -0.3625],
			"faces": {
				"north": {"uv": [4, 8, 5, 9], "texture": "#3"},
				"east": {"uv": [4, 8, 5, 9], "texture": "#3"},
				"south": {"uv": [4, 8, 5, 9], "texture": "#3"},
				"west": {"uv": [4, 8, 5, 9], "texture": "#3"},
				"up": {"uv": [4, 8, 5, 9], "texture": "#3"},
				"down": {"uv": [4, 8, 5, 9], "texture": "#3"}
			}
		},
		{
			"from": [2.9375, 3, -1.45],
			"to": [3.125, 3.1875, -0.55],
			"faces": {
				"north": {"uv": [4, 8, 5, 9], "texture": "#3"},
				"east": {"uv": [4, 8, 5, 9], "texture": "#3"},
				"south": {"uv": [4, 8, 5, 9], "texture": "#3"},
				"west": {"uv": [4, 8, 5, 9], "texture": "#3"},
				"up": {"uv": [4, 8, 5, 9], "texture": "#3"},
				"down": {"uv": [4, 8, 5, 9], "texture": "#3"}
			}
		},
		{
			"from": [2.10246, 1.55329, -1.58457],
			"to": [2.32746, 3.12829, -1.39707],
			"rotation": {"angle": 22.5, "axis": "z", "origin": [2.65625, 2.15625, -1.46875]},
			"faces": {
				"north": {"uv": [5, 5, 6, 6], "texture": "#1"},
				"east": {"uv": [5, 5, 6, 6], "texture": "#1"},
				"south": {"uv": [5, 5, 6, 6], "texture": "#1"},
				"west": {"uv": [5, 5, 6, 6], "texture": "#1"},
				"up": {"uv": [5, 5, 6, 6], "texture": "#1"},
				"down": {"uv": [5, 5, 6, 6], "texture": "#1"}
			}
		},
		{
			"from": [1.625, 2.8125, -1.6375],
			"to": [3.3125, 3, -0.3625],
			"faces": {
				"north": {"uv": [4, 8, 5, 9], "texture": "#3"},
				"east": {"uv": [4, 8, 5, 9], "texture": "#3"},
				"south": {"uv": [4, 8, 5, 9], "texture": "#3"},
				"west": {"uv": [4, 8, 5, 9], "texture": "#3"},
				"up": {"uv": [4, 8, 5, 9], "texture": "#3"},
				"down": {"uv": [4, 8, 5, 9], "texture": "#3"}
			}
		},
		{
			"from": [14.0625, 2.25, -1.45],
			"to": [14.8125, 4.3125, -0.55],
			"faces": {
				"north": {"uv": [4, 7, 5, 9], "texture": "#3"},
				"east": {"uv": [4, 7, 5, 9], "texture": "#3"},
				"south": {"uv": [4, 7, 5, 9], "texture": "#3"},
				"west": {"uv": [4, 7, 5, 9], "texture": "#3"},
				"up": {"uv": [4, 7, 5, 8], "texture": "#3"},
				"down": {"uv": [4, 7, 5, 8], "texture": "#3"}
			}
		},
		{
			"from": [13.875, 2.8125, -1.6375],
			"to": [15.5625, 3, -0.3625],
			"faces": {
				"north": {"uv": [4, 8, 5, 9], "texture": "#3"},
				"east": {"uv": [4, 8, 5, 9], "texture": "#3"},
				"south": {"uv": [4, 8, 5, 9], "texture": "#3"},
				"west": {"uv": [4, 8, 5, 9], "texture": "#3"},
				"up": {"uv": [4, 8, 5, 9], "texture": "#3"},
				"down": {"uv": [4, 8, 5, 9], "texture": "#3"}
			}
		},
		{
			"from": [2.375, 1.5, -0.625],
			"to": [2.9375, 2.8125, -0.4375],
			"faces": {
				"north": {"uv": [5, 5, 6, 6], "texture": "#1"},
				"east": {"uv": [5, 5, 6, 6], "texture": "#1"},
				"south": {"uv": [5, 5, 6, 6], "texture": "#1"},
				"west": {"uv": [5, 5, 6, 6], "texture": "#1"},
				"up": {"uv": [5, 5, 6, 6], "texture": "#1"},
				"down": {"uv": [5, 5, 6, 6], "texture": "#1"}
			}
		},
		{
			"from": [2.10246, 1.55329, -0.64707],
			"to": [2.32746, 3.12829, -0.45957],
			"rotation": {"angle": 22.5, "axis": "z", "origin": [2.65625, 2.15625, -0.53125]},
			"faces": {
				"north": {"uv": [5, 5, 6, 6], "texture": "#1"},
				"east": {"uv": [5, 5, 6, 6], "texture": "#1"},
				"south": {"uv": [5, 5, 6, 6], "texture": "#1"},
				"west": {"uv": [5, 5, 6, 6], "texture": "#1"},
				"up": {"uv": [5, 5, 6, 6], "texture": "#1"},
				"down": {"uv": [5, 5, 6, 6], "texture": "#1"}
			}
		},
		{
			"from": [13.875, 3.1875, -1.6375],
			"to": [15.5625, 3.375, -0.3625],
			"faces": {
				"north": {"uv": [4, 8, 5, 9], "texture": "#3"},
				"east": {"uv": [4, 8, 5, 9], "texture": "#3"},
				"south": {"uv": [4, 8, 5, 9], "texture": "#3"},
				"west": {"uv": [4, 8, 5, 9], "texture": "#3"},
				"up": {"uv": [4, 8, 5, 9], "texture": "#3"},
				"down": {"uv": [4, 8, 5, 9], "texture": "#3"}
			}
		},
		{
			"from": [15.1875, 3, -1.45],
			"to": [15.375, 3.1875, -0.55],
			"faces": {
				"north": {"uv": [4, 8, 5, 9], "texture": "#3"},
				"east": {"uv": [4, 8, 5, 9], "texture": "#3"},
				"south": {"uv": [4, 8, 5, 9], "texture": "#3"},
				"west": {"uv": [4, 8, 5, 9], "texture": "#3"},
				"up": {"uv": [4, 8, 5, 9], "texture": "#3"},
				"down": {"uv": [4, 8, 5, 9], "texture": "#3"}
			}
		},
		{
			"name": "hexadecagon",
			"from": [14.77622, 0, 16.625],
			"to": [15.22378, 2.25, 17.375],
			"rotation": {"angle": -45, "axis": "z", "origin": [15, 1.125, 17]},
			"faces": {
				"north": {"uv": [1, 2, 2, 3], "texture": "#0"},
				"east": {"uv": [1, 2, 2, 3], "texture": "#0"},
				"south": {"uv": [1, 2, 2, 3], "texture": "#0"},
				"west": {"uv": [1, 2, 2, 3], "texture": "#0"},
				"up": {"uv": [1, 2, 2, 3], "texture": "#0"},
				"down": {"uv": [1, 2, 2, 3], "texture": "#0"}
			}
		},
		{
			"name": "hexadecagon",
			"from": [14.77622, 0, 16.625],
			"to": [15.22378, 2.25, 17.375],
			"rotation": {"angle": -22.5, "axis": "z", "origin": [15, 1.125, 17]},
			"faces": {
				"north": {"uv": [1, 2, 2, 3], "texture": "#0"},
				"east": {"uv": [1, 2, 2, 3], "texture": "#0"},
				"south": {"uv": [1, 2, 2, 3], "texture": "#0"},
				"west": {"uv": [1, 2, 2, 3], "texture": "#0"},
				"up": {"uv": [1, 2, 2, 3], "texture": "#0"},
				"down": {"uv": [1, 2, 2, 3], "texture": "#0"}
			}
		},
		{
			"name": "hexadecagon",
			"from": [14.77622, 0, 16.625],
			"to": [15.22378, 2.25, 17.375],
			"rotation": {"angle": 0, "axis": "z", "origin": [15, 1.125, 17]},
			"faces": {
				"north": {"uv": [1, 2, 2, 3], "texture": "#0"},
				"east": {"uv": [1, 2, 2, 3], "texture": "#0"},
				"south": {"uv": [1, 2, 2, 3], "texture": "#0"},
				"west": {"uv": [1, 2, 2, 3], "texture": "#0"},
				"up": {"uv": [1, 2, 2, 3], "texture": "#0"},
				"down": {"uv": [1, 2, 2, 3], "texture": "#0"}
			}
		},
		{
			"name": "hexadecagon",
			"from": [14.77622, 0, 16.625],
			"to": [15.22378, 2.25, 17.375],
			"rotation": {"angle": 22.5, "axis": "z", "origin": [15, 1.125, 17]},
			"faces": {
				"north": {"uv": [1, 2, 2, 3], "texture": "#0"},
				"east": {"uv": [1, 2, 2, 3], "texture": "#0"},
				"south": {"uv": [1, 2, 2, 3], "texture": "#0"},
				"west": {"uv": [1, 2, 2, 3], "texture": "#0"},
				"up": {"uv": [1, 2, 2, 3], "texture": "#0"},
				"down": {"uv": [1, 2, 2, 3], "texture": "#0"}
			}
		},
		{
			"name": "hexadecagon",
			"from": [14.77622, 0, 16.625],
			"to": [15.22378, 2.25, 17.375],
			"rotation": {"angle": 45, "axis": "z", "origin": [15, 1.125, 17]},
			"faces": {
				"north": {"uv": [1, 2, 2, 3], "texture": "#0"},
				"east": {"uv": [1, 2, 2, 3], "texture": "#0"},
				"south": {"uv": [1, 2, 2, 3], "texture": "#0"},
				"west": {"uv": [1, 2, 2, 3], "texture": "#0"},
				"up": {"uv": [1, 2, 2, 3], "texture": "#0"},
				"down": {"uv": [1, 2, 2, 3], "texture": "#0"}
			}
		},
		{
			"name": "hexadecagon",
			"from": [13.875, 0.90122, 16.625],
			"to": [16.125, 1.34878, 17.375],
			"rotation": {"angle": -22.5, "axis": "z", "origin": [15, 1.125, 17]},
			"faces": {
				"north": {"uv": [1, 2, 2, 3], "texture": "#0"},
				"east": {"uv": [1, 2, 2, 3], "texture": "#0"},
				"south": {"uv": [1, 2, 2, 3], "texture": "#0"},
				"west": {"uv": [1, 2, 2, 3], "texture": "#0"},
				"up": {"uv": [1, 2, 2, 3], "texture": "#0"},
				"down": {"uv": [1, 2, 2, 3], "texture": "#0"}
			}
		},
		{
			"name": "hexadecagon",
			"from": [13.875, 0.90122, 16.625],
			"to": [16.125, 1.34878, 17.375],
			"rotation": {"angle": 0, "axis": "z", "origin": [15, 1.125, 17]},
			"faces": {
				"north": {"uv": [1, 2, 2, 3], "texture": "#0"},
				"east": {"uv": [1, 2, 2, 3], "texture": "#0"},
				"south": {"uv": [1, 2, 2, 3], "texture": "#0"},
				"west": {"uv": [1, 2, 2, 3], "texture": "#0"},
				"up": {"uv": [1, 2, 2, 3], "texture": "#0"},
				"down": {"uv": [1, 2, 2, 3], "texture": "#0"}
			}
		},
		{
			"name": "hexadecagon",
			"from": [13.875, 0.90122, 16.625],
			"to": [16.125, 1.34878, 17.375],
			"rotation": {"angle": 22.5, "axis": "z", "origin": [15, 1.125, 17]},
			"faces": {
				"north": {"uv": [1, 2, 2, 3], "texture": "#0"},
				"east": {"uv": [1, 2, 2, 3], "texture": "#0"},
				"south": {"uv": [1, 2, 2, 3], "texture": "#0"},
				"west": {"uv": [1, 2, 2, 3], "texture": "#0"},
				"up": {"uv": [1, 2, 2, 3], "texture": "#0"},
				"down": {"uv": [1, 2, 2, 3], "texture": "#0"}
			}
		},
		{
			"from": [14.625, 0.75, 16.4375],
			"to": [15.375, 1.5, 17.5625],
			"faces": {
				"north": {"uv": [5, 5, 6, 6], "texture": "#1"},
				"east": {"uv": [5, 5, 6, 6], "texture": "#1"},
				"south": {"uv": [5, 5, 6, 6], "texture": "#1"},
				"west": {"uv": [5, 5, 6, 6], "texture": "#1"},
				"up": {"uv": [5, 5, 6, 6], "texture": "#1"},
				"down": {"uv": [5, 5, 6, 6], "texture": "#1"}
			}
		},
		{
			"from": [14.625, 1.5, 16.4375],
			"to": [15.1875, 2.8125, 16.625],
			"faces": {
				"north": {"uv": [5, 5, 6, 6], "texture": "#1"},
				"east": {"uv": [5, 5, 6, 6], "texture": "#1"},
				"south": {"uv": [5, 5, 6, 6], "texture": "#1"},
				"west": {"uv": [5, 5, 6, 6], "texture": "#1"},
				"up": {"uv": [5, 5, 6, 6], "texture": "#1"},
				"down": {"uv": [5, 5, 6, 6], "texture": "#1"}
			}
		},
		{
			"from": [14.625, 1.5, 17.375],
			"to": [15.1875, 2.8125, 17.5625],
			"faces": {
				"north": {"uv": [5, 5, 6, 6], "texture": "#1"},
				"east": {"uv": [5, 5, 6, 6], "texture": "#1"},
				"south": {"uv": [5, 5, 6, 6], "texture": "#1"},
				"west": {"uv": [5, 5, 6, 6], "texture": "#1"},
				"up": {"uv": [5, 5, 6, 6], "texture": "#1"},
				"down": {"uv": [5, 5, 6, 6], "texture": "#1"}
			}
		},
		{
			"from": [14.8125, 0.9375, 16.3625],
			"to": [15.1875, 1.3125, 17.6375],
			"faces": {
				"north": {"uv": [4, 8, 5, 9], "texture": "#0"},
				"east": {"uv": [4, 8, 5, 9], "texture": "#0"},
				"south": {"uv": [4, 8, 5, 9], "texture": "#0"},
				"west": {"uv": [4, 8, 5, 9], "texture": "#0"},
				"up": {"uv": [4, 8, 5, 9], "texture": "#0"},
				"down": {"uv": [4, 8, 5, 9], "texture": "#0"}
			}
		},
		{
			"from": [14.35246, 1.55329, 16.41543],
			"to": [14.57746, 3.12829, 16.60293],
			"rotation": {"angle": 22.5, "axis": "z", "origin": [14.90625, 2.15625, 16.53125]},
			"faces": {
				"north": {"uv": [5, 5, 6, 6], "texture": "#1"},
				"east": {"uv": [5, 5, 6, 6], "texture": "#1"},
				"south": {"uv": [5, 5, 6, 6], "texture": "#1"},
				"west": {"uv": [5, 5, 6, 6], "texture": "#1"},
				"up": {"uv": [5, 5, 6, 6], "texture": "#1"},
				"down": {"uv": [5, 5, 6, 6], "texture": "#1"}
			}
		},
		{
			"from": [14.35246, 1.55329, 17.35293],
			"to": [14.57746, 3.12829, 17.54043],
			"rotation": {"angle": 22.5, "axis": "z", "origin": [14.90625, 2.15625, 17.46875]},
			"faces": {
				"north": {"uv": [5, 5, 6, 6], "texture": "#1"},
				"east": {"uv": [5, 5, 6, 6], "texture": "#1"},
				"south": {"uv": [5, 5, 6, 6], "texture": "#1"},
				"west": {"uv": [5, 5, 6, 6], "texture": "#1"},
				"up": {"uv": [5, 5, 6, 6], "texture": "#1"},
				"down": {"uv": [5, 5, 6, 6], "texture": "#1"}
			}
		},
		{
			"name": "hexadecagon",
			"from": [2.52622, 0, 16.625],
			"to": [2.97378, 2.25, 17.375],
			"rotation": {"angle": -45, "axis": "z", "origin": [2.75, 1.125, 17]},
			"faces": {
				"north": {"uv": [1, 2, 2, 3], "texture": "#0"},
				"east": {"uv": [1, 2, 2, 3], "texture": "#0"},
				"south": {"uv": [1, 2, 2, 3], "texture": "#0"},
				"west": {"uv": [1, 2, 2, 3], "texture": "#0"},
				"up": {"uv": [1, 2, 2, 3], "texture": "#0"},
				"down": {"uv": [1, 2, 2, 3], "texture": "#0"}
			}
		},
		{
			"name": "hexadecagon",
			"from": [2.52622, 0, 16.625],
			"to": [2.97378, 2.25, 17.375],
			"rotation": {"angle": -22.5, "axis": "z", "origin": [2.75, 1.125, 17]},
			"faces": {
				"north": {"uv": [1, 2, 2, 3], "texture": "#0"},
				"east": {"uv": [1, 2, 2, 3], "texture": "#0"},
				"south": {"uv": [1, 2, 2, 3], "texture": "#0"},
				"west": {"uv": [1, 2, 2, 3], "texture": "#0"},
				"up": {"uv": [1, 2, 2, 3], "texture": "#0"},
				"down": {"uv": [1, 2, 2, 3], "texture": "#0"}
			}
		},
		{
			"name": "hexadecagon",
			"from": [2.52622, 0, 16.625],
			"to": [2.97378, 2.25, 17.375],
			"rotation": {"angle": 0, "axis": "z", "origin": [2.75, 1.125, 17]},
			"faces": {
				"north": {"uv": [1, 2, 2, 3], "texture": "#0"},
				"east": {"uv": [1, 2, 2, 3], "texture": "#0"},
				"south": {"uv": [1, 2, 2, 3], "texture": "#0"},
				"west": {"uv": [1, 2, 2, 3], "texture": "#0"},
				"up": {"uv": [1, 2, 2, 3], "texture": "#0"},
				"down": {"uv": [1, 2, 2, 3], "texture": "#0"}
			}
		},
		{
			"name": "hexadecagon",
			"from": [2.52622, 0, 16.625],
			"to": [2.97378, 2.25, 17.375],
			"rotation": {"angle": 22.5, "axis": "z", "origin": [2.75, 1.125, 17]},
			"faces": {
				"north": {"uv": [1, 2, 2, 3], "texture": "#0"},
				"east": {"uv": [1, 2, 2, 3], "texture": "#0"},
				"south": {"uv": [1, 2, 2, 3], "texture": "#0"},
				"west": {"uv": [1, 2, 2, 3], "texture": "#0"},
				"up": {"uv": [1, 2, 2, 3], "texture": "#0"},
				"down": {"uv": [1, 2, 2, 3], "texture": "#0"}
			}
		},
		{
			"name": "hexadecagon",
			"from": [2.52622, 0, 16.625],
			"to": [2.97378, 2.25, 17.375],
			"rotation": {"angle": 45, "axis": "z", "origin": [2.75, 1.125, 17]},
			"faces": {
				"north": {"uv": [1, 2, 2, 3], "texture": "#0"},
				"east": {"uv": [1, 2, 2, 3], "texture": "#0"},
				"south": {"uv": [1, 2, 2, 3], "texture": "#0"},
				"west": {"uv": [1, 2, 2, 3], "texture": "#0"},
				"up": {"uv": [1, 2, 2, 3], "texture": "#0"},
				"down": {"uv": [1, 2, 2, 3], "texture": "#0"}
			}
		},
		{
			"name": "hexadecagon",
			"from": [1.625, 0.90122, 16.625],
			"to": [3.875, 1.34878, 17.375],
			"rotation": {"angle": -22.5, "axis": "z", "origin": [2.75, 1.125, 17]},
			"faces": {
				"north": {"uv": [1, 2, 2, 3], "texture": "#0"},
				"east": {"uv": [1, 2, 2, 3], "texture": "#0"},
				"south": {"uv": [1, 2, 2, 3], "texture": "#0"},
				"west": {"uv": [1, 2, 2, 3], "texture": "#0"},
				"up": {"uv": [1, 2, 2, 3], "texture": "#0"},
				"down": {"uv": [1, 2, 2, 3], "texture": "#0"}
			}
		},
		{
			"name": "hexadecagon",
			"from": [1.625, 0.90122, 16.625],
			"to": [3.875, 1.34878, 17.375],
			"rotation": {"angle": 0, "axis": "z", "origin": [2.75, 1.125, 17]},
			"faces": {
				"north": {"uv": [1, 2, 2, 3], "texture": "#0"},
				"east": {"uv": [1, 2, 2, 3], "texture": "#0"},
				"south": {"uv": [1, 2, 2, 3], "texture": "#0"},
				"west": {"uv": [1, 2, 2, 3], "texture": "#0"},
				"up": {"uv": [1, 2, 2, 3], "texture": "#0"},
				"down": {"uv": [1, 2, 2, 3], "texture": "#0"}
			}
		},
		{
			"name": "hexadecagon",
			"from": [1.625, 0.90122, 16.625],
			"to": [3.875, 1.34878, 17.375],
			"rotation": {"angle": 22.5, "axis": "z", "origin": [2.75, 1.125, 17]},
			"faces": {
				"north": {"uv": [1, 2, 2, 3], "texture": "#0"},
				"east": {"uv": [1, 2, 2, 3], "texture": "#0"},
				"south": {"uv": [1, 2, 2, 3], "texture": "#0"},
				"west": {"uv": [1, 2, 2, 3], "texture": "#0"},
				"up": {"uv": [1, 2, 2, 3], "texture": "#0"},
				"down": {"uv": [1, 2, 2, 3], "texture": "#0"}
			}
		},
		{
			"from": [2.375, 0.75, 16.4375],
			"to": [3.125, 1.5, 17.5625],
			"faces": {
				"north": {"uv": [5, 5, 6, 6], "texture": "#1"},
				"east": {"uv": [5, 5, 6, 6], "texture": "#1"},
				"south": {"uv": [5, 5, 6, 6], "texture": "#1"},
				"west": {"uv": [5, 5, 6, 6], "texture": "#1"},
				"up": {"uv": [5, 5, 6, 6], "texture": "#1"},
				"down": {"uv": [5, 5, 6, 6], "texture": "#1"}
			}
		},
		{
			"from": [2.375, 1.5, 16.4375],
			"to": [2.9375, 2.8125, 16.625],
			"faces": {
				"north": {"uv": [5, 5, 6, 6], "texture": "#1"},
				"east": {"uv": [5, 5, 6, 6], "texture": "#1"},
				"south": {"uv": [5, 5, 6, 6], "texture": "#1"},
				"west": {"uv": [5, 5, 6, 6], "texture": "#1"},
				"up": {"uv": [5, 5, 6, 6], "texture": "#1"},
				"down": {"uv": [5, 5, 6, 6], "texture": "#1"}
			}
		},
		{
			"from": [2.375, 1.5, 17.375],
			"to": [2.9375, 2.8125, 17.5625],
			"faces": {
				"north": {"uv": [5, 5, 6, 6], "texture": "#1"},
				"east": {"uv": [5, 5, 6, 6], "texture": "#1"},
				"south": {"uv": [5, 5, 6, 6], "texture": "#1"},
				"west": {"uv": [5, 5, 6, 6], "texture": "#1"},
				"up": {"uv": [5, 5, 6, 6], "texture": "#1"},
				"down": {"uv": [5, 5, 6, 6], "texture": "#1"}
			}
		},
		{
			"from": [2.5625, 0.9375, 16.3625],
			"to": [2.9375, 1.3125, 17.6375],
			"faces": {
				"north": {"uv": [4, 8, 5, 9], "texture": "#0"},
				"east": {"uv": [4, 8, 5, 9], "texture": "#0"},
				"south": {"uv": [4, 8, 5, 9], "texture": "#0"},
				"west": {"uv": [4, 8, 5, 9], "texture": "#0"},
				"up": {"uv": [4, 8, 5, 9], "texture": "#0"},
				"down": {"uv": [4, 8, 5, 9], "texture": "#0"}
			}
		},
		{
			"from": [2.10246, 1.55329, 16.41543],
			"to": [2.32746, 3.12829, 16.60293],
			"rotation": {"angle": 22.5, "axis": "z", "origin": [2.65625, 2.15625, 16.53125]},
			"faces": {
				"north": {"uv": [5, 5, 6, 6], "texture": "#1"},
				"east": {"uv": [5, 5, 6, 6], "texture": "#1"},
				"south": {"uv": [5, 5, 6, 6], "texture": "#1"},
				"west": {"uv": [5, 5, 6, 6], "texture": "#1"},
				"up": {"uv": [5, 5, 6, 6], "texture": "#1"},
				"down": {"uv": [5, 5, 6, 6], "texture": "#1"}
			}
		},
		{
			"from": [2.10246, 1.55329, 17.35293],
			"to": [2.32746, 3.12829, 17.54043],
			"rotation": {"angle": 22.5, "axis": "z", "origin": [2.65625, 2.15625, 17.46875]},
			"faces": {
				"north": {"uv": [5, 5, 6, 6], "texture": "#1"},
				"east": {"uv": [5, 5, 6, 6], "texture": "#1"},
				"south": {"uv": [5, 5, 6, 6], "texture": "#1"},
				"west": {"uv": [5, 5, 6, 6], "texture": "#1"},
				"up": {"uv": [5, 5, 6, 6], "texture": "#1"},
				"down": {"uv": [5, 5, 6, 6], "texture": "#1"}
			}
		},
		{
			"from": [14.0625, 2.25, 16.55],
			"to": [14.8125, 4.3125, 17.45],
			"faces": {
				"north": {"uv": [4, 7, 5, 9], "texture": "#3"},
				"east": {"uv": [4, 7, 5, 9], "texture": "#3"},
				"south": {"uv": [4, 7, 5, 9], "texture": "#3"},
				"west": {"uv": [4, 7, 5, 9], "texture": "#3"},
				"up": {"uv": [4, 7, 5, 8], "texture": "#3"},
				"down": {"uv": [4, 7, 5, 8], "texture": "#3"}
			}
		},
		{
			"from": [13.875, 2.8125, 16.3625],
			"to": [15.5625, 3, 17.6375],
			"faces": {
				"north": {"uv": [4, 8, 5, 9], "texture": "#3"},
				"east": {"uv": [4, 8, 5, 9], "texture": "#3"},
				"south": {"uv": [4, 8, 5, 9], "texture": "#3"},
				"west": {"uv": [4, 8, 5, 9], "texture": "#3"},
				"up": {"uv": [4, 8, 5, 9], "texture": "#3"},
				"down": {"uv": [4, 8, 5, 9], "texture": "#3"}
			}
		},
		{
			"from": [13.875, 3.1875, 16.3625],
			"to": [15.5625, 3.375, 17.6375],
			"faces": {
				"north": {"uv": [4, 8, 5, 9], "texture": "#3"},
				"east": {"uv": [4, 8, 5, 9], "texture": "#3"},
				"south": {"uv": [4, 8, 5, 9], "texture": "#3"},
				"west": {"uv": [4, 8, 5, 9], "texture": "#3"},
				"up": {"uv": [4, 8, 5, 9], "texture": "#3"},
				"down": {"uv": [4, 8, 5, 9], "texture": "#3"}
			}
		},
		{
			"from": [15.1875, 3, 16.55],
			"to": [15.375, 3.1875, 17.45],
			"faces": {
				"north": {"uv": [4, 8, 5, 9], "texture": "#3"},
				"east": {"uv": [4, 8, 5, 9], "texture": "#3"},
				"south": {"uv": [4, 8, 5, 9], "texture": "#3"},
				"west": {"uv": [4, 8, 5, 9], "texture": "#3"},
				"up": {"uv": [4, 8, 5, 9], "texture": "#3"},
				"down": {"uv": [4, 8, 5, 9], "texture": "#3"}
			}
		},
		{
			"from": [1.8125, 2.25, 16.55],
			"to": [2.5625, 4.3125, 17.45],
			"faces": {
				"north": {"uv": [4, 7, 5, 9], "texture": "#3"},
				"east": {"uv": [4, 7, 5, 9], "texture": "#3"},
				"south": {"uv": [4, 7, 5, 9], "texture": "#3"},
				"west": {"uv": [4, 7, 5, 9], "texture": "#3"},
				"up": {"uv": [4, 7, 5, 8], "texture": "#3"},
				"down": {"uv": [4, 7, 5, 8], "texture": "#3"}
			}
		},
		{
			"from": [1.625, 2.8125, 16.3625],
			"to": [3.3125, 3, 17.6375],
			"faces": {
				"north": {"uv": [4, 8, 5, 9], "texture": "#3"},
				"east": {"uv": [4, 8, 5, 9], "texture": "#3"},
				"south": {"uv": [4, 8, 5, 9], "texture": "#3"},
				"west": {"uv": [4, 8, 5, 9], "texture": "#3"},
				"up": {"uv": [4, 8, 5, 9], "texture": "#3"},
				"down": {"uv": [4, 8, 5, 9], "texture": "#3"}
			}
		},
		{
			"from": [1.625, 3.1875, 16.3625],
			"to": [3.3125, 3.375, 17.6375],
			"faces": {
				"north": {"uv": [4, 8, 5, 9], "texture": "#3"},
				"east": {"uv": [4, 8, 5, 9], "texture": "#3"},
				"south": {"uv": [4, 8, 5, 9], "texture": "#3"},
				"west": {"uv": [4, 8, 5, 9], "texture": "#3"},
				"up": {"uv": [4, 8, 5, 9], "texture": "#3"},
				"down": {"uv": [4, 8, 5, 9], "texture": "#3"}
			}
		},
		{
			"from": [2.9375, 3, 16.55],
			"to": [3.125, 3.1875, 17.45],
			"faces": {
				"north": {"uv": [4, 8, 5, 9], "texture": "#3"},
				"east": {"uv": [4, 8, 5, 9], "texture": "#3"},
				"south": {"uv": [4, 8, 5, 9], "texture": "#3"},
				"west": {"uv": [4, 8, 5, 9], "texture": "#3"},
				"up": {"uv": [4, 8, 5, 9], "texture": "#3"},
				"down": {"uv": [4, 8, 5, 9], "texture": "#3"}
			}
		}
	],
	"display": {
		"head": {
			"scale": [2, 2, 2],
			"translation": [0, -27, 0]
		}
	},
	"groups": [
		{
			"name": "hexadecagon",
			"isOpen": true,
			"shade": true,
			"display": {
				"visibility": true,
				"autouv": false
			},
			"children": [0, 1, 2, 3, 4, 5, 6, 7, 8, 9, 10, 11, 12, 13, 14, 15, 16, 17, 18, 19, 20, 21, 22, 23, 24, 25, 26, 27, 28, 29, 30, 31, 32, 33, 34, 35, 36, 37, 38, 39, 40, 41, 42, 43, 44, 45, 46, 47, 48]
		},
		{
			"name": "wheels",
			"isOpen": true,
			"shade": true,
			"display": {
				"visibility": true,
				"autouv": false
			},
			"children": [49, 50, 51, 52, 53, 54, 55, 56, 57, 58, 59, 60, 61, 62, 63, 64, 65, 66, 67, 68, 69, 70, 71, 72, 73, 74, 75, 76, 77, 78, 79, 80, 81, 82, 83, 84]
		},
		{
			"name": "side1",
			"isOpen": true,
			"shade": true,
			"display": {
				"visibility": true,
				"autouv": false
			},
			"children": [85, 86, 87, 88, 89, 90, 91, 92, 93, 94, 95, 96, 97, 98, 99, 100, 101, 102, 103, 104, 105, 106, 107, 108, 109, 110, 111, 112, 113, 114, 115, 116, 117, 118, 119, 120]
		}
	]
}