{
	"textures": {
		"0": "_custom/flood_escape",
		"1": "_custom/dark_cyan",
		"2": "_custom/dark_steel_large",
		"3": "_custom/logos",
		"1_0": "_custom/flood_escape",
		"particle": "_custom/flood_escape",
		"1_1": "_custom/dark_cyan",
		"1_2": "_custom/dark_steel_large"
	},
	"elements": [
		{
			"from": [14, 11, 6.2],
			"to": [15, 23, 6.9],
			"faces": {
				"north": {"uv": [0, 0, 0.5, 0.5], "texture": "#1"},
				"east": {"uv": [0, 0, 0.5, 0.5], "texture": "#1"},
				"south": {"uv": [0, 0, 0.5, 0.5], "texture": "#1"},
				"west": {"uv": [0, 0, 0.5, 0.5], "texture": "#1"},
				"up": {"uv": [0, 0, 0.5, 0.5], "texture": "#1"},
				"down": {"uv": [0, 0, 0.5, 0.5], "texture": "#1"}
			}
		},
		{
			"from": [-15, -1, 6.2],
			"to": [15, 11, 6.9],
			"faces": {
				"north": {"uv": [1, 5.625, 14.5, 11.125], "texture": "#0"},
				"east": {"uv": [0, 0, 0.5, 0.5], "texture": "#1"},
				"south": {"uv": [0, 0, 0.5, 0.5], "texture": "#1"},
				"west": {"uv": [0, 0, 0.5, 0.5], "texture": "#1"},
				"up": {"uv": [0, 0, 0.5, 0.5], "texture": "#1"},
				"down": {"uv": [0, 0, 0.5, 0.5], "texture": "#1"}
			}
		},
		{
			"from": [0, 23, 6.2],
			"to": [15, 25, 6.9],
			"faces": {
				"north": {"uv": [0, 0, 0.5, 0.5], "texture": "#1"},
				"east": {"uv": [0, 0, 0.5, 0.5], "texture": "#1"},
				"south": {"uv": [0, 0, 0.5, 0.5], "texture": "#1"},
				"west": {"uv": [0, 0, 0.5, 0.5], "texture": "#1"},
				"up": {"uv": [0, 0, 0.5, 0.5], "texture": "#1"},
				"down": {"uv": [0, 0, 0.5, 0.5], "texture": "#1"}
			}
		},
		{
			"from": [1, -2, 6],
			"to": [15, -1, 7],
			"faces": {
				"north": {"uv": [4.33281, 0.66641, 12.33203, 0], "texture": "#2"},
				"east": {"uv": [4.33281, 0.66641, 13.66562, 0], "texture": "#2"},
				"south": {"uv": [4.33281, 0.66641, 13.66562, 0], "texture": "#2"},
				"west": {"uv": [4.33281, 0.66641, 13.66562, 0], "texture": "#2"},
				"up": {"uv": [4.33281, 0.66641, 13.66562, 0], "texture": "#2"},
				"down": {"uv": [4.33281, 0.66641, 13.66562, 0], "texture": "#2"}
			}
		},
		{
			"from": [15, -2, 6],
			"to": [16, 26, 7],
			"faces": {
				"north": {"uv": [15.99922, 0, 15.33281, 16], "texture": "#2"},
				"east": {"uv": [15.99969, 0, 15.33303, 16], "texture": "#2"},
				"south": {"uv": [15.99969, 0, 15.33303, 16], "texture": "#2"},
				"west": {"uv": [15.99969, 0, 15.33303, 16], "texture": "#2"},
				"up": {"uv": [15.99969, 0, 15.33303, 16], "texture": "#2"},
				"down": {"uv": [15.99969, 0, 15.33303, 16], "texture": "#2"}
			}
		},
		{
			"from": [1, 25, 6],
			"to": [15, 26, 7],
			"faces": {
				"north": {"uv": [12.33203, 0, 4.33281, 0.66641], "texture": "#2"},
				"east": {"uv": [13.66562, 0, 4.33281, 0.66641], "texture": "#2"},
				"south": {"uv": [13.66562, 0, 4.33281, 0.66641], "texture": "#2"},
				"west": {"uv": [13.66562, 0, 4.33281, 0.66641], "texture": "#2"},
				"up": {"uv": [13.66562, 0, 4.33281, 0.66641], "texture": "#2"},
				"down": {"uv": [13.66562, 0, 4.33281, 0.66641], "texture": "#2"}
			}
		},
		{
			"from": [-1.65, -1.75, 5.99],
			"to": [1.65, -1.25, 6],
			"faces": {
				"north": {"uv": [0.25, 0.25, 10.75, 2.5], "texture": "#3"},
				"east": {"uv": [15.5, 0, 16, 0.5], "texture": "#3"},
				"south": {"uv": [15.5, 0, 16, 0.5], "texture": "#3"},
				"west": {"uv": [15.5, 0, 16, 0.5], "texture": "#3"},
				"up": {"uv": [15.5, 0, 16, 0.5], "texture": "#3"},
				"down": {"uv": [15.5, 0, 16, 0.5], "texture": "#3"}
			}
		},
		{
			"from": [-14, 11, 6.2],
			"to": [14, 23, 6.9],
			"faces": {
				"north": {"uv": [3.25, 1.375, 12.875, 5.25], "texture": "#1_0"},
				"east": {"uv": [0, 0, 0.5, 0.5], "texture": "#1_1"},
				"south": {"uv": [0, 0, 0.5, 0.5], "texture": "#1_1"},
				"west": {"uv": [0, 0, 0.5, 0.5], "texture": "#1_1"},
				"up": {"uv": [0, 0, 0.5, 0.5], "texture": "#1_1"},
				"down": {"uv": [0, 0, 0.5, 0.5], "texture": "#1_1"}
			}
		},
		{
			"from": [-15, 11, 6.2],
			"to": [-14, 23, 6.9],
			"faces": {
				"north": {"uv": [0.5, 0, 0, 0.5], "texture": "#1_1"},
				"east": {"uv": [0.5, 0, 0, 0.5], "texture": "#1_1"},
				"south": {"uv": [0.5, 0, 0, 0.5], "texture": "#1_1"},
				"west": {"uv": [0.5, 0, 0, 0.5], "texture": "#1_1"},
				"up": {"uv": [0.5, 0, 0, 0.5], "texture": "#1_1"},
				"down": {"uv": [0.5, 0, 0, 0.5], "texture": "#1_1"}
			}
		},
		{
			"from": [-16, -2, 6],
			"to": [-15, 26, 7],
			"faces": {
				"north": {"uv": [15.33281, 0, 15.99922, 16], "texture": "#1_2"},
				"east": {"uv": [15.33303, 0, 15.99969, 16], "texture": "#1_2"},
				"south": {"uv": [15.33303, 0, 15.99969, 16], "texture": "#1_2"},
				"west": {"uv": [15.33303, 0, 15.99969, 16], "texture": "#1_2"},
				"up": {"uv": [15.33303, 0, 15.99969, 16], "texture": "#1_2"},
				"down": {"uv": [15.33303, 0, 15.99969, 16], "texture": "#1_2"}
			}
		},
		{
			"from": [-15, 23, 6.2],
			"to": [0, 25, 6.9],
			"faces": {
				"north": {"uv": [0, 0, 0.5, 0.5], "texture": "#1_1"},
				"east": {"uv": [0, 0, 0.5, 0.5], "texture": "#1_1"},
				"south": {"uv": [0, 0, 0.5, 0.5], "texture": "#1_1"},
				"west": {"uv": [0, 0, 0.5, 0.5], "texture": "#1_1"},
				"up": {"uv": [0, 0, 0.5, 0.5], "texture": "#1_1"},
				"down": {"uv": [0, 0, 0.5, 0.5], "texture": "#1_1"}
			}
		},
		{
			"from": [-15, -2, 6],
			"to": [1, -1, 7],
			"faces": {
				"north": {"uv": [4.33281, 0.66641, 12.33203, 0], "texture": "#1_2"},
				"east": {"uv": [4.33281, 0.66641, 13.66562, 0], "texture": "#1_2"},
				"south": {"uv": [4.33281, 0.66641, 13.66562, 0], "texture": "#1_2"},
				"west": {"uv": [4.33281, 0.66641, 13.66562, 0], "texture": "#1_2"},
				"up": {"uv": [4.33281, 0.66641, 13.66562, 0], "texture": "#1_2"},
				"down": {"uv": [4.33281, 0.66641, 13.66562, 0], "texture": "#1_2"}
			}
		},
		{
			"from": [-15, 25, 6],
			"to": [1, 26, 7],
			"faces": {
				"north": {"uv": [12.33203, 0, 4.33281, 0.66641], "texture": "#1_2"},
				"east": {"uv": [13.66562, 0, 4.33281, 0.66641], "texture": "#1_2"},
				"south": {"uv": [13.66562, 0, 4.33281, 0.66641], "texture": "#1_2"},
				"west": {"uv": [13.66562, 0, 4.33281, 0.66641], "texture": "#1_2"},
				"up": {"uv": [13.66562, 0, 4.33281, 0.66641], "texture": "#1_2"},
				"down": {"uv": [13.66562, 0, 4.33281, 0.66641], "texture": "#1_2"}
			}
		}
	],
	"display": {
		"head": {
			"scale": [2.5, 2.5, 2.5]
		}
	},
	"groups": [0, 1, 2, 3, 4, 5, 6,
		{
			"name": "tv_3",
			"isOpen": true,
			"shade": true,
			"display": {
				"visibility": true,
				"autouv": false
			},
			"children": [7, 8, 9, 10, 11, 12]
		}
	]
}