{
	"textures": {
		"0": "_custom/flood_escape",
		"1": "_custom/dark_cyan",
		"2": "_custom/dark_steel_large",
		"3": "_custom/logos",
		"particle": "_custom/flood_escape"
	},
	"elements": [
		{
			"from": [2, 11, 6.2],
			"to": [15, 23, 6.9],
			"faces": {
				"north": {"uv": [7.75, 1.875, 12.625, 5], "texture": "#0"},
				"east": {"uv": [0, 0, 0.5, 0.5], "texture": "#1"},
				"south": {"uv": [0, 0, 0.5, 0.5], "texture": "#1"},
				"west": {"uv": [0, 0, 0.5, 0.5], "texture": "#1"},
				"up": {"uv": [0, 0, 0.5, 0.5], "texture": "#1"},
				"down": {"uv": [0, 0, 0.5, 0.5], "texture": "#1"}
			}
		},
		{
			"from": [1, 11, 6.2],
			"to": [2, 23, 6.9],
			"faces": {
				"north": {"uv": [0.5, 0, 0, 0.5], "texture": "#1"},
				"east": {"uv": [0.5, 0, 0, 0.5], "texture": "#1"},
				"south": {"uv": [0.5, 0, 0, 0.5], "texture": "#1"},
				"west": {"uv": [0.5, 0, 0, 0.5], "texture": "#1"},
				"up": {"uv": [0.5, 0, 0, 0.5], "texture": "#1"},
				"down": {"uv": [0.5, 0, 0, 0.5], "texture": "#1"}
			}
		},
		{
			"from": [0, -2, 6],
			"to": [1, 26, 7],
			"faces": {
				"north": {"uv": [15.33281, 0, 15.99922, 16], "texture": "#2"},
				"east": {"uv": [15.33303, 0, 15.99969, 16], "texture": "#2"},
				"south": {"uv": [15.33303, 0, 15.99969, 16], "texture": "#2"},
				"west": {"uv": [15.33303, 0, 15.99969, 16], "texture": "#2"},
				"up": {"uv": [15.33303, 0, 15.99969, 16], "texture": "#2"},
				"down": {"uv": [15.33303, 0, 15.99969, 16], "texture": "#2"}
			}
		},
		{
			"from": [1, -1, 6.2],
			"to": [15, 11, 6.9],
			"faces": {
				"north": {"uv": [7.75, 5.75, 13.625, 10.25], "texture": "#0"},
				"east": {"uv": [0, 0, 0.5, 0.5], "texture": "#1"},
				"south": {"uv": [0, 0, 0.5, 0.5], "texture": "#1"},
				"west": {"uv": [0, 0, 0.5, 0.5], "texture": "#1"},
				"up": {"uv": [0, 0, 0.5, 0.5], "texture": "#1"},
				"down": {"uv": [0, 0, 0.5, 0.5], "texture": "#1"}
			}
		},
		{
			"from": [1, 23, 6.2],
			"to": [15, 25, 6.9],
			"faces": {
				"north": {"uv": [0, 0, 0.5, 0.5], "texture": "#1"},
				"east": {"uv": [0, 0, 0.5, 0.5], "texture": "#1"},
				"south": {"uv": [0, 0, 0.5, 0.5], "texture": "#1"},
				"west": {"uv": [0, 0, 0.5, 0.5], "texture": "#1"},
				"up": {"uv": [0, 0, 0.5, 0.5], "texture": "#1"},
				"down": {"uv": [0, 0, 0.5, 0.5], "texture": "#1"}
			}
		},
		{
			"from": [1, -2, 6],
			"to": [15, -1, 7],
			"faces": {
				"north": {"uv": [4.33281, 0.66641, 12.33203, 0], "texture": "#2"},
				"east": {"uv": [4.33281, 0.66641, 13.66562, 0], "texture": "#2"},
				"south": {"uv": [4.33281, 0.66641, 13.66562, 0], "texture": "#2"},
				"west": {"uv": [4.33281, 0.66641, 13.66562, 0], "texture": "#2"},
				"up": {"uv": [4.33281, 0.66641, 13.66562, 0], "texture": "#2"},
				"down": {"uv": [4.33281, 0.66641, 13.66562, 0], "texture": "#2"}
			}
		},
		{
			"from": [15, -2, 6],
			"to": [16, 26, 7],
			"faces": {
				"north": {"uv": [15.99922, 0, 15.33281, 16], "texture": "#2"},
				"east": {"uv": [15.99969, 0, 15.33303, 16], "texture": "#2"},
				"south": {"uv": [15.99969, 0, 15.33303, 16], "texture": "#2"},
				"west": {"uv": [15.99969, 0, 15.33303, 16], "texture": "#2"},
				"up": {"uv": [15.99969, 0, 15.33303, 16], "texture": "#2"},
				"down": {"uv": [15.99969, 0, 15.33303, 16], "texture": "#2"}
			}
		},
		{
			"from": [1, 25, 6],
			"to": [15, 26, 7],
			"faces": {
				"north": {"uv": [12.33203, 0, 4.33281, 0.66641], "texture": "#2"},
				"east": {"uv": [13.66562, 0, 4.33281, 0.66641], "texture": "#2"},
				"south": {"uv": [13.66562, 0, 4.33281, 0.66641], "texture": "#2"},
				"west": {"uv": [13.66562, 0, 4.33281, 0.66641], "texture": "#2"},
				"up": {"uv": [13.66562, 0, 4.33281, 0.66641], "texture": "#2"},
				"down": {"uv": [13.66562, 0, 4.33281, 0.66641], "texture": "#2"}
			}
		},
		{
			"from": [6.35, -1.75, 5.99],
			"to": [9.65, -1.25, 6],
			"faces": {
				"north": {"uv": [0.25, 0.25, 10.75, 2.5], "texture": "#3"},
				"east": {"uv": [15.5, 0, 16, 0.5], "texture": "#3"},
				"south": {"uv": [15.5, 0, 16, 0.5], "texture": "#3"},
				"west": {"uv": [15.5, 0, 16, 0.5], "texture": "#3"},
				"up": {"uv": [15.5, 0, 16, 0.5], "texture": "#3"},
				"down": {"uv": [15.5, 0, 16, 0.5], "texture": "#3"}
			}
		}
	],
	"display": {
		"head": {
			"scale": [2.5, 2.5, 2.5]
		}
	}
}