{
	"textures": {
		"0": "block/purpur_pillar",
		"particle": "block/purpur_pillar"
	},
	"elements": [
		{
			"from": [0, 0, 5],
			"to": [16, 5, 7],
			"faces": {
				"north": {"uv": [0, 3, 16, 8], "texture": "#0"},
				"east": {"uv": [0, 0, 1, 5], "texture": "#0"},
				"south": {"uv": [0, 7, 16, 12], "texture": "#0"},
				"west": {"uv": [0, 0, 1, 5], "texture": "#0"},
				"up": {"uv": [0, 1, 16, 3], "texture": "#0"},
				"down": {"uv": [0, 1, 16, 3], "texture": "#0"}
			}
		}
	],
	"display": {
		"head": {
			"scale": [2.5, 2.5, 2.5]
		}
	}
}