{
	"textures": {
		"0": "_custom/twitter",
		"1": "_custom/dark_cyan",
		"2": "_custom/dark_steel_large",
		"3": "_custom/logos",
		"4": "_custom/melon",
		"5": "_custom/build_help",
		"particle": "_custom/twitter"
	},
	"elements": [
		{
			"from": [6.25, 13, 6.2],
			"to": [9.75, 16, 6.9],
			"faces": {
				"north": {"uv": [0, 2.99922, 12.66563, 13.99766], "texture": "#4"},
				"east": {"uv": [0, 0, 0.5, 0.5], "texture": "#1"},
				"south": {"uv": [0, 0, 0.5, 0.5], "texture": "#1"},
				"west": {"uv": [0, 0, 0.5, 0.5], "texture": "#1"},
				"up": {"uv": [0, 0, 0.5, 0.5], "texture": "#1"},
				"down": {"uv": [0, 0, 0.5, 0.5], "texture": "#1"}
			}
		},
		{
			"from": [14, 13, 6.2],
			"to": [15, 24, 6.9],
			"faces": {
				"north": {"uv": [0, 0, 0.5, 0.5], "texture": "#1"},
				"east": {"uv": [0, 0, 0.5, 0.5], "texture": "#1"},
				"south": {"uv": [0, 0, 0.5, 0.5], "texture": "#1"},
				"west": {"uv": [0, 0, 0.5, 0.5], "texture": "#1"},
				"up": {"uv": [0, 0, 0.5, 0.5], "texture": "#1"},
				"down": {"uv": [0, 0, 0.5, 0.5], "texture": "#1"}
			}
		},
		{
			"from": [1, 13, 6.2],
			"to": [2, 24, 6.9],
			"faces": {
				"north": {"uv": [0.5, 0, 0, 0.5], "texture": "#1"},
				"east": {"uv": [0.5, 0, 0, 0.5], "texture": "#1"},
				"south": {"uv": [0.5, 0, 0, 0.5], "texture": "#1"},
				"west": {"uv": [0.5, 0, 0, 0.5], "texture": "#1"},
				"up": {"uv": [0.5, 0, 0, 0.5], "texture": "#1"},
				"down": {"uv": [0.5, 0, 0, 0.5], "texture": "#1"}
			}
		},
		{
			"from": [0, -2, 6],
			"to": [1, 26, 7],
			"faces": {
				"north": {"uv": [15.33281, 0, 15.99922, 16], "texture": "#2"},
				"east": {"uv": [15.33303, 0, 15.99969, 16], "texture": "#2"},
				"south": {"uv": [15.33303, 0, 15.99969, 16], "texture": "#2"},
				"west": {"uv": [15.33303, 0, 15.99969, 16], "texture": "#2"},
				"up": {"uv": [15.33303, 0, 15.99969, 16], "texture": "#2"},
				"down": {"uv": [15.33303, 0, 15.99969, 16], "texture": "#2"}
			}
		},
		{
			"from": [1, 1, 6.2],
			"to": [15, 10, 6.9],
			"faces": {
				"north": {"uv": [1.75, 8.125, 14.5, 16], "texture": "#0"},
				"east": {"uv": [0, 0, 0.5, 0.5], "texture": "#1"},
				"south": {"uv": [0, 0, 0.5, 0.5], "texture": "#1"},
				"west": {"uv": [0, 0, 0.5, 0.5], "texture": "#1"},
				"up": {"uv": [0, 0, 0.5, 0.5], "texture": "#1"},
				"down": {"uv": [0, 0, 0.5, 0.5], "texture": "#1"}
			}
		},
		{
			"from": [1, 24, 6.2],
			"to": [15, 25, 6.9],
			"faces": {
				"north": {"uv": [0, 0, 0.5, 0.5], "texture": "#1"},
				"east": {"uv": [0, 0, 0.5, 0.5], "texture": "#1"},
				"south": {"uv": [0, 0, 0.5, 0.5], "texture": "#1"},
				"west": {"uv": [0, 0, 0.5, 0.5], "texture": "#1"},
				"up": {"uv": [0, 0, 0.5, 0.5], "texture": "#1"},
				"down": {"uv": [0, 0, 0.5, 0.5], "texture": "#1"}
			}
		},
		{
			"from": [1, -2, 6],
			"to": [15, -1, 7],
			"faces": {
				"north": {"uv": [4.33281, 0.66641, 12.33203, 0], "texture": "#2"},
				"east": {"uv": [4.33281, 0.66641, 13.66562, 0], "texture": "#2"},
				"south": {"uv": [4.33281, 0.66641, 13.66562, 0], "texture": "#2"},
				"west": {"uv": [4.33281, 0.66641, 13.66562, 0], "texture": "#2"},
				"up": {"uv": [4.33281, 0.66641, 13.66562, 0], "texture": "#2"},
				"down": {"uv": [4.33281, 0.66641, 13.66562, 0], "texture": "#2"}
			}
		},
		{
			"from": [15, -2, 6],
			"to": [16, 26, 7],
			"faces": {
				"north": {"uv": [15.99922, 0, 15.33281, 16], "texture": "#2"},
				"east": {"uv": [15.99969, 0, 15.33303, 16], "texture": "#2"},
				"south": {"uv": [15.99969, 0, 15.33303, 16], "texture": "#2"},
				"west": {"uv": [15.99969, 0, 15.33303, 16], "texture": "#2"},
				"up": {"uv": [15.99969, 0, 15.33303, 16], "texture": "#2"},
				"down": {"uv": [15.99969, 0, 15.33303, 16], "texture": "#2"}
			}
		},
		{
			"from": [1, 25, 6],
			"to": [15, 26, 7],
			"faces": {
				"north": {"uv": [12.33203, 0, 4.33281, 0.66641], "texture": "#2"},
				"east": {"uv": [13.66562, 0, 4.33281, 0.66641], "texture": "#2"},
				"south": {"uv": [13.66562, 0, 4.33281, 0.66641], "texture": "#2"},
				"west": {"uv": [13.66562, 0, 4.33281, 0.66641], "texture": "#2"},
				"up": {"uv": [13.66562, 0, 4.33281, 0.66641], "texture": "#2"},
				"down": {"uv": [13.66562, 0, 4.33281, 0.66641], "texture": "#2"}
			}
		},
		{
			"from": [6.35, -1.75, 5.99],
			"to": [9.65, -1.25, 6],
			"faces": {
				"north": {"uv": [0.25, 0.25, 10.75, 2.5], "texture": "#3"},
				"east": {"uv": [15.5, 0, 16, 0.5], "texture": "#3"},
				"south": {"uv": [15.5, 0, 16, 0.5], "texture": "#3"},
				"west": {"uv": [15.5, 0, 16, 0.5], "texture": "#3"},
				"up": {"uv": [15.5, 0, 16, 0.5], "texture": "#3"},
				"down": {"uv": [15.5, 0, 16, 0.5], "texture": "#3"}
			}
		},
		{
			"from": [1, -1, 6.2],
			"to": [15, 1, 6.9],
			"faces": {
				"north": {"uv": [1.75, 6.75, 14.5, 16], "texture": "#1"},
				"east": {"uv": [0, 0, 0.5, 0.5], "texture": "#1"},
				"south": {"uv": [0, 0, 0.5, 0.5], "texture": "#1"},
				"west": {"uv": [0, 0, 0.5, 0.5], "texture": "#1"},
				"up": {"uv": [0, 0, 0.5, 0.5], "texture": "#1"},
				"down": {"uv": [0, 0, 0.5, 0.5], "texture": "#1"}
			}
		},
		{
			"from": [1, 10, 6.2],
			"to": [15, 13, 6.9],
			"faces": {
				"north": {"uv": [3.5, 13.875, 13.70781, 15.66563], "texture": "#0"},
				"east": {"uv": [0, 0, 0.5, 0.5], "texture": "#1"},
				"south": {"uv": [0, 0, 0.5, 0.5], "texture": "#1"},
				"west": {"uv": [0, 0, 0.5, 0.5], "texture": "#1"},
				"up": {"uv": [0, 0, 0.5, 0.5], "texture": "#1"},
				"down": {"uv": [0, 0, 0.5, 0.5], "texture": "#1"}
			}
		},
		{
			"from": [2, 16, 6.2],
			"to": [14, 24, 6.9],
			"faces": {
				"north": {"uv": [0, 0, 13, 10.75], "texture": "#5"},
				"east": {"uv": [0, 0, 0.5, 0.5], "texture": "#1"},
				"south": {"uv": [0, 0, 0.5, 0.5], "texture": "#1"},
				"west": {"uv": [0, 0, 0.5, 0.5], "texture": "#1"},
				"up": {"uv": [0, 0, 0.5, 0.5], "texture": "#1"},
				"down": {"uv": [0, 0, 0.5, 0.5], "texture": "#1"}
			}
		},
		{
			"from": [9.75, 13, 6.2],
			"to": [14, 16, 6.9],
			"faces": {
				"north": {"uv": [0, 0, 0.5, 0.5], "texture": "#1"},
				"east": {"uv": [0, 0, 0.5, 0.5], "texture": "#1"},
				"south": {"uv": [0, 0, 0.5, 0.5], "texture": "#1"},
				"west": {"uv": [0, 0, 0.5, 0.5], "texture": "#1"},
				"up": {"uv": [0, 0, 0.5, 0.5], "texture": "#1"},
				"down": {"uv": [0, 0, 0.5, 0.5], "texture": "#1"}
			}
		},
		{
			"from": [2, 13, 6.2],
			"to": [6.25, 16, 6.9],
			"faces": {
				"north": {"uv": [0, 0, 0.5, 0.5], "texture": "#1"},
				"east": {"uv": [0, 0, 0.5, 0.5], "texture": "#1"},
				"south": {"uv": [0, 0, 0.5, 0.5], "texture": "#1"},
				"west": {"uv": [0, 0, 0.5, 0.5], "texture": "#1"},
				"up": {"uv": [0, 0, 0.5, 0.5], "texture": "#1"},
				"down": {"uv": [0, 0, 0.5, 0.5], "texture": "#1"}
			}
		}
	],
	"display": {
		"head": {
			"scale": [2.5, 2.5, 2.5]
		}
	},
	"groups": [
		{
			"name": "tv_1",
			"isOpen": true,
			"shade": true,
			"display": {
				"visibility": true,
				"autouv": false
			},
			"children": [0, 1, 2, 3, 4, 5, 6, 7, 8, 9, 10, 11, 12, 13, 14]
		}
	]
}