{
	"textures": {
		"0": "_custom/purpur_block_dark",
		"particle": "_custom/purpur_block_dark"
	},
	"elements": [
		{
			"from": [5, 0, 1],
			"to": [6, 1, 7],
			"rotation": {"angle": 22.5, "axis": "y", "origin": [5.5, 0.5, 4]},
			"faces": {
				"north": {"uv": [5, 4, 6, 5], "texture": "#0"},
				"east": {"uv": [5, 4, 11, 5], "texture": "#0"},
				"south": {"uv": [5, 4, 6, 5], "texture": "#0"},
				"west": {"uv": [5, 4, 11, 5], "texture": "#0"},
				"up": {"uv": [3, 6, 9, 7], "texture": "#0", "rotation": 90},
				"down": {"uv": [3, 2, 9, 3], "texture": "#0", "rotation": 90}
			}
		},
		{
			"from": [5, 0.15, 6.16059],
			"to": [6, 0.85, 7.91059],
			"rotation": {"angle": -22.5, "axis": "y", "origin": [5.5, 0.5, 9.16059]},
			"faces": {
				"north": {"uv": [7, 6, 8, 7], "texture": "#0", "rotation": 270},
				"east": {"uv": [7, 6, 9, 7], "texture": "#0"},
				"south": {"uv": [7, 6, 8, 7], "texture": "#0", "rotation": 270},
				"west": {"uv": [7, 6, 9, 7], "texture": "#0", "rotation": 180},
				"up": {"uv": [7, 6, 9, 7], "texture": "#0", "rotation": 270},
				"down": {"uv": [7, 6, 9, 7], "texture": "#0", "rotation": 90}
			}
		},
		{
			"from": [6.14909, 0.15, 7.14909],
			"to": [7.89909, 0.85, 8.14909],
			"rotation": {"angle": -22.5, "axis": "y", "origin": [9.14909, 0.5, 7.64909]},
			"faces": {
				"north": {"uv": [7, 6, 9, 7], "texture": "#0"},
				"east": {"uv": [7, 6, 8, 7], "texture": "#0", "rotation": 270},
				"south": {"uv": [7, 6, 9, 7], "texture": "#0", "rotation": 180},
				"west": {"uv": [7, 6, 8, 7], "texture": "#0", "rotation": 270},
				"up": {"uv": [7, 6, 9, 7], "texture": "#0", "rotation": 180},
				"down": {"uv": [7, 6, 9, 7], "texture": "#0", "rotation": 180}
			}
		},
		{
			"from": [5.51641, 0.25, 7.8144],
			"to": [6.51641, 0.75, 8.8144],
			"rotation": {"angle": 0, "axis": "y", "origin": [6.01641, 0.5, 6.8144]},
			"faces": {
				"north": {"uv": [7, 6, 8, 7], "texture": "#0", "rotation": 90},
				"east": {"uv": [7, 6, 8, 7], "texture": "#0", "rotation": 90},
				"south": {"uv": [7, 6, 8, 7], "texture": "#0", "rotation": 90},
				"west": {"uv": [7, 6, 8, 7], "texture": "#0", "rotation": 90},
				"up": {"uv": [7, 6, 8, 7], "texture": "#0", "rotation": 90},
				"down": {"uv": [7, 6, 8, 7], "texture": "#0", "rotation": 90}
			}
		},
		{
			"from": [8.12492, 0.25, 5.85524],
			"to": [9.12492, 0.75, 6.85524],
			"rotation": {"angle": -45, "axis": "y", "origin": [7.12492, 0.5, 6.35524]},
			"faces": {
				"north": {"uv": [7, 6, 8, 7], "texture": "#0", "rotation": 180},
				"east": {"uv": [7, 6, 8, 7], "texture": "#0", "rotation": 270},
				"south": {"uv": [7, 6, 8, 7], "texture": "#0"},
				"west": {"uv": [7, 6, 8, 7], "texture": "#0", "rotation": 270},
				"up": {"uv": [7, 6, 8, 7], "texture": "#0"},
				"down": {"uv": [7, 6, 8, 7], "texture": "#0"}
			}
		},
		{
			"from": [8.14269, 0.25, 7.4159],
			"to": [8.89269, 0.75, 8.9159],
			"rotation": {"angle": 0, "axis": "y", "origin": [8.39269, 0.5, 6.4159]},
			"faces": {
				"north": {"uv": [7, 6, 8, 7], "texture": "#0", "rotation": 270},
				"east": {"uv": [7, 6, 9, 7], "texture": "#0", "rotation": 180},
				"south": {"uv": [7, 6, 8, 7], "texture": "#0", "rotation": 270},
				"west": {"uv": [7, 6, 9, 7], "texture": "#0"},
				"up": {"uv": [7, 6, 9, 7], "texture": "#0", "rotation": 90},
				"down": {"uv": [7, 6, 9, 7], "texture": "#0", "rotation": 270}
			}
		},
		{
			"from": [4.73608, 0.25, 8.93052],
			"to": [5.48608, 0.75, 10.43052],
			"rotation": {"angle": 45, "axis": "y", "origin": [4.98608, 0.5, 7.93052]},
			"faces": {
				"north": {"uv": [7, 6, 8, 7], "texture": "#0", "rotation": 270},
				"east": {"uv": [7, 6, 9, 7], "texture": "#0", "rotation": 180},
				"south": {"uv": [7, 6, 8, 7], "texture": "#0", "rotation": 270},
				"west": {"uv": [7, 6, 9, 7], "texture": "#0"},
				"up": {"uv": [7, 6, 9, 7], "texture": "#0", "rotation": 90},
				"down": {"uv": [7, 6, 9, 7], "texture": "#0", "rotation": 270}
			}
		},
		{
			"from": [9.2, 0.25, 8.85524],
			"to": [9.75, 0.75, 9.37524],
			"rotation": {"angle": -45, "axis": "y", "origin": [9.24624, 0.5, 7.85524]},
			"faces": {
				"north": {"uv": [8, 6, 9, 7], "texture": "#0", "rotation": 270},
				"east": {"uv": [8, 6, 9, 7], "texture": "#0", "rotation": 180},
				"south": {"uv": [8, 6, 9, 7], "texture": "#0", "rotation": 270},
				"west": {"uv": [8, 6, 9, 7], "texture": "#0"},
				"up": {"uv": [8, 6, 9, 7], "texture": "#0", "rotation": 90},
				"down": {"uv": [8, 6, 9, 7], "texture": "#0", "rotation": 270}
			}
		},
		{
			"from": [6.57707, 0.25, 9.35506],
			"to": [7.12707, 0.75, 9.87506],
			"rotation": {"angle": 0, "axis": "y", "origin": [6.62332, 0.5, 8.35506]},
			"faces": {
				"north": {"uv": [8, 6, 9, 7], "texture": "#0", "rotation": 270},
				"east": {"uv": [8, 6, 9, 7], "texture": "#0", "rotation": 180},
				"south": {"uv": [8, 6, 9, 7], "texture": "#0", "rotation": 270},
				"west": {"uv": [8, 6, 9, 7], "texture": "#0"},
				"up": {"uv": [8, 6, 9, 7], "texture": "#0", "rotation": 90},
				"down": {"uv": [8, 6, 9, 7], "texture": "#0", "rotation": 270}
			}
		},
		{
			"name": "octagon",
			"from": [11.48223, 0.25, 6.75],
			"to": [12.51777, 1.25, 7.25],
			"rotation": {"angle": 45, "axis": "y", "origin": [12, 0.75, 8]},
			"faces": {
				"north": {"uv": [5, 3, 6, 4], "texture": "#0"},
				"east": {"uv": [5, 3, 6, 4], "texture": "#0"},
				"south": {"uv": [5, 3, 6, 4], "texture": "#0"},
				"west": {"uv": [5, 3, 6, 4], "texture": "#0"},
				"up": {"uv": [5, 3, 6, 4], "texture": "#0"},
				"down": {"uv": [5, 3, 6, 4], "texture": "#0"}
			}
		},
		{
			"name": "octagon",
			"from": [11.48223, 0.25, 6.75],
			"to": [12.51777, 1.25, 7.25],
			"rotation": {"angle": 0, "axis": "y", "origin": [12, 0.75, 8]},
			"faces": {
				"north": {"uv": [5, 3, 6, 4], "texture": "#0"},
				"east": {"uv": [5, 3, 6, 4], "texture": "#0"},
				"south": {"uv": [5, 3, 6, 4], "texture": "#0"},
				"west": {"uv": [5, 3, 6, 4], "texture": "#0"},
				"up": {"uv": [5, 3, 6, 4], "texture": "#0"},
				"down": {"uv": [5, 3, 6, 4], "texture": "#0"}
			}
		},
		{
			"name": "octagon",
			"from": [11.48223, 0.25, 8.75],
			"to": [12.51777, 1.25, 9.25],
			"rotation": {"angle": 45, "axis": "y", "origin": [12, 0.75, 8]},
			"faces": {
				"north": {"uv": [5, 3, 6, 4], "texture": "#0"},
				"east": {"uv": [5, 3, 6, 4], "texture": "#0"},
				"south": {"uv": [5, 3, 6, 4], "texture": "#0"},
				"west": {"uv": [5, 3, 6, 4], "texture": "#0"},
				"up": {"uv": [5, 3, 6, 4], "texture": "#0"},
				"down": {"uv": [5, 3, 6, 4], "texture": "#0"}
			}
		},
		{
			"name": "octagon",
			"from": [11.48223, 0.25, 8.75],
			"to": [12.51777, 1.25, 9.25],
			"rotation": {"angle": 0, "axis": "y", "origin": [12, 0.75, 8]},
			"faces": {
				"north": {"uv": [5, 3, 6, 4], "texture": "#0"},
				"east": {"uv": [5, 3, 6, 4], "texture": "#0"},
				"south": {"uv": [5, 3, 6, 4], "texture": "#0"},
				"west": {"uv": [5, 3, 6, 4], "texture": "#0"},
				"up": {"uv": [5, 3, 6, 4], "texture": "#0"},
				"down": {"uv": [5, 3, 6, 4], "texture": "#0"}
			}
		},
		{
			"name": "octagon",
			"from": [10.75, 0.25, 7.48223],
			"to": [11.25, 1.25, 8.51777],
			"rotation": {"angle": 45, "axis": "y", "origin": [12, 0.75, 8]},
			"faces": {
				"north": {"uv": [5, 3, 6, 4], "texture": "#0"},
				"east": {"uv": [5, 3, 6, 4], "texture": "#0"},
				"south": {"uv": [5, 3, 6, 4], "texture": "#0"},
				"west": {"uv": [5, 3, 6, 4], "texture": "#0"},
				"up": {"uv": [5, 3, 6, 4], "texture": "#0"},
				"down": {"uv": [5, 3, 6, 4], "texture": "#0"}
			}
		},
		{
			"name": "octagon",
			"from": [10.75, 0.25, 7.48223],
			"to": [11.25, 1.25, 8.51777],
			"rotation": {"angle": 0, "axis": "y", "origin": [12, 0.75, 8]},
			"faces": {
				"north": {"uv": [5, 3, 6, 4], "texture": "#0"},
				"east": {"uv": [5, 3, 6, 4], "texture": "#0"},
				"south": {"uv": [5, 3, 6, 4], "texture": "#0"},
				"west": {"uv": [5, 3, 6, 4], "texture": "#0"},
				"up": {"uv": [5, 3, 6, 4], "texture": "#0"},
				"down": {"uv": [5, 3, 6, 4], "texture": "#0"}
			}
		},
		{
			"name": "octagon",
			"from": [12.75, 0.25, 7.48223],
			"to": [13.25, 1.25, 8.51777],
			"rotation": {"angle": 45, "axis": "y", "origin": [12, 0.75, 8]},
			"faces": {
				"north": {"uv": [5, 3, 6, 4], "texture": "#0"},
				"east": {"uv": [5, 3, 6, 4], "texture": "#0"},
				"south": {"uv": [5, 3, 6, 4], "texture": "#0"},
				"west": {"uv": [5, 3, 6, 4], "texture": "#0"},
				"up": {"uv": [5, 3, 6, 4], "texture": "#0"},
				"down": {"uv": [5, 3, 6, 4], "texture": "#0"}
			}
		},
		{
			"name": "octagon",
			"from": [12.75, 0.25, 7.48223],
			"to": [13.25, 1.25, 8.51777],
			"rotation": {"angle": 0, "axis": "y", "origin": [12, 0.75, 8]},
			"faces": {
				"north": {"uv": [5, 3, 6, 4], "texture": "#0"},
				"east": {"uv": [5, 3, 6, 4], "texture": "#0"},
				"south": {"uv": [5, 3, 6, 4], "texture": "#0"},
				"west": {"uv": [5, 3, 6, 4], "texture": "#0"},
				"up": {"uv": [5, 3, 6, 4], "texture": "#0"},
				"down": {"uv": [5, 3, 6, 4], "texture": "#0"}
			}
		},
		{
			"name": "octagon",
			"from": [10.48223, 0.25, 9.75],
			"to": [11.51777, 1.25, 10.25],
			"rotation": {"angle": 45, "axis": "y", "origin": [11, 0.75, 11]},
			"faces": {
				"north": {"uv": [5, 3, 6, 4], "texture": "#0"},
				"east": {"uv": [5, 3, 6, 4], "texture": "#0"},
				"south": {"uv": [5, 3, 6, 4], "texture": "#0"},
				"west": {"uv": [5, 3, 6, 4], "texture": "#0"},
				"up": {"uv": [5, 3, 6, 4], "texture": "#0"},
				"down": {"uv": [5, 3, 6, 4], "texture": "#0"}
			}
		},
		{
			"name": "octagon",
			"from": [10.48223, 0.25, 9.75],
			"to": [11.51777, 1.25, 10.25],
			"rotation": {"angle": 0, "axis": "y", "origin": [11, 0.75, 11]},
			"faces": {
				"north": {"uv": [5, 3, 6, 4], "texture": "#0"},
				"east": {"uv": [5, 3, 6, 4], "texture": "#0"},
				"south": {"uv": [5, 3, 6, 4], "texture": "#0"},
				"west": {"uv": [5, 3, 6, 4], "texture": "#0"},
				"up": {"uv": [5, 3, 6, 4], "texture": "#0"},
				"down": {"uv": [5, 3, 6, 4], "texture": "#0"}
			}
		},
		{
			"name": "octagon",
			"from": [10.48223, 0.25, 11.75],
			"to": [11.51777, 1.25, 12.25],
			"rotation": {"angle": 45, "axis": "y", "origin": [11, 0.75, 11]},
			"faces": {
				"north": {"uv": [5, 3, 6, 4], "texture": "#0"},
				"east": {"uv": [5, 3, 6, 4], "texture": "#0"},
				"south": {"uv": [5, 3, 6, 4], "texture": "#0"},
				"west": {"uv": [5, 3, 6, 4], "texture": "#0"},
				"up": {"uv": [5, 3, 6, 4], "texture": "#0"},
				"down": {"uv": [5, 3, 6, 4], "texture": "#0"}
			}
		},
		{
			"name": "octagon",
			"from": [10.48223, 0.25, 11.75],
			"to": [11.51777, 1.25, 12.25],
			"rotation": {"angle": 0, "axis": "y", "origin": [11, 0.75, 11]},
			"faces": {
				"north": {"uv": [5, 3, 6, 4], "texture": "#0"},
				"east": {"uv": [5, 3, 6, 4], "texture": "#0"},
				"south": {"uv": [5, 3, 6, 4], "texture": "#0"},
				"west": {"uv": [5, 3, 6, 4], "texture": "#0"},
				"up": {"uv": [5, 3, 6, 4], "texture": "#0"},
				"down": {"uv": [5, 3, 6, 4], "texture": "#0"}
			}
		},
		{
			"name": "octagon",
			"from": [9.75, 0.25, 10.48223],
			"to": [10.25, 1.25, 11.51777],
			"rotation": {"angle": 45, "axis": "y", "origin": [11, 0.75, 11]},
			"faces": {
				"north": {"uv": [5, 3, 6, 4], "texture": "#0"},
				"east": {"uv": [5, 3, 6, 4], "texture": "#0"},
				"south": {"uv": [5, 3, 6, 4], "texture": "#0"},
				"west": {"uv": [5, 3, 6, 4], "texture": "#0"},
				"up": {"uv": [5, 3, 6, 4], "texture": "#0"},
				"down": {"uv": [5, 3, 6, 4], "texture": "#0"}
			}
		},
		{
			"name": "octagon",
			"from": [9.75, 0.25, 10.48223],
			"to": [10.25, 1.25, 11.51777],
			"rotation": {"angle": 0, "axis": "y", "origin": [11, 0.75, 11]},
			"faces": {
				"north": {"uv": [5, 3, 6, 4], "texture": "#0"},
				"east": {"uv": [5, 3, 6, 4], "texture": "#0"},
				"south": {"uv": [5, 3, 6, 4], "texture": "#0"},
				"west": {"uv": [5, 3, 6, 4], "texture": "#0"},
				"up": {"uv": [5, 3, 6, 4], "texture": "#0"},
				"down": {"uv": [5, 3, 6, 4], "texture": "#0"}
			}
		},
		{
			"name": "octagon",
			"from": [11.75, 0.25, 10.48223],
			"to": [12.25, 1.25, 11.51777],
			"rotation": {"angle": 45, "axis": "y", "origin": [11, 0.75, 11]},
			"faces": {
				"north": {"uv": [5, 3, 6, 4], "texture": "#0"},
				"east": {"uv": [5, 3, 6, 4], "texture": "#0"},
				"south": {"uv": [5, 3, 6, 4], "texture": "#0"},
				"west": {"uv": [5, 3, 6, 4], "texture": "#0"},
				"up": {"uv": [5, 3, 6, 4], "texture": "#0"},
				"down": {"uv": [5, 3, 6, 4], "texture": "#0"}
			}
		},
		{
			"name": "octagon",
			"from": [11.75, 0.25, 10.48223],
			"to": [12.25, 1.25, 11.51777],
			"rotation": {"angle": 0, "axis": "y", "origin": [11, 0.75, 11]},
			"faces": {
				"north": {"uv": [5, 3, 6, 4], "texture": "#0"},
				"east": {"uv": [5, 3, 6, 4], "texture": "#0"},
				"south": {"uv": [5, 3, 6, 4], "texture": "#0"},
				"west": {"uv": [5, 3, 6, 4], "texture": "#0"},
				"up": {"uv": [5, 3, 6, 4], "texture": "#0"},
				"down": {"uv": [5, 3, 6, 4], "texture": "#0"}
			}
		},
		{
			"name": "octagon",
			"from": [10.48223, 1.25, 8.35],
			"to": [11.51777, 2.25, 8.85],
			"rotation": {"angle": 45, "axis": "y", "origin": [11, 1.75, 9.6]},
			"faces": {
				"north": {"uv": [5, 3, 6, 4], "texture": "#0"},
				"east": {"uv": [5, 3, 6, 4], "texture": "#0"},
				"south": {"uv": [5, 3, 6, 4], "texture": "#0"},
				"west": {"uv": [5, 3, 6, 4], "texture": "#0"},
				"up": {"uv": [5, 3, 6, 4], "texture": "#0"},
				"down": {"uv": [5, 3, 6, 4], "texture": "#0"}
			}
		},
		{
			"name": "octagon",
			"from": [10.48223, 1.25, 8.35],
			"to": [11.51777, 2.25, 8.85],
			"rotation": {"angle": 0, "axis": "y", "origin": [11, 1.75, 9.6]},
			"faces": {
				"north": {"uv": [5, 3, 6, 4], "texture": "#0"},
				"east": {"uv": [5, 3, 6, 4], "texture": "#0"},
				"south": {"uv": [5, 3, 6, 4], "texture": "#0"},
				"west": {"uv": [5, 3, 6, 4], "texture": "#0"},
				"up": {"uv": [5, 3, 6, 4], "texture": "#0"},
				"down": {"uv": [5, 3, 6, 4], "texture": "#0"}
			}
		},
		{
			"name": "octagon",
			"from": [10.48223, 1.25, 10.35],
			"to": [11.51777, 2.25, 10.85],
			"rotation": {"angle": 45, "axis": "y", "origin": [11, 1.75, 9.6]},
			"faces": {
				"north": {"uv": [5, 3, 6, 4], "texture": "#0"},
				"east": {"uv": [5, 3, 6, 4], "texture": "#0"},
				"south": {"uv": [5, 3, 6, 4], "texture": "#0"},
				"west": {"uv": [5, 3, 6, 4], "texture": "#0"},
				"up": {"uv": [5, 3, 6, 4], "texture": "#0"},
				"down": {"uv": [5, 3, 6, 4], "texture": "#0"}
			}
		},
		{
			"name": "octagon",
			"from": [10.48223, 1.25, 10.35],
			"to": [11.51777, 2.25, 10.85],
			"rotation": {"angle": 0, "axis": "y", "origin": [11, 1.75, 9.6]},
			"faces": {
				"north": {"uv": [5, 3, 6, 4], "texture": "#0"},
				"east": {"uv": [5, 3, 6, 4], "texture": "#0"},
				"south": {"uv": [5, 3, 6, 4], "texture": "#0"},
				"west": {"uv": [5, 3, 6, 4], "texture": "#0"},
				"up": {"uv": [5, 3, 6, 4], "texture": "#0"},
				"down": {"uv": [5, 3, 6, 4], "texture": "#0"}
			}
		},
		{
			"name": "octagon",
			"from": [9.75, 1.25, 9.08223],
			"to": [10.25, 2.25, 10.11777],
			"rotation": {"angle": 45, "axis": "y", "origin": [11, 1.75, 9.6]},
			"faces": {
				"north": {"uv": [5, 3, 6, 4], "texture": "#0"},
				"east": {"uv": [5, 3, 6, 4], "texture": "#0"},
				"south": {"uv": [5, 3, 6, 4], "texture": "#0"},
				"west": {"uv": [5, 3, 6, 4], "texture": "#0"},
				"up": {"uv": [5, 3, 6, 4], "texture": "#0"},
				"down": {"uv": [5, 3, 6, 4], "texture": "#0"}
			}
		},
		{
			"name": "octagon",
			"from": [9.75, 1.25, 9.08223],
			"to": [10.25, 2.25, 10.11777],
			"rotation": {"angle": 0, "axis": "y", "origin": [11, 1.75, 9.6]},
			"faces": {
				"north": {"uv": [5, 3, 6, 4], "texture": "#0"},
				"east": {"uv": [5, 3, 6, 4], "texture": "#0"},
				"south": {"uv": [5, 3, 6, 4], "texture": "#0"},
				"west": {"uv": [5, 3, 6, 4], "texture": "#0"},
				"up": {"uv": [5, 3, 6, 4], "texture": "#0"},
				"down": {"uv": [5, 3, 6, 4], "texture": "#0"}
			}
		},
		{
			"name": "octagon",
			"from": [11.75, 1.25, 9.08223],
			"to": [12.25, 2.25, 10.11777],
			"rotation": {"angle": 45, "axis": "y", "origin": [11, 1.75, 9.6]},
			"faces": {
				"north": {"uv": [5, 3, 6, 4], "texture": "#0"},
				"east": {"uv": [5, 3, 6, 4], "texture": "#0"},
				"south": {"uv": [5, 3, 6, 4], "texture": "#0"},
				"west": {"uv": [5, 3, 6, 4], "texture": "#0"},
				"up": {"uv": [5, 3, 6, 4], "texture": "#0"},
				"down": {"uv": [5, 3, 6, 4], "texture": "#0"}
			}
		},
		{
			"name": "octagon",
			"from": [11.75, 1.25, 9.08223],
			"to": [12.25, 2.25, 10.11777],
			"rotation": {"angle": 0, "axis": "y", "origin": [11, 1.75, 9.6]},
			"faces": {
				"north": {"uv": [5, 3, 6, 4], "texture": "#0"},
				"east": {"uv": [5, 3, 6, 4], "texture": "#0"},
				"south": {"uv": [5, 3, 6, 4], "texture": "#0"},
				"west": {"uv": [5, 3, 6, 4], "texture": "#0"},
				"up": {"uv": [5, 3, 6, 4], "texture": "#0"},
				"down": {"uv": [5, 3, 6, 4], "texture": "#0"}
			}
		},
		{
			"name": "octagon",
			"from": [3.75, 0.25, 6.48223],
			"to": [4.25, 1.25, 7.51777],
			"rotation": {"angle": 0, "axis": "y", "origin": [3, 0.75, 7]},
			"faces": {
				"north": {"uv": [5, 3, 6, 4], "texture": "#0"},
				"east": {"uv": [5, 3, 6, 4], "texture": "#0"},
				"south": {"uv": [5, 3, 6, 4], "texture": "#0"},
				"west": {"uv": [5, 3, 6, 4], "texture": "#0"},
				"up": {"uv": [5, 3, 6, 4], "texture": "#0"},
				"down": {"uv": [5, 3, 6, 4], "texture": "#0"}
			}
		},
		{
			"name": "octagon",
			"from": [3.75, 0.25, 6.48223],
			"to": [4.25, 1.25, 7.51777],
			"rotation": {"angle": 45, "axis": "y", "origin": [3, 0.75, 7]},
			"faces": {
				"north": {"uv": [5, 3, 6, 4], "texture": "#0"},
				"east": {"uv": [5, 3, 6, 4], "texture": "#0"},
				"south": {"uv": [5, 3, 6, 4], "texture": "#0"},
				"west": {"uv": [5, 3, 6, 4], "texture": "#0"},
				"up": {"uv": [5, 3, 6, 4], "texture": "#0"},
				"down": {"uv": [5, 3, 6, 4], "texture": "#0"}
			}
		},
		{
			"name": "octagon",
			"from": [2.48223, 0.25, 5.75],
			"to": [3.51777, 1.25, 6.25],
			"rotation": {"angle": 0, "axis": "y", "origin": [3, 0.75, 7]},
			"faces": {
				"north": {"uv": [5, 3, 6, 4], "texture": "#0"},
				"east": {"uv": [5, 3, 6, 4], "texture": "#0"},
				"south": {"uv": [5, 3, 6, 4], "texture": "#0"},
				"west": {"uv": [5, 3, 6, 4], "texture": "#0"},
				"up": {"uv": [5, 3, 6, 4], "texture": "#0"},
				"down": {"uv": [5, 3, 6, 4], "texture": "#0"}
			}
		},
		{
			"name": "octagon",
			"from": [2.48223, 0.25, 5.75],
			"to": [3.51777, 1.25, 6.25],
			"rotation": {"angle": 45, "axis": "y", "origin": [3, 0.75, 7]},
			"faces": {
				"north": {"uv": [5, 3, 6, 4], "texture": "#0"},
				"east": {"uv": [5, 3, 6, 4], "texture": "#0"},
				"south": {"uv": [5, 3, 6, 4], "texture": "#0"},
				"west": {"uv": [5, 3, 6, 4], "texture": "#0"},
				"up": {"uv": [5, 3, 6, 4], "texture": "#0"},
				"down": {"uv": [5, 3, 6, 4], "texture": "#0"}
			}
		},
		{
			"name": "octagon",
			"from": [1.75, 0.25, 6.48223],
			"to": [2.25, 1.25, 7.51777],
			"rotation": {"angle": 0, "axis": "y", "origin": [3, 0.75, 7]},
			"faces": {
				"north": {"uv": [5, 3, 6, 4], "texture": "#0"},
				"east": {"uv": [5, 3, 6, 4], "texture": "#0"},
				"south": {"uv": [5, 3, 6, 4], "texture": "#0"},
				"west": {"uv": [5, 3, 6, 4], "texture": "#0"},
				"up": {"uv": [5, 3, 6, 4], "texture": "#0"},
				"down": {"uv": [5, 3, 6, 4], "texture": "#0"}
			}
		},
		{
			"name": "octagon",
			"from": [1.75, 0.25, 6.48223],
			"to": [2.25, 1.25, 7.51777],
			"rotation": {"angle": 45, "axis": "y", "origin": [3, 0.75, 7]},
			"faces": {
				"north": {"uv": [5, 3, 6, 4], "texture": "#0"},
				"east": {"uv": [5, 3, 6, 4], "texture": "#0"},
				"south": {"uv": [5, 3, 6, 4], "texture": "#0"},
				"west": {"uv": [5, 3, 6, 4], "texture": "#0"},
				"up": {"uv": [5, 3, 6, 4], "texture": "#0"},
				"down": {"uv": [5, 3, 6, 4], "texture": "#0"}
			}
		},
		{
			"name": "octagon",
			"from": [2.48223, 0.25, 7.75],
			"to": [3.51777, 1.25, 8.25],
			"rotation": {"angle": 0, "axis": "y", "origin": [3, 0.75, 7]},
			"faces": {
				"north": {"uv": [5, 3, 6, 4], "texture": "#0"},
				"east": {"uv": [5, 3, 6, 4], "texture": "#0"},
				"south": {"uv": [5, 3, 6, 4], "texture": "#0"},
				"west": {"uv": [5, 3, 6, 4], "texture": "#0"},
				"up": {"uv": [5, 3, 6, 4], "texture": "#0"},
				"down": {"uv": [5, 3, 6, 4], "texture": "#0"}
			}
		},
		{
			"name": "octagon",
			"from": [2.48223, 0.25, 7.75],
			"to": [3.51777, 1.25, 8.25],
			"rotation": {"angle": 45, "axis": "y", "origin": [3, 0.75, 7]},
			"faces": {
				"north": {"uv": [5, 3, 6, 4], "texture": "#0"},
				"east": {"uv": [5, 3, 6, 4], "texture": "#0"},
				"south": {"uv": [5, 3, 6, 4], "texture": "#0"},
				"west": {"uv": [5, 3, 6, 4], "texture": "#0"},
				"up": {"uv": [5, 3, 6, 4], "texture": "#0"},
				"down": {"uv": [5, 3, 6, 4], "texture": "#0"}
			}
		}
	],
	"display": {
		"head": {
			"scale": [1.5, 1.5, 1.5],
			"translation": [0, -30.5, 0]
		}
	},
	"groups": [0, 1, 2, 3, 4, 5, 6, 7, 8,
		{
			"name": "octagon",
			"isOpen": true,
			"shade": true,
			"display": {
				"visibility": true,
				"autouv": false
			},
			"children": [9, 10, 11, 12, 13, 14, 15, 16, 17, 18, 19, 20, 21, 22, 23, 24, 25, 26, 27, 28, 29, 30, 31, 32, 33, 34, 35, 36, 37, 38, 39, 40]
		}
	]
}