{
	"textures": {
		"0": "_custom/cloth",
		"1": "_custom/paper",
		"2": "_custom/book_pages/1",
		"3": "_custom/book_pages/2",
		"particle": "_custom/cloth"
	},
	"elements": [
		{
			"from": [-1, 0, 0],
			"to": [8, 0.5, 16],
			"faces": {
				"north": {"uv": [0, 2, 9, 3], "texture": "#0"},
				"east": {"uv": [0, 2, 16, 4], "texture": "#0"},
				"south": {"uv": [0, 2, 9, 3], "texture": "#0"},
				"west": {"uv": [0, 2, 16, 3], "texture": "#0"},
				"up": {"uv": [0, 0, 9, 16], "texture": "#0"},
				"down": {"uv": [7, 0, 16, 16], "texture": "#0", "rotation": 180}
			}
		},
		{
			"from": [7.56179, 1.70305, 0],
			"to": [16.56179, 2.20305, 16],
			"rotation": {"angle": 22.5, "axis": "z", "origin": [12.06179, 1.95305, 8]},
			"faces": {
				"north": {"uv": [0, 2, 9, 3], "texture": "#0"},
				"east": {"uv": [0, 2, 16, 4], "texture": "#0"},
				"south": {"uv": [0, 2, 9, 3], "texture": "#0"},
				"west": {"uv": [0, 2, 16, 3], "texture": "#0"},
				"up": {"uv": [7, 0, 16, 16], "texture": "#0"},
				"down": {"uv": [7, 0, 16, 16], "texture": "#0", "rotation": 180}
			}
		},
		{
			"from": [-0.75, 0.5, 0.25],
			"to": [7.75, 1, 15.75],
			"faces": {
				"north": {"uv": [0, 0, 8.5, 0.5], "texture": "#1"},
				"east": {"uv": [0, 0, 8.5, 0.5], "texture": "#1"},
				"south": {"uv": [0, 0, 8.5, 0.5], "texture": "#1"},
				"west": {"uv": [0, 0, 8.5, 0.5], "texture": "#1"},
				"up": {"uv": [7, 0, 15.5, 16], "texture": "#1"},
				"down": {"uv": [0, 0, 8.5, 0.5], "texture": "#1", "rotation": 180}
			}
		},
		{
			"from": [7.60142, 2.26066, 0.25],
			"to": [16.10142, 2.76066, 15.75],
			"rotation": {"angle": 22.5, "axis": "z", "origin": [12.10142, 2.51066, 8.25]},
			"faces": {
				"north": {"uv": [0, 0, 8.5, 0.5], "texture": "#1"},
				"east": {"uv": [0, 0, 8.5, 0.5], "texture": "#1"},
				"south": {"uv": [0, 0, 8.5, 0.5], "texture": "#1"},
				"west": {"uv": [0, 0, 8.5, 0.5], "texture": "#1"},
				"up": {"uv": [7, 0, 15.5, 16], "texture": "#1", "rotation": 180},
				"down": {"uv": [0, 0, 8.5, 0.5], "texture": "#1", "rotation": 180}
			}
		},
		{
			"from": [7.75, 0.5, 0.25],
			"to": [8, 0.75, 15.75],
			"faces": {
				"north": {"uv": [15.5, 0.5, 16, 1], "texture": "#1"},
				"east": {"uv": [15.5, 0.5, 16, 1], "texture": "#1"},
				"south": {"uv": [15.5, 0.5, 16, 1], "texture": "#1"},
				"west": {"uv": [15.5, 0.5, 16, 1], "texture": "#1"},
				"up": {"uv": [15.5, 0, 16, 16], "texture": "#1"},
				"down": {"uv": [15.5, 0.5, 16, 1], "texture": "#1", "rotation": 180}
			}
		},
		{
			"from": [-0.26435, 0.99936, 4.76499],
			"to": [6.73565, 1.01936, 5.51499],
			"rotation": {"angle": 0, "axis": "z", "origin": [2.23565, 0.74936, 2.76499]},
			"faces": {
				"north": {"uv": [0, 0, 0.5, 0.5], "texture": "#2"},
				"east": {"uv": [0, 0, 0.5, 0.5], "texture": "#2"},
				"south": {"uv": [0, 0, 0.5, 0.5], "texture": "#2"},
				"west": {"uv": [0, 0, 0.5, 0.5], "texture": "#2"},
				"up": {"uv": [0, 8.75, 16, 10.5], "texture": "#2"},
				"down": {"uv": [0, 0, 0.5, 0.5], "texture": "#2", "rotation": 180}
			}
		},
		{
			"from": [-0.61435, 0.99936, 0.76499],
			"to": [2.98565, 1.01936, 2.01499],
			"rotation": {"angle": 0, "axis": "z", "origin": [1.98565, 0.74936, -1.23501]},
			"faces": {
				"north": {"uv": [0, 0, 0.5, 0.5], "texture": "#2"},
				"east": {"uv": [0, 0, 0.5, 0.5], "texture": "#2"},
				"south": {"uv": [0, 0, 0.5, 0.5], "texture": "#2"},
				"west": {"uv": [0, 0, 0.5, 0.5], "texture": "#2"},
				"up": {"uv": [0, 0.5, 8.5, 3], "texture": "#2"},
				"down": {"uv": [0, 0, 0.5, 0.5], "texture": "#2", "rotation": 180}
			}
		},
		{
			"from": [2.98565, 0.99936, 0.76499],
			"to": [6.58565, 1.01936, 2.01499],
			"rotation": {"angle": 0, "axis": "z", "origin": [5.73565, 0.74936, -1.23501]},
			"faces": {
				"north": {"uv": [0, 0, 0.5, 0.5], "texture": "#2"},
				"east": {"uv": [0, 0, 0.5, 0.5], "texture": "#2"},
				"south": {"uv": [0, 0, 0.5, 0.5], "texture": "#2"},
				"west": {"uv": [0, 0, 0.5, 0.5], "texture": "#2"},
				"up": {"uv": [0, 3, 9, 5.5], "texture": "#2"},
				"down": {"uv": [0, 0, 0.5, 0.5], "texture": "#2", "rotation": 180}
			}
		},
		{
			"from": [0.98565, 0.99936, 2.26499],
			"to": [5.48565, 1.01936, 3.51499],
			"rotation": {"angle": 0, "axis": "z", "origin": [4.23565, 0.74936, 0.26499]},
			"faces": {
				"north": {"uv": [0, 0, 0.5, 0.5], "texture": "#2"},
				"east": {"uv": [0, 0, 0.5, 0.5], "texture": "#2"},
				"south": {"uv": [0, 0, 0.5, 0.5], "texture": "#2"},
				"west": {"uv": [0, 0, 0.5, 0.5], "texture": "#2"},
				"up": {"uv": [0, 5.5, 10.5, 8], "texture": "#2"},
				"down": {"uv": [0, 0, 0.5, 0.5], "texture": "#2", "rotation": 180}
			}
		},
		{
			"from": [1.48565, 0.99936, 5.76499],
			"to": [4.98565, 1.01936, 7.51499],
			"rotation": {"angle": 0, "axis": "z", "origin": [4.23565, 0.74936, 3.76499]},
			"faces": {
				"north": {"uv": [0, 0, 0.5, 0.5], "texture": "#2"},
				"east": {"uv": [0, 0, 0.5, 0.5], "texture": "#2"},
				"south": {"uv": [0, 0, 0.5, 0.5], "texture": "#2"},
				"west": {"uv": [0, 0, 0.5, 0.5], "texture": "#2"},
				"up": {"uv": [0, 10.75, 11.25, 16], "texture": "#2"},
				"down": {"uv": [0, 0, 0.5, 0.5], "texture": "#2", "rotation": 180}
			}
		},
		{
			"from": [-0.51435, 0.99936, 7.76499],
			"to": [1.98565, 1.01936, 9.51499],
			"rotation": {"angle": 0, "axis": "z", "origin": [2.23565, 0.74936, 5.76499]},
			"faces": {
				"north": {"uv": [0, 0, 0.5, 0.5], "texture": "#2"},
				"east": {"uv": [0, 0, 0.5, 0.5], "texture": "#2"},
				"south": {"uv": [0, 0, 0.5, 0.5], "texture": "#2"},
				"west": {"uv": [0, 0, 0.5, 0.5], "texture": "#2"},
				"up": {"uv": [0, 0, 5.75, 4], "texture": "#3"},
				"down": {"uv": [0, 0, 0.5, 0.5], "texture": "#2", "rotation": 180}
			}
		}
	],
	"display": {
		"thirdperson_righthand": {
			"scale": [0.5, 0.5, 0.5],
			"translation": [0, 2, 5.5],
			"rotation": [119, -32, 3]
		},
		"thirdperson_lefthand": {
			"scale": [0.5, 0.5, 0.5],
			"rotation": [110, -35, 22],
			"translation": [0, 3.5, 5.5]
		},
		"firstperson_righthand": {
			"scale": [1.4, 1.2, 1.2],
			"rotation": [75, 0, -4],
			"translation": [-1.5, 9, -2.5]
		},
		"firstperson_lefthand": {
			"scale": [1.4, 1.2, 1.2],
			"rotation": [75, 0, 19],
			"translation": [-4.5, 9, -2.5]
		},
		"ground": {
			"translation": [0, 4.5, 0]
		},
		"gui": {
			"scale": [0.65, 0.65, 0.65],
			"translation": [0, 2.5, 0],
			"rotation": [29, 29, 4]
		}
	}
}