{
	"textures": {
		"0": "_custom/light_steel",
		"1": "_custom/logos",
		"2": "block/f_block/1",
		"4": "_custom/signtext",
		"particle": "_custom/light_steel"
	},
	"elements": [
		{
			"from": [-5, 3, 13],
			"to": [-4, 4, 16],
			"rotation": {"angle": 45, "axis": "x", "origin": [-4.5, 3.5, 14.5]},
			"faces": {
				"north": {"uv": [0, 0, 1, 1], "texture": "#0"},
				"east": {"uv": [0, 1, 3, 2], "texture": "#0"},
				"south": {"uv": [0, 0, 1, 1], "texture": "#0"},
				"west": {"uv": [0, 1, 3, 2], "texture": "#0", "rotation": 180},
				"up": {"uv": [0, 1, 3, 2], "texture": "#0", "rotation": 270},
				"down": {"uv": [0, 1, 3, 2], "texture": "#0", "rotation": 90}
			}
		},
		{
			"from": [-5, 10, 13],
			"to": [-4, 11, 16],
			"rotation": {"angle": -45, "axis": "x", "origin": [-4.5, 10.5, 14.5]},
			"faces": {
				"north": {"uv": [0, 0, 1, 1], "texture": "#0"},
				"east": {"uv": [0, 1, 3, 2], "texture": "#0"},
				"south": {"uv": [0, 0, 1, 1], "texture": "#0"},
				"west": {"uv": [0, 1, 3, 2], "texture": "#0", "rotation": 180},
				"up": {"uv": [0, 1, 3, 2], "texture": "#0", "rotation": 270},
				"down": {"uv": [0, 1, 3, 2], "texture": "#0", "rotation": 90}
			}
		},
		{
			"from": [-7, 3, 13],
			"to": [8, 11, 14],
			"faces": {
				"north": {"uv": [0, 7, 16, 16], "texture": "#2"},
				"east": {"uv": [0, 7, 1, 16], "texture": "#2"},
				"south": {"uv": [0, 7, 16, 16], "texture": "#2"},
				"west": {"uv": [15, 7, 16, 16], "texture": "#2", "rotation": 180},
				"up": {"uv": [0, 15, 16, 16], "texture": "#2", "rotation": 180},
				"down": {"uv": [0, 15, 16, 16], "texture": "#2", "rotation": 180}
			}
		},
		{
			"from": [8.75, 4.5, 12.98],
			"to": [22.25, 9.75, 12.98],
			"faces": {
				"north": {"uv": [0, 3, 13, 7], "texture": "#1"},
				"east": {"uv": [15.25, 15.25, 16, 16], "texture": "#4"},
				"south": {"uv": [15.25, 15.25, 16, 16], "texture": "#4"},
				"west": {"uv": [15.25, 15.25, 16, 16], "texture": "#4", "rotation": 180},
				"up": {"uv": [15.25, 15.25, 16, 16], "texture": "#4", "rotation": 180},
				"down": {"uv": [15.25, 15.25, 16, 16], "texture": "#4", "rotation": 180}
			}
		},
		{
			"from": [8, 3, 13],
			"to": [23, 11, 14],
			"faces": {
				"north": {"uv": [0, 7, 16, 16], "texture": "#2"},
				"east": {"uv": [0, 7, 1, 16], "texture": "#2"},
				"south": {"uv": [0, 7, 16, 16], "texture": "#2"},
				"west": {"uv": [15, 7, 16, 16], "texture": "#2", "rotation": 180},
				"up": {"uv": [0, 15, 16, 16], "texture": "#2", "rotation": 180},
				"down": {"uv": [0, 15, 16, 16], "texture": "#2", "rotation": 180}
			}
		},
		{
			"from": [-6.25, 4.5, 12.98],
			"to": [8.25, 9.75, 12.98],
			"faces": {
				"north": {"uv": [0.25, 7.25, 13.25, 11.25], "texture": "#1"},
				"east": {"uv": [15.25, 15.25, 16, 16], "texture": "#4"},
				"south": {"uv": [15.25, 15.25, 16, 16], "texture": "#4"},
				"west": {"uv": [15.25, 15.25, 16, 16], "texture": "#4", "rotation": 180},
				"up": {"uv": [15.25, 15.25, 16, 16], "texture": "#4", "rotation": 180},
				"down": {"uv": [15.25, 15.25, 16, 16], "texture": "#4", "rotation": 180}
			}
		},
		{
			"from": [20, 3, 13],
			"to": [21, 4, 16],
			"rotation": {"angle": 45, "axis": "x", "origin": [20.5, 3.5, 14.5]},
			"faces": {
				"north": {"uv": [0, 0, 1, 1], "texture": "#0"},
				"east": {"uv": [0, 1, 3, 2], "texture": "#0"},
				"south": {"uv": [0, 0, 1, 1], "texture": "#0"},
				"west": {"uv": [0, 1, 3, 2], "texture": "#0", "rotation": 180},
				"up": {"uv": [0, 1, 3, 2], "texture": "#0", "rotation": 270},
				"down": {"uv": [0, 1, 3, 2], "texture": "#0", "rotation": 90}
			}
		},
		{
			"from": [20, 10, 13],
			"to": [21, 11, 16],
			"rotation": {"angle": -45, "axis": "x", "origin": [20.5, 10.5, 14.5]},
			"faces": {
				"north": {"uv": [0, 0, 1, 1], "texture": "#0"},
				"east": {"uv": [0, 1, 3, 2], "texture": "#0"},
				"south": {"uv": [0, 0, 1, 1], "texture": "#0"},
				"west": {"uv": [0, 1, 3, 2], "texture": "#0", "rotation": 180},
				"up": {"uv": [0, 1, 3, 2], "texture": "#0", "rotation": 270},
				"down": {"uv": [0, 1, 3, 2], "texture": "#0", "rotation": 90}
			}
		}
	],
	"display": {
		"head": {
			"scale": [2, 2, 2],
			"rotation": [0, 180, 0],
			"translation": [0, -32, 0]
		}
	}
}