{
	"textures": {
		"0": "_custom/light_steel",
		"2": "block/f_block/1",
		"4": "_custom/signtext",
		"particle": "_custom/light_steel"
	},
	"elements": [
		{
			"from": [2, 3, 13],
			"to": [3, 4, 16],
			"rotation": {"angle": 45, "axis": "x", "origin": [2.5, 3.5, 14.5]},
			"faces": {
				"north": {"uv": [0, 0, 1, 1], "texture": "#0"},
				"east": {"uv": [0, 1, 3, 2], "texture": "#0"},
				"south": {"uv": [0, 0, 1, 1], "texture": "#0"},
				"west": {"uv": [0, 1, 3, 2], "texture": "#0", "rotation": 180},
				"up": {"uv": [0, 1, 3, 2], "texture": "#0", "rotation": 270},
				"down": {"uv": [0, 1, 3, 2], "texture": "#0", "rotation": 90}
			}
		},
		{
			"from": [2, 10, 13],
			"to": [3, 11, 16],
			"rotation": {"angle": -45, "axis": "x", "origin": [2.5, 10.5, 14.5]},
			"faces": {
				"north": {"uv": [0, 0, 1, 1], "texture": "#0"},
				"east": {"uv": [0, 1, 3, 2], "texture": "#0"},
				"south": {"uv": [0, 0, 1, 1], "texture": "#0"},
				"west": {"uv": [0, 1, 3, 2], "texture": "#0", "rotation": 180},
				"up": {"uv": [0, 1, 3, 2], "texture": "#0", "rotation": 270},
				"down": {"uv": [0, 1, 3, 2], "texture": "#0", "rotation": 90}
			}
		},
		{
			"from": [13, 10, 13],
			"to": [14, 11, 16],
			"rotation": {"angle": -45, "axis": "x", "origin": [13.5, 10.5, 14.5]},
			"faces": {
				"north": {"uv": [0, 0, 1, 1], "texture": "#0"},
				"east": {"uv": [0, 1, 3, 2], "texture": "#0"},
				"south": {"uv": [0, 0, 1, 1], "texture": "#0"},
				"west": {"uv": [0, 1, 3, 2], "texture": "#0", "rotation": 180},
				"up": {"uv": [0, 1, 3, 2], "texture": "#0", "rotation": 270},
				"down": {"uv": [0, 1, 3, 2], "texture": "#0", "rotation": 90}
			}
		},
		{
			"from": [13, 3, 13],
			"to": [14, 4, 16],
			"rotation": {"angle": 45, "axis": "x", "origin": [13.5, 3.5, 14.5]},
			"faces": {
				"north": {"uv": [0, 0, 1, 1], "texture": "#0"},
				"east": {"uv": [0, 1, 3, 2], "texture": "#0"},
				"south": {"uv": [0, 0, 1, 1], "texture": "#0"},
				"west": {"uv": [0, 1, 3, 2], "texture": "#0", "rotation": 180},
				"up": {"uv": [0, 1, 3, 2], "texture": "#0", "rotation": 270},
				"down": {"uv": [0, 1, 3, 2], "texture": "#0", "rotation": 90}
			}
		},
		{
			"from": [0, 3, 13],
			"to": [16, 11, 14],
			"faces": {
				"north": {"uv": [0, 7, 16, 16], "texture": "#2"},
				"east": {"uv": [0, 7, 1, 16], "texture": "#2"},
				"south": {"uv": [0, 7, 16, 16], "texture": "#2"},
				"west": {"uv": [15, 7, 16, 16], "texture": "#2", "rotation": 180},
				"up": {"uv": [0, 15, 16, 16], "texture": "#2", "rotation": 180},
				"down": {"uv": [0, 15, 16, 16], "texture": "#2", "rotation": 180}
			}
		},
		{
			"from": [1, 6, 12.98],
			"to": [15, 11, 12.98],
			"faces": {
				"north": {"uv": [0.125, 0.25, 13.875, 5.375], "texture": "#4"},
				"east": {"uv": [15.25, 15.25, 16, 16], "texture": "#4"},
				"south": {"uv": [15.25, 15.25, 16, 16], "texture": "#4"},
				"west": {"uv": [15.25, 15.25, 16, 16], "texture": "#4", "rotation": 180},
				"up": {"uv": [15.25, 15.25, 16, 16], "texture": "#4", "rotation": 180},
				"down": {"uv": [15.25, 15.25, 16, 16], "texture": "#4", "rotation": 180}
			}
		},
		{
			"from": [5.25, 3.5, 12.98],
			"to": [10.75, 6, 12.98],
			"faces": {
				"north": {"uv": [5.125, 13.75, 8.75, 15.75], "texture": "#4"},
				"east": {"uv": [12.25, 14, 15.875, 16], "texture": "#4"},
				"south": {"uv": [12.25, 14, 15.875, 16], "texture": "#4"},
				"west": {"uv": [12.25, 14, 15.875, 16], "texture": "#4", "rotation": 180},
				"up": {"uv": [12.25, 14, 15.875, 16], "texture": "#4", "rotation": 180},
				"down": {"uv": [12.25, 14, 15.875, 16], "texture": "#4", "rotation": 180}
			}
		}
	],
	"display": {
		"head": {
			"scale": [1.5, 1.5, 1.5],
			"rotation": [0, 180, 0],
			"translation": [0, -32, -2]
		}
	}
}