{
	"textures": {
		"0": "_custom/light_steel",
		"3": "_custom/lamp",
		"5": "_custom/lamp_off",
		"particle": "_custom/light_steel"
	},
	"elements": [
		{
			"from": [10.25, 4, 12.5],
			"to": [11.75, 5.5, 13],
			"faces": {
				"north": {"uv": [0, 11, 1, 12], "texture": "#0"},
				"east": {"uv": [0, 11, 1, 12], "texture": "#0"},
				"south": {"uv": [0, 11, 1, 12], "texture": "#0"},
				"west": {"uv": [0, 11, 1, 12], "texture": "#0", "rotation": 180},
				"up": {"uv": [0, 11, 1, 12], "texture": "#0", "rotation": 180},
				"down": {"uv": [0, 11, 1, 12], "texture": "#0", "rotation": 180}
			}
		},
		{
			"from": [8.25, 4, 12.5],
			"to": [9.75, 5.5, 13],
			"faces": {
				"north": {"uv": [0, 11, 1, 12], "texture": "#0"},
				"east": {"uv": [0, 11, 1, 12], "texture": "#0"},
				"south": {"uv": [0, 11, 1, 12], "texture": "#0"},
				"west": {"uv": [0, 11, 1, 12], "texture": "#0", "rotation": 180},
				"up": {"uv": [0, 11, 1, 12], "texture": "#0", "rotation": 180},
				"down": {"uv": [0, 11, 1, 12], "texture": "#0", "rotation": 180}
			}
		},
		{
			"from": [6.25, 4, 12.5],
			"to": [7.75, 5.5, 13],
			"faces": {
				"north": {"uv": [0, 11, 1, 12], "texture": "#0"},
				"east": {"uv": [0, 11, 1, 12], "texture": "#0"},
				"south": {"uv": [0, 11, 1, 12], "texture": "#0"},
				"west": {"uv": [0, 11, 1, 12], "texture": "#0", "rotation": 180},
				"up": {"uv": [0, 11, 1, 12], "texture": "#0", "rotation": 180},
				"down": {"uv": [0, 11, 1, 12], "texture": "#0", "rotation": 180}
			}
		},
		{
			"from": [4.25, 4, 12.5],
			"to": [5.75, 5.5, 13],
			"faces": {
				"north": {"uv": [0, 11, 1, 12], "texture": "#0"},
				"east": {"uv": [0, 11, 1, 12], "texture": "#0"},
				"south": {"uv": [0, 11, 1, 12], "texture": "#0"},
				"west": {"uv": [0, 11, 1, 12], "texture": "#0", "rotation": 180},
				"up": {"uv": [0, 11, 1, 12], "texture": "#0", "rotation": 180},
				"down": {"uv": [0, 11, 1, 12], "texture": "#0", "rotation": 180}
			}
		},
		{
			"from": [10.5, 4.25, 12.25],
			"to": [11.5, 5.25, 12.5],
			"faces": {
				"north": {"uv": [0, 10, 1, 11], "texture": "#3"},
				"east": {"uv": [0, 10, 1, 11], "texture": "#3"},
				"south": {"uv": [0, 10, 1, 11], "texture": "#3"},
				"west": {"uv": [0, 10, 1, 11], "texture": "#3", "rotation": 180},
				"up": {"uv": [0, 10, 1, 11], "texture": "#3", "rotation": 180},
				"down": {"uv": [0, 10, 1, 11], "texture": "#3", "rotation": 180}
			}
		},
		{
			"from": [8.5, 4.25, 12.25],
			"to": [9.5, 5.25, 12.5],
			"faces": {
				"north": {"uv": [0, 15, 1, 16], "texture": "#5"},
				"east": {"uv": [0, 15, 1, 16], "texture": "#5"},
				"south": {"uv": [0, 15, 1, 16], "texture": "#5"},
				"west": {"uv": [0, 15, 1, 16], "texture": "#5", "rotation": 180},
				"up": {"uv": [0, 15, 1, 16], "texture": "#5", "rotation": 180},
				"down": {"uv": [0, 15, 1, 16], "texture": "#5", "rotation": 180}
			}
		},
		{
			"from": [6.5, 4.25, 12.25],
			"to": [7.5, 5.25, 12.5],
			"faces": {
				"north": {"uv": [0, 15, 1, 16], "texture": "#5"},
				"east": {"uv": [0, 15, 1, 16], "texture": "#5"},
				"south": {"uv": [0, 15, 1, 16], "texture": "#5"},
				"west": {"uv": [0, 15, 1, 16], "texture": "#5", "rotation": 180},
				"up": {"uv": [0, 15, 1, 16], "texture": "#5", "rotation": 180},
				"down": {"uv": [0, 15, 1, 16], "texture": "#5", "rotation": 180}
			}
		},
		{
			"from": [4.5, 4.25, 12.25],
			"to": [5.5, 5.25, 12.5],
			"faces": {
				"north": {"uv": [0, 15, 1, 16], "texture": "#5"},
				"east": {"uv": [0, 15, 1, 16], "texture": "#5"},
				"south": {"uv": [0, 15, 1, 16], "texture": "#5"},
				"west": {"uv": [0, 15, 1, 16], "texture": "#5", "rotation": 180},
				"up": {"uv": [0, 15, 1, 16], "texture": "#5", "rotation": 180},
				"down": {"uv": [0, 15, 1, 16], "texture": "#5", "rotation": 180}
			}
		}
	],
	"display": {
		"head": {
			"scale": [1.5, 1.5, 1.5],
			"rotation": [0, 180, 0],
			"translation": [0, -32, -2]
		}
	},
	"groups": [
		{
			"name": "invis_off",
			"isOpen": true,
			"shade": true,
			"display": {
				"visibility": true,
				"autouv": false
			},
			"children": [0, 1, 2, 3, 4, 5, 6, 7]
		}
	]
}