{
	"textures": {
		"0": "_custom/steel",
		"1": "block/light_blue_terracotta",
		"1_0": "block/purpur_block",
		"particle": "block/purpur_block"
	},
	"elements": [
		{
			"from": [0, 7.1, -1],
			"to": [16, 8.3, -0.1],
			"faces": {
				"north": {"uv": [0, 4, 16, 3], "texture": "#0", "rotation": 180},
				"east": {"uv": [3, 6.9, 4, 6], "texture": "#0", "rotation": 270},
				"south": {"uv": [0, 3, 16, 2], "texture": "#0"},
				"west": {"uv": [4, 4.9, 5, 4], "texture": "#0", "rotation": 90},
				"up": {"uv": [0, 0.9, 16, 0], "texture": "#0"},
				"down": {"uv": [0, 0.9, 16, 0], "texture": "#0", "rotation": 180}
			}
		},
		{
			"from": [0, 0.7, -1],
			"to": [16, 1.9, -0.1],
			"faces": {
				"north": {"uv": [0, 4, 16, 3], "texture": "#0", "rotation": 180},
				"east": {"uv": [3, 6.9, 4, 6], "texture": "#0", "rotation": 270},
				"south": {"uv": [0, 3, 16, 2], "texture": "#0"},
				"west": {"uv": [4, 4.9, 5, 4], "texture": "#0", "rotation": 90},
				"up": {"uv": [0, 0.9, 16, 0], "texture": "#0"},
				"down": {"uv": [0, 0.9, 16, 0], "texture": "#0", "rotation": 180}
			}
		},
		{
			"from": [0, 4, -1],
			"to": [16, 5.2, -0.1],
			"faces": {
				"north": {"uv": [0, 4, 16, 3], "texture": "#0", "rotation": 180},
				"east": {"uv": [3, 6.9, 4, 6], "texture": "#0", "rotation": 270},
				"south": {"uv": [0, 3, 16, 2], "texture": "#0"},
				"west": {"uv": [4, 4.9, 5, 4], "texture": "#0", "rotation": 90},
				"up": {"uv": [0, 0.9, 16, 0], "texture": "#0"},
				"down": {"uv": [0, 0.9, 16, 0], "texture": "#0", "rotation": 180}
			}
		},
		{
			"from": [13.7, -6.5, -1],
			"to": [14.9, 8.5, 0.1],
			"faces": {
				"north": {"uv": [0, 4, 16, 3], "texture": "#0", "rotation": 90},
				"east": {"uv": [0, 0.9, 16, 0], "texture": "#0", "rotation": 270},
				"south": {"uv": [0, 3, 16, 2], "texture": "#0", "rotation": 90},
				"west": {"uv": [0, 0.9, 16, 0], "texture": "#0", "rotation": 90},
				"up": {"uv": [3, 6.9, 4, 6], "texture": "#0"},
				"down": {"uv": [4, 4.9, 5, 4], "texture": "#0", "rotation": 180}
			}
		},
		{
			"from": [1.1, -6.5, -1],
			"to": [2.3, 8.5, 0.1],
			"faces": {
				"north": {"uv": [0, 4, 16, 3], "texture": "#0", "rotation": 90},
				"east": {"uv": [0, 0.9, 16, 0], "texture": "#0", "rotation": 270},
				"south": {"uv": [0, 3, 16, 2], "texture": "#0", "rotation": 90},
				"west": {"uv": [0, 0.9, 16, 0], "texture": "#0", "rotation": 90},
				"up": {"uv": [3, 6.9, 4, 6], "texture": "#0"},
				"down": {"uv": [4, 4.9, 5, 4], "texture": "#0", "rotation": 180}
			}
		},
		{
			"from": [4.2, -6.5, -1],
			"to": [5.4, 8.5, 0.1],
			"faces": {
				"north": {"uv": [0, 4, 16, 3], "texture": "#0", "rotation": 90},
				"east": {"uv": [0, 0.9, 16, 0], "texture": "#0", "rotation": 270},
				"south": {"uv": [0, 3, 16, 2], "texture": "#0", "rotation": 90},
				"west": {"uv": [0, 0.9, 16, 0], "texture": "#0", "rotation": 90},
				"up": {"uv": [3, 6.9, 4, 6], "texture": "#0"},
				"down": {"uv": [4, 4.9, 5, 4], "texture": "#0", "rotation": 180}
			}
		},
		{
			"from": [10.6, -6.5, -1],
			"to": [11.8, 8.5, 0.1],
			"faces": {
				"north": {"uv": [0, 4, 16, 3], "texture": "#0", "rotation": 90},
				"east": {"uv": [0, 0.9, 16, 0], "texture": "#0", "rotation": 270},
				"south": {"uv": [0, 3, 16, 2], "texture": "#0", "rotation": 90},
				"west": {"uv": [0, 0.9, 16, 0], "texture": "#0", "rotation": 90},
				"up": {"uv": [3, 6.9, 4, 6], "texture": "#0"},
				"down": {"uv": [4, 4.9, 5, 4], "texture": "#0", "rotation": 180}
			}
		},
		{
			"from": [7.3, -6.5, -1],
			"to": [8.5, 8.5, 0.1],
			"faces": {
				"north": {"uv": [0, 4, 16, 3], "texture": "#0", "rotation": 90},
				"east": {"uv": [0, 0.9, 16, 0], "texture": "#0", "rotation": 270},
				"south": {"uv": [0, 3, 16, 2], "texture": "#0", "rotation": 90},
				"west": {"uv": [0, 0.9, 16, 0], "texture": "#0", "rotation": 90},
				"up": {"uv": [3, 6.9, 4, 6], "texture": "#0"},
				"down": {"uv": [4, 4.9, 5, 4], "texture": "#0", "rotation": 180}
			}
		},
		{
			"from": [0, -2.4, -1],
			"to": [16, -1.2, -0.1],
			"faces": {
				"north": {"uv": [0, 4, 16, 3], "texture": "#0", "rotation": 180},
				"east": {"uv": [3, 6.9, 4, 6], "texture": "#0", "rotation": 270},
				"south": {"uv": [0, 3, 16, 2], "texture": "#0"},
				"west": {"uv": [4, 4.9, 5, 4], "texture": "#0", "rotation": 90},
				"up": {"uv": [0, 0.9, 16, 0], "texture": "#0"},
				"down": {"uv": [0, 0.9, 16, 0], "texture": "#0", "rotation": 180}
			}
		},
		{
			"from": [0, -5.5, -1],
			"to": [16, -4.3, -0.1],
			"faces": {
				"north": {"uv": [0, 4, 16, 3], "texture": "#0", "rotation": 180},
				"east": {"uv": [3, 6.9, 4, 6], "texture": "#0", "rotation": 270},
				"south": {"uv": [0, 3, 16, 2], "texture": "#0"},
				"west": {"uv": [4, 4.9, 5, 4], "texture": "#0", "rotation": 90},
				"up": {"uv": [0, 0.9, 16, 0], "texture": "#0"},
				"down": {"uv": [0, 0.9, 16, 0], "texture": "#0", "rotation": 180}
			}
		},
		{
			"from": [1.20097, 5.92338, 4.15021],
			"to": [2.20097, 21.92338, 5.25021],
			"rotation": {"angle": 45, "axis": "x", "origin": [1.70097, 13.42338, 4.70021]},
			"faces": {
				"north": {"uv": [0, 6, 16, 5], "texture": "#1_0", "rotation": 90},
				"east": {"uv": [0, 6, 16, 5], "texture": "#1_0", "rotation": 90},
				"south": {"uv": [0, 6, 16, 5], "texture": "#1_0", "rotation": 90},
				"west": {"uv": [0, 6, 16, 5], "texture": "#1_0", "rotation": 90},
				"up": {"uv": [0, 6, 1, 5], "texture": "#1_0", "rotation": 270},
				"down": {"uv": [0, 6, 1, 5], "texture": "#1_0", "rotation": 270}
			}
		},
		{
			"from": [13.79903, 5.92338, 4.15021],
			"to": [14.79903, 21.92338, 5.25021],
			"rotation": {"angle": 45, "axis": "x", "origin": [14.29903, 13.42338, 4.70021]},
			"faces": {
				"north": {"uv": [16, 6, 0, 5], "texture": "#1_0", "rotation": 90},
				"east": {"uv": [16, 6, 0, 5], "texture": "#1_0", "rotation": 90},
				"south": {"uv": [16, 6, 0, 5], "texture": "#1_0", "rotation": 90},
				"west": {"uv": [16, 6, 0, 5], "texture": "#1_0", "rotation": 90},
				"up": {"uv": [1, 6, 0, 5], "texture": "#1_0", "rotation": 270},
				"down": {"uv": [1, 6, 0, 5], "texture": "#1_0", "rotation": 270}
			}
		},
		{
			"from": [1.21837, 18.72987, 10.31147],
			"to": [2.21837, 19.82987, 24.81147],
			"rotation": {"angle": 0, "axis": "x", "origin": [1.71837, 19.27987, 17.81147]},
			"faces": {
				"north": {"uv": [0, 6, 1, 5], "texture": "#1_0", "rotation": 90},
				"east": {"uv": [0, 6, 16, 5], "texture": "#1_0"},
				"south": {"uv": [0, 6, 1, 5], "texture": "#1_0", "rotation": 270},
				"west": {"uv": [0, 6, 16, 5], "texture": "#1_0", "rotation": 180},
				"up": {"uv": [0, 6, 16, 5], "texture": "#1_0", "rotation": 270},
				"down": {"uv": [0, 6, 16, 5], "texture": "#1_0", "rotation": 90}
			}
		},
		{
			"from": [13.78163, 18.72987, 10.31147],
			"to": [14.78163, 19.82987, 24.81147],
			"rotation": {"angle": 0, "axis": "x", "origin": [14.28163, 19.27987, 17.81147]},
			"faces": {
				"north": {"uv": [1, 6, 0, 5], "texture": "#1_0", "rotation": 90},
				"east": {"uv": [16, 6, 0, 5], "texture": "#1_0", "rotation": 180},
				"south": {"uv": [1, 6, 0, 5], "texture": "#1_0", "rotation": 270},
				"west": {"uv": [16, 6, 0, 5], "texture": "#1_0"},
				"up": {"uv": [16, 6, 0, 5], "texture": "#1_0", "rotation": 270},
				"down": {"uv": [16, 6, 0, 5], "texture": "#1_0", "rotation": 90}
			}
		},
		{
			"from": [-0.06931, 18.48271, 9.78345],
			"to": [15.93069, 19.68271, 10.68345],
			"rotation": {"angle": 45, "axis": "x", "origin": [7.93069, 19.08271, 10.23345]},
			"faces": {
				"north": {"uv": [0, 4, 16, 3], "texture": "#0", "rotation": 180},
				"east": {"uv": [3, 6.9, 4, 6], "texture": "#0", "rotation": 270},
				"south": {"uv": [0, 3, 16, 2], "texture": "#0"},
				"west": {"uv": [4, 4.9, 5, 4], "texture": "#0", "rotation": 90},
				"up": {"uv": [0, 0.9, 16, 0], "texture": "#0"},
				"down": {"uv": [0, 0.9, 16, 0], "texture": "#0", "rotation": 180}
			}
		},
		{
			"from": [-0.06931, 12.48271, 9.78345],
			"to": [15.93069, 13.68271, 10.68345],
			"rotation": {"angle": 45, "axis": "x", "origin": [7.93069, 19.08271, 10.23345]},
			"faces": {
				"north": {"uv": [0, 4, 16, 3], "texture": "#0", "rotation": 180},
				"east": {"uv": [3, 6.9, 4, 6], "texture": "#0", "rotation": 270},
				"south": {"uv": [0, 3, 16, 2], "texture": "#0"},
				"west": {"uv": [4, 4.9, 5, 4], "texture": "#0", "rotation": 90},
				"up": {"uv": [0, 0.9, 16, 0], "texture": "#0"},
				"down": {"uv": [0, 0.9, 16, 0], "texture": "#0", "rotation": 180}
			}
		},
		{
			"from": [-0.06931, 6.48271, 9.78345],
			"to": [15.93069, 7.68271, 10.68345],
			"rotation": {"angle": 45, "axis": "x", "origin": [7.93069, 19.08271, 10.23345]},
			"faces": {
				"north": {"uv": [0, 4, 16, 3], "texture": "#0", "rotation": 180},
				"east": {"uv": [3, 6.9, 4, 6], "texture": "#0", "rotation": 270},
				"south": {"uv": [0, 3, 16, 2], "texture": "#0"},
				"west": {"uv": [4, 4.9, 5, 4], "texture": "#0", "rotation": 90},
				"up": {"uv": [0, 0.9, 16, 0], "texture": "#0"},
				"down": {"uv": [0, 0.9, 16, 0], "texture": "#0", "rotation": 180}
			}
		},
		{
			"from": [2.21837, 19.22987, 10.31147],
			"to": [13.78163, 19.82998, 24.81158],
			"rotation": {"angle": 0, "axis": "x", "origin": [2.71837, 19.27987, 17.81147]},
			"faces": {
				"north": {"uv": [0, 6, 1, 5], "texture": "#1_0", "rotation": 90},
				"east": {"uv": [0, 6, 16, 5], "texture": "#1_0"},
				"south": {"uv": [0, 6, 1, 5], "texture": "#1_0", "rotation": 270},
				"west": {"uv": [0, 6, 16, 5], "texture": "#1_0", "rotation": 180},
				"up": {"uv": [14, 1, 2, 15.5], "texture": "#1", "rotation": 180},
				"down": {"uv": [14, 1, 2, 15.5], "texture": "#1"}
			}
		}
	],
	"display": {
		"head": {
			"scale": [1.6, 1.6, 1.6],
			"translation": [0, 2, -1]
		}
	},
	"groups": [0, 1, 2, 3, 4, 5, 6, 7,
		{
			"name": "iron_trapdoor_open",
			"isOpen": true,
			"shade": true,
			"display": {
				"visibility": true,
				"autouv": false
			},
			"children": []
		}, 8, 9, 10, 11, 12, 13, 14, 15, 16, 17]
}