{
	"parent": "item/handheld_rod",
	"textures": {
		"layer0": "item/carrot_on_a_stick"
	},
	"overrides": [
		{ "predicate": { "damage": 0 }, "model": "item/carrot_on_a_stick" },
		{ "predicate": { "damaged": 0, "damage": 0.038461538461538 }, "model": "item/book/page1" },
		{ "predicate": { "damaged": 0, "damage": 0.846153846153846 }, "model": "item/custom/tool_wirecutter" },
		{ "predicate": { "damaged": 0, "damage": 0.884615384615385 }, "model": "item/custom/tool_hammer" },
		{ "predicate": { "damaged": 0, "damage": 0.923076923076923 }, "model": "item/custom/tool_wrench" },
		{ "predicate": { "damaged": 0, "damage": 0.961538461538462 }, "model": "item/custom/tool_drill" },
		{ "predicate": { "damaged": 1 }, "model": "item/carrot_on_a_stick" }
	]
}