{
    "parent": "builtin/generated",
    "textures": {
        "layer0": "item/diamond_hoe"
    },
		"overrides": [
		{ "predicate": {"damaged": 1, "damage": 0}, "model": "item/custom/lamp_light"},
		{ "predicate": {"damaged": 1, "damage": 0.0006402048655569782}, "model": "item/custom/lamp_light"},
		{ "predicate": {"damaged": 1, "damage": 0.0012804097311139564}, "model": "item/custom/gate0"},
		{ "predicate": {"damaged": 1, "damage": 0.0019206145966709346}, "model": "item/custom/gate1"},
		{ "predicate": {"damaged": 1, "damage": 0.002560819462227913}, "model": "item/custom/gate2"},
		{ "predicate": {"damaged": 1, "damage": 0.003201024327784891}, "model": "item/custom/gate3"},
		{ "predicate": {"damaged": 1, "damage": 0.0038412291933418692}, "model": "item/custom/gate4"},
		{ "predicate": {"damaged": 1, "damage": 0.004481434058898847}, "model": "item/custom/gate5"},
		{ "predicate": {"damaged": 1, "damage": 0.005121638924455826}, "model": "item/custom/gate6"},
		{ "predicate": {"damaged": 1, "damage": 0.005761843790012804}, "model": "item/custom/gate7"},
		{ "predicate": {"damaged": 1, "damage": 0.006402048655569782}, "model": "item/custom/gate8"},
		{ "predicate": {"damaged": 1, "damage": 0.00704225352112676}, "model": "item/custom/gate9"},
		{ "predicate": {"damaged": 1, "damage": 0.0076824583866837385}, "model": "item/custom/gate10"},
		{ "predicate": {"damaged": 1, "damage": 0.008322663252240717}, "model": "item/custom/gate11"},
		{ "predicate": {"damaged": 1, "damage": 0.008962868117797694}, "model": "item/custom/gate_top"},
		{ "predicate": {"damaged": 1, "damage": 0.009603072983354673}, "model": "item/custom/gate_side"},
		{ "predicate": {"damaged": 1, "damage": 0.010243277848911651}, "model": "item/custom/gate_top2"},
		{ "predicate": {"damaged": 1, "damage": 0.01088348271446863}, "model": "item/custom/elev_button"},
		{ "predicate": {"damaged": 1, "damage": 0.011523687580025609}, "model": "item/custom/tv_iwacky"},
		{ "predicate": {"damaged": 1, "damage": 0.012163892445582586}, "model": "item/custom/toxic_waste"},
		{ "predicate": {"damaged": 1, "damage": 0.012804097311139564}, "model": "item/custom/tv_1"},
		{ "predicate": {"damaged": 1, "damage": 0.013444302176696543}, "model": "item/custom/tv_2"},
		{ "predicate": {"damaged": 1, "damage": 0.01408450704225352}, "model": "item/custom/tv_3"},
		{ "predicate": {"damaged": 1, "damage": 0.014724711907810498}, "model": "item/custom/tv_4"},
		{ "predicate": {"damaged": 1, "damage": 0.015364916773367477}, "model": "item/custom/tv_5"},
		{ "predicate": {"damaged": 1, "damage": 0.016005121638924456}, "model": "item/custom/tv_6"},
		{ "predicate": {"damaged": 1, "damage": 0.016645326504481434}, "model": "item/custom/tv_7"},
		{ "predicate": {"damaged": 1, "damage": 0.017285531370038413}, "model": "item/custom/tv_curve_bottom"},
		{ "predicate": {"damaged": 1, "damage": 0.017925736235595388}, "model": "item/custom/cart1"},
		{ "predicate": {"damaged": 0, "damage": 0.018565941101152367}, "model": "item/hats/tv"},
		{ "predicate": {"damaged": 0, "damage": 0.019206145966709345}, "model": "item/hats/propeller"},
		{ "predicate": {"damaged": 1, "damage": 0.019846350832266324}, "model": "item/custom/pond1"},
		{ "predicate": {"damaged": 1, "damage": 0.020486555697823303}, "model": "item/custom/hook"},
		{ "predicate": {"damaged": 1, "damage": 0.02112676056338028}, "model": "item/custom/wrench_deco"},
		{ "predicate": {"damaged": 1, "damage": 0.02176696542893726}, "model": "item/custom/tires"},
		{ "predicate": {"damaged": 1, "damage": 0.02240717029449424}, "model": "item/custom/trash_bin1"},
		{ "predicate": {"damaged": 1, "damage": 0.023047375160051217}, "model": "item/custom/engine"},
		{ "predicate": {"damaged": 1, "damage": 0.023687580025608192}, "model": "item/custom/core_light"},
		{ "predicate": {"damaged": 1, "damage": 0.02432778489116517}, "model": "item/custom/cable_thick"},
		{ "predicate": {"damaged": 1, "damage": 0.02496798975672215}, "model": "item/custom/cable1"},
		{ "predicate": { "damaged": 1, "damage": 0.025624599615631 }, "model": "item/sign/invis_off" },
		{ "predicate": { "damaged": 1, "damage": 0.026265214606022 }, "model": "item/sign/invis_on" },
		{ "predicate": { "damaged": 1, "damage": 0.026905829596413 }, "model": "item/sign/fast_off" },
		{ "predicate": { "damaged": 1, "damage": 0.027546444586803 }, "model": "item/sign/fast_on" },
		{ "predicate": { "damaged": 1, "damage": 0.028187059577194 }, "model": "item/sign/flood_speed" },
		{ "predicate": { "damaged": 1, "damage": 0.028827674567585 }, "model": "item/sign/slow" },
		{ "predicate": { "damaged": 1, "damage": 0.029468289557976 }, "model": "item/sign/normal" },
		{ "predicate": { "damaged": 1, "damage": 0.030108904548366 }, "model": "item/sign/fast" },
		{ "predicate": { "damaged": 1, "damage": 0.030749519538757 }, "model": "item/sign/super_fast" },
		{ "predicate": { "damaged": 1, "damage": 0.032030749519539 }, "model": "item/custom/tv_telltale" },
		{ "predicate": { "damaged": 1, "damage": 0.03267136450993 }, "model": "item/custom/tv_credits" }
    ]
}
