{
	"textures": {
		"1": "entity/villager/builder1"
	},
	"elements": [
		{
			"from": [12.25, 1, 6.5],
			"to": [14.75, 6, 9.5],
			"faces": {
				"north": {"uv": [5, 2, 5.75, 4.5], "texture": "#1"},
				"east": {"uv": [5, 2, 5.75, 4.5], "texture": "#1"},
				"south": {"uv": [5, 2, 5.75, 4.5], "texture": "#1"},
				"west": {"uv": [5, 2, 5.75, 4.5], "texture": "#1"},
				"up": {"uv": [5, 2, 5.75, 4.5], "texture": "#1"},
				"down": {"uv": [5, 2, 5.75, 4.5], "texture": "#1"}
			}
		},
		{
			"from": [1, 6, 6.25],
			"to": [4, 13, 9.75],
			"faces": {
				"north": {"uv": [8.75, 8.75, 11.75, 15.75], "texture": "#1"},
				"east": {"uv": [13.75, 8.75, 14.75, 11], "texture": "#1"},
				"south": {"uv": [12.75, 8.5, 15.75, 15.5], "texture": "#1"},
				"west": {"uv": [8.75, 8.5, 12.25, 15.5], "texture": "#1"},
				"up": {"uv": [12.25, 11.25, 15.25, 14.75], "texture": "#1"},
				"down": {"uv": [13.75, 8.75, 14.75, 11], "texture": "#1"}
			}
		},
		{
			"from": [4, 3, 5],
			"to": [12, 13, 11],
			"faces": {
				"north": {"uv": [11.75, 1.5, 15.5, 5.75], "texture": "#1"},
				"east": {"uv": [11.75, 1.5, 13.25, 5.75], "texture": "#1"},
				"south": {"uv": [11.75, 1.5, 15.25, 5.75], "texture": "#1"},
				"west": {"uv": [14, 1.5, 15.5, 5.75], "texture": "#1"},
				"up": {"uv": [11.75, 0, 15.5, 1.75], "texture": "#1"},
				"down": {"uv": [13.5, 8.5, 15, 9.5], "texture": "#1"}
			}
		},
		{
			"from": [12, 6, 6.25],
			"to": [15, 13, 9.75],
			"faces": {
				"north": {"uv": [11.5, 9, 14.5, 16], "texture": "#1"},
				"east": {"uv": [11.5, 8.5, 15, 15.5], "texture": "#1", "rotation": 180},
				"south": {"uv": [8.5, 9.5, 14.75, 12.25], "texture": "#1", "rotation": 90},
				"west": {"uv": [13, 8.25, 14, 10.5], "texture": "#1"},
				"up": {"uv": [10, 11.75, 13, 15.25], "texture": "#1"},
				"down": {"uv": [13, 8.25, 14, 10.5], "texture": "#1"}
			}
		},
		{
			"from": [4.2, 3.25, 5.1],
			"to": [11.9, 12.75, 10.8],
			"faces": {
				"north": {"uv": [13, 8.75, 15.25, 12.25], "texture": "#1"},
				"east": {"uv": [13, 8.75, 15.25, 12.25], "texture": "#1"},
				"south": {"uv": [13, 8.75, 15.25, 12.25], "texture": "#1"},
				"west": {"uv": [13, 8.75, 15.25, 12.25], "texture": "#1"},
				"up": {"uv": [13, 8.75, 15.25, 12.25], "texture": "#1"},
				"down": {"uv": [13, 8.75, 15.25, 12.25], "texture": "#1"}
			}
		},
		{
			"from": [4.2, -6.25, 6.1],
			"to": [7.65, 3.1, 9.8],
			"faces": {
				"north": {"uv": [6, 8.5, 8.25, 15.75], "texture": "#1"},
				"east": {"uv": [2, 8.75, 3.75, 16], "texture": "#1"},
				"south": {"uv": [2, 8.5, 3.5, 15.75], "texture": "#1"},
				"west": {"uv": [1.5, 8.5, 3.75, 15.75], "texture": "#1"},
				"up": {"uv": [7, 5.5, 9.25, 12.75], "texture": "#1"},
				"down": {"uv": [7, 5.5, 9.25, 12.75], "texture": "#1"}
			}
		},
		{
			"from": [8.2, -6.25, 6.1],
			"to": [11.65, 3.1, 9.8],
			"faces": {
				"north": {"uv": [3.25, 8.5, 5.5, 16], "texture": "#1"},
				"east": {"uv": [1, 8.25, 3.25, 15.75], "texture": "#1"},
				"south": {"uv": [1.75, 8.25, 4, 15.75], "texture": "#1"},
				"west": {"uv": [2.25, 8.25, 4.5, 15.75], "texture": "#1"},
				"up": {"uv": [3.25, 8.5, 5.5, 16], "texture": "#1"},
				"down": {"uv": [3.25, 8.5, 5.5, 16], "texture": "#1"}
			}
		},
		{
			"from": [7.6, 1.25, 6.1],
			"to": [8.25, 3.1, 9.8],
			"faces": {
				"north": {"uv": [2.5, 10.25, 3.15, 12.1], "texture": "#1"},
				"east": {"uv": [2.5, 10.25, 3.15, 12.1], "texture": "#1"},
				"south": {"uv": [2.5, 10.25, 3.15, 12.1], "texture": "#1"},
				"west": {"uv": [2.5, 10.25, 3.15, 12.1], "texture": "#1"},
				"up": {"uv": [2.5, 10.25, 3.15, 12.1], "texture": "#1"},
				"down": {"uv": [2.5, 10.25, 3.15, 12.1], "texture": "#1"}
			}
		},
		{
			"from": [8.2, -8.5, 5.6],
			"to": [11.65, -6.75, 9.85],
			"faces": {
				"north": {"uv": [12.75, 8.5, 15, 12], "texture": "#1"},
				"east": {"uv": [12.75, 8.5, 15, 12], "texture": "#1"},
				"south": {"uv": [12.75, 8.5, 15, 12], "texture": "#1"},
				"west": {"uv": [12.75, 8.5, 15, 12], "texture": "#1"},
				"up": {"uv": [12.75, 8.5, 15, 12], "texture": "#1"},
				"down": {"uv": [12.75, 8.5, 15, 12], "texture": "#1"}
			}
		},
		{
			"from": [4.2, -8.5, 5.6],
			"to": [7.65, -6.75, 9.85],
			"faces": {
				"north": {"uv": [12.75, 8.5, 15, 12], "texture": "#1"},
				"east": {"uv": [12.75, 8.5, 15, 12], "texture": "#1"},
				"south": {"uv": [12.75, 8.5, 15, 12], "texture": "#1"},
				"west": {"uv": [12.75, 8.5, 15, 12], "texture": "#1"},
				"up": {"uv": [12.75, 8.5, 15, 12], "texture": "#1"},
				"down": {"uv": [12.75, 8.5, 15, 12], "texture": "#1"}
			}
		},
		{
			"from": [1.25, 1, 6.5],
			"to": [3.75, 6, 9.5],
			"faces": {
				"north": {"uv": [5, 2, 5.75, 4.5], "texture": "#1"},
				"east": {"uv": [5, 2, 5.75, 4.5], "texture": "#1"},
				"south": {"uv": [5, 2, 5.75, 4.5], "texture": "#1"},
				"west": {"uv": [5, 2, 5.75, 4.5], "texture": "#1"},
				"up": {"uv": [5, 2, 5.75, 4.5], "texture": "#1"},
				"down": {"uv": [5, 2, 5.75, 4.5], "texture": "#1"}
			}
		},
		{
			"from": [0.75, 6.25, 6],
			"to": [4, 6.75, 10],
			"faces": {
				"north": {"uv": [11, 12.75, 14.25, 13.25], "texture": "#1"},
				"east": {"uv": [11, 12.75, 14.25, 13.25], "texture": "#1"},
				"south": {"uv": [12.5, 9.25, 15.75, 9.75], "texture": "#1"},
				"west": {"uv": [10.5, 11.75, 13.75, 12.25], "texture": "#1"},
				"up": {"uv": [11, 12.75, 14.25, 13.25], "texture": "#1"},
				"down": {"uv": [11, 12.75, 14.25, 13.25], "texture": "#1"}
			}
		},
		{
			"from": [0.75, 7, 6],
			"to": [4, 7.5, 10],
			"faces": {
				"north": {"uv": [11, 10.75, 14.25, 11.25], "texture": "#1"},
				"east": {"uv": [11, 10.75, 14.25, 11.25], "texture": "#1"},
				"south": {"uv": [11, 10.75, 14.25, 11.25], "texture": "#1"},
				"west": {"uv": [11, 10.75, 14.25, 11.25], "texture": "#1"},
				"up": {"uv": [11, 10.75, 14.25, 11.25], "texture": "#1"},
				"down": {"uv": [11, 10.75, 14.25, 11.25], "texture": "#1"}
			}
		},
		{
			"from": [12.025, 6.25, 6],
			"to": [15.275, 6.75, 10],
			"faces": {
				"north": {"uv": [10, 11, 13.25, 11.5], "texture": "#1"},
				"east": {"uv": [10, 11, 13.25, 11.5], "texture": "#1"},
				"south": {"uv": [10, 11, 13.25, 11.5], "texture": "#1"},
				"west": {"uv": [10, 11, 13.25, 11.5], "texture": "#1"},
				"up": {"uv": [10, 11, 13.25, 11.5], "texture": "#1"},
				"down": {"uv": [10, 11, 13.25, 11.5], "texture": "#1"}
			}
		},
		{
			"from": [12.025, 7, 6],
			"to": [15.275, 7.5, 10],
			"faces": {
				"north": {"uv": [9.75, 10.5, 13, 11], "texture": "#1"},
				"east": {"uv": [9.25, 10.75, 13.25, 11.25], "texture": "#1"},
				"south": {"uv": [10, 11, 13.25, 11.5], "texture": "#1"},
				"west": {"uv": [9.25, 10.75, 13.25, 11.25], "texture": "#1"},
				"up": {"uv": [10.5, 11, 13.75, 15], "texture": "#1"},
				"down": {"uv": [9.25, 10.75, 13.25, 11.25], "texture": "#1"}
			}
		},
		{
			"from": [4.75, -6.75, 6.5],
			"to": [7.25, -6.25, 9.5],
			"faces": {
				"north": {"uv": [4.5, 2.5, 5.5, 2.75], "texture": "#1"},
				"east": {"uv": [4.5, 2.5, 5.5, 2.75], "texture": "#1"},
				"south": {"uv": [4.5, 2.5, 5.5, 2.75], "texture": "#1"},
				"west": {"uv": [4.5, 2.5, 5.5, 2.75], "texture": "#1"},
				"up": {"uv": [4.5, 2.5, 5.5, 2.75], "texture": "#1"},
				"down": {"uv": [4.5, 2.5, 5.5, 2.75], "texture": "#1"}
			}
		},
		{
			"from": [8.75, -6.75, 6.5],
			"to": [11.25, -6.25, 9.5],
			"faces": {
				"north": {"uv": [4.5, 2.5, 5.5, 2.75], "texture": "#1"},
				"east": {"uv": [4.5, 2.5, 5.5, 2.75], "texture": "#1"},
				"south": {"uv": [4.5, 2.5, 5.5, 2.75], "texture": "#1"},
				"west": {"uv": [4.5, 2.5, 5.5, 2.75], "texture": "#1"},
				"up": {"uv": [4.5, 2.5, 5.5, 2.75], "texture": "#1"},
				"down": {"uv": [4.5, 2.5, 5.5, 2.75], "texture": "#1"}
			}
		},
		{
			"from": [8.45, -8.5, 3.85],
			"to": [11.4, -7, 5.6],
			"faces": {
				"north": {"uv": [12.75, 8.5, 15, 12], "texture": "#1"},
				"east": {"uv": [12.75, 8.5, 15, 12], "texture": "#1"},
				"south": {"uv": [12.75, 8.5, 15, 12], "texture": "#1"},
				"west": {"uv": [12.75, 8.5, 15, 12], "texture": "#1"},
				"up": {"uv": [12.75, 8.5, 15, 12], "texture": "#1"},
				"down": {"uv": [12.75, 8.5, 15, 12], "texture": "#1"}
			}
		},
		{
			"from": [4.45, -8.5, 3.85],
			"to": [7.4, -7, 5.6],
			"faces": {
				"north": {"uv": [12.75, 8.5, 15, 12], "texture": "#1"},
				"east": {"uv": [12.75, 8.5, 15, 12], "texture": "#1"},
				"south": {"uv": [12.75, 8.5, 15, 12], "texture": "#1"},
				"west": {"uv": [12.75, 8.5, 15, 12], "texture": "#1"},
				"up": {"uv": [12.75, 8.5, 15, 12], "texture": "#1"},
				"down": {"uv": [12.75, 8.5, 15, 12], "texture": "#1"}
			}
		},
		{
			"from": [4.2, -6.75, 6.85],
			"to": [7.65, -6.5, 9.85],
			"faces": {
				"north": {"uv": [12.75, 8.5, 15, 12], "texture": "#1"},
				"east": {"uv": [12.75, 8.5, 15, 12], "texture": "#1"},
				"south": {"uv": [12.75, 8.5, 15, 12], "texture": "#1"},
				"west": {"uv": [12.75, 8.5, 15, 12], "texture": "#1"},
				"up": {"uv": [12.75, 8.5, 15, 12], "texture": "#1"},
				"down": {"uv": [12.75, 8.5, 15, 12], "texture": "#1"}
			}
		},
		{
			"from": [8.2, -6.75, 6.85],
			"to": [11.65, -6.5, 9.85],
			"faces": {
				"north": {"uv": [12.75, 8.5, 15, 12], "texture": "#1"},
				"east": {"uv": [12.75, 8.5, 15, 12], "texture": "#1"},
				"south": {"uv": [12.75, 8.5, 15, 12], "texture": "#1"},
				"west": {"uv": [12.75, 8.5, 15, 12], "texture": "#1"},
				"up": {"uv": [12.75, 8.5, 15, 12], "texture": "#1"},
				"down": {"uv": [12.75, 8.5, 15, 12], "texture": "#1"}
			}
		}
	],
	"display": {
		"head": {
			"scale": [1.7, 1.7, 1.7],
			"translation": [0, -15, 0]
		}
	}
}