{
	"textures": {
		"0": "_custom/steel",
		"1": "block/light_blue_terracotta",
		"1_0": "block/purpur_block",
		"particle": "block/purpur_block"
	},
	"elements": [
		{
			"from": [0, 7.1, 16.1],
			"to": [16, 8.3, 17],
			"faces": {
				"north": {"uv": [0, 3, 16, 2], "texture": "#0"},
				"east": {"uv": [4, 4.9, 5, 4], "texture": "#0", "rotation": 90},
				"south": {"uv": [0, 4, 16, 3], "texture": "#0", "rotation": 180},
				"west": {"uv": [3, 6.9, 4, 6], "texture": "#0", "rotation": 270},
				"up": {"uv": [0, 0.9, 16, 0], "texture": "#0", "rotation": 180},
				"down": {"uv": [0, 0.9, 16, 0], "texture": "#0"}
			}
		},
		{
			"from": [0, 0.7, 16.1],
			"to": [16, 1.9, 17],
			"faces": {
				"north": {"uv": [0, 3, 16, 2], "texture": "#0"},
				"east": {"uv": [4, 4.9, 5, 4], "texture": "#0", "rotation": 90},
				"south": {"uv": [0, 4, 16, 3], "texture": "#0", "rotation": 180},
				"west": {"uv": [3, 6.9, 4, 6], "texture": "#0", "rotation": 270},
				"up": {"uv": [0, 0.9, 16, 0], "texture": "#0", "rotation": 180},
				"down": {"uv": [0, 0.9, 16, 0], "texture": "#0"}
			}
		},
		{
			"from": [0, 4, 16.1],
			"to": [16, 5.2, 17],
			"faces": {
				"north": {"uv": [0, 3, 16, 2], "texture": "#0"},
				"east": {"uv": [4, 4.9, 5, 4], "texture": "#0", "rotation": 90},
				"south": {"uv": [0, 4, 16, 3], "texture": "#0", "rotation": 180},
				"west": {"uv": [3, 6.9, 4, 6], "texture": "#0", "rotation": 270},
				"up": {"uv": [0, 0.9, 16, 0], "texture": "#0", "rotation": 180},
				"down": {"uv": [0, 0.9, 16, 0], "texture": "#0"}
			}
		},
		{
			"from": [1.1, -6.5, 15.9],
			"to": [2.3, 8.5, 17],
			"faces": {
				"north": {"uv": [0, 3, 16, 2], "texture": "#0", "rotation": 90},
				"east": {"uv": [0, 0.9, 16, 0], "texture": "#0", "rotation": 90},
				"south": {"uv": [0, 4, 16, 3], "texture": "#0", "rotation": 90},
				"west": {"uv": [0, 0.9, 16, 0], "texture": "#0", "rotation": 270},
				"up": {"uv": [3, 6.9, 4, 6], "texture": "#0", "rotation": 180},
				"down": {"uv": [4, 4.9, 5, 4], "texture": "#0"}
			}
		},
		{
			"from": [13.7, -6.5, 15.9],
			"to": [14.9, 8.5, 17],
			"faces": {
				"north": {"uv": [0, 3, 16, 2], "texture": "#0", "rotation": 90},
				"east": {"uv": [0, 0.9, 16, 0], "texture": "#0", "rotation": 90},
				"south": {"uv": [0, 4, 16, 3], "texture": "#0", "rotation": 90},
				"west": {"uv": [0, 0.9, 16, 0], "texture": "#0", "rotation": 270},
				"up": {"uv": [3, 6.9, 4, 6], "texture": "#0", "rotation": 180},
				"down": {"uv": [4, 4.9, 5, 4], "texture": "#0"}
			}
		},
		{
			"from": [10.6, -6.5, 15.9],
			"to": [11.8, 8.5, 17],
			"faces": {
				"north": {"uv": [0, 3, 16, 2], "texture": "#0", "rotation": 90},
				"east": {"uv": [0, 0.9, 16, 0], "texture": "#0", "rotation": 90},
				"south": {"uv": [0, 4, 16, 3], "texture": "#0", "rotation": 90},
				"west": {"uv": [0, 0.9, 16, 0], "texture": "#0", "rotation": 270},
				"up": {"uv": [3, 6.9, 4, 6], "texture": "#0", "rotation": 180},
				"down": {"uv": [4, 4.9, 5, 4], "texture": "#0"}
			}
		},
		{
			"from": [4.2, -6.5, 15.9],
			"to": [5.4, 8.5, 17],
			"faces": {
				"north": {"uv": [0, 3, 16, 2], "texture": "#0", "rotation": 90},
				"east": {"uv": [0, 0.9, 16, 0], "texture": "#0", "rotation": 90},
				"south": {"uv": [0, 4, 16, 3], "texture": "#0", "rotation": 90},
				"west": {"uv": [0, 0.9, 16, 0], "texture": "#0", "rotation": 270},
				"up": {"uv": [3, 6.9, 4, 6], "texture": "#0", "rotation": 180},
				"down": {"uv": [4, 4.9, 5, 4], "texture": "#0"}
			}
		},
		{
			"from": [7.5, -6.5, 15.9],
			"to": [8.7, 8.5, 17],
			"faces": {
				"north": {"uv": [0, 3, 16, 2], "texture": "#0", "rotation": 90},
				"east": {"uv": [0, 0.9, 16, 0], "texture": "#0", "rotation": 90},
				"south": {"uv": [0, 4, 16, 3], "texture": "#0", "rotation": 90},
				"west": {"uv": [0, 0.9, 16, 0], "texture": "#0", "rotation": 270},
				"up": {"uv": [3, 6.9, 4, 6], "texture": "#0", "rotation": 180},
				"down": {"uv": [4, 4.9, 5, 4], "texture": "#0"}
			}
		},
		{
			"from": [0, -2.4, 16.1],
			"to": [16, -1.2, 17],
			"faces": {
				"north": {"uv": [0, 3, 16, 2], "texture": "#0"},
				"east": {"uv": [4, 4.9, 5, 4], "texture": "#0", "rotation": 90},
				"south": {"uv": [0, 4, 16, 3], "texture": "#0", "rotation": 180},
				"west": {"uv": [3, 6.9, 4, 6], "texture": "#0", "rotation": 270},
				"up": {"uv": [0, 0.9, 16, 0], "texture": "#0", "rotation": 180},
				"down": {"uv": [0, 0.9, 16, 0], "texture": "#0"}
			}
		},
		{
			"from": [0, -5.5, 16.1],
			"to": [16, -4.3, 17],
			"faces": {
				"north": {"uv": [0, 3, 16, 2], "texture": "#0"},
				"east": {"uv": [4, 4.9, 5, 4], "texture": "#0", "rotation": 90},
				"south": {"uv": [0, 4, 16, 3], "texture": "#0", "rotation": 180},
				"west": {"uv": [3, 6.9, 4, 6], "texture": "#0", "rotation": 270},
				"up": {"uv": [0, 0.9, 16, 0], "texture": "#0", "rotation": 180},
				"down": {"uv": [0, 0.9, 16, 0], "texture": "#0"}
			}
		},
		{
			"from": [13.79903, 5.92338, 10.74979],
			"to": [14.79903, 21.92338, 11.84979],
			"rotation": {"angle": -45, "axis": "x", "origin": [14.29903, 13.42338, 11.29979]},
			"faces": {
				"north": {"uv": [0, 6, 16, 5], "texture": "#1_0", "rotation": 90},
				"east": {"uv": [0, 6, 16, 5], "texture": "#1_0", "rotation": 90},
				"south": {"uv": [0, 6, 16, 5], "texture": "#1_0", "rotation": 90},
				"west": {"uv": [0, 6, 16, 5], "texture": "#1_0", "rotation": 90},
				"up": {"uv": [0, 6, 1, 5], "texture": "#1_0", "rotation": 90},
				"down": {"uv": [0, 6, 1, 5], "texture": "#1_0", "rotation": 90}
			}
		},
		{
			"from": [1.20097, 5.92338, 10.74979],
			"to": [2.20097, 21.92338, 11.84979],
			"rotation": {"angle": -45, "axis": "x", "origin": [1.70097, 13.42338, 11.29979]},
			"faces": {
				"north": {"uv": [16, 6, 0, 5], "texture": "#1_0", "rotation": 90},
				"east": {"uv": [16, 6, 0, 5], "texture": "#1_0", "rotation": 90},
				"south": {"uv": [16, 6, 0, 5], "texture": "#1_0", "rotation": 90},
				"west": {"uv": [16, 6, 0, 5], "texture": "#1_0", "rotation": 90},
				"up": {"uv": [1, 6, 0, 5], "texture": "#1_0", "rotation": 90},
				"down": {"uv": [1, 6, 0, 5], "texture": "#1_0", "rotation": 90}
			}
		},
		{
			"from": [13.78163, 18.72987, -8.81147],
			"to": [14.78163, 19.82987, 5.68853],
			"rotation": {"angle": 0, "axis": "x", "origin": [14.28163, 19.27987, -1.81147]},
			"faces": {
				"north": {"uv": [0, 6, 1, 5], "texture": "#1_0", "rotation": 270},
				"east": {"uv": [0, 6, 16, 5], "texture": "#1_0", "rotation": 180},
				"south": {"uv": [0, 6, 1, 5], "texture": "#1_0", "rotation": 90},
				"west": {"uv": [0, 6, 16, 5], "texture": "#1_0"},
				"up": {"uv": [0, 6, 16, 5], "texture": "#1_0", "rotation": 90},
				"down": {"uv": [0, 6, 16, 5], "texture": "#1_0", "rotation": 270}
			}
		},
		{
			"from": [1.21837, 18.72987, -8.81147],
			"to": [2.21837, 19.82987, 5.68853],
			"rotation": {"angle": 0, "axis": "x", "origin": [1.71837, 19.27987, -1.81147]},
			"faces": {
				"north": {"uv": [1, 6, 0, 5], "texture": "#1_0", "rotation": 270},
				"east": {"uv": [16, 6, 0, 5], "texture": "#1_0"},
				"south": {"uv": [1, 6, 0, 5], "texture": "#1_0", "rotation": 90},
				"west": {"uv": [16, 6, 0, 5], "texture": "#1_0", "rotation": 180},
				"up": {"uv": [16, 6, 0, 5], "texture": "#1_0", "rotation": 90},
				"down": {"uv": [16, 6, 0, 5], "texture": "#1_0", "rotation": 270}
			}
		},
		{
			"from": [0.06931, 18.48271, 5.31655],
			"to": [16.06931, 19.68271, 6.21655],
			"rotation": {"angle": -45, "axis": "x", "origin": [8.06931, 19.08271, 5.76655]},
			"faces": {
				"north": {"uv": [0, 3, 16, 2], "texture": "#0"},
				"east": {"uv": [4, 4.9, 5, 4], "texture": "#0", "rotation": 90},
				"south": {"uv": [0, 4, 16, 3], "texture": "#0", "rotation": 180},
				"west": {"uv": [3, 6.9, 4, 6], "texture": "#0", "rotation": 270},
				"up": {"uv": [0, 0.9, 16, 0], "texture": "#0", "rotation": 180},
				"down": {"uv": [0, 0.9, 16, 0], "texture": "#0"}
			}
		},
		{
			"from": [0.06931, 12.48271, 5.31655],
			"to": [16.06931, 13.68271, 6.21655],
			"rotation": {"angle": -45, "axis": "x", "origin": [8.06931, 19.08271, 5.76655]},
			"faces": {
				"north": {"uv": [0, 3, 16, 2], "texture": "#0"},
				"east": {"uv": [4, 4.9, 5, 4], "texture": "#0", "rotation": 90},
				"south": {"uv": [0, 4, 16, 3], "texture": "#0", "rotation": 180},
				"west": {"uv": [3, 6.9, 4, 6], "texture": "#0", "rotation": 270},
				"up": {"uv": [0, 0.9, 16, 0], "texture": "#0", "rotation": 180},
				"down": {"uv": [0, 0.9, 16, 0], "texture": "#0"}
			}
		},
		{
			"from": [0.06931, 6.48271, 5.31655],
			"to": [16.06931, 7.68271, 6.21655],
			"rotation": {"angle": -45, "axis": "x", "origin": [8.06931, 19.08271, 5.76655]},
			"faces": {
				"north": {"uv": [0, 3, 16, 2], "texture": "#0"},
				"east": {"uv": [4, 4.9, 5, 4], "texture": "#0", "rotation": 90},
				"south": {"uv": [0, 4, 16, 3], "texture": "#0", "rotation": 180},
				"west": {"uv": [3, 6.9, 4, 6], "texture": "#0", "rotation": 270},
				"up": {"uv": [0, 0.9, 16, 0], "texture": "#0", "rotation": 180},
				"down": {"uv": [0, 0.9, 16, 0], "texture": "#0"}
			}
		},
		{
			"from": [2.21837, 19.22987, -8.81158],
			"to": [13.78163, 19.82998, 5.68853],
			"rotation": {"angle": 0, "axis": "x", "origin": [2.71837, 19.27987, -1.81147]},
			"faces": {
				"north": {"uv": [1, 6, 0, 5], "texture": "#1_0", "rotation": 270},
				"east": {"uv": [16, 6, 0, 5], "texture": "#1_0"},
				"south": {"uv": [1, 6, 0, 5], "texture": "#1_0", "rotation": 90},
				"west": {"uv": [16, 6, 0, 5], "texture": "#1_0", "rotation": 180},
				"up": {"uv": [2, 1, 14, 15.5], "texture": "#1"},
				"down": {"uv": [2, 1, 14, 15.5], "texture": "#1", "rotation": 180}
			}
		}
	],
	"display": {
		"head": {
			"scale": [1.6, 1.6, 1.6],
			"translation": [0, 2, 1]
		}
	},
	"groups": [0, 1, 2, 3, 4, 5, 6, 7,
		{
			"name": "iron_trapdoor_open",
			"isOpen": true,
			"shade": true,
			"display": {
				"visibility": true,
				"autouv": false
			},
			"children": []
		}, 8, 9, 10, 11, 12, 13, 14, 15, 16, 17]
}