{
	"textures": {
		"0": "_custom/hardened_clay_stained_yellow",
		"1": "block/purpur_pillar",
		"2": "_custom/wetfloor",
		"3": "_custom/pond",
		"particle": "_custom/hardened_clay_stained_yellow"
	},
	"elements": [
		{
			"from": [7.3883, 12.87983, 10],
			"to": [8.3883, 14.87983, 11],
			"rotation": {"angle": 0, "axis": "z", "origin": [7.8883, 18.37983, 8]},
			"faces": {
				"north": {"uv": [0, 0, 2, 2], "texture": "#0"},
				"east": {"uv": [0, 0, 2, 2], "texture": "#0"},
				"south": {"uv": [0, 0, 2, 2], "texture": "#0"},
				"west": {"uv": [0, 0, 2, 2], "texture": "#0"},
				"up": {"uv": [0, 0, 1, 1], "texture": "#0"},
				"down": {"uv": [0, 0, 2, 2], "texture": "#0"}
			}
		},
		{
			"from": [7.3883, 12.87983, 5],
			"to": [8.3883, 14.87983, 6],
			"rotation": {"angle": 0, "axis": "z", "origin": [7.8883, 18.37983, 3]},
			"faces": {
				"north": {"uv": [0, 0, 2, 2], "texture": "#0"},
				"east": {"uv": [0, 0, 2, 2], "texture": "#0"},
				"south": {"uv": [0, 0, 2, 2], "texture": "#0"},
				"west": {"uv": [0, 0, 2, 2], "texture": "#0"},
				"up": {"uv": [0, 0, 1, 1], "texture": "#0"},
				"down": {"uv": [0, 0, 2, 2], "texture": "#0"}
			}
		},
		{
			"from": [7.3883, 13.87983, 6],
			"to": [8.3883, 14.87983, 10],
			"rotation": {"angle": 0, "axis": "z", "origin": [7.8883, 18.37983, 4]},
			"faces": {
				"north": {"uv": [0, 0, 7, 1], "texture": "#0"},
				"east": {"uv": [0, 0, 8, 1], "texture": "#0", "rotation": 180},
				"south": {"uv": [0, 0, 7, 1], "texture": "#0"},
				"west": {"uv": [0, 0, 1, 1], "texture": "#0"},
				"up": {"uv": [0, 0, 7, 1], "texture": "#0"},
				"down": {"uv": [0, 0, 7, 1], "texture": "#0"}
			}
		},
		{
			"from": [9.52878, 2.46716, 4],
			"to": [10.52878, 13.46716, 12],
			"rotation": {"angle": 22.5, "axis": "z", "origin": [10.02878, 7.96716, 8]},
			"faces": {
				"north": {"uv": [2, 0, 3, 16], "texture": "#0"},
				"east": {"uv": [2, 0, 14, 16], "texture": "#0"},
				"south": {"uv": [2, 0, 3, 16], "texture": "#0"},
				"west": {"uv": [2, 0, 14, 16], "texture": "#0"},
				"up": {"uv": [2, 0, 3, 16], "texture": "#0"},
				"down": {"uv": [2, 7, 14, 8], "texture": "#0", "rotation": 90}
			}
		},
		{
			"from": [12.20757, 0, 10],
			"to": [13.20757, 3, 12],
			"rotation": {"angle": 22.5, "axis": "z", "origin": [12.70757, 1.5, 11]},
			"faces": {
				"north": {"uv": [11, 8, 14, 12], "texture": "#0"},
				"east": {"uv": [11, 8, 14, 12], "texture": "#0"},
				"south": {"uv": [11, 8, 14, 12], "texture": "#0"},
				"west": {"uv": [11, 8, 14, 12], "texture": "#0"},
				"up": {"uv": [11, 8, 14, 12], "texture": "#0"},
				"down": {"uv": [11, 8, 14, 12], "texture": "#0"}
			}
		},
		{
			"from": [12.20757, 0, 4],
			"to": [13.20757, 3, 6],
			"rotation": {"angle": 22.5, "axis": "z", "origin": [12.70757, 1.5, 5]},
			"faces": {
				"north": {"uv": [13, 6, 16, 10], "texture": "#0"},
				"east": {"uv": [13, 6, 16, 10], "texture": "#0"},
				"south": {"uv": [13, 6, 16, 10], "texture": "#0"},
				"west": {"uv": [13, 6, 16, 10], "texture": "#0"},
				"up": {"uv": [13, 6, 16, 10], "texture": "#0"},
				"down": {"uv": [13, 6, 16, 10], "texture": "#0"}
			}
		},
		{
			"from": [7.6383, 12.12983, 3.75],
			"to": [8.1383, 12.62983, 12.25],
			"rotation": {"angle": 0, "axis": "z", "origin": [7.8883, 17.37983, 8]},
			"faces": {
				"north": {"uv": [5, 4, 6, 5], "texture": "#1"},
				"east": {"uv": [5, 4, 6, 5], "texture": "#1"},
				"south": {"uv": [5, 4, 6, 5], "texture": "#1"},
				"west": {"uv": [5, 4, 6, 5], "texture": "#1"},
				"up": {"uv": [5, 4, 6, 5], "texture": "#1"},
				"down": {"uv": [5, 4, 6, 5], "texture": "#1"}
			}
		},
		{
			"from": [10.52878, 4.46716, 4.5],
			"to": [10.53878, 11.71716, 11.5],
			"rotation": {"angle": 22.5, "axis": "z", "origin": [10.02878, 7.96716, 8]},
			"faces": {
				"north": {"uv": [15.5, 0, 16, 0.5], "texture": "#2"},
				"east": {"uv": [0, 0, 16, 15.75], "texture": "#2"},
				"south": {"uv": [15.5, 0, 16, 0.5], "texture": "#2"},
				"west": {"uv": [15.5, 0, 16, 0.5], "texture": "#2"},
				"up": {"uv": [15.5, 0, 16, 0.5], "texture": "#2"},
				"down": {"uv": [15.5, 0, 16, 0.5], "texture": "#2"}
			}
		},
		{
			"from": [-3, 0.4, 0],
			"to": [19, 0.5, 16],
			"faces": {
				"north": {"uv": [0, 0, 16, 16], "texture": "#3"},
				"east": {"uv": [0, 0, 16, 16], "texture": "#3"},
				"south": {"uv": [0, 0, 16, 16], "texture": "#3"},
				"west": {"uv": [0, 0, 16, 16], "texture": "#3"},
				"up": {"uv": [0, 0, 16, 16], "texture": "#3"},
				"down": {"uv": [0, 0, 16, 16], "texture": "#3"}
			}
		},
		{
			"from": [-1, 0.4, -5],
			"to": [19, 0.5, 0],
			"faces": {
				"north": {"uv": [0, 0, 16, 16], "texture": "#3"},
				"east": {"uv": [0, 0, 16, 16], "texture": "#3"},
				"south": {"uv": [0, 0, 16, 16], "texture": "#3"},
				"west": {"uv": [0, 0, 16, 16], "texture": "#3"},
				"up": {"uv": [0, 0, 16, 16], "texture": "#3"},
				"down": {"uv": [0, 0, 16, 16], "texture": "#3"}
			}
		},
		{
			"from": [11, 0.4, -7],
			"to": [17, 0.5, -5],
			"faces": {
				"north": {"uv": [0, 0, 16, 16], "texture": "#3"},
				"east": {"uv": [0, 0, 16, 16], "texture": "#3"},
				"south": {"uv": [0, 0, 16, 16], "texture": "#3"},
				"west": {"uv": [0, 0, 16, 16], "texture": "#3"},
				"up": {"uv": [0, 0, 16, 16], "texture": "#3"},
				"down": {"uv": [0, 0, 16, 16], "texture": "#3"}
			}
		},
		{
			"from": [-1, 0.4, -11],
			"to": [2, 0.5, -8],
			"faces": {
				"north": {"uv": [0, 0, 16, 16], "texture": "#3"},
				"east": {"uv": [0, 0, 16, 16], "texture": "#3"},
				"south": {"uv": [0, 0, 16, 16], "texture": "#3"},
				"west": {"uv": [0, 0, 16, 16], "texture": "#3"},
				"up": {"uv": [0, 0, 16, 16], "texture": "#3"},
				"down": {"uv": [0, 0, 16, 16], "texture": "#3"}
			}
		},
		{
			"from": [-8, 0.4, 8],
			"to": [-3, 0.5, 14],
			"faces": {
				"north": {"uv": [0, 0, 16, 16], "texture": "#3"},
				"east": {"uv": [0, 0, 16, 16], "texture": "#3"},
				"south": {"uv": [0, 0, 16, 16], "texture": "#3"},
				"west": {"uv": [0, 0, 16, 16], "texture": "#3"},
				"up": {"uv": [0, 0, 16, 16], "texture": "#3"},
				"down": {"uv": [0, 0, 16, 16], "texture": "#3"}
			}
		},
		{
			"from": [-7, 0.4, -3],
			"to": [-1, 0.5, 0],
			"faces": {
				"north": {"uv": [0, 0, 16, 16], "texture": "#3"},
				"east": {"uv": [0, 0, 16, 16], "texture": "#3"},
				"south": {"uv": [0, 0, 16, 16], "texture": "#3"},
				"west": {"uv": [0, 0, 16, 16], "texture": "#3"},
				"up": {"uv": [0, 0, 16, 16], "texture": "#3"},
				"down": {"uv": [0, 0, 16, 16], "texture": "#3"}
			}
		},
		{
			"from": [-1, 0.4, 16],
			"to": [4, 0.5, 19],
			"faces": {
				"north": {"uv": [0, 0, 16, 16], "texture": "#3"},
				"east": {"uv": [0, 0, 16, 16], "texture": "#3"},
				"south": {"uv": [0, 0, 16, 16], "texture": "#3"},
				"west": {"uv": [0, 0, 16, 16], "texture": "#3"},
				"up": {"uv": [0, 0, 16, 16], "texture": "#3"},
				"down": {"uv": [0, 0, 16, 16], "texture": "#3"}
			}
		},
		{
			"from": [4, 0.4, 16],
			"to": [9, 0.5, 22],
			"faces": {
				"north": {"uv": [0, 0, 16, 16], "texture": "#3"},
				"east": {"uv": [0, 0, 16, 16], "texture": "#3"},
				"south": {"uv": [0, 0, 16, 16], "texture": "#3"},
				"west": {"uv": [0, 0, 16, 16], "texture": "#3"},
				"up": {"uv": [0, 0, 16, 16], "texture": "#3"},
				"down": {"uv": [0, 0, 16, 16], "texture": "#3"}
			}
		},
		{
			"from": [9, 0.4, 16],
			"to": [18, 0.5, 21],
			"faces": {
				"north": {"uv": [0, 0, 16, 16], "texture": "#3"},
				"east": {"uv": [0, 0, 16, 16], "texture": "#3"},
				"south": {"uv": [0, 0, 16, 16], "texture": "#3"},
				"west": {"uv": [0, 0, 16, 16], "texture": "#3"},
				"up": {"uv": [0, 0, 16, 16], "texture": "#3"},
				"down": {"uv": [0, 0, 16, 16], "texture": "#3"}
			}
		},
		{
			"from": [19, 0.4, 10],
			"to": [23, 0.5, 16],
			"faces": {
				"north": {"uv": [0, 0, 16, 16], "texture": "#3"},
				"east": {"uv": [0, 0, 16, 16], "texture": "#3"},
				"south": {"uv": [0, 0, 16, 16], "texture": "#3"},
				"west": {"uv": [0, 0, 16, 16], "texture": "#3"},
				"up": {"uv": [0, 0, 16, 16], "texture": "#3"},
				"down": {"uv": [0, 0, 16, 16], "texture": "#3"}
			}
		},
		{
			"from": [19, 0.4, 0],
			"to": [26, 0.5, 10],
			"faces": {
				"north": {"uv": [0, 0, 16, 16], "texture": "#3"},
				"east": {"uv": [0, 0, 16, 16], "texture": "#3"},
				"south": {"uv": [0, 0, 16, 16], "texture": "#3"},
				"west": {"uv": [0, 0, 16, 16], "texture": "#3"},
				"up": {"uv": [0, 0, 16, 16], "texture": "#3"},
				"down": {"uv": [0, 0, 16, 16], "texture": "#3"}
			}
		},
		{
			"from": [19, 0.4, -3],
			"to": [23, 0.5, 0],
			"faces": {
				"north": {"uv": [0, 0, 16, 16], "texture": "#3"},
				"east": {"uv": [0, 0, 16, 16], "texture": "#3"},
				"south": {"uv": [0, 0, 16, 16], "texture": "#3"},
				"west": {"uv": [0, 0, 16, 16], "texture": "#3"},
				"up": {"uv": [0, 0, 16, 16], "texture": "#3"},
				"down": {"uv": [0, 0, 16, 16], "texture": "#3"}
			}
		},
		{
			"from": [28, 0.4, -3],
			"to": [32, 0.5, 0],
			"faces": {
				"north": {"uv": [0, 0, 16, 16], "texture": "#3"},
				"east": {"uv": [0, 0, 16, 16], "texture": "#3"},
				"south": {"uv": [0, 0, 16, 16], "texture": "#3"},
				"west": {"uv": [0, 0, 16, 16], "texture": "#3"},
				"up": {"uv": [0, 0, 16, 16], "texture": "#3"},
				"down": {"uv": [0, 0, 16, 16], "texture": "#3"}
			}
		},
		{
			"from": [23, 0.4, -12],
			"to": [27, 0.5, -6],
			"faces": {
				"north": {"uv": [0, 0, 16, 16], "texture": "#3"},
				"east": {"uv": [0, 0, 16, 16], "texture": "#3"},
				"south": {"uv": [0, 0, 16, 16], "texture": "#3"},
				"west": {"uv": [0, 0, 16, 16], "texture": "#3"},
				"up": {"uv": [0, 0, 16, 16], "texture": "#3"},
				"down": {"uv": [0, 0, 16, 16], "texture": "#3"}
			}
		},
		{
			"from": [22, 0.4, -10],
			"to": [23, 0.5, -6],
			"faces": {
				"north": {"uv": [0, 0, 16, 16], "texture": "#3"},
				"east": {"uv": [0, 0, 16, 16], "texture": "#3"},
				"south": {"uv": [0, 0, 16, 16], "texture": "#3"},
				"west": {"uv": [0, 0, 16, 16], "texture": "#3"},
				"up": {"uv": [0, 0, 16, 16], "texture": "#3"},
				"down": {"uv": [0, 0, 16, 16], "texture": "#3"}
			}
		},
		{
			"from": [5, 0.4, -8],
			"to": [11, 0.5, -5],
			"faces": {
				"north": {"uv": [0, 0, 16, 16], "texture": "#3"},
				"east": {"uv": [0, 0, 16, 16], "texture": "#3"},
				"south": {"uv": [0, 0, 16, 16], "texture": "#3"},
				"west": {"uv": [0, 0, 16, 16], "texture": "#3"},
				"up": {"uv": [0, 0, 16, 16], "texture": "#3"},
				"down": {"uv": [0, 0, 16, 16], "texture": "#3"}
			}
		},
		{
			"from": [25, 0.4, 13],
			"to": [32, 0.5, 18],
			"faces": {
				"north": {"uv": [0, 0, 16, 16], "texture": "#3"},
				"east": {"uv": [0, 0, 16, 16], "texture": "#3"},
				"south": {"uv": [0, 0, 16, 16], "texture": "#3"},
				"west": {"uv": [0, 0, 16, 16], "texture": "#3"},
				"up": {"uv": [0, 0, 16, 16], "texture": "#3"},
				"down": {"uv": [0, 0, 16, 16], "texture": "#3"}
			}
		},
		{
			"from": [25, 0.4, 18],
			"to": [30, 0.5, 20],
			"faces": {
				"north": {"uv": [0, 0, 16, 16], "texture": "#3"},
				"east": {"uv": [0, 0, 16, 16], "texture": "#3"},
				"south": {"uv": [0, 0, 16, 16], "texture": "#3"},
				"west": {"uv": [0, 0, 16, 16], "texture": "#3"},
				"up": {"uv": [0, 0, 16, 16], "texture": "#3"},
				"down": {"uv": [0, 0, 16, 16], "texture": "#3"}
			}
		},
		{
			"from": [27, 0.4, 11],
			"to": [31, 0.5, 13],
			"faces": {
				"north": {"uv": [0, 0, 16, 16], "texture": "#3"},
				"east": {"uv": [0, 0, 16, 16], "texture": "#3"},
				"south": {"uv": [0, 0, 16, 16], "texture": "#3"},
				"west": {"uv": [0, 0, 16, 16], "texture": "#3"},
				"up": {"uv": [0, 0, 16, 16], "texture": "#3"},
				"down": {"uv": [0, 0, 16, 16], "texture": "#3"}
			}
		},
		{
			"from": [18, 0.4, 16],
			"to": [22, 0.5, 19],
			"faces": {
				"north": {"uv": [0, 0, 16, 16], "texture": "#3"},
				"east": {"uv": [0, 0, 16, 16], "texture": "#3"},
				"south": {"uv": [0, 0, 16, 16], "texture": "#3"},
				"west": {"uv": [0, 0, 16, 16], "texture": "#3"},
				"up": {"uv": [0, 0, 16, 16], "texture": "#3"},
				"down": {"uv": [0, 0, 16, 16], "texture": "#3"}
			}
		},
		{
			"from": [-10, 0.4, 0],
			"to": [-3, 0.5, 8],
			"faces": {
				"north": {"uv": [0, 0, 16, 16], "texture": "#3"},
				"east": {"uv": [0, 0, 16, 16], "texture": "#3"},
				"south": {"uv": [0, 0, 16, 16], "texture": "#3"},
				"west": {"uv": [0, 0, 16, 16], "texture": "#3"},
				"up": {"uv": [0, 0, 16, 16], "texture": "#3"},
				"down": {"uv": [0, 0, 16, 16], "texture": "#3"}
			}
		},
		{
			"from": [-13, 0.4, 11],
			"to": [-10, 0.5, 14],
			"faces": {
				"north": {"uv": [0, 0, 16, 16], "texture": "#3"},
				"east": {"uv": [0, 0, 16, 16], "texture": "#3"},
				"south": {"uv": [0, 0, 16, 16], "texture": "#3"},
				"west": {"uv": [0, 0, 16, 16], "texture": "#3"},
				"up": {"uv": [0, 0, 16, 16], "texture": "#3"},
				"down": {"uv": [0, 0, 16, 16], "texture": "#3"}
			}
		},
		{
			"from": [-7, 0.4, 17],
			"to": [-3, 0.5, 19],
			"faces": {
				"north": {"uv": [0, 0, 16, 16], "texture": "#3"},
				"east": {"uv": [0, 0, 16, 16], "texture": "#3"},
				"south": {"uv": [0, 0, 16, 16], "texture": "#3"},
				"west": {"uv": [0, 0, 16, 16], "texture": "#3"},
				"up": {"uv": [0, 0, 16, 16], "texture": "#3"},
				"down": {"uv": [0, 0, 16, 16], "texture": "#3"}
			}
		},
		{
			"from": [-6, 0.4, 19],
			"to": [-3, 0.5, 22],
			"faces": {
				"north": {"uv": [0, 0, 16, 16], "texture": "#3"},
				"east": {"uv": [0, 0, 16, 16], "texture": "#3"},
				"south": {"uv": [0, 0, 16, 16], "texture": "#3"},
				"west": {"uv": [0, 0, 16, 16], "texture": "#3"},
				"up": {"uv": [0, 0, 16, 16], "texture": "#3"},
				"down": {"uv": [0, 0, 16, 16], "texture": "#3"}
			}
		},
		{
			"from": [9, 0.4, 21],
			"to": [17, 0.5, 24],
			"faces": {
				"north": {"uv": [0, 0, 16, 16], "texture": "#3"},
				"east": {"uv": [0, 0, 16, 16], "texture": "#3"},
				"south": {"uv": [0, 0, 16, 16], "texture": "#3"},
				"west": {"uv": [0, 0, 16, 16], "texture": "#3"},
				"up": {"uv": [0, 0, 16, 16], "texture": "#3"},
				"down": {"uv": [0, 0, 16, 16], "texture": "#3"}
			}
		},
		{
			"from": [5.47122, 2.46716, 4],
			"to": [6.47122, 13.46716, 12],
			"rotation": {"angle": -22.5, "axis": "z", "origin": [5.97122, 7.96716, 8]},
			"faces": {
				"north": {"uv": [3, 0, 2, 16], "texture": "#0"},
				"east": {"uv": [14, 0, 2, 16], "texture": "#0"},
				"south": {"uv": [3, 0, 2, 16], "texture": "#0"},
				"west": {"uv": [14, 0, 2, 16], "texture": "#0"},
				"up": {"uv": [3, 0, 2, 16], "texture": "#0"},
				"down": {"uv": [14, 7, 2, 8], "texture": "#0", "rotation": 90}
			}
		},
		{
			"from": [2.79243, 0, 10],
			"to": [3.79243, 3, 12],
			"rotation": {"angle": -22.5, "axis": "z", "origin": [3.29243, 1.5, 11]},
			"faces": {
				"north": {"uv": [14, 8, 11, 12], "texture": "#0"},
				"east": {"uv": [14, 8, 11, 12], "texture": "#0"},
				"south": {"uv": [14, 8, 11, 12], "texture": "#0"},
				"west": {"uv": [14, 8, 11, 12], "texture": "#0"},
				"up": {"uv": [14, 8, 11, 12], "texture": "#0"},
				"down": {"uv": [14, 8, 11, 12], "texture": "#0"}
			}
		},
		{
			"from": [2.79243, 0, 4],
			"to": [3.79243, 3, 6],
			"rotation": {"angle": -22.5, "axis": "z", "origin": [3.29243, 1.5, 5]},
			"faces": {
				"north": {"uv": [16, 6, 13, 10], "texture": "#0"},
				"east": {"uv": [16, 6, 13, 10], "texture": "#0"},
				"south": {"uv": [16, 6, 13, 10], "texture": "#0"},
				"west": {"uv": [16, 6, 13, 10], "texture": "#0"},
				"up": {"uv": [16, 6, 13, 10], "texture": "#0"},
				"down": {"uv": [16, 6, 13, 10], "texture": "#0"}
			}
		},
		{
			"from": [5.46122, 4.46716, 4.5],
			"to": [5.47122, 11.71716, 11.5],
			"rotation": {"angle": -22.5, "axis": "z", "origin": [5.97122, 7.96716, 8]},
			"faces": {
				"north": {"uv": [15.5, 0, 16, 0.5], "texture": "#2"},
				"east": {"uv": [15.5, 0, 16, 0.5], "texture": "#2"},
				"south": {"uv": [15.5, 0, 16, 0.5], "texture": "#2"},
				"west": {"uv": [0, 0, 16, 15.75], "texture": "#2"},
				"up": {"uv": [16, 0.5, 15.5, 0], "texture": "#2"},
				"down": {"uv": [16, 0.5, 15.5, 0], "texture": "#2"}
			}
		}
	],
	"display": {
		"head": {
			"scale": [1.6, 2, 2],
			"translation": [0, -28, 0]
		}
	}
}