{
	"textures": {
		"0": "_custom/steel",
		"1": "_custom/steel",
		"2": "block/orange_glazed_terracotta",
		"1_0": "block/purpur_block",
		"particle": "block/purpur_block"
	},
	"elements": [
		{
			"from": [0, 4.2, -1],
			"to": [16, 5.4, -0.1],
			"faces": {
				"north": {"uv": [0, 3, 16, 4], "texture": "#0", "rotation": 180},
				"east": {"uv": [3, 6, 4, 6.9], "texture": "#0", "rotation": 270},
				"south": {"uv": [0, 2, 16, 3], "texture": "#0"},
				"west": {"uv": [4, 4, 5, 4.9], "texture": "#0", "rotation": 90},
				"up": {"uv": [0, 0, 16, 0.9], "texture": "#0", "rotation": 180},
				"down": {"uv": [0, 0, 16, 0.9], "texture": "#0"}
			}
		},
		{
			"from": [0, 10.6, -1],
			"to": [16, 11.8, -0.1],
			"faces": {
				"north": {"uv": [0, 3, 16, 4], "texture": "#0", "rotation": 180},
				"east": {"uv": [3, 6, 4, 6.9], "texture": "#0", "rotation": 270},
				"south": {"uv": [0, 2, 16, 3], "texture": "#0"},
				"west": {"uv": [4, 4, 5, 4.9], "texture": "#0", "rotation": 90},
				"up": {"uv": [0, 0, 16, 0.9], "texture": "#0", "rotation": 180},
				"down": {"uv": [0, 0, 16, 0.9], "texture": "#0"}
			}
		},
		{
			"from": [0, 7.3, -1],
			"to": [16, 8.5, -0.1],
			"faces": {
				"north": {"uv": [0, 3, 16, 4], "texture": "#0", "rotation": 180},
				"east": {"uv": [3, 6, 4, 6.9], "texture": "#0", "rotation": 270},
				"south": {"uv": [0, 2, 16, 3], "texture": "#0"},
				"west": {"uv": [4, 4, 5, 4.9], "texture": "#0", "rotation": 90},
				"up": {"uv": [0, 0, 16, 0.9], "texture": "#0", "rotation": 180},
				"down": {"uv": [0, 0, 16, 0.9], "texture": "#0"}
			}
		},
		{
			"from": [13.7, 4, -1],
			"to": [14.9, 19, 0.1],
			"faces": {
				"north": {"uv": [0, 3, 16, 4], "texture": "#0", "rotation": 90},
				"east": {"uv": [0, 0, 16, 0.9], "texture": "#0", "rotation": 270},
				"south": {"uv": [0, 2, 16, 3], "texture": "#0", "rotation": 90},
				"west": {"uv": [0, 0, 16, 0.9], "texture": "#0", "rotation": 90},
				"up": {"uv": [4, 4, 5, 4.9], "texture": "#0", "rotation": 180},
				"down": {"uv": [3, 6, 4, 6.9], "texture": "#0"}
			}
		},
		{
			"from": [1.1, 4, -1],
			"to": [2.3, 19, 0.1],
			"faces": {
				"north": {"uv": [0, 3, 16, 4], "texture": "#0", "rotation": 90},
				"east": {"uv": [0, 0, 16, 0.9], "texture": "#0", "rotation": 270},
				"south": {"uv": [0, 2, 16, 3], "texture": "#0", "rotation": 90},
				"west": {"uv": [0, 0, 16, 0.9], "texture": "#0", "rotation": 90},
				"up": {"uv": [4, 4, 5, 4.9], "texture": "#0", "rotation": 180},
				"down": {"uv": [3, 6, 4, 6.9], "texture": "#0"}
			}
		},
		{
			"from": [4.2, 4, -1],
			"to": [5.4, 19, 0.1],
			"faces": {
				"north": {"uv": [0, 3, 16, 4], "texture": "#0", "rotation": 90},
				"east": {"uv": [0, 0, 16, 0.9], "texture": "#0", "rotation": 270},
				"south": {"uv": [0, 2, 16, 3], "texture": "#0", "rotation": 90},
				"west": {"uv": [0, 0, 16, 0.9], "texture": "#0", "rotation": 90},
				"up": {"uv": [4, 4, 5, 4.9], "texture": "#0", "rotation": 180},
				"down": {"uv": [3, 6, 4, 6.9], "texture": "#0"}
			}
		},
		{
			"from": [10.6, 4, -1],
			"to": [11.8, 19, 0.1],
			"faces": {
				"north": {"uv": [0, 3, 16, 4], "texture": "#0", "rotation": 90},
				"east": {"uv": [0, 0, 16, 0.9], "texture": "#0", "rotation": 270},
				"south": {"uv": [0, 2, 16, 3], "texture": "#0", "rotation": 90},
				"west": {"uv": [0, 0, 16, 0.9], "texture": "#0", "rotation": 90},
				"up": {"uv": [4, 4, 5, 4.9], "texture": "#0", "rotation": 180},
				"down": {"uv": [3, 6, 4, 6.9], "texture": "#0"}
			}
		},
		{
			"from": [7.3, 4, -1],
			"to": [8.5, 19, 0.1],
			"faces": {
				"north": {"uv": [0, 3, 16, 4], "texture": "#0", "rotation": 90},
				"east": {"uv": [0, 0, 16, 0.9], "texture": "#0", "rotation": 270},
				"south": {"uv": [0, 2, 16, 3], "texture": "#0", "rotation": 90},
				"west": {"uv": [0, 0, 16, 0.9], "texture": "#0", "rotation": 90},
				"up": {"uv": [4, 4, 5, 4.9], "texture": "#0", "rotation": 180},
				"down": {"uv": [3, 6, 4, 6.9], "texture": "#0"}
			}
		},
		{
			"from": [16.01, -13.9, -1],
			"to": [16.9, 1.99, -0.01],
			"faces": {
				"north": {"uv": [8, 15, 7, 0], "texture": "#1_0", "rotation": 180},
				"east": {"uv": [8, 15, 7, 0], "texture": "#1_0", "rotation": 180},
				"south": {"uv": [8, 15, 7, 0], "texture": "#1_0", "rotation": 180},
				"west": {"uv": [8, 15, 7, 0], "texture": "#1_0", "rotation": 180},
				"up": {"uv": [7, 0, 8, 1], "texture": "#1_0"},
				"down": {"uv": [7, 0, 8, 1], "texture": "#1_0"}
			}
		},
		{
			"from": [15, -14, -2],
			"to": [16, 2, 0],
			"faces": {
				"north": {"uv": [8, 0, 9, 15], "texture": "#1_0"},
				"east": {"uv": [5, 0, 7, 15], "texture": "#1_0"},
				"south": {"uv": [5, 0, 6, 15], "texture": "#1_0"},
				"west": {"uv": [10, 0, 12, 15], "texture": "#1_0"},
				"up": {"uv": [5, 2, 7, 3], "texture": "#1_0", "rotation": 180},
				"down": {"uv": [5, 1, 6, 3], "texture": "#1_0", "rotation": 180}
			}
		},
		{
			"from": [0, -14, -2],
			"to": [1, 2, 0],
			"faces": {
				"north": {"uv": [8, 0, 9, 15], "texture": "#1_0"},
				"east": {"uv": [5, 0, 7, 15], "texture": "#1_0"},
				"south": {"uv": [5, 0, 6, 15], "texture": "#1_0"},
				"west": {"uv": [10, 0, 12, 15], "texture": "#1_0"},
				"up": {"uv": [5, 2, 7, 3], "texture": "#1_0", "rotation": 180},
				"down": {"uv": [5, 2, 6, 4], "texture": "#1_0", "rotation": 180}
			}
		},
		{
			"from": [1, -6, -1.5],
			"to": [15, -5, -0.5],
			"faces": {
				"north": {"uv": [2, 5, 16, 6], "texture": "#1"},
				"east": {"uv": [2, 5, 3, 6], "texture": "#1"},
				"south": {"uv": [2, 5, 16, 6], "texture": "#1"},
				"west": {"uv": [2, 5, 3, 6], "texture": "#1"},
				"up": {"uv": [2, 5, 16, 6], "texture": "#1", "rotation": 180},
				"down": {"uv": [2, 5, 16, 6], "texture": "#1", "rotation": 180}
			}
		},
		{
			"from": [1, -9, -1.5],
			"to": [15, -8, -0.5],
			"faces": {
				"north": {"uv": [2, 5, 16, 6], "texture": "#1"},
				"east": {"uv": [2, 5, 3, 6], "texture": "#1"},
				"south": {"uv": [2, 5, 16, 6], "texture": "#1"},
				"west": {"uv": [2, 5, 3, 6], "texture": "#1"},
				"up": {"uv": [2, 5, 16, 6], "texture": "#1", "rotation": 180},
				"down": {"uv": [2, 5, 16, 6], "texture": "#1", "rotation": 180}
			}
		},
		{
			"from": [0, -16, -1.5],
			"to": [0.5, -14, -0.5],
			"faces": {
				"north": {"uv": [6, 0, 5, 2], "texture": "#1"},
				"east": {"uv": [6, 0, 5, 2], "texture": "#1"},
				"south": {"uv": [6, 0, 5, 2], "texture": "#1"},
				"west": {"uv": [6, 0, 5, 2], "texture": "#1"},
				"up": {"uv": [5, 2, 6, 0], "texture": "#1", "rotation": 180},
				"down": {"uv": [5, 1, 6, 0], "texture": "#1", "rotation": 180}
			}
		},
		{
			"from": [15.5, -16, -1.5],
			"to": [16, -14, -0.5],
			"faces": {
				"north": {"uv": [5, 0, 6, 2], "texture": "#1"},
				"east": {"uv": [5, 0, 6, 2], "texture": "#1"},
				"south": {"uv": [5, 0, 6, 2], "texture": "#1"},
				"west": {"uv": [5, 0, 6, 2], "texture": "#1"},
				"up": {"uv": [6, 2, 5, 0], "texture": "#1", "rotation": 180},
				"down": {"uv": [6, 1, 5, 0], "texture": "#1", "rotation": 180}
			}
		},
		{
			"from": [1, -8, -1.25],
			"to": [15, -6, -0.75],
			"faces": {
				"north": {"uv": [0, 0, 16, 2], "texture": "#2"},
				"east": {"uv": [2, 5, 3, 6], "texture": "#1"},
				"south": {"uv": [0, 0, 16, 2], "texture": "#2"},
				"west": {"uv": [2, 5, 3, 6], "texture": "#1"},
				"up": {"uv": [2, 5, 16, 6], "texture": "#1", "rotation": 180},
				"down": {"uv": [2, 5, 16, 6], "texture": "#1", "rotation": 180}
			}
		},
		{
			"from": [1, -1, -1.5],
			"to": [15, 0, -0.5],
			"faces": {
				"north": {"uv": [0, 7, 14, 8], "texture": "#1"},
				"east": {"uv": [2, 5, 3, 6], "texture": "#1"},
				"south": {"uv": [2, 5, 16, 6], "texture": "#1"},
				"west": {"uv": [2, 5, 3, 6], "texture": "#1"},
				"up": {"uv": [2, 5, 16, 6], "texture": "#1", "rotation": 180},
				"down": {"uv": [2, 5, 16, 6], "texture": "#1", "rotation": 180}
			}
		},
		{
			"from": [0, 13.7, -1],
			"to": [16, 14.9, -0.1],
			"faces": {
				"north": {"uv": [0, 3, 16, 4], "texture": "#0", "rotation": 180},
				"east": {"uv": [3, 6, 4, 6.9], "texture": "#0", "rotation": 270},
				"south": {"uv": [0, 2, 16, 3], "texture": "#0"},
				"west": {"uv": [4, 4, 5, 4.9], "texture": "#0", "rotation": 90},
				"up": {"uv": [0, 0, 16, 0.9], "texture": "#0", "rotation": 180},
				"down": {"uv": [0, 0, 16, 0.9], "texture": "#0"}
			}
		},
		{
			"from": [0, 16.8, -1],
			"to": [16, 18, -0.1],
			"faces": {
				"north": {"uv": [0, 3, 16, 4], "texture": "#0", "rotation": 180},
				"east": {"uv": [3, 6, 4, 6.9], "texture": "#0", "rotation": 270},
				"south": {"uv": [0, 2, 16, 3], "texture": "#0"},
				"west": {"uv": [4, 4, 5, 4.9], "texture": "#0", "rotation": 90},
				"up": {"uv": [0, 0, 16, 0.9], "texture": "#0", "rotation": 180},
				"down": {"uv": [0, 0, 16, 0.9], "texture": "#0"}
			}
		}
	],
	"display": {
		"head": {
			"scale": [1.6, 1.6, 1.6],
			"translation": [0, 2, -1]
		}
	},
	"groups": [0, 1, 2, 3, 4, 5, 6, 7,
		{
			"name": "iron_trapdoor_open",
			"isOpen": true,
			"shade": true,
			"display": {
				"visibility": true,
				"autouv": false
			},
			"children": [8, 9, 10, 11, 12, 13, 14, 15, 16]
		}, 17, 18]
}