{
	"textures": {
		"0": "block/water_still",
		"1": "_custom/pallet_text",
		"particle": "block/water_still"
	},
	"elements": [
		{
			"from": [-16, 0, -16],
			"to": [29, 1, 32],
			"faces": {
				"north": {"uv": [0, 0, 0.5, 0.5], "texture": "#1"},
				"east": {"uv": [0, 0, 0.5, 0.5], "texture": "#1"},
				"south": {"uv": [0, 0, 0.5, 0.5], "texture": "#1"},
				"west": {"uv": [0, 0, 0.5, 0.5], "texture": "#1"},
				"up": {"uv": [0, 0, 16, 16], "texture": "#0"},
				"down": {"uv": [0, 0, 0.5, 0.5], "texture": "#1"}
			}
		}
	],
	"display": {
		"thirdperson_righthand": {
			"scale": [2, 2, 2],
			"translation": [0, 0, 0],
			"rotation": [8, 0, -2.5]
		}
	}
}