{
	"textures": {
		"0": "_custom/steel",
		"particle": "_custom/steel"
	},
	"elements": [
		{
			"from": [0, -1, 13.7],
			"to": [16, -0.1, 14.9],
			"faces": {
				"north": {"uv": [0, 0, 16, 0.9], "texture": "#0"},
				"east": {"uv": [4, 4, 5, 4.9], "texture": "#0"},
				"south": {"uv": [0, 0, 16, 0.9], "texture": "#0"},
				"west": {"uv": [3, 6, 4, 6.9], "texture": "#0"},
				"up": {"uv": [0, 2, 16, 3], "texture": "#0", "rotation": 180},
				"down": {"uv": [0, 3, 16, 4], "texture": "#0", "rotation": 180}
			}
		},
		{
			"from": [0, -1, 1.1],
			"to": [16, -0.1, 2.3],
			"faces": {
				"north": {"uv": [0, 0, 16, 0.9], "texture": "#0"},
				"east": {"uv": [4, 4, 5, 4.9], "texture": "#0"},
				"south": {"uv": [0, 0, 16, 0.9], "texture": "#0"},
				"west": {"uv": [3, 6, 4, 6.9], "texture": "#0"},
				"up": {"uv": [0, 2, 16, 3], "texture": "#0", "rotation": 180},
				"down": {"uv": [0, 3, 16, 4], "texture": "#0", "rotation": 180}
			}
		},
		{
			"from": [0, -1, 4.2],
			"to": [16, -0.1, 5.4],
			"faces": {
				"north": {"uv": [0, 0, 16, 0.9], "texture": "#0"},
				"east": {"uv": [4, 4, 5, 4.9], "texture": "#0"},
				"south": {"uv": [0, 0, 16, 0.9], "texture": "#0"},
				"west": {"uv": [3, 6, 4, 6.9], "texture": "#0"},
				"up": {"uv": [0, 2, 16, 3], "texture": "#0", "rotation": 180},
				"down": {"uv": [0, 3, 16, 4], "texture": "#0", "rotation": 180}
			}
		},
		{
			"from": [0, -1, 10.6],
			"to": [16, -0.1, 11.8],
			"faces": {
				"north": {"uv": [0, 0, 16, 0.9], "texture": "#0"},
				"east": {"uv": [4, 4, 5, 4.9], "texture": "#0"},
				"south": {"uv": [0, 0, 16, 0.9], "texture": "#0"},
				"west": {"uv": [3, 6, 4, 6.9], "texture": "#0"},
				"up": {"uv": [0, 2, 16, 3], "texture": "#0", "rotation": 180},
				"down": {"uv": [0, 3, 16, 4], "texture": "#0", "rotation": 180}
			}
		},
		{
			"from": [0, -1, 7.3],
			"to": [16, -0.1, 8.5],
			"faces": {
				"north": {"uv": [0, 0, 16, 0.9], "texture": "#0"},
				"east": {"uv": [4, 4, 5, 4.9], "texture": "#0"},
				"south": {"uv": [0, 0, 16, 0.9], "texture": "#0"},
				"west": {"uv": [3, 6, 4, 6.9], "texture": "#0"},
				"up": {"uv": [0, 2, 16, 3], "texture": "#0", "rotation": 180},
				"down": {"uv": [0, 3, 16, 4], "texture": "#0", "rotation": 180}
			}
		},
		{
			"from": [1.1, -1, 0],
			"to": [2.3, 0.1, 16],
			"faces": {
				"north": {"uv": [3, 6, 4, 6.9], "texture": "#0"},
				"east": {"uv": [0, 0, 16, 0.9], "texture": "#0"},
				"south": {"uv": [4, 4, 5, 4.9], "texture": "#0"},
				"west": {"uv": [0, 0, 16, 0.9], "texture": "#0"},
				"up": {"uv": [0, 2, 16, 3], "texture": "#0", "rotation": 270},
				"down": {"uv": [0, 3, 16, 4], "texture": "#0", "rotation": 90}
			}
		},
		{
			"from": [13.7, -1, 0],
			"to": [14.9, 0.1, 16],
			"faces": {
				"north": {"uv": [3, 6, 4, 6.9], "texture": "#0"},
				"east": {"uv": [0, 0, 16, 0.9], "texture": "#0"},
				"south": {"uv": [4, 4, 5, 4.9], "texture": "#0"},
				"west": {"uv": [0, 0, 16, 0.9], "texture": "#0"},
				"up": {"uv": [0, 2, 16, 3], "texture": "#0", "rotation": 270},
				"down": {"uv": [0, 3, 16, 4], "texture": "#0", "rotation": 90}
			}
		},
		{
			"from": [10.6, -1, 0],
			"to": [11.8, 0.1, 16],
			"faces": {
				"north": {"uv": [3, 6, 4, 6.9], "texture": "#0"},
				"east": {"uv": [0, 0, 16, 0.9], "texture": "#0"},
				"south": {"uv": [4, 4, 5, 4.9], "texture": "#0"},
				"west": {"uv": [0, 0, 16, 0.9], "texture": "#0"},
				"up": {"uv": [0, 2, 16, 3], "texture": "#0", "rotation": 270},
				"down": {"uv": [0, 3, 16, 4], "texture": "#0", "rotation": 90}
			}
		},
		{
			"from": [4.2, -1, 0],
			"to": [5.4, 0.1, 16],
			"faces": {
				"north": {"uv": [3, 6, 4, 6.9], "texture": "#0"},
				"east": {"uv": [0, 0, 16, 0.9], "texture": "#0"},
				"south": {"uv": [4, 4, 5, 4.9], "texture": "#0"},
				"west": {"uv": [0, 0, 16, 0.9], "texture": "#0"},
				"up": {"uv": [0, 2, 16, 3], "texture": "#0", "rotation": 270},
				"down": {"uv": [0, 3, 16, 4], "texture": "#0", "rotation": 90}
			}
		},
		{
			"from": [7.5, -1, 0],
			"to": [8.7, 0.1, 16],
			"faces": {
				"north": {"uv": [3, 6, 4, 6.9], "texture": "#0"},
				"east": {"uv": [0, 0, 16, 0.9], "texture": "#0"},
				"south": {"uv": [4, 4, 5, 4.9], "texture": "#0"},
				"west": {"uv": [0, 0, 16, 0.9], "texture": "#0"},
				"up": {"uv": [0, 2, 16, 3], "texture": "#0", "rotation": 270},
				"down": {"uv": [0, 3, 16, 4], "texture": "#0", "rotation": 90}
			}
		}
	],
	"display": {
		"head": {
			"scale": [1.6, 1.6, 1.6],
			"translation": [0, 32, 0]
		}
	}
}