{
	"textures": {
		"0": "_custom/oak_planks",
		"1": "_custom/pallet_text",
		"particle": "_custom/oak_planks"
	},
	"elements": [
		{
			"from": [0, 0, -1],
			"to": [19, 1, 2],
			"faces": {
				"north": {"uv": [0, 13, 16, 14], "texture": "#0", "rotation": 180},
				"east": {"uv": [0, 0, 1, 1], "texture": "#0"},
				"south": {"uv": [0, 5, 16, 6], "texture": "#0"},
				"west": {"uv": [0, 0, 1, 1], "texture": "#0"},
				"up": {"uv": [0, 4, 16, 7], "texture": "#0"},
				"down": {"uv": [0, 12, 16, 15], "texture": "#0"}
			}
		},
		{
			"from": [-2.75, 1, -0.75],
			"to": [0.75, 3.5, 1.75],
			"faces": {
				"north": {"uv": [4, 0, 8, 3], "texture": "#0"},
				"east": {"uv": [0, 0, 3, 3], "texture": "#0"},
				"south": {"uv": [4, 0, 8, 3], "texture": "#0"},
				"west": {"uv": [10, 0, 13, 3], "texture": "#0"},
				"up": {"uv": [4, 0, 8, 3], "texture": "#0"},
				"down": {"uv": [4, 0, 8, 3], "texture": "#0"}
			}
		},
		{
			"from": [-3, 0, -1],
			"to": [0, 1, 2],
			"faces": {
				"north": {"uv": [0, 13, 3, 14], "texture": "#0", "rotation": 180},
				"east": {"uv": [0, 0, 1, 1], "texture": "#0"},
				"south": {"uv": [7, 8, 10, 9], "texture": "#0"},
				"west": {"uv": [5, 9, 8, 10], "texture": "#0"},
				"up": {"uv": [0, 4, 3, 7], "texture": "#0"},
				"down": {"uv": [6, 8, 9, 11], "texture": "#0"}
			}
		},
		{
			"from": [0, 0, 14],
			"to": [19, 1, 17],
			"faces": {
				"north": {"uv": [0, 13, 16, 14], "texture": "#0", "rotation": 180},
				"east": {"uv": [0, 0, 1, 1], "texture": "#0"},
				"south": {"uv": [0, 5, 16, 6], "texture": "#0"},
				"west": {"uv": [0, 0, 1, 1], "texture": "#0"},
				"up": {"uv": [0, 4, 16, 7], "texture": "#0"},
				"down": {"uv": [0, 12, 16, 15], "texture": "#0"}
			}
		},
		{
			"from": [-3, 0, 14],
			"to": [0, 1, 17],
			"faces": {
				"north": {"uv": [0, 13, 3, 14], "texture": "#0", "rotation": 180},
				"east": {"uv": [0, 0, 1, 1], "texture": "#0"},
				"south": {"uv": [7, 8, 10, 9], "texture": "#0"},
				"west": {"uv": [5, 9, 8, 10], "texture": "#0"},
				"up": {"uv": [0, 4, 3, 7], "texture": "#0"},
				"down": {"uv": [6, 8, 9, 11], "texture": "#0"}
			}
		},
		{
			"from": [0, 0, 6.5],
			"to": [19, 1, 9.5],
			"faces": {
				"north": {"uv": [0, 13, 16, 14], "texture": "#0", "rotation": 180},
				"east": {"uv": [0, 0, 1, 1], "texture": "#0"},
				"south": {"uv": [0, 5, 16, 6], "texture": "#0"},
				"west": {"uv": [0, 0, 1, 1], "texture": "#0"},
				"up": {"uv": [0, 4, 16, 7], "texture": "#0"},
				"down": {"uv": [0, 12, 16, 15], "texture": "#0"}
			}
		},
		{
			"from": [-3, 0, 6.5],
			"to": [0, 1, 9.5],
			"faces": {
				"north": {"uv": [0, 13, 3, 14], "texture": "#0", "rotation": 180},
				"east": {"uv": [0, 0, 1, 1], "texture": "#0"},
				"south": {"uv": [7, 8, 10, 9], "texture": "#0"},
				"west": {"uv": [5, 9, 8, 10], "texture": "#0"},
				"up": {"uv": [0, 4, 3, 7], "texture": "#0"},
				"down": {"uv": [6, 8, 9, 11], "texture": "#0"}
			}
		},
		{
			"from": [15.25, 1, -0.75],
			"to": [18.75, 3.5, 1.75],
			"faces": {
				"north": {"uv": [7, 0, 11, 3], "texture": "#0"},
				"east": {"uv": [0, 0, 3, 3], "texture": "#0"},
				"south": {"uv": [4, 0, 8, 3], "texture": "#0"},
				"west": {"uv": [9, 4, 12, 7], "texture": "#0"},
				"up": {"uv": [4, 0, 8, 3], "texture": "#0"},
				"down": {"uv": [4, 0, 8, 3], "texture": "#0"}
			}
		},
		{
			"from": [6.25, 1, -0.75],
			"to": [9.75, 3.5, 1.75],
			"faces": {
				"north": {"uv": [11, 4, 15, 7], "texture": "#0"},
				"east": {"uv": [13, 4, 16, 7], "texture": "#0"},
				"south": {"uv": [4, 0, 8, 3], "texture": "#0"},
				"west": {"uv": [9, 4, 12, 7], "texture": "#0"},
				"up": {"uv": [4, 0, 8, 3], "texture": "#0"},
				"down": {"uv": [4, 0, 8, 3], "texture": "#0"}
			}
		},
		{
			"from": [15.25, 1, 6.75],
			"to": [18.75, 3.5, 9.25],
			"faces": {
				"north": {"uv": [0, 12, 4, 15], "texture": "#0"},
				"east": {"uv": [11, 0, 14, 3], "texture": "#0"},
				"south": {"uv": [9, 0, 13, 3], "texture": "#0"},
				"west": {"uv": [9, 4, 12, 7], "texture": "#0"},
				"up": {"uv": [4, 0, 8, 3], "texture": "#0"},
				"down": {"uv": [4, 0, 8, 3], "texture": "#0"}
			}
		},
		{
			"from": [-2.75, 1, 6.75],
			"to": [0.75, 3.5, 9.25],
			"faces": {
				"north": {"uv": [10, 8, 14, 11], "texture": "#0"},
				"east": {"uv": [10, 4, 13, 7], "texture": "#0"},
				"south": {"uv": [6, 8, 10, 11], "texture": "#0"},
				"west": {"uv": [9, 4, 12, 7], "texture": "#0"},
				"up": {"uv": [4, 0, 8, 3], "texture": "#0"},
				"down": {"uv": [4, 0, 8, 3], "texture": "#0"}
			}
		},
		{
			"from": [6.25, 1, 6.75],
			"to": [9.75, 3.5, 9.25],
			"faces": {
				"north": {"uv": [4, 0, 8, 3], "texture": "#0"},
				"east": {"uv": [0, 0, 3, 3], "texture": "#0"},
				"south": {"uv": [8, 0, 12, 3], "texture": "#0"},
				"west": {"uv": [9, 4, 12, 7], "texture": "#0"},
				"up": {"uv": [4, 0, 8, 3], "texture": "#0"},
				"down": {"uv": [4, 0, 8, 3], "texture": "#0"}
			}
		},
		{
			"from": [15.25, 1, 14.25],
			"to": [18.75, 3.5, 16.75],
			"faces": {
				"north": {"uv": [4, 0, 8, 3], "texture": "#0"},
				"east": {"uv": [9, 4, 12, 7], "texture": "#0"},
				"south": {"uv": [4, 0, 8, 3], "texture": "#0"},
				"west": {"uv": [9, 4, 12, 7], "texture": "#0"},
				"up": {"uv": [4, 0, 8, 3], "texture": "#0"},
				"down": {"uv": [4, 0, 8, 3], "texture": "#0"}
			}
		},
		{
			"from": [-2.75, 1, 14.25],
			"to": [0.75, 3.5, 16.75],
			"faces": {
				"north": {"uv": [4, 0, 8, 3], "texture": "#0"},
				"east": {"uv": [9, 12, 12, 15], "texture": "#0"},
				"south": {"uv": [2, 8, 6, 11], "texture": "#0"},
				"west": {"uv": [11, 12, 14, 15], "texture": "#0"},
				"up": {"uv": [4, 0, 8, 3], "texture": "#0"},
				"down": {"uv": [4, 0, 8, 3], "texture": "#0"}
			}
		},
		{
			"from": [6.25, 1, 14.25],
			"to": [9.75, 3.5, 16.75],
			"faces": {
				"north": {"uv": [4, 0, 8, 3], "texture": "#0"},
				"east": {"uv": [2, 12, 5, 15], "texture": "#0"},
				"south": {"uv": [10, 0, 14, 3], "texture": "#0"},
				"west": {"uv": [9, 4, 12, 7], "texture": "#0"},
				"up": {"uv": [4, 0, 8, 3], "texture": "#0"},
				"down": {"uv": [4, 0, 8, 3], "texture": "#0"}
			}
		},
		{
			"from": [-2.75, 1, 16.75],
			"to": [0.75, 3.5, 16.76],
			"faces": {
				"north": {"uv": [0, 0, 0.5, 0.5], "texture": "#1"},
				"east": {"uv": [0, 0, 0.5, 0.5], "texture": "#1"},
				"south": {"uv": [0, 0, 16, 8], "texture": "#1"},
				"west": {"uv": [0, 0, 0.5, 0.5], "texture": "#1"},
				"up": {"uv": [0, 0, 0.5, 0.5], "texture": "#1"},
				"down": {"uv": [0, 0, 0.5, 0.5], "texture": "#1"}
			}
		},
		{
			"from": [6.25, 1, 16.75],
			"to": [9.75, 3.5, 16.76],
			"faces": {
				"north": {"uv": [0, 0, 0.5, 0.5], "texture": "#1"},
				"east": {"uv": [0, 0, 0.5, 0.5], "texture": "#1"},
				"south": {"uv": [0, 8, 16, 16], "texture": "#1"},
				"west": {"uv": [0, 0, 0.5, 0.5], "texture": "#1"},
				"up": {"uv": [0, 0, 0.5, 0.5], "texture": "#1"},
				"down": {"uv": [0, 0, 0.5, 0.5], "texture": "#1"}
			}
		},
		{
			"from": [15.25, 1, 16.75],
			"to": [18.75, 3.5, 16.76],
			"faces": {
				"north": {"uv": [0, 0, 0.5, 0.5], "texture": "#1"},
				"east": {"uv": [0, 0, 0.5, 0.5], "texture": "#1"},
				"south": {"uv": [0, 0, 16, 8], "texture": "#1"},
				"west": {"uv": [0, 0, 0.5, 0.5], "texture": "#1"},
				"up": {"uv": [0, 0, 0.5, 0.5], "texture": "#1"},
				"down": {"uv": [0, 0, 0.5, 0.5], "texture": "#1"}
			}
		},
		{
			"from": [-2.75, 1, -0.76],
			"to": [0.75, 3.5, -0.75],
			"faces": {
				"north": {"uv": [0, 0, 16, 8], "texture": "#1"},
				"east": {"uv": [0, 0, 0.5, 0.5], "texture": "#1"},
				"south": {"uv": [0, 0, 0.5, 0.5], "texture": "#1"},
				"west": {"uv": [0, 0, 0.5, 0.5], "texture": "#1"},
				"up": {"uv": [0.5, 0.5, 0, 0], "texture": "#1"},
				"down": {"uv": [0.5, 0.5, 0, 0], "texture": "#1"}
			}
		},
		{
			"from": [6.25, 1, -0.76],
			"to": [9.75, 3.5, -0.75],
			"faces": {
				"north": {"uv": [0, 8, 16, 16], "texture": "#1"},
				"east": {"uv": [0, 0, 0.5, 0.5], "texture": "#1"},
				"south": {"uv": [0, 0, 0.5, 0.5], "texture": "#1"},
				"west": {"uv": [0, 0, 0.5, 0.5], "texture": "#1"},
				"up": {"uv": [0.5, 0.5, 0, 0], "texture": "#1"},
				"down": {"uv": [0.5, 0.5, 0, 0], "texture": "#1"}
			}
		},
		{
			"from": [15.25, 1, -0.76],
			"to": [18.75, 3.5, -0.75],
			"faces": {
				"north": {"uv": [0, 0, 16, 8], "texture": "#1"},
				"east": {"uv": [0, 0, 0.5, 0.5], "texture": "#1"},
				"south": {"uv": [0, 0, 0.5, 0.5], "texture": "#1"},
				"west": {"uv": [0, 0, 0.5, 0.5], "texture": "#1"},
				"up": {"uv": [0.5, 0.5, 0, 0], "texture": "#1"},
				"down": {"uv": [0.5, 0.5, 0, 0], "texture": "#1"}
			}
		},
		{
			"from": [-3, 3.5, 1],
			"to": [1, 4, 17],
			"faces": {
				"north": {"uv": [3, 10, 4, 15], "texture": "#0", "rotation": 90},
				"east": {"uv": [0, 4, 16, 5], "texture": "#0"},
				"south": {"uv": [3, 6, 4, 11], "texture": "#0", "rotation": 270},
				"west": {"uv": [0, 13, 16, 14], "texture": "#0", "rotation": 180},
				"up": {"uv": [0, 10, 16, 15], "texture": "#0", "rotation": 270},
				"down": {"uv": [0, 4, 16, 7], "texture": "#0", "rotation": 90}
			}
		},
		{
			"from": [6, 3.5, 1],
			"to": [10, 4, 17],
			"faces": {
				"north": {"uv": [3, 10, 4, 15], "texture": "#0", "rotation": 90},
				"east": {"uv": [0, 4, 16, 5], "texture": "#0"},
				"south": {"uv": [3, 6, 4, 11], "texture": "#0", "rotation": 270},
				"west": {"uv": [0, 13, 16, 14], "texture": "#0", "rotation": 180},
				"up": {"uv": [0, 4, 16, 9], "texture": "#0", "rotation": 90},
				"down": {"uv": [0, 4, 16, 7], "texture": "#0", "rotation": 90}
			}
		},
		{
			"from": [15, 3.5, 1],
			"to": [19, 4, 17],
			"faces": {
				"north": {"uv": [3, 10, 4, 15], "texture": "#0", "rotation": 90},
				"east": {"uv": [0, 4, 16, 5], "texture": "#0"},
				"south": {"uv": [3, 6, 4, 11], "texture": "#0", "rotation": 270},
				"west": {"uv": [0, 13, 16, 14], "texture": "#0", "rotation": 180},
				"up": {"uv": [0, 10, 16, 15], "texture": "#0", "rotation": 270},
				"down": {"uv": [0, 4, 16, 7], "texture": "#0", "rotation": 90}
			}
		},
		{
			"from": [-3, 3.5, -1],
			"to": [1, 4, 1],
			"faces": {
				"north": {"uv": [3, 10, 4, 15], "texture": "#0", "rotation": 90},
				"east": {"uv": [0, 4, 2, 5], "texture": "#0"},
				"south": {"uv": [3, 6, 4, 11], "texture": "#0", "rotation": 270},
				"west": {"uv": [0, 13, 2, 14], "texture": "#0", "rotation": 180},
				"up": {"uv": [0, 10, 2, 15], "texture": "#0", "rotation": 270},
				"down": {"uv": [0, 4, 2, 7], "texture": "#0", "rotation": 90}
			}
		},
		{
			"from": [6, 3.5, -1],
			"to": [10, 4, 1],
			"faces": {
				"north": {"uv": [3, 10, 4, 15], "texture": "#0", "rotation": 90},
				"east": {"uv": [0, 4, 2, 5], "texture": "#0"},
				"south": {"uv": [3, 6, 4, 11], "texture": "#0", "rotation": 270},
				"west": {"uv": [0, 13, 2, 14], "texture": "#0", "rotation": 180},
				"up": {"uv": [0, 10, 2, 15], "texture": "#0", "rotation": 270},
				"down": {"uv": [0, 4, 2, 7], "texture": "#0", "rotation": 90}
			}
		},
		{
			"from": [15, 3.5, -1],
			"to": [19, 4, 1],
			"faces": {
				"north": {"uv": [3, 10, 4, 15], "texture": "#0", "rotation": 90},
				"east": {"uv": [0, 4, 2, 5], "texture": "#0"},
				"south": {"uv": [3, 6, 4, 11], "texture": "#0", "rotation": 270},
				"west": {"uv": [0, 13, 2, 14], "texture": "#0", "rotation": 180},
				"up": {"uv": [0, 10, 2, 15], "texture": "#0", "rotation": 270},
				"down": {"uv": [0, 4, 2, 7], "texture": "#0", "rotation": 90}
			}
		},
		{
			"from": [-3, 4, -1],
			"to": [16, 4.5, 2],
			"faces": {
				"north": {"uv": [16, 13, 0, 14], "texture": "#0", "rotation": 180},
				"east": {"uv": [1, 0, 0, 1], "texture": "#0"},
				"south": {"uv": [16, 5, 0, 6], "texture": "#0"},
				"west": {"uv": [1, 0, 0, 1], "texture": "#0"},
				"up": {"uv": [16, 4, 0, 7], "texture": "#0"},
				"down": {"uv": [16, 12, 0, 15], "texture": "#0"}
			}
		},
		{
			"from": [16, 4, -1],
			"to": [19, 4.5, 2],
			"faces": {
				"north": {"uv": [3, 13, 0, 14], "texture": "#0", "rotation": 180},
				"east": {"uv": [8, 9, 5, 10], "texture": "#0"},
				"south": {"uv": [10, 8, 7, 9], "texture": "#0"},
				"west": {"uv": [1, 0, 0, 1], "texture": "#0"},
				"up": {"uv": [6, 4, 3, 7], "texture": "#0"},
				"down": {"uv": [9, 8, 6, 11], "texture": "#0"}
			}
		},
		{
			"from": [0, 4, 4],
			"to": [19, 4.5, 7],
			"faces": {
				"north": {"uv": [0, 13, 16, 14], "texture": "#0", "rotation": 180},
				"east": {"uv": [0, 0, 1, 1], "texture": "#0"},
				"south": {"uv": [0, 5, 16, 6], "texture": "#0"},
				"west": {"uv": [0, 0, 1, 1], "texture": "#0"},
				"up": {"uv": [0, 12, 16, 15], "texture": "#0"},
				"down": {"uv": [0, 12, 16, 15], "texture": "#0"}
			}
		},
		{
			"from": [-3, 4, 4],
			"to": [0, 4.5, 7],
			"faces": {
				"north": {"uv": [0, 13, 3, 14], "texture": "#0", "rotation": 180},
				"east": {"uv": [0, 0, 1, 1], "texture": "#0"},
				"south": {"uv": [7, 8, 10, 9], "texture": "#0"},
				"west": {"uv": [5, 9, 8, 10], "texture": "#0"},
				"up": {"uv": [0, 4, 3, 7], "texture": "#0"},
				"down": {"uv": [6, 8, 9, 11], "texture": "#0"}
			}
		},
		{
			"from": [-3, 4, 9],
			"to": [16, 4.5, 12],
			"faces": {
				"north": {"uv": [16, 13, 0, 14], "texture": "#0", "rotation": 180},
				"east": {"uv": [1, 0, 0, 1], "texture": "#0"},
				"south": {"uv": [16, 5, 0, 6], "texture": "#0"},
				"west": {"uv": [1, 0, 0, 1], "texture": "#0"},
				"up": {"uv": [16, 4, 0, 7], "texture": "#0"},
				"down": {"uv": [16, 12, 0, 15], "texture": "#0"}
			}
		},
		{
			"from": [16, 4, 9],
			"to": [19, 4.5, 12],
			"faces": {
				"north": {"uv": [3, 13, 0, 14], "texture": "#0", "rotation": 180},
				"east": {"uv": [8, 9, 5, 10], "texture": "#0"},
				"south": {"uv": [10, 8, 7, 9], "texture": "#0"},
				"west": {"uv": [1, 0, 0, 1], "texture": "#0"},
				"up": {"uv": [14, 4, 11, 7], "texture": "#0"},
				"down": {"uv": [9, 8, 6, 11], "texture": "#0"}
			}
		},
		{
			"from": [0, 4, 14],
			"to": [19, 4.5, 17],
			"faces": {
				"north": {"uv": [0, 13, 16, 14], "texture": "#0", "rotation": 180},
				"east": {"uv": [0, 0, 1, 1], "texture": "#0"},
				"south": {"uv": [0, 5, 16, 6], "texture": "#0"},
				"west": {"uv": [0, 0, 1, 1], "texture": "#0"},
				"up": {"uv": [0, 12, 16, 15], "texture": "#0"},
				"down": {"uv": [0, 12, 16, 15], "texture": "#0"}
			}
		},
		{
			"from": [-3, 4, 14],
			"to": [0, 4.5, 17],
			"faces": {
				"north": {"uv": [0, 13, 3, 14], "texture": "#0", "rotation": 180},
				"east": {"uv": [0, 0, 1, 1], "texture": "#0"},
				"south": {"uv": [7, 8, 10, 9], "texture": "#0"},
				"west": {"uv": [5, 9, 8, 10], "texture": "#0"},
				"up": {"uv": [0, 4, 3, 7], "texture": "#0"},
				"down": {"uv": [6, 8, 9, 11], "texture": "#0"}
			}
		}
	],
	"display": {
		"head": {
			"scale": [2.2, 2.2, 2.2],
			"translation": [0, -27, 0]
		}
	}
}