{
	"parent": "block/block",
	"textures": {
		"0": "_custom/steel",
		"1": "block/purpur_pillar",
		"2": "_custom/lamp",
		"1_0": "_custom/steel",
		"particle": "_custom/steel"
	},
	"elements": [
		{
			"from": [0, 9, 3],
			"to": [16, 12, 13],
			"faces": {
				"north": {"uv": [0, 0, 16, 3], "texture": "#0"},
				"east": {"uv": [0, 0, 10, 3], "texture": "#0"},
				"south": {"uv": [0, 0, 16, 3], "texture": "#0"},
				"west": {"uv": [0, 0, 10, 3], "texture": "#0"},
				"up": {"uv": [0, 0, 10, 16], "texture": "#0", "rotation": 90},
				"down": {"uv": [0, 0, 10, 16], "texture": "#0", "rotation": 270}
			}
		},
		{
			"from": [-4, 10, 3],
			"to": [0, 12, 13],
			"faces": {
				"north": {"uv": [0, 0, 4, 2], "texture": "#0"},
				"east": {"uv": [0, 0, 10, 2], "texture": "#0"},
				"south": {"uv": [0, 0, 4, 2], "texture": "#0"},
				"west": {"uv": [3, 5, 13, 7], "texture": "#0"},
				"up": {"uv": [4, 3, 8, 13], "texture": "#0"},
				"down": {"uv": [6, 2, 10, 12], "texture": "#0", "rotation": 180}
			}
		},
		{
			"from": [16, 10, 3],
			"to": [20, 12, 13],
			"faces": {
				"north": {"uv": [0, 0, 4, 2], "texture": "#0"},
				"east": {"uv": [2, 6, 12, 8], "texture": "#0"},
				"south": {"uv": [0, 0, 4, 2], "texture": "#0"},
				"west": {"uv": [0, 0, 10, 2], "texture": "#0"},
				"up": {"uv": [9, 2, 13, 12], "texture": "#0"},
				"down": {"uv": [4, 3, 8, 13], "texture": "#0", "rotation": 180}
			}
		},
		{
			"from": [-5, 11, 13],
			"to": [0, 12, 14],
			"faces": {
				"north": {"uv": [7, 11, 8, 16], "texture": "#1", "rotation": 90},
				"east": {"uv": [7, 11, 8, 16], "texture": "#1", "rotation": 90},
				"south": {"uv": [7, 11, 8, 16], "texture": "#1", "rotation": 90},
				"west": {"uv": [7, 15, 8, 16], "texture": "#1", "rotation": 90},
				"up": {"uv": [7, 11, 8, 16], "texture": "#1", "rotation": 90},
				"down": {"uv": [7, 11, 8, 16], "texture": "#1", "rotation": 90}
			}
		},
		{
			"from": [0, 11, 13],
			"to": [16, 12, 14],
			"faces": {
				"north": {"uv": [7, 0, 8, 16], "texture": "#1", "rotation": 90},
				"east": {"uv": [7, 0, 8, 16], "texture": "#1", "rotation": 90},
				"south": {"uv": [7, 0, 8, 16], "texture": "#1", "rotation": 90},
				"west": {"uv": [7, 0, 8, 16], "texture": "#1", "rotation": 90},
				"up": {"uv": [7, 0, 8, 16], "texture": "#1", "rotation": 90},
				"down": {"uv": [7, 0, 8, 16], "texture": "#1", "rotation": 90}
			}
		},
		{
			"from": [16, 11, 13],
			"to": [21, 12, 14],
			"faces": {
				"north": {"uv": [7, 11, 8, 16], "texture": "#1", "rotation": 90},
				"east": {"uv": [7, 15, 8, 16], "texture": "#1", "rotation": 90},
				"south": {"uv": [7, 11, 8, 16], "texture": "#1", "rotation": 90},
				"west": {"uv": [7, 11, 8, 16], "texture": "#1", "rotation": 90},
				"up": {"uv": [7, 11, 8, 16], "texture": "#1", "rotation": 90},
				"down": {"uv": [7, 11, 8, 16], "texture": "#1", "rotation": 90}
			}
		},
		{
			"from": [16, 11, 2],
			"to": [21, 12, 3],
			"faces": {
				"north": {"uv": [7, 11, 8, 16], "texture": "#1", "rotation": 90},
				"east": {"uv": [7, 15, 8, 16], "texture": "#1", "rotation": 90},
				"south": {"uv": [7, 11, 8, 16], "texture": "#1", "rotation": 90},
				"west": {"uv": [7, 11, 8, 16], "texture": "#1", "rotation": 90},
				"up": {"uv": [7, 11, 8, 16], "texture": "#1", "rotation": 90},
				"down": {"uv": [7, 11, 8, 16], "texture": "#1", "rotation": 90}
			}
		},
		{
			"from": [0, 11, 2],
			"to": [16, 12, 3],
			"faces": {
				"north": {"uv": [7, 0, 8, 16], "texture": "#1", "rotation": 90},
				"east": {"uv": [7, 0, 8, 16], "texture": "#1", "rotation": 90},
				"south": {"uv": [7, 0, 8, 16], "texture": "#1", "rotation": 90},
				"west": {"uv": [7, 0, 8, 16], "texture": "#1", "rotation": 90},
				"up": {"uv": [7, 0, 8, 16], "texture": "#1", "rotation": 90},
				"down": {"uv": [7, 0, 8, 16], "texture": "#1", "rotation": 90}
			}
		},
		{
			"from": [-5, 11, 2],
			"to": [0, 12, 3],
			"faces": {
				"north": {"uv": [7, 11, 8, 16], "texture": "#1", "rotation": 90},
				"east": {"uv": [7, 11, 8, 16], "texture": "#1", "rotation": 90},
				"south": {"uv": [7, 11, 8, 16], "texture": "#1", "rotation": 90},
				"west": {"uv": [7, 15, 8, 16], "texture": "#1", "rotation": 90},
				"up": {"uv": [7, 11, 8, 16], "texture": "#1", "rotation": 90},
				"down": {"uv": [7, 11, 8, 16], "texture": "#1", "rotation": 90}
			}
		},
		{
			"from": [-5, 11, 3],
			"to": [-4, 12, 13],
			"faces": {
				"north": {"uv": [7, 5, 8, 16], "texture": "#1", "rotation": 90},
				"east": {"uv": [7, 5, 8, 16], "texture": "#1", "rotation": 90},
				"south": {"uv": [7, 5, 8, 16], "texture": "#1", "rotation": 90},
				"west": {"uv": [7, 5, 8, 16], "texture": "#1", "rotation": 90},
				"up": {"uv": [7, 5, 8, 16], "texture": "#1"},
				"down": {"uv": [7, 5, 8, 16], "texture": "#1"}
			}
		},
		{
			"from": [20, 11, 3],
			"to": [21, 12, 13],
			"faces": {
				"north": {"uv": [7, 5, 8, 16], "texture": "#1", "rotation": 90},
				"east": {"uv": [7, 5, 8, 16], "texture": "#1", "rotation": 90},
				"south": {"uv": [7, 5, 8, 16], "texture": "#1", "rotation": 90},
				"west": {"uv": [7, 5, 8, 16], "texture": "#1", "rotation": 90},
				"up": {"uv": [7, 5, 8, 16], "texture": "#1"},
				"down": {"uv": [7, 5, 8, 16], "texture": "#1"}
			}
		},
		{
			"from": [4, 8.5, 4],
			"to": [12, 9, 12],
			"faces": {
				"north": {"uv": [13, 5, 14, 13], "texture": "#1_0", "rotation": 90},
				"east": {"uv": [13, 5, 14, 13], "texture": "#1_0", "rotation": 90},
				"south": {"uv": [13, 5, 14, 13], "texture": "#1_0", "rotation": 270},
				"west": {"uv": [13, 5, 14, 13], "texture": "#1_0", "rotation": 90},
				"up": {"uv": [13, 5, 14, 13], "texture": "#1_0", "rotation": 270},
				"down": {"uv": [3, 3, 13, 13], "texture": "#1_0", "rotation": 270}
			}
		},
		{
			"from": [5, 7.5, 5],
			"to": [11, 8.5, 11],
			"faces": {
				"north": {"uv": [0, 0, 3, 16], "texture": "#2", "rotation": 90},
				"east": {"uv": [0, 13, 16, 16], "texture": "#2", "rotation": 180},
				"south": {"uv": [0, 0, 3, 16], "texture": "#2", "rotation": 270},
				"west": {"uv": [0, 0, 16, 3], "texture": "#2"},
				"up": {"uv": [0, 0, 16, 16], "texture": "#2", "rotation": 270},
				"down": {"uv": [0, 0, 16, 16], "texture": "#2", "rotation": 270}
			}
		},
		{
			"from": [4.5, 6.75, 6],
			"to": [11.5, 8.5, 7],
			"faces": {
				"north": {"uv": [0, 0, 1, 8], "texture": "#1_0", "rotation": 90},
				"east": {"uv": [0, 0, 1, 1.75], "texture": "#1_0", "rotation": 180},
				"south": {"uv": [0, 0, 1.75, 8], "texture": "#1_0", "rotation": 270},
				"west": {"uv": [0, 0, 1, 1.75], "texture": "#1_0"},
				"up": {"uv": [0, 0, 1, 8], "texture": "#1_0", "rotation": 270},
				"down": {"uv": [0, 0, 1, 10], "texture": "#1_0", "rotation": 270}
			}
		},
		{
			"from": [4.5, 6.75, 9],
			"to": [11.5, 8.5, 10],
			"faces": {
				"north": {"uv": [0, 0, 1, 8], "texture": "#1_0", "rotation": 90},
				"east": {"uv": [0, 0, 1, 1.75], "texture": "#1_0", "rotation": 180},
				"south": {"uv": [0, 0, 1.75, 8], "texture": "#1_0", "rotation": 270},
				"west": {"uv": [0, 0, 1, 1.75], "texture": "#1_0"},
				"up": {"uv": [0, 0, 1, 8], "texture": "#1_0", "rotation": 270},
				"down": {"uv": [0, 0, 1, 10], "texture": "#1_0", "rotation": 270}
			}
		},
		{
			"from": [6, 6.85, 4.5],
			"to": [7, 8.5, 11.5],
			"faces": {
				"north": {"uv": [0, 7, 3, 8], "texture": "#1_0", "rotation": 270},
				"east": {"uv": [0, 0, 1, 8], "texture": "#1_0", "rotation": 90},
				"south": {"uv": [0, 0, 1, 3], "texture": "#1_0", "rotation": 180},
				"west": {"uv": [0, 0, 1, 8], "texture": "#1_0", "rotation": 270},
				"up": {"uv": [0, 0, 1, 8], "texture": "#1_0", "rotation": 180},
				"down": {"uv": [3, 7, 13, 8], "texture": "#1_0", "rotation": 270}
			}
		},
		{
			"from": [9, 6.85, 4.5],
			"to": [10, 8.5, 11.5],
			"faces": {
				"north": {"uv": [0, 5, 1, 8], "texture": "#1_0"},
				"east": {"uv": [0, 0, 1, 8], "texture": "#1_0", "rotation": 90},
				"south": {"uv": [0, 5, 1, 8], "texture": "#1_0", "rotation": 180},
				"west": {"uv": [0, 0, 1, 8], "texture": "#1_0", "rotation": 270},
				"up": {"uv": [0, 0, 1, 8], "texture": "#1_0", "rotation": 180},
				"down": {"uv": [2, 5, 12, 6], "texture": "#1_0", "rotation": 90}
			}
		}
	],
	"display": {
		"head": {
			"scale": [2, 2, 2],
			"translation": [0, 18, 0]
		}
	},
	"groups": [0, 1, 2, 3, 4, 5, 6, 7, 8, 9, 10,
		{
			"name": "black_glazed_terracotta",
			"isOpen": true,
			"shade": true,
			"display": {
				"visibility": true,
				"autouv": false
			},
			"children": [11, 12, 13, 14, 15, 16]
		}
	]
}