{
	"textures": {
		"0": "entity/villager/blink1",
		"1": "entity/villager/builder1",
		"particle": "entity/villager/blink1"
	},
	"elements": [
		{
			"from": [4, 22, 4],
			"to": [12, 23, 12],
			"faces": {
				"north": {"uv": [11.75, 1.5, 12, 1.75], "texture": "#1"},
				"east": {"uv": [11.75, 1.5, 12, 1.75], "texture": "#1"},
				"south": {"uv": [11.75, 1.5, 12, 1.75], "texture": "#1"},
				"west": {"uv": [11.75, 1.5, 12, 1.75], "texture": "#1"},
				"up": {"uv": [11.75, 1.5, 12, 1.75], "texture": "#1"},
				"down": {"uv": [11.75, 1.5, 12, 1.75], "texture": "#1"}
			}
		},
		{
			"from": [4.5, 23, 4],
			"to": [11.5, 24, 12],
			"faces": {
				"north": {"uv": [11.75, 1.5, 12, 1.75], "texture": "#1"},
				"east": {"uv": [11.75, 1.5, 12, 1.75], "texture": "#1"},
				"south": {"uv": [11.75, 1.5, 12, 1.75], "texture": "#1"},
				"west": {"uv": [11.75, 1.5, 12, 1.75], "texture": "#1"},
				"up": {"uv": [11.75, 1.5, 12, 1.75], "texture": "#1"},
				"down": {"uv": [11.75, 1.5, 12, 1.75], "texture": "#1"}
			}
		},
		{
			"from": [5, 24, 4.5],
			"to": [11, 26, 11],
			"faces": {
				"north": {"uv": [11.75, 1.5, 12, 1.75], "texture": "#1"},
				"east": {"uv": [11.75, 1.5, 12, 1.75], "texture": "#1"},
				"south": {"uv": [11.75, 1.5, 12, 1.75], "texture": "#1"},
				"west": {"uv": [11.75, 1.5, 12, 1.75], "texture": "#1"},
				"up": {"uv": [11.75, 1.5, 12, 1.75], "texture": "#1"},
				"down": {"uv": [11.75, 1.5, 12, 1.75], "texture": "#1"}
			}
		},
		{
			"from": [4, 21, 2],
			"to": [12, 22, 13],
			"faces": {
				"north": {"uv": [11.75, 1.5, 12, 1.75], "texture": "#1"},
				"east": {"uv": [11.75, 1.5, 12, 1.75], "texture": "#1"},
				"south": {"uv": [11.75, 1.5, 12, 1.75], "texture": "#1"},
				"west": {"uv": [11.75, 1.5, 12, 1.75], "texture": "#1"},
				"up": {"uv": [11.75, 1.5, 12, 1.75], "texture": "#1"},
				"down": {"uv": [11.75, 1.5, 12, 1.75], "texture": "#1"}
			}
		},
		{
			"from": [3, 21, 5],
			"to": [4, 23, 11],
			"faces": {
				"north": {"uv": [11.75, 1.5, 12, 1.75], "texture": "#1"},
				"east": {"uv": [11.75, 1.5, 12, 1.75], "texture": "#1"},
				"south": {"uv": [11.75, 1.5, 12, 1.75], "texture": "#1"},
				"west": {"uv": [11.75, 1.5, 12, 1.75], "texture": "#1"},
				"up": {"uv": [11.75, 1.5, 12, 1.75], "texture": "#1"},
				"down": {"uv": [11.75, 1.5, 12, 1.75], "texture": "#1"}
			}
		},
		{
			"from": [12, 21, 6],
			"to": [13, 23, 11],
			"faces": {
				"north": {"uv": [11.75, 1.5, 12, 1.75], "texture": "#1"},
				"east": {"uv": [11.75, 1.5, 12, 1.75], "texture": "#1"},
				"south": {"uv": [11.75, 1.5, 12, 1.75], "texture": "#1"},
				"west": {"uv": [11.75, 1.5, 12, 1.75], "texture": "#1"},
				"up": {"uv": [11.75, 1.5, 12, 1.75], "texture": "#1"},
				"down": {"uv": [11.75, 1.5, 12, 1.75], "texture": "#1"}
			}
		},
		{
			"from": [11, 23, 5],
			"to": [12, 25, 11],
			"faces": {
				"north": {"uv": [11.75, 1.5, 12, 1.75], "texture": "#1"},
				"east": {"uv": [11.75, 1.5, 12, 1.75], "texture": "#1"},
				"south": {"uv": [11.75, 1.5, 12, 1.75], "texture": "#1"},
				"west": {"uv": [11.75, 1.5, 12, 1.75], "texture": "#1"},
				"up": {"uv": [11.75, 1.5, 12, 1.75], "texture": "#1"},
				"down": {"uv": [11.75, 1.5, 12, 1.75], "texture": "#1"}
			}
		},
		{
			"from": [4, 23, 5],
			"to": [5, 25, 11],
			"faces": {
				"north": {"uv": [11.75, 1.5, 12, 1.75], "texture": "#1"},
				"east": {"uv": [11.75, 1.5, 12, 1.75], "texture": "#1"},
				"south": {"uv": [11.75, 1.5, 12, 1.75], "texture": "#1"},
				"west": {"uv": [11.75, 1.5, 12, 1.75], "texture": "#1"},
				"up": {"uv": [11.75, 1.5, 12, 1.75], "texture": "#1"},
				"down": {"uv": [11.75, 1.5, 12, 1.75], "texture": "#1"}
			}
		},
		{
			"from": [5.1, 15.8, 4.1],
			"to": [7.1, 16.8, 4.11],
			"faces": {
				"north": {"uv": [12, 12, 16, 14], "texture": "#0"},
				"east": {"uv": [0, 0, 1, 1], "texture": "#1"},
				"south": {"uv": [0, 0, 1, 1], "texture": "#1"},
				"west": {"uv": [0, 0, 1, 1], "texture": "#1"},
				"up": {"uv": [0, 0, 1, 1], "texture": "#1"},
				"down": {"uv": [0, 0, 1, 1], "texture": "#1"}
			}
		},
		{
			"from": [8.9, 15.8, 4.1],
			"to": [10.9, 16.8, 4.11],
			"faces": {
				"north": {"uv": [8, 12, 12, 14], "texture": "#0"},
				"east": {"uv": [0, 0, 1, 1], "texture": "#1"},
				"south": {"uv": [0, 0, 1, 1], "texture": "#1"},
				"west": {"uv": [0, 0, 1, 1], "texture": "#1"},
				"up": {"uv": [0, 0, 1, 1], "texture": "#1"},
				"down": {"uv": [0, 0, 1, 1], "texture": "#1"}
			}
		}
	],
	"display": {
		"head": {
			"scale": [1.7, 1.7, 1.7],
			"translation": [0, -18, 0]
		}
	}
}